Datazone,All people,Female,Male
S00135307,144,70,74
S00135308,65,27,40
S00135309,156,75,81
S00135310,153,85,68
S00135311,151,72,80
S00135312,187,102,85
S00135313,181,104,77
S00135314,173,85,88
S00135315,108,55,55
S00135316,130,61,69
S00135317,156,69,86
S00135318,85,47,41
S00135319,141,80,59
S00135320,127,65,62
S00135321,84,47,37
S00135322,151,86,68
S00135323,108,62,50
S00135324,60,30,31
S00135325,77,39,37
S00135326,84,48,36
S00135327,95,48,47
S00135328,117,62,52
S00135329,123,60,63
S00135330,105,53,56
S00135331,66,33,31
S00135332,93,43,50
S00135333,104,52,50
S00135334,74,39,35
S00135335,123,66,59
S00135336,78,42,36
S00135337,142,74,68
S00135338,145,75,70
S00135339,140,82,62
S00135340,129,69,60
S00135341,94,46,48
S00135342,90,45,45
S00135343,172,88,88
S00135344,118,61,57
S00135345,165,91,78
S00135346,136,69,67
S00135347,91,47,44
S00135348,130,66,64
S00135349,127,62,63
S00135350,131,66,62
S00135351,224,111,113
S00135352,161,86,75
S00135353,206,104,102
S00135354,105,50,52
S00135355,124,62,58
S00135356,126,61,68
S00135357,228,119,109
S00135358,137,61,72
S00135359,123,64,56
S00135360,129,64,63
S00135361,117,52,62
S00135362,132,66,66
S00135363,174,92,85
S00135364,165,81,84
S00135365,119,59,59
S00135366,112,58,50
S00135367,82,41,41
S00135368,131,71,63
S00135369,128,60,68
S00135370,72,37,32
S00135371,149,72,75
S00135372,152,75,77
S00135373,226,115,111
S00135374,141,78,66
S00135375,98,43,53
S00135376,75,40,35
S00135377,119,56,63
S00135378,127,61,66
S00135379,60,33,26
S00135380,132,65,67
S00135381,133,73,64
S00135382,101,54,45
S00135383,153,74,81
S00135384,61,30,31
S00135385,90,44,46
S00135386,113,54,63
S00135387,171,91,79
S00135388,200,94,106
S00135389,132,66,66
S00135390,85,46,43
S00135391,203,108,97
S00135392,70,37,33
S00135393,207,97,114
S00135394,152,75,77
S00135395,79,35,44
S00135396,133,60,73
S00135397,121,68,52
S00135398,129,59,70
S00135399,243,120,122
S00135400,162,72,90
S00135401,99,52,47
S00135402,80,35,44
S00135403,131,61,70
S00135404,86,43,43
S00135405,188,92,100
S00135406,172,80,90
S00135407,153,82,71
S00135408,152,79,73
S00135409,70,39,31
S00135410,111,52,59
S00135411,183,90,97
S00135412,113,54,59
S00135413,134,71,66
S00135414,89,53,42
S00135415,104,53,51
S00135416,199,102,97
S00135417,107,56,51
S00135418,178,91,85
S00135419,77,34,43
S00135420,142,80,66
S00135421,116,58,58
S00135422,109,52,58
S00135423,190,90,97
S00135424,115,58,57
S00135425,116,53,63
S00135426,141,72,69
S00135427,126,74,52
S00135428,75,39,37
S00135429,85,39,48
S00135430,113,53,56
S00135431,109,52,57
S00135432,117,60,59
S00135433,128,66,60
S00135434,111,55,53
S00135435,77,42,34
S00135436,109,49,60
S00135437,127,70,57
S00135438,82,39,43
S00135439,92,46,46
S00135440,131,76,55
S00135441,127,69,58
S00135442,67,44,24
S00135443,99,46,50
S00135444,99,47,52
S00135445,141,67,72
S00135446,159,69,90
S00135447,137,66,71
S00135448,170,78,84
S00135449,98,64,36
S00135450,92,50,42
S00135451,70,39,31
S00135452,64,35,29
S00135453,110,60,47
S00135454,123,57,66
S00135455,106,50,54
S00135456,89,49,40
S00135457,69,37,30
S00135458,79,44,35
S00135459,121,68,53
S00135460,121,66,53
S00135461,135,72,61
S00135462,159,75,84
S00135463,149,79,70
S00135464,109,53,53
S00135465,106,63,43
S00135466,101,50,51
S00135467,95,55,40
S00135468,69,40,33
S00135469,121,61,57
S00135470,137,67,69
S00135471,154,76,76
S00135472,148,69,79
S00135473,128,66,62
S00135474,122,65,57
S00135475,102,46,55
S00135476,108,57,51
S00135477,120,62,61
S00135478,95,57,40
S00135479,125,64,61
S00135480,132,72,61
S00135481,132,71,61
S00135482,83,45,37
S00135483,118,63,59
S00135484,82,46,36
S00135485,163,86,77
S00135486,115,57,61
S00135487,160,83,75
S00135488,118,49,62
S00135489,144,85,62
S00135490,131,65,65
S00135491,130,57,73
S00135492,130,72,58
S00135493,166,85,81
S00135494,98,55,47
S00135495,110,58,52
S00135496,105,49,56
S00135497,236,108,128
S00135498,150,63,86
S00135499,129,59,70
S00135500,120,62,61
S00135501,136,70,66
S00135502,133,62,71
S00135503,86,45,41
S00135504,141,76,65
S00135505,167,89,78
S00135506,90,53,37
S00135507,183,97,86
S00135508,67,32,35
S00135509,125,69,56
S00135510,111,58,52
S00135511,120,58,62
S00135512,120,55,65
S00135513,111,57,54
S00135514,113,55,58
S00135515,167,95,70
S00135516,152,81,71
S00135517,113,53,57
S00135518,83,44,39
S00135519,143,69,75
S00135520,145,72,77
S00135521,118,61,57
S00135522,92,46,46
S00135523,71,41,28
S00135524,111,56,55
S00135525,117,52,69
S00135526,106,63,43
S00135527,72,43,30
S00135528,165,98,70
S00135529,139,66,73
S00135530,87,45,46
S00135531,99,50,48
S00135532,103,56,47
S00135533,131,76,57
S00135534,112,63,49
S00135535,234,135,99
S00135536,191,101,94
S00135537,146,74,65
S00135538,91,48,37
S00135539,84,59,25
S00135540,143,74,69
S00135541,78,39,40
S00135542,182,87,95
S00135543,180,89,92
S00135544,99,59,40
S00135545,132,61,71
S00135546,88,55,33
S00135547,188,96,92
S00135548,88,49,40
S00135549,64,41,24
S00135550,123,64,63
S00135551,127,63,64
S00135552,133,73,60
S00135553,207,99,108
S00135554,86,43,41
S00135555,166,86,80
S00135556,101,51,50
S00135557,91,40,51
S00135558,150,80,70
S00135559,105,44,61
S00135560,107,58,49
S00135561,94,44,47
S00135562,92,45,47
S00135563,61,34,27
S00135564,104,52,52
S00135565,71,33,38
S00135566,100,51,46
S00135567,126,72,56
S00135568,155,85,75
S00135569,104,53,51
S00135570,111,60,51
S00135571,106,54,51
S00135572,122,61,61
S00135573,107,59,48
S00135574,99,51,48
S00135575,147,75,72
S00135576,128,65,61
S00135577,129,69,60
S00135578,116,69,49
S00135579,88,43,45
S00135580,140,66,67
S00135581,129,61,64
S00135582,84,46,38
S00135583,139,71,68
S00135584,127,68,59
S00135585,114,65,53
S00135586,119,58,61
S00135587,72,32,40
S00135588,87,42,45
S00135589,85,41,44
S00135590,88,39,49
S00135591,81,42,39
S00135592,116,52,67
S00135593,91,50,41
S00135594,100,52,48
S00135595,150,82,68
S00135596,207,113,94
S00135597,134,65,65
S00135598,91,44,47
S00135599,129,61,68
S00135600,60,33,23
S00135601,141,67,71
S00135602,126,64,62
S00135603,78,44,34
S00135604,84,36,48
S00135605,82,40,42
S00135606,277,161,119
S00135607,1720,1031,685
S00135608,98,53,45
S00135609,108,55,53
S00135610,157,77,80
S00135611,90,49,41
S00135612,156,75,81
S00135613,121,54,67
S00135614,111,62,49
S00135615,167,74,94
S00135616,73,38,31
S00135617,108,55,53
S00135618,76,40,36
S00135619,62,25,40
S00135620,131,65,66
S00135621,135,59,75
S00135622,91,41,50
S00135623,129,64,63
S00135624,94,47,47
S00135625,132,65,67
S00135626,66,31,35
S00135627,134,64,67
S00135628,155,90,65
S00135629,168,81,87
S00135630,114,50,60
S00135631,166,102,64
S00135632,167,80,87
S00135633,66,32,34
S00135634,76,37,43
S00135635,120,56,64
S00135636,103,46,57
S00135637,129,64,66
S00135638,77,41,36
S00135639,71,33,34
S00135640,127,69,54
S00135641,93,47,46
S00135642,186,99,87
S00135643,95,53,43
S00135644,74,40,34
S00135645,82,51,31
S00135646,73,41,32
S00135647,151,81,70
S00135648,117,64,53
S00135649,90,44,46
S00135650,110,56,54
S00135651,115,55,61
S00135652,87,43,45
S00135653,87,51,39
S00135654,73,33,40
S00135655,105,55,54
S00135656,105,48,57
S00135657,121,59,60
S00135658,90,48,38
S00135659,135,71,64
S00135660,112,53,59
S00135661,66,36,30
S00135662,119,68,50
S00135663,115,58,57
S00135664,174,82,92
S00135665,102,45,57
S00135666,87,42,45
S00135667,165,90,70
S00135668,138,68,70
S00135669,137,69,68
S00135670,157,91,66
S00135671,85,41,43
S00135672,103,46,57
S00135673,87,50,41
S00135674,96,51,45
S00135675,144,67,77
S00135676,73,41,32
S00135677,76,28,52
S00135678,104,62,42
S00135679,77,38,39
S00135680,114,57,57
S00135681,120,61,59
S00135682,87,43,44
S00135683,101,45,56
S00135684,70,24,46
S00135685,152,80,68
S00135686,103,55,48
S00135687,119,53,66
S00135688,121,63,62
S00135689,97,41,56
S00135690,120,57,63
S00135691,120,66,58
S00135692,72,35,40
S00135693,108,63,47
S00135694,90,46,44
S00135695,75,37,38
S00135696,56,24,36
S00135697,121,58,63
S00135698,139,79,60
S00135699,152,75,78
S00135700,66,30,36
S00135701,97,56,45
S00135702,104,57,52
S00135703,68,28,38
S00135704,62,18,44
S00135705,100,54,46
S00135706,149,79,70
S00135707,65,35,32
S00135708,125,59,66
S00135709,122,64,58
S00135710,70,39,34
S00135711,90,42,48
S00135712,135,65,65
S00135713,85,39,43
S00135714,120,62,59
S00135715,117,66,51
S00135716,121,63,60
S00135717,108,52,58
S00135718,71,35,36
S00135719,183,108,75
S00135720,204,100,104
S00135721,161,84,77
S00135722,75,40,35
S00135723,77,45,32
S00135724,88,46,42
S00135725,128,55,73
S00135726,169,89,80
S00135727,135,68,65
S00135728,100,49,49
S00135729,96,46,50
S00135730,107,52,56
S00135731,85,45,40
S00135732,98,53,49
S00135733,84,40,44
S00135734,192,85,107
S00135735,102,52,50
S00135736,81,38,43
S00135737,89,55,34
S00135738,185,94,91
S00135739,120,58,62
S00135740,98,50,48
S00135741,69,36,33
S00135742,99,51,48
S00135743,100,51,49
S00135744,98,51,47
S00135745,116,66,48
S00135746,61,35,26
S00135747,90,47,39
S00135748,121,59,62
S00135749,63,15,48
S00135750,101,53,48
S00135751,120,58,62
S00135752,92,40,56
S00135753,97,42,53
S00135754,119,70,49
S00135755,166,81,85
S00135756,86,42,44
S00135757,111,48,67
S00135758,108,57,51
S00135759,83,45,41
S00135760,72,33,36
S00135761,114,65,48
S00135762,110,61,49
S00135763,86,47,38
S00135764,103,60,43
S00135765,141,71,70
S00135766,103,44,60
S00135767,137,71,66
S00135768,218,116,102
S00135769,130,67,63
S00135770,111,57,56
S00135771,124,59,65
S00135772,185,92,93
S00135773,171,95,76
S00135774,78,38,40
S00135775,189,105,84
S00135776,96,49,46
S00135777,159,86,73
S00135778,75,39,36
S00135779,110,61,49
S00135780,105,56,49
S00135781,134,73,61
S00135782,96,44,48
S00135783,158,72,83
S00135784,89,45,44
S00135785,66,27,36
S00135786,162,94,67
S00135787,60,30,29
S00135788,105,54,51
S00135789,101,60,41
S00135790,115,56,59
S00135791,165,64,102
S00135792,102,47,59
S00135793,99,48,48
S00135794,151,78,73
S00135795,92,49,43
S00135796,107,58,49
S00135797,211,111,100
S00135798,77,40,37
S00135799,201,111,89
S00135800,109,57,51
S00135801,78,43,34
S00135802,84,46,38
S00135803,102,51,51
S00135804,109,53,52
S00135805,73,36,37
S00135806,128,74,54
S00135807,104,59,45
S00135808,121,52,69
S00135809,101,49,52
S00135810,129,73,57
S00135811,182,96,83
S00135812,117,65,52
S00135813,113,55,58
S00135814,71,37,36
S00135815,70,39,31
S00135816,106,56,50
S00135817,122,59,63
S00135818,102,58,48
S00135819,116,71,45
S00135820,190,108,78
S00135821,77,37,40
S00135822,141,80,61
S00135823,182,103,79
S00135824,187,96,91
S00135825,107,55,52
S00135826,100,48,52
S00135827,71,42,26
S00135828,139,73,66
S00135829,85,45,40
S00135830,68,38,30
S00135831,115,59,56
S00135832,171,77,94
S00135833,118,57,61
S00135834,104,45,60
S00135835,155,64,91
S00135836,110,61,48
S00135837,143,69,71
S00135838,164,89,75
S00135839,266,144,123
S00135840,166,88,80
S00135841,62,35,27
S00135842,86,51,35
S00135843,80,40,40
S00135844,69,36,33
S00135845,79,36,43
S00135846,113,58,55
S00135847,218,125,93
S00135848,119,71,48
S00135849,68,25,41
S00135850,87,44,46
S00135851,126,63,63
S00135852,71,36,35
S00135853,78,45,33
S00135854,75,31,43
S00135855,94,43,55
S00135856,64,33,31
S00135857,62,30,31
S00135858,64,33,31
S00135859,75,36,39
S00135860,139,69,67
S00135861,101,56,45
S00135862,84,45,39
S00135863,95,48,47
S00135864,90,44,46
S00135865,94,48,46
S00135866,106,61,45
S00135867,104,50,54
S00135868,118,65,53
S00135869,77,35,42
S00135870,74,28,43
S00135871,185,85,100
S00135872,92,49,43
S00135873,119,56,63
S00135874,118,60,59
S00135875,131,65,64
S00135876,107,54,53
S00135877,160,94,66
S00135878,156,78,73
S00135879,86,46,39
S00135880,190,97,93
S00135881,118,57,61
S00135882,107,61,46
S00135883,75,44,31
S00135884,71,37,34
S00135885,80,36,42
S00135886,86,49,37
S00135887,65,23,43
S00135888,106,60,46
S00135889,75,40,35
S00135890,91,50,40
S00135891,82,46,36
S00135892,116,61,55
S00135893,110,59,51
S00135894,114,64,50
S00135895,164,63,101
S00135896,148,48,100
S00135897,147,66,81
S00135898,115,63,52
S00135899,94,46,48
S00135900,123,75,47
S00135901,109,56,54
S00135902,89,42,47
S00135903,117,67,54
S00135904,77,42,35
S00135905,78,43,45
S00135906,64,28,35
S00135907,97,38,62
S00135908,109,56,51
S00135909,70,35,32
S00135910,74,30,44
S00135911,121,64,53
S00135912,120,50,70
S00135913,127,55,72
S00135914,121,60,61
S00135915,131,61,70
S00135916,103,52,51
S00135917,147,78,65
S00135918,120,68,52
S00135919,89,47,42
S00135920,126,66,60
S00135921,121,59,65
S00135922,135,71,64
S00135923,209,101,110
S00135924,99,51,46
S00135925,81,41,37
S00135926,97,52,45
S00135927,126,60,66
S00135928,86,45,41
S00135929,64,27,37
S00135930,140,73,69
S00135931,120,64,53
S00135932,103,45,58
S00135933,131,71,60
S00135934,121,52,69
S00135935,102,50,52
S00135936,118,61,54
S00135937,122,61,64
S00135938,117,65,52
S00135939,73,37,39
S00135940,94,46,48
S00135941,120,49,73
S00135942,142,74,72
S00135943,119,64,55
S00135944,170,88,82
S00135945,79,48,36
S00135946,173,93,80
S00135947,128,63,65
S00135948,134,65,69
S00135949,174,87,87
S00135950,77,38,40
S00135951,135,58,77
S00135952,78,39,39
S00135953,117,59,55
S00135954,151,74,74
S00135955,134,75,59
S00135956,115,59,59
S00135957,110,57,53
S00135958,81,39,42
S00135959,131,75,56
S00135960,165,96,69
S00135961,177,87,90
S00135962,100,48,48
S00135963,192,95,97
S00135964,114,52,62
S00135965,103,56,49
S00135966,86,36,48
S00135967,106,57,49
S00135968,158,83,73
S00135969,79,30,47
S00135970,102,56,49
S00135971,117,58,55
S00135972,94,41,50
S00135973,120,63,60
S00135974,96,52,44
S00135975,82,31,54
S00135976,112,64,48
S00135977,78,42,36
S00135978,117,64,53
S00135979,89,47,42
S00135980,106,54,52
S00135981,156,83,73
S00135982,82,45,41
S00135983,116,63,53
S00135984,117,60,57
S00135985,119,59,60
S00135986,126,67,63
S00135987,77,41,36
S00135988,69,35,37
S00135989,95,56,41
S00135990,69,38,31
S00135991,71,44,27
S00135992,99,49,45
S00135993,107,56,51
S00135994,175,97,81
S00135995,65,26,39
S00135996,176,83,94
S00135997,118,66,52
S00135998,93,54,39
S00135999,99,52,46
S00136000,131,74,57
S00136001,75,37,38
S00136002,108,62,46
S00136003,70,37,31
S00136004,76,39,34
S00136005,146,81,62
S00136006,66,33,33
S00136007,168,86,83
S00136008,78,36,38
S00136009,113,57,58
S00136010,131,70,61
S00136011,126,63,63
S00136012,110,50,60
S00136013,88,40,49
S00136014,121,57,68
S00136015,113,51,62
S00136016,114,52,65
S00136017,153,89,64
S00136018,154,76,78
S00136019,871,538,333
S00136020,134,63,71
S00136021,66,33,33
S00136022,133,59,74
S00136023,65,39,26
S00136024,88,38,49
S00136025,115,68,46
S00136026,139,92,49
S00136027,71,42,29
S00136028,62,23,35
S00136029,92,44,41
S00136030,143,66,77
S00136031,118,61,57
S00136032,108,50,59
S00136033,145,66,79
S00136034,108,52,56
S00136035,129,71,58
S00136036,109,42,66
S00136037,99,53,46
S00136038,81,48,36
S00136039,85,40,45
S00136040,84,48,36
S00136041,146,80,66
S00136042,113,50,59
S00136043,91,49,44
S00136044,63,31,32
S00136045,146,77,69
S00136046,90,42,44
S00136047,131,68,63
S00136048,107,62,45
S00136049,148,68,80
S00136050,143,71,70
S00136051,111,59,52
S00136052,64,28,36
S00136053,94,54,40
S00136054,118,64,54
S00136055,127,48,79
S00136056,94,45,46
S00136057,130,72,62
S00136058,249,127,122
S00136059,91,44,46
S00136060,100,47,57
S00136061,405,231,174
S00136062,90,46,43
S00136063,101,61,40
S00136064,142,78,66
S00136065,102,51,51
S00136066,58,39,18
S00136067,64,32,35
S00136068,123,60,63
S00136069,135,62,77
S00136070,76,44,32
S00136071,204,115,89
S00136072,78,33,45
S00136073,105,50,55
S00136074,96,51,44
S00136075,101,61,39
S00136076,124,59,65
S00136077,98,50,48
S00136078,204,92,113
S00136079,63,26,37
S00136080,140,68,72
S00136081,80,24,58
S00136082,73,32,37
S00136083,105,57,48
S00136084,97,55,39
S00136085,88,44,44
S00136086,90,44,46
S00136087,98,51,47
S00136088,84,40,44
S00136089,155,81,76
S00136090,106,59,47
S00136091,138,74,64
S00136092,173,92,81
S00136093,118,56,62
S00136094,89,36,56
S00136095,62,31,28
S00136096,153,81,72
S00136097,158,76,82
S00136098,94,52,43
S00136099,147,71,76
S00136100,195,76,117
S00136101,102,55,50
S00136102,109,56,53
S00136103,92,45,47
S00136104,102,33,69
S00136105,149,91,61
S00136106,110,61,43
S00136107,125,65,60
S00136108,154,82,68
S00136109,113,57,53
S00136110,85,41,44
S00136111,115,43,74
S00136112,139,74,65
S00136113,85,41,44
S00136114,159,86,71
S00136115,129,67,62
S00136116,87,36,51
S00136117,100,44,56
S00136118,84,43,38
S00136119,86,46,46
S00136120,90,51,39
S00136121,126,66,60
S00136122,121,51,70
S00136123,155,84,73
S00136124,82,43,41
S00136125,102,50,50
S00136126,88,50,38
S00136127,145,71,74
S00136128,70,36,35
S00136129,103,58,45
S00136130,74,37,33
S00136131,81,30,51
S00136132,84,51,33
S00136133,117,58,59
S00136134,92,53,39
S00136135,83,46,30
S00136136,74,43,31
S00136137,97,48,46
S00136138,83,53,30
S00136139,82,55,27
S00136140,121,69,52
S00136141,71,37,37
S00136142,120,51,71
S00136143,67,35,32
S00136144,141,75,66
S00136145,293,146,146
S00136146,112,48,64
S00136147,69,37,31
S00136148,97,53,44
S00136149,80,41,40
S00136150,113,64,49
S00136151,74,40,34
S00136152,84,47,37
S00136153,76,34,42
S00136154,116,55,62
S00136155,117,63,52
S00136156,123,60,63
S00136157,60,27,33
S00136158,133,68,62
S00136159,90,46,44
S00136160,77,39,38
S00136161,107,55,52
S00136162,124,55,69
S00136163,71,28,41
S00136164,84,47,40
S00136165,62,35,28
S00136166,66,23,42
S00136167,83,47,36
S00136168,106,63,43
S00136169,70,33,33
S00136170,72,31,41
S00136171,68,37,30
S00136172,83,27,56
S00136173,63,32,31
S00136174,131,69,64
S00136175,78,32,46
S00136176,139,63,76
S00136177,97,54,43
S00136178,104,45,57
S00136179,101,46,50
S00136180,128,59,70
S00136181,65,27,39
S00136182,120,65,55
S00136183,121,64,62
S00136184,125,59,66
S00136185,98,54,44
S00136186,103,54,49
S00136187,100,52,48
S00136188,61,29,32
S00136189,93,45,48
S00136190,80,40,40
S00136191,110,54,58
S00136192,146,67,75
S00136193,127,65,62
S00136194,137,52,85
S00136195,385,214,175
S00136196,76,38,38
S00136197,112,51,61
S00136198,119,70,48
S00136199,61,31,34
S00136200,66,37,29
S00136201,89,41,44
S00136202,83,42,41
S00136203,102,57,43
S00136204,124,61,64
S00136205,77,33,42
S00136206,101,48,51
S00136207,67,32,37
S00136208,88,53,35
S00136209,101,46,55
S00136210,166,80,83
S00136211,89,38,46
S00136212,89,53,36
S00136213,75,45,32
S00136214,118,60,57
S00136215,96,55,41
S00136216,115,67,48
S00136217,138,76,62
S00136218,195,99,97
S00136219,77,32,42
S00136220,113,38,71
S00136221,68,39,29
S00136222,61,34,27
S00136223,180,89,91
S00136224,81,36,45
S00136225,109,59,50
S00136226,102,58,44
S00136227,82,43,39
S00136228,177,97,81
S00136229,101,47,54
S00136230,93,46,49
S00136231,104,43,61
S00136232,158,88,71
S00136233,78,32,43
S00136234,97,50,47
S00136235,65,34,30
S00136236,450,276,172
S00136237,159,73,87
S00136238,130,68,62
S00136239,312,179,137
S00136240,101,50,51
S00136241,72,40,36
S00136242,109,47,61
S00136243,92,41,48
S00136244,141,72,68
S00136245,589,330,262
S00136246,78,28,50
S00136247,132,72,63
S00136248,127,70,57
S00136249,91,55,36
S00136250,95,47,47
S00136251,109,52,57
S00136252,90,38,48
S00136253,72,47,21
S00136254,136,71,65
S00136255,111,59,52
S00136256,104,50,55
S00136257,116,51,65
S00136258,105,56,49
S00136259,250,137,117
S00136260,74,40,30
S00136261,97,48,45
S00136262,106,55,48
S00136263,87,47,43
S00136264,108,50,58
S00136265,111,55,56
S00136266,88,45,43
S00136267,97,46,51
S00136268,117,61,56
S00136269,91,47,46
S00136270,85,44,41
S00136271,122,66,56
S00136272,121,66,55
S00136273,70,36,34
S00136274,93,43,50
S00136275,126,67,62
S00136276,107,51,64
S00136277,67,31,39
S00136278,104,53,51
S00136279,60,34,23
S00136280,106,63,47
S00136281,125,62,60
S00136282,62,36,24
S00136283,72,37,34
S00136284,149,65,84
S00136285,108,46,62
S00136286,102,53,45
S00136287,84,42,38
S00136288,144,63,81
S00136289,180,109,71
S00136290,149,78,71
S00136291,103,47,53
S00136292,119,66,54
S00136293,91,45,43
S00136294,97,49,45
S00136295,84,51,33
S00136296,81,35,46
S00136297,115,53,64
S00136298,134,65,67
S00136299,132,62,70
S00136300,112,60,52
S00136301,138,65,73
S00136302,133,64,69
S00136303,126,66,60
S00136304,88,43,45
S00136305,133,68,64
S00136306,91,50,37
S00136307,121,54,67
S00136308,184,97,87
S00136309,146,75,71
S00136310,191,105,86
S00136311,103,51,55
S00136312,125,61,67
S00136313,80,40,40
S00136314,91,42,49
S00136315,81,27,54
S00136316,101,51,47
S00136317,112,58,54
S00136318,96,40,56
S00136319,78,38,41
S00136320,66,32,31
S00136321,97,44,53
S00136322,73,35,38
S00136323,108,52,59
S00136324,75,31,47
S00136325,149,76,73
S00136326,87,50,39
S00136327,66,41,27
S00136328,60,32,28
S00136329,108,53,59
S00136330,148,73,75
S00136331,75,31,41
S00136332,101,59,42
S00136333,414,219,201
S00136334,117,62,53
S00136335,85,47,38
S00136336,110,61,52
S00136337,128,66,62
S00136338,97,47,50
S00136339,106,48,58
S00136340,86,42,44
S00136341,63,33,33
S00136342,74,34,40
S00136343,112,57,55
S00136344,64,27,37
S00136345,115,61,54
S00136346,89,41,48
S00136347,70,26,44
S00136348,121,67,54
S00136349,103,49,54
S00136350,88,39,49
S00136351,114,67,47
S00136352,65,26,39
S00136353,130,73,58
S00136354,83,42,44
S00136355,102,52,50
S00136356,61,36,25
S00136357,99,52,45
S00136358,132,65,67
S00136359,85,41,45
S00136360,84,40,44
S00136361,73,36,37
S00136362,127,57,67
S00136363,88,44,44
S00136364,79,34,45
S00136365,161,92,68
S00136366,126,69,56
S00136367,90,35,55
S00136368,80,38,42
S00136369,129,68,64
S00136370,162,84,81
S00136371,76,46,30
S00136372,122,65,56
S00136373,118,58,64
S00136374,160,88,72
S00136375,148,83,65
S00136376,112,56,56
S00136377,74,33,42
S00136378,94,56,41
S00136379,97,49,49
S00136380,116,59,57
S00136381,74,29,41
S00136382,124,64,62
S00136383,106,53,52
S00136384,79,39,40
S00136385,110,61,51
S00136386,85,49,39
S00136387,131,62,69
S00136388,84,41,43
S00136389,152,82,70
S00136390,94,49,41
S00136391,91,44,41
S00136392,74,32,42
S00136393,67,41,26
S00136394,76,38,38
S00136395,191,88,99
S00136396,65,35,31
S00136397,141,69,72
S00136398,78,35,44
S00136399,67,35,30
S00136400,77,35,42
S00136401,93,43,49
S00136402,113,67,46
S00136403,135,71,64
S00136404,77,42,37
S00136405,105,45,64
S00136406,84,35,47
S00136407,96,32,61
S00136408,177,86,95
S00136409,112,55,54
S00136410,160,88,72
S00136411,74,38,36
S00136412,65,25,40
S00136413,72,38,32
S00136414,121,67,54
S00136415,95,53,42
S00136416,145,65,81
S00136417,90,44,45
S00136418,91,45,47
S00136419,121,67,51
S00136420,89,52,37
S00136421,62,24,41
S00136422,165,73,92
S00136423,107,56,51
S00136424,129,61,68
S00136425,103,53,53
S00136426,78,51,30
S00136427,94,47,47
S00136428,112,66,46
S00136429,143,74,70
S00136430,80,30,50
S00136431,159,90,68
S00136432,110,56,51
S00136433,113,63,50
S00136434,65,34,31
S00136435,77,43,34
S00136436,115,55,60
S00136437,184,85,95
S00136438,135,75,63
S00136439,159,59,100
S00136440,76,39,37
S00136441,96,55,40
S00136442,86,47,42
S00136443,75,38,37
S00136444,90,44,46
S00136445,103,49,54
S00136446,121,66,55
S00136447,96,52,47
S00136448,62,38,24
S00136449,117,57,60
S00136450,73,47,29
S00136451,108,64,44
S00136452,95,50,45
S00136453,96,54,38
S00136454,64,33,29
S00136455,117,62,55
S00136456,102,54,46
S00136457,96,57,39
S00136458,112,63,52
S00136459,63,34,30
S00136460,90,52,42
S00136461,169,93,76
S00136462,86,46,40
S00136463,168,80,89
S00136464,75,44,31
S00136465,90,44,46
S00136466,82,36,46
S00136467,96,56,40
S00136468,167,90,77
S00136469,93,46,47
S00136470,95,47,48
S00136471,74,38,36
S00136472,64,34,30
S00136473,71,32,41
S00136474,81,42,39
S00136475,98,55,46
S00136476,72,36,36
S00136477,87,50,33
S00136478,68,37,32
S00136479,123,56,68
S00136480,109,52,57
S00136481,83,35,48
S00136482,137,71,66
S00136483,100,49,51
S00136484,113,43,68
S00136485,101,58,43
S00136486,105,35,70
S00136487,91,46,48
S00136488,87,35,55
S00136489,74,35,39
S00136490,112,52,60
S00136491,93,46,48
S00136492,107,48,59
S00136493,123,58,65
S00136494,179,92,87
S00136495,78,31,49
S00136496,86,50,36
S00136497,95,45,49
S00136498,97,55,34
S00136499,132,68,64
S00136500,109,62,47
S00136501,77,34,40
S00136502,136,74,62
S00136503,89,44,49
S00136504,117,55,66
S00136505,132,74,58
S00136506,109,51,57
S00136507,99,59,38
S00136508,131,59,74
S00136509,158,70,84
S00136510,95,42,52
S00136511,73,37,35
S00136512,59,30,31
S00136513,132,68,64
S00136514,178,87,91
S00136515,111,61,45
S00136516,112,48,64
S00136517,97,53,48
S00136518,195,82,113
S00136519,96,64,33
S00136520,185,97,91
S00136521,108,55,49
S00136522,105,55,51
S00136523,111,55,55
S00136524,87,47,41
S00136525,98,42,58
S00136526,78,40,34
S00136527,111,56,55
S00136528,62,34,28
S00136529,87,44,47
S00136530,102,53,49
S00136531,84,42,42
S00136532,148,73,75
S00136533,99,49,46
S00136534,116,61,55
S00136535,64,27,37
S00136536,96,51,45
S00136537,100,56,48
S00136538,140,67,73
S00136539,111,63,48
S00136540,65,30,34
S00136541,92,48,44
S00136542,70,39,31
S00136543,135,74,61
S00136544,63,30,33
S00136545,104,54,50
S00136546,71,33,39
S00136547,82,38,46
S00136548,100,58,42
S00136549,118,53,60
S00136550,125,52,73
S00136551,113,54,59
S00136552,113,58,55
S00136553,90,42,48
S00136554,91,54,38
S00136555,97,48,49
S00136556,65,32,33
S00136557,90,34,55
S00136558,105,51,52
S00136559,67,31,36
S00136560,82,42,40
S00136561,80,38,42
S00136562,83,44,39
S00136563,67,24,43
S00136564,145,66,79
S00136565,126,58,71
S00136566,102,53,50
S00136567,110,30,79
S00136568,94,43,51
S00136569,92,41,51
S00136570,70,31,43
S00136571,74,37,37
S00136572,63,41,22
S00136573,94,42,52
S00136574,94,49,48
S00136575,75,35,40
S00136576,95,44,51
S00136577,87,46,41
S00136578,113,52,60
S00136579,91,53,38
S00136580,127,66,57
S00136581,64,22,42
S00136582,153,79,76
S00136583,74,42,32
S00136584,63,32,31
S00136585,140,69,71
S00136586,72,38,32
S00136587,60,20,38
S00136588,105,44,62
S00136589,69,32,37
S00136590,106,52,54
S00136591,119,57,62
S00136592,193,120,71
S00136593,137,71,69
S00136594,111,59,52
S00136595,99,48,51
S00136596,68,30,42
S00136597,86,48,38
S00136598,89,38,51
S00136599,80,34,46
S00136600,107,48,59
S00136601,76,45,31
S00136602,139,73,67
S00136603,110,44,65
S00136604,69,34,35
S00136605,155,81,81
S00136606,109,54,55
S00136607,83,34,51
S00136608,317,233,84
S00136609,110,55,56
S00136610,93,49,45
S00136611,88,50,38
S00136612,76,33,41
S00136613,66,27,39
S00136614,82,42,40
S00136615,91,52,39
S00136616,152,77,78
S00136617,67,33,38
S00136618,78,38,40
S00136619,62,32,27
S00136620,113,53,60
S00136621,132,69,63
S00136622,133,75,58
S00136623,71,35,36
S00136624,110,52,58
S00136625,68,35,33
S00136626,99,55,41
S00136627,124,68,60
S00136628,106,62,45
S00136629,76,34,42
S00136630,107,42,58
S00136631,77,34,43
S00136632,69,36,34
S00136633,93,51,42
S00136634,82,35,44
S00136635,89,47,42
S00136636,140,63,77
S00136637,201,122,79
S00136638,122,50,72
S00136639,84,42,42
S00136640,68,31,37
S00136641,113,58,55
S00136642,97,45,53
S00136643,71,40,31
S00136644,74,40,37
S00136645,94,46,48
S00136646,104,52,50
S00136647,129,70,59
S00136648,84,46,38
S00136649,108,58,50
S00136650,141,61,81
S00136651,84,37,44
S00136652,85,33,52
S00136653,61,26,35
S00136654,111,55,56
S00136655,111,66,45
S00136656,86,45,41
S00136657,116,58,62
S00136658,93,46,48
S00136659,109,52,57
S00136660,101,57,50
S00136661,81,35,45
S00136662,85,47,38
S00136663,153,85,66
S00136664,92,48,44
S00136665,110,56,54
S00136666,112,66,46
S00136667,65,37,28
S00136668,80,39,41
S00136669,93,53,40
S00136670,177,91,82
S00136671,79,32,47
S00136672,71,30,41
S00136673,89,29,60
S00136674,77,39,38
S00136675,143,76,68
S00136676,82,42,37
S00136677,169,81,88
S00136678,134,72,62
S00136679,141,69,76
S00136680,150,73,77
S00136681,126,67,59
S00136682,115,67,50
S00136683,106,57,49
S00136684,78,45,33
S00136685,119,53,66
S00136686,79,34,45
S00136687,131,73,55
S00136688,158,81,77
S00136689,91,38,49
S00136690,64,26,38
S00136691,141,65,72
S00136692,105,54,51
S00136693,81,33,48
S00136694,123,58,64
S00136695,103,54,48
S00136696,118,65,53
S00136697,139,74,65
S00136698,71,24,49
S00136699,89,44,45
S00136700,105,52,53
S00136701,80,42,38
S00136702,84,40,44
S00136703,117,54,64
S00136704,98,55,43
S00136705,76,33,43
S00136706,75,34,40
S00136707,88,38,50
S00136708,91,50,41
S00136709,166,92,74
S00136710,115,59,56
S00136711,105,51,57
S00136712,167,95,66
S00136713,89,49,44
S00136714,75,34,40
S00136715,144,78,66
S00136716,187,95,92
S00136717,80,41,39
S00136718,111,50,57
S00136719,113,59,54
S00136720,97,41,58
S00136721,119,57,64
S00136722,102,43,55
S00136723,117,61,54
S00136724,119,73,51
S00136725,75,44,31
S00136726,80,29,47
S00136727,92,50,42
S00136728,83,31,52
S00136729,135,69,69
S00136730,73,32,40
S00136731,130,60,73
S00136732,66,31,37
S00136733,148,69,79
S00136734,103,44,59
S00136735,124,65,59
S00136736,94,50,44
S00136737,101,68,33
S00136738,83,38,45
S00136739,79,35,45
S00136740,136,67,69
S00136741,71,32,39
S00136742,137,61,76
S00136743,62,36,26
S00136744,100,41,59
S00136745,153,84,69
S00136746,144,74,69
S00136747,94,49,45
S00136748,106,55,47
S00136749,139,70,69
S00136750,76,39,41
S00136751,95,52,47
S00136752,120,59,61
S00136753,136,74,62
S00136754,94,43,51
S00136755,108,56,51
S00136756,97,42,60
S00136757,89,47,42
S00136758,86,46,40
S00136759,61,42,19
S00136760,100,50,52
S00136761,93,48,45
S00136762,107,51,54
S00136763,65,25,40
S00136764,115,61,54
S00136765,115,55,60
S00136766,100,46,54
S00136767,101,53,48
S00136768,182,92,90
S00136769,103,53,48
S00136770,86,47,39
S00136771,119,58,61
S00136772,89,37,52
S00136773,132,67,67
S00136774,88,43,45
S00136775,102,45,57
S00136776,175,97,82
S00136777,85,47,40
S00136778,90,47,39
S00136779,103,46,57
S00136780,94,71,26
S00136781,106,49,61
S00136782,145,74,71
S00136783,101,47,55
S00136784,61,28,33
S00136785,129,61,68
S00136786,174,79,94
S00136787,130,79,51
S00136788,89,41,48
S00136789,162,81,80
S00136790,162,79,83
S00136791,132,68,67
S00136792,78,47,33
S00136793,106,54,52
S00136794,156,76,80
S00136795,110,56,55
S00136796,120,73,47
S00136797,103,60,43
S00136798,121,62,59
S00136799,62,33,29
S00136800,118,60,58
S00136801,79,35,45
S00136802,71,39,31
S00136803,163,87,73
S00136804,133,66,67
S00136805,129,67,58
S00136806,71,42,32
S00136807,93,42,51
S00136808,132,67,65
S00136809,155,82,70
S00136810,186,108,79
S00136811,138,69,70
S00136812,95,41,58
S00136813,83,50,33
S00136814,126,65,61
S00136815,134,76,61
S00136816,79,41,39
S00136817,104,45,62
S00136818,73,42,33
S00136819,85,45,36
S00136820,91,49,42
S00136821,90,31,59
S00136822,91,39,52
S00136823,68,41,27
S00136824,108,62,51
S00136825,97,52,47
S00136826,94,43,51
S00136827,135,71,64
S00136828,122,63,59
S00136829,125,64,61
S00136830,124,55,69
S00136831,99,51,46
S00136832,166,80,86
S00136833,107,56,47
S00136834,107,57,50
S00136835,163,79,84
S00136836,111,51,60
S00136837,130,63,63
S00136838,94,51,40
S00136839,78,37,41
S00136840,101,46,55
S00136841,186,89,97
S00136842,92,47,45
S00136843,107,40,66
S00136844,129,56,73
S00136845,112,53,59
S00136846,105,53,52
S00136847,93,43,50
S00136848,84,40,47
S00136849,123,62,61
S00136850,74,43,38
S00136851,90,46,44
S00136852,63,29,34
S00136853,88,52,36
S00136854,137,67,70
S00136855,62,31,31
S00136856,101,59,43
S00136857,74,39,31
S00136858,137,67,70
S00136859,81,49,32
S00136860,113,72,44
S00136861,116,51,65
S00136862,63,32,31
S00136863,94,46,47
S00136864,85,50,40
S00136865,103,50,53
S00136866,80,35,47
S00136867,108,56,51
S00136868,108,53,55
S00136869,111,58,53
S00136870,109,58,51
S00136871,64,41,16
S00136872,141,72,69
S00136873,113,68,45
S00136874,118,66,52
S00136875,100,47,53
S00136876,144,77,67
S00136877,92,48,44
S00136878,93,52,40
S00136879,66,30,36
S00136880,148,78,69
S00136881,148,84,61
S00136882,96,50,46
S00136883,134,71,67
S00136884,111,58,50
S00136885,178,96,82
S00136886,60,23,37
S00136887,102,50,50
S00136888,60,26,34
S00136889,92,43,51
S00136890,130,65,68
S00136891,76,39,38
S00136892,117,60,54
S00136893,87,48,40
S00136894,66,36,30
S00136895,159,90,69
S00136896,77,46,31
S00136897,120,66,54
S00136898,62,39,23
S00136899,87,44,43
S00136900,157,77,81
S00136901,86,41,45
S00136902,143,74,69
S00136903,108,62,49
S00136904,81,40,38
S00136905,87,44,43
S00136906,76,37,39
S00136907,110,58,52
S00136908,150,80,70
S00136909,90,48,42
S00136910,166,86,80
S00136911,115,64,51
S00136912,71,41,30
S00136913,103,51,52
S00136914,173,88,85
S00136915,78,40,38
S00136916,137,73,68
S00136917,148,80,69
S00136918,113,56,57
S00136919,154,81,69
S00136920,79,44,35
S00136921,139,74,65
S00136922,95,47,48
S00136923,162,101,58
S00136924,102,59,43
S00136925,67,28,39
S00136926,106,59,47
S00136927,102,54,52
S00136928,117,58,59
S00136929,76,45,31
S00136930,87,50,37
S00136931,113,51,58
S00136932,279,155,124
S00136933,123,63,64
S00136934,113,51,62
S00136935,86,40,46
S00136936,89,44,45
S00136937,100,56,48
S00136938,146,73,73
S00136939,169,104,65
S00136940,177,96,81
S00136941,155,85,70
S00136942,64,41,23
S00136943,98,62,38
S00136944,126,60,64
S00136945,92,49,43
S00136946,88,48,35
S00136947,93,42,51
S00136948,151,78,73
S00136949,158,83,75
S00136950,156,75,81
S00136951,92,55,41
S00136952,111,57,54
S00136953,189,110,79
S00136954,138,68,70
S00136955,116,57,55
S00136956,123,69,54
S00136957,76,39,37
S00136958,236,152,84
S00136959,102,50,49
S00136960,125,81,44
S00136961,100,43,57
S00136962,81,40,41
S00136963,111,53,58
S00136964,99,55,44
S00136965,115,57,58
S00136966,136,69,67
S00136967,95,48,46
S00136968,166,83,83
S00136969,105,53,52
S00136970,107,58,50
S00136971,204,100,104
S00136972,115,51,61
S00136973,134,67,64
S00136974,96,47,49
S00136975,119,62,57
S00136976,116,54,62
S00136977,130,63,64
S00136978,144,75,69
S00136979,207,101,105
S00136980,151,87,68
S00136981,97,50,47
S00136982,111,64,47
S00136983,143,82,63
S00136984,192,95,97
S00136985,119,67,52
S00136986,156,77,81
S00136987,85,42,43
S00136988,103,50,53
S00136989,96,55,41
S00136990,150,77,73
S00136991,159,84,71
S00136992,97,57,40
S00136993,170,83,85
S00136994,64,26,38
S00136995,155,69,82
S00136996,89,51,38
S00136997,93,55,38
S00136998,232,111,121
S00136999,113,56,61
S00137000,65,38,27
S00137001,171,95,76
S00137002,97,51,46
S00137003,120,65,55
S00137004,98,49,49
S00137005,78,36,42
S00137006,140,74,66
S00137007,105,62,43
S00137008,112,63,49
S00137009,127,65,62
S00137010,148,84,64
S00137011,179,93,86
S00137012,191,88,102
S00137013,125,64,58
S00137014,110,61,49
S00137015,107,57,50
S00137016,144,68,76
S00137017,98,43,53
S00137018,82,43,36
S00137019,144,72,73
S00137020,90,44,46
S00137021,71,35,36
S00137022,100,53,47
S00137023,95,49,46
S00137024,174,99,75
S00137025,124,75,49
S00137026,87,43,41
S00137027,104,51,53
S00137028,148,81,63
S00137029,74,43,31
S00137030,175,92,83
S00137031,101,50,51
S00137032,315,168,147
S00137033,144,71,73
S00137034,81,42,40
S00137035,109,67,44
S00137036,65,37,29
S00137037,98,51,47
S00137038,87,42,47
S00137039,67,44,23
S00137040,133,73,60
S00137041,112,60,52
S00137042,105,48,56
S00137043,144,68,76
S00137044,104,53,51
S00137045,100,59,45
S00137046,175,84,90
S00137047,65,31,30
S00137048,99,56,45
S00137049,97,46,51
S00137050,116,63,53
S00137051,98,50,48
S00137052,65,32,33
S00137053,145,79,66
S00137054,118,58,62
S00137055,134,72,63
S00137056,98,54,44
S00137057,133,62,71
S00137058,75,38,37
S00137059,216,105,111
S00137060,74,38,33
S00137061,172,79,91
S00137062,102,54,48
S00137063,150,84,64
S00137064,148,70,78
S00137065,160,82,78
S00137066,77,46,32
S00137067,131,69,62
S00137068,131,59,70
S00137069,111,59,52
S00137070,142,75,71
S00137071,66,29,37
S00137072,122,62,60
S00137073,125,67,58
S00137074,179,88,91
S00137075,79,47,32
S00137076,223,108,115
S00137077,157,83,71
S00137078,87,40,44
S00137079,98,48,53
S00137080,71,42,26
S00137081,131,76,55
S00137082,119,66,53
S00137083,132,67,65
S00137084,201,102,99
S00137085,126,72,54
S00137086,141,75,63
S00137087,141,72,69
S00137088,104,53,51
S00137089,107,54,53
S00137090,89,47,40
S00137091,89,45,44
S00137092,104,55,45
S00137093,115,52,63
S00137094,109,48,61
S00137095,113,59,54
S00137096,79,42,37
S00137097,83,42,41
S00137098,176,92,81
S00137099,65,34,34
S00137100,172,86,86
S00137101,161,87,74
S00137102,105,54,50
S00137103,158,85,74
S00137104,166,99,67
S00137105,139,62,73
S00137106,141,74,67
S00137107,117,61,56
S00137108,114,51,59
S00137109,73,36,37
S00137110,110,58,52
S00137111,89,48,41
S00137112,89,45,43
S00137113,109,50,57
S00137114,89,47,40
S00137115,98,49,49
S00137116,100,50,53
S00137117,98,48,50
S00137118,78,42,36
S00137119,112,58,54
S00137120,74,41,33
S00137121,97,49,45
S00137122,345,171,174
S00137123,103,55,52
S00137124,129,68,64
S00137125,111,60,54
S00137126,90,54,36
S00137127,167,92,75
S00137128,61,26,35
S00137129,126,68,61
S00137130,79,43,36
S00137131,77,34,38
S00137132,125,68,57
S00137133,92,46,46
S00137134,107,50,57
S00137135,83,46,41
S00137136,83,41,40
S00137137,87,43,44
S00137138,103,54,49
S00137139,149,64,81
S00137140,87,41,43
S00137141,317,198,119
S00137142,158,78,80
S00137143,145,72,73
S00137144,113,59,54
S00137145,99,48,49
S00137146,183,98,89
S00137147,123,66,57
S00137148,80,44,36
S00137149,232,119,111
S00137150,138,85,53
S00137151,203,100,106
S00137152,120,58,62
S00137153,134,73,61
S00137154,114,63,51
S00137155,112,56,56
S00137156,61,35,27
S00137157,132,72,60
S00137158,151,74,77
S00137159,182,90,89
S00137160,85,43,40
S00137161,145,86,59
S00137162,117,63,54
S00137163,131,61,71
S00137164,144,79,65
S00137165,114,54,60
S00137166,79,44,32
S00137167,161,85,76
S00137168,137,78,59
S00137169,108,55,53
S00137170,172,86,86
S00137171,62,31,31
S00137172,113,56,57
S00137173,152,77,75
S00137174,146,81,60
S00137175,139,72,67
S00137176,204,106,98
S00137177,79,35,45
S00137178,67,34,33
S00137179,153,77,76
S00137180,203,98,105
S00137181,104,50,55
S00137182,91,49,39
S00137183,128,65,63
S00137184,85,45,43
S00137185,133,66,67
S00137186,191,97,96
S00137187,172,86,86
S00137188,109,52,57
S00137189,89,48,39
S00137190,104,59,45
S00137191,188,90,101
S00137192,151,85,66
S00137193,77,43,37
S00137194,144,80,62
S00137195,120,59,61
S00137196,111,68,46
S00137197,145,68,77
S00137198,107,54,53
S00137199,102,54,48
S00137200,105,57,48
S00137201,132,67,65
S00137202,104,54,50
S00137203,178,97,81
S00137204,90,42,48
S00137205,172,84,88
S00137206,136,72,64
S00137207,96,52,40
S00137208,64,37,27
S00137209,84,46,38
S00137210,121,57,64
S00137211,143,71,72
S00137212,90,48,39
S00137213,135,75,62
S00137214,158,89,69
S00137215,90,50,40
S00137216,85,45,40
S00137217,115,63,56
S00137218,94,42,52
S00137219,93,46,47
S00137220,72,47,30
S00137221,88,42,46
S00137222,73,36,39
S00137223,95,47,48
S00137224,72,39,32
S00137225,90,39,51
S00137226,95,45,46
S00137227,101,45,56
S00137228,113,56,58
S00137229,133,71,59
S00137230,119,63,59
S00137231,75,33,42
S00137232,84,43,41
S00137233,146,67,78
S00137234,128,73,59
S00137235,103,51,53
S00137236,79,38,41
S00137237,81,51,30
S00137238,63,33,30
S00137239,62,35,27
S00137240,120,59,61
S00137241,121,59,64
S00137242,103,53,49
S00137243,77,35,42
S00137244,101,45,56
S00137245,96,48,48
S00137246,136,69,67
S00137247,135,63,72
S00137248,116,59,57
S00137249,64,36,31
S00137250,86,49,37
S00137251,212,111,105
S00137252,95,44,55
S00137253,160,73,87
S00137254,63,29,34
S00137255,117,62,55
S00137256,97,43,54
S00137257,132,67,65
S00137258,108,53,55
S00137259,120,64,56
S00137260,125,63,61
S00137261,76,42,35
S00137262,101,50,50
S00137263,163,80,83
S00137264,69,36,33
S00137265,164,85,79
S00137266,142,67,75
S00137267,176,84,92
S00137268,83,42,37
S00137269,131,72,62
S00137270,145,69,74
S00137271,98,52,50
S00137272,88,50,46
S00137273,106,45,58
S00137274,71,39,32
S00137275,137,69,65
S00137276,118,60,54
S00137277,182,91,91
S00137278,165,94,71
S00137279,116,62,50
S00137280,139,70,69
S00137281,113,59,55
S00137282,105,57,46
S00137283,95,54,41
S00137284,195,84,108
S00137285,63,31,32
S00137286,166,82,87
S00137287,135,70,67
S00137288,146,73,73
S00137289,175,81,97
S00137290,132,71,61
S00137291,121,65,56
S00137292,71,27,44
S00137293,141,73,68
S00137294,147,83,61
S00137295,131,57,73
S00137296,141,67,73
S00137297,150,78,73
S00137298,87,38,46
S00137299,116,60,52
S00137300,97,50,49
S00137301,99,44,53
S00137302,150,83,67
S00137303,64,29,35
S00137304,130,68,62
S00137305,141,74,67
S00137306,137,72,65
S00137307,142,71,71
S00137308,90,47,43
S00137309,155,82,73
S00137310,88,42,46
S00137311,131,68,63
S00137312,152,87,65
S00137313,75,42,33
S00137314,72,39,33
S00137315,70,42,28
S00137316,111,61,50
S00137317,71,32,43
S00137318,88,42,46
S00137319,146,77,69
S00137320,130,61,69
S00137321,167,81,88
S00137322,134,71,63
S00137323,70,33,37
S00137324,60,39,21
S00137325,114,60,54
S00137326,177,102,75
S00137327,131,74,57
S00137328,156,87,69
S00137329,57,28,33
S00137330,141,73,68
S00137331,149,72,77
S00137332,141,75,63
S00137333,108,49,56
S00137334,91,49,42
S00137335,162,77,86
S00137336,84,40,46
S00137337,159,77,82
S00137338,124,61,63
S00137339,66,33,33
S00137340,135,67,68
S00137341,147,73,72
S00137342,83,41,42
S00137343,185,106,82
S00137344,78,38,40
S00137345,134,73,67
S00137346,134,72,62
S00137347,91,45,46
S00137348,98,47,51
S00137349,107,47,56
S00137350,83,42,41
S00137351,86,47,39
S00137352,109,54,55
S00137353,72,38,34
S00137354,74,38,36
S00137355,81,46,33
S00137356,148,75,73
S00137357,86,41,44
S00137358,137,65,72
S00137359,96,48,48
S00137360,118,62,56
S00137361,81,41,40
S00137362,174,85,90
S00137363,117,62,55
S00137364,110,61,49
S00137365,162,91,71
S00137366,101,53,48
S00137367,201,98,106
S00137368,63,32,31
S00137369,147,81,66
S00137370,85,44,41
S00137371,74,34,40
S00137372,116,67,46
S00137373,181,85,93
S00137374,71,40,31
S00137375,154,77,77
S00137376,97,55,42
S00137377,115,60,53
S00137378,106,59,47
S00137379,102,55,51
S00137380,153,82,71
S00137381,97,48,49
S00137382,98,47,51
S00137383,183,90,93
S00137384,132,75,57
S00137385,106,58,48
S00137386,148,84,66
S00137387,160,85,75
S00137388,213,125,84
S00137389,64,35,29
S00137390,97,50,49
S00137391,133,65,65
S00137392,123,60,61
S00137393,153,84,72
S00137394,118,62,56
S00137395,159,85,74
S00137396,66,39,27
S00137397,78,40,33
S00137398,94,50,44
S00137399,150,77,73
S00137400,236,110,126
S00137401,139,78,61
S00137402,123,66,57
S00137403,134,71,63
S00137404,185,90,94
S00137405,81,44,34
S00137406,90,43,47
S00137407,79,43,33
S00137408,97,45,50
S00137409,97,42,55
S00137410,154,80,74
S00137411,142,77,65
S00137412,160,76,84
S00137413,89,41,45
S00137414,99,46,53
S00137415,171,77,95
S00137416,118,57,64
S00137417,83,45,38
S00137418,96,50,46
S00137419,168,77,91
S00137420,147,88,59
S00137421,103,46,57
S00137422,190,99,91
S00137423,130,66,64
S00137424,118,59,63
S00137425,77,44,37
S00137426,132,71,61
S00137427,131,65,66
S00137428,82,44,37
S00137429,120,59,61
S00137430,139,73,66
S00137431,82,43,35
S00137432,136,68,68
S00137433,166,83,83
S00137434,140,61,79
S00137435,124,61,66
S00137436,147,74,73
S00137437,184,98,86
S00137438,140,76,64
S00137439,72,38,38
S00137440,108,49,59
S00137441,73,37,36
S00137442,84,41,43
S00137443,153,79,74
S00137444,177,84,93
S00137445,89,39,50
S00137446,100,57,46
S00137447,172,85,83
S00137448,113,55,55
S00137449,84,42,42
S00137450,115,50,65
S00137451,226,112,113
S00137452,112,57,53
S00137453,173,90,83
S00137454,122,62,64
S00137455,132,66,66
S00137456,127,58,66
S00137457,109,47,65
S00137458,113,61,51
S00137459,124,61,63
S00137460,132,66,66
S00137461,120,61,61
S00137462,75,36,37
S00137463,74,36,41
S00137464,91,49,38
S00137465,231,115,116
S00137466,77,42,39
S00137467,159,80,78
S00137468,142,71,71
S00137469,109,54,55
S00137470,121,60,61
S00137471,93,47,46
S00137472,79,40,39
S00137473,98,50,48
S00137474,89,47,45
S00137475,127,60,67
S00137476,120,65,51
S00137477,78,38,40
S00137478,110,54,57
S00137479,103,56,44
S00137480,61,30,31
S00137481,108,52,53
S00137482,96,43,53
S00137483,88,48,40
S00137484,86,43,40
S00137485,139,69,67
S00137486,98,58,40
S00137487,66,23,43
S00137488,112,53,59
S00137489,87,45,41
S00137490,146,76,70
S00137491,79,49,30
S00137492,119,59,61
S00137493,162,81,77
S00137494,103,53,52
S00137495,82,39,45
S00137496,79,37,42
S00137497,162,92,71
S00137498,81,46,35
S00137499,128,67,61
S00137500,71,34,37
S00137501,167,87,79
S00137502,147,76,73
S00137503,118,57,63
S00137504,161,74,87
S00137505,114,64,50
S00137506,95,46,49
S00137507,121,66,51
S00137508,89,51,38
S00137509,135,71,62
S00137510,113,64,49
S00137511,74,34,40
S00137512,61,31,30
S00137513,65,32,36
S00137514,94,50,36
S00137515,97,53,46
S00137516,116,66,51
S00137517,117,52,65
S00137518,78,37,41
S00137519,131,74,57
S00137520,98,55,43
S00137521,136,63,73
S00137522,87,43,44
S00137523,128,74,57
S00137524,62,32,30
S00137525,74,39,38
S00137526,98,51,47
S00137527,102,55,47
S00137528,124,54,66
S00137529,212,95,117
S00137530,115,56,56
S00137531,67,36,31
S00137532,201,103,98
S00137533,88,47,41
S00137534,113,54,56
S00137535,195,108,87
S00137536,108,62,46
S00137537,93,48,45
S00137538,119,62,57
S00137539,104,57,46
S00137540,67,41,22
S00137541,109,56,53
S00137542,151,66,81
S00137543,130,68,62
S00137544,117,63,54
S00137545,105,55,53
S00137546,139,75,64
S00137547,106,54,52
S00137548,144,71,70
S00137549,94,50,48
S00137550,81,38,43
S00137551,116,52,61
S00137552,90,45,48
S00137553,182,75,107
S00137554,185,97,88
S00137555,116,56,61
S00137556,69,30,39
S00137557,79,39,40
S00137558,128,63,65
S00137559,118,60,58
S00137560,103,58,45
S00137561,90,45,45
S00137562,178,86,92
S00137563,89,45,49
S00137564,96,51,45
S00137565,181,86,91
S00137566,159,85,72
S00137567,106,56,50
S00137568,97,48,49
S00137569,78,38,40
S00137570,123,62,61
S00137571,117,61,56
S00137572,196,106,88
S00137573,101,49,54
S00137574,177,75,99
S00137575,173,83,93
S00137576,124,60,68
S00137577,250,148,102
S00137578,107,57,50
S00137579,128,55,76
S00137580,152,87,67
S00137581,134,68,65
S00137582,113,59,54
S00137583,90,42,47
S00137584,159,72,92
S00137585,146,74,71
S00137586,113,62,51
S00137587,165,89,76
S00137588,115,61,54
S00137589,134,75,57
S00137590,127,64,66
S00137591,104,48,54
S00137592,111,54,57
S00137593,108,57,51
S00137594,64,36,28
S00137595,141,77,64
S00137596,138,79,62
S00137597,126,64,62
S00137598,137,73,64
S00137599,150,77,71
S00137600,129,63,66
S00137601,143,77,66
S00137602,139,72,70
S00137603,69,32,37
S00137604,79,31,45
S00137605,179,84,95
S00137606,96,47,49
S00137607,122,63,59
S00137608,109,53,56
S00137609,162,76,86
S00137610,101,49,55
S00137611,127,60,67
S00137612,174,85,89
S00137613,100,44,56
S00137614,135,65,68
S00137615,132,64,68
S00137616,119,61,58
S00137617,139,66,73
S00137618,123,66,57
S00137619,77,36,41
S00137620,169,79,90
S00137621,116,55,61
S00137622,128,62,67
S00137623,105,61,44
S00137624,172,94,79
S00137625,142,70,69
S00137626,135,74,57
S00137627,205,101,104
S00137628,88,50,38
S00137629,198,92,107
S00137630,184,90,94
S00137631,91,53,38
S00137632,120,54,66
S00137633,148,68,78
S00137634,67,31,36
S00137635,71,41,33
S00137636,108,49,59
S00137637,158,77,81
S00137638,112,57,58
S00137639,141,72,69
S00137640,132,62,70
S00137641,134,64,71
S00137642,75,34,41
S00137643,173,87,87
S00137644,131,65,66
S00137645,174,87,87
S00137646,100,50,50
S00137647,100,51,50
S00137648,161,81,83
S00137649,110,55,51
S00137650,193,86,103
S00137651,125,60,65
S00137652,81,40,40
S00137653,158,76,78
S00137654,173,95,77
S00137655,138,72,66
S00137656,85,44,41
S00137657,67,33,34
S00137658,102,52,50
S00137659,119,75,46
S00137660,109,51,58
S00137661,111,55,53
S00137662,189,98,91
S00137663,139,77,62
S00137664,80,40,40
S00137665,144,81,63
S00137666,138,72,66
S00137667,145,84,61
S00137668,149,79,74
S00137669,135,75,60
S00137670,161,82,79
S00137671,137,64,75
S00137672,119,66,51
S00137673,165,78,90
S00137674,123,64,59
S00137675,91,47,44
S00137676,116,56,60
S00137677,109,58,51
S00137678,116,53,63
S00137679,89,48,41
S00137680,99,52,47
S00137681,104,48,56
S00137682,110,62,48
S00137683,102,47,52
S00137684,110,55,52
S00137685,81,42,39
S00137686,129,67,60
S00137687,106,56,50
S00137688,164,85,75
S00137689,133,72,61
S00137690,116,72,44
S00137691,118,60,57
S00137692,71,37,31
S00137693,102,43,59
S00137694,148,80,68
S00137695,82,45,39
S00137696,107,51,56
S00137697,131,78,53
S00137698,107,54,53
S00137699,99,46,51
S00137700,87,40,47
S00137701,193,96,99
S00137702,128,60,68
S00137703,132,68,68
S00137704,130,67,64
S00137705,93,49,45
S00137706,162,80,82
S00137707,159,76,83
S00137708,151,76,75
S00137709,189,93,96
S00137710,223,109,114
S00137711,191,100,91
S00137712,61,33,28
S00137713,147,83,64
S00137714,81,38,43
S00137715,99,45,54
S00137716,72,46,26
S00137717,139,76,63
S00137718,102,60,42
S00137719,101,53,45
S00137720,124,53,69
S00137721,157,84,74
S00137722,98,46,52
S00137723,122,66,56
S00137724,166,81,85
S00137725,135,77,58
S00137726,62,35,26
S00137727,122,60,62
S00137728,108,56,52
S00137729,143,70,68
S00137730,72,39,33
S00137731,108,59,49
S00137732,155,87,70
S00137733,111,59,55
S00137734,116,51,65
S00137735,125,67,62
S00137736,91,45,46
S00137737,162,88,74
S00137738,143,68,74
S00137739,109,57,52
S00137740,120,68,52
S00137741,76,36,37
S00137742,122,63,59
S00137743,104,54,54
S00137744,147,71,76
S00137745,100,47,53
S00137746,119,64,55
S00137747,140,78,61
S00137748,177,84,93
S00137749,198,101,97
S00137750,138,57,77
S00137751,157,82,75
S00137752,167,86,81
S00137753,60,31,29
S00137754,96,44,52
S00137755,150,79,71
S00137756,145,71,75
S00137757,119,63,59
S00137758,81,41,40
S00137759,128,69,59
S00137760,191,92,99
S00137761,107,56,51
S00137762,82,41,41
S00137763,128,73,55
S00137764,96,46,50
S00137765,72,45,28
S00137766,110,53,57
S00137767,121,60,62
S00137768,61,30,31
S00137769,100,54,45
S00137770,127,65,63
S00137771,151,80,71
S00137772,119,61,56
S00137773,93,51,42
S00137774,85,42,43
S00137775,67,36,27
S00137776,83,42,41
S00137777,118,56,58
S00137778,196,97,99
S00137779,120,64,58
S00137780,111,57,54
S00137781,114,58,56
S00137782,97,47,50
S00137783,167,84,83
S00137784,123,65,58
S00137785,119,58,57
S00137786,124,56,66
S00137787,134,64,70
S00137788,173,84,88
S00137789,85,51,34
S00137790,81,40,41
S00137791,269,130,139
S00137792,127,59,68
S00137793,99,45,53
S00137794,134,64,68
S00137795,111,56,57
S00137796,116,55,61
S00137797,92,47,45
S00137798,67,34,37
S00137799,147,71,76
S00137800,110,60,53
S00137801,212,98,113
S00137802,74,32,42
S00137803,118,59,59
S00137804,71,39,28
S00137805,180,87,90
S00137806,95,52,43
S00137807,84,39,45
S00137808,110,51,59
S00137809,157,74,83
S00137810,80,48,31
S00137811,116,65,55
S00137812,97,49,48
S00137813,110,49,61
S00137814,106,57,52
S00137815,102,50,52
S00137816,73,43,28
S00137817,142,77,65
S00137818,124,78,46
S00137819,73,44,31
S00137820,76,36,36
S00137821,146,71,72
S00137822,123,62,61
S00137823,99,45,53
S00137824,97,42,54
S00137825,101,59,46
S00137826,103,55,52
S00137827,105,54,52
S00137828,103,54,49
S00137829,105,55,50
S00137830,98,51,49
S00137831,100,48,52
S00137832,100,52,48
S00137833,69,39,30
S00137834,78,39,39
S00137835,81,37,44
S00137836,167,91,77
S00137837,141,77,64
S00137838,111,49,62
S00137839,84,48,36
S00137840,157,107,53
S00137841,119,65,54
S00137842,91,36,55
S00137843,123,54,65
S00137844,68,35,29
S00137845,132,57,71
S00137846,104,60,47
S00137847,104,55,53
S00137848,126,59,65
S00137849,102,50,52
S00137850,85,40,42
S00137851,84,49,38
S00137852,123,58,69
S00137853,91,44,47
S00137854,118,57,61
S00137855,158,82,77
S00137856,105,54,48
S00137857,102,53,47
S00137858,145,54,87
S00137859,144,73,68
S00137860,95,52,47
S00137861,208,107,101
S00137862,144,62,82
S00137863,86,49,37
S00137864,88,48,40
S00137865,175,80,93
S00137866,174,83,94
S00137867,125,62,63
S00137868,78,34,40
S00137869,181,89,92
S00137870,80,37,43
S00137871,123,62,63
S00137872,98,54,44
S00137873,79,34,48
S00137874,83,39,44
S00137875,96,54,42
S00137876,131,60,74
S00137877,245,121,124
S00137878,90,46,44
S00137879,112,56,56
S00137880,87,42,40
S00137881,64,36,32
S00137882,94,51,43
S00137883,166,95,71
S00137884,75,38,37
S00137885,72,38,31
S00137886,67,35,33
S00137887,201,104,97
S00137888,75,42,33
S00137889,77,39,38
S00137890,145,74,71
S00137891,110,60,50
S00137892,134,80,57
S00137893,106,55,51
S00137894,140,65,75
S00137895,94,42,52
S00137896,101,47,54
S00137897,135,71,64
S00137898,127,65,62
S00137899,154,72,82
S00137900,147,84,64
S00137901,75,46,29
S00137902,88,48,40
S00137903,129,62,70
S00137904,106,66,41
S00137905,134,72,62
S00137906,85,37,48
S00137907,134,65,69
S00137908,88,46,42
S00137909,164,76,85
S00137910,126,64,62
S00137911,156,87,71
S00137912,76,42,34
S00137913,65,30,35
S00137914,88,45,43
S00137915,202,109,96
S00137916,71,31,40
S00137917,144,85,59
S00137918,157,68,89
S00137919,106,52,54
S00137920,184,93,88
S00137921,204,93,111
S00137922,102,51,51
S00137923,119,59,58
S00137924,142,78,64
S00137925,84,38,45
S00137926,119,63,56
S00137927,151,76,75
S00137928,60,26,34
S00137929,149,80,68
S00137930,81,42,35
S00137931,100,53,47
S00137932,154,83,68
S00137933,84,41,43
S00137934,104,57,51
S00137935,88,46,43
S00137936,194,96,102
S00137937,133,76,57
S00137938,73,39,36
S00137939,108,57,49
S00137940,176,90,90
S00137941,94,46,48
S00137942,135,71,64
S00137943,128,75,53
S00137944,84,39,45
S00137945,74,43,31
S00137946,62,40,22
S00137947,149,81,71
S00137948,411,77,331
S00137949,150,82,68
S00137950,77,40,37
S00137951,108,58,54
S00137952,138,66,71
S00137953,160,85,75
S00137954,138,73,63
S00137955,108,56,55
S00137956,123,62,61
S00137957,107,51,55
S00137958,119,56,63
S00137959,138,62,76
S00137960,93,48,45
S00137961,192,86,103
S00137962,110,59,51
S00137963,105,55,54
S00137964,167,84,83
S00137965,106,55,48
S00137966,177,86,90
S00137967,159,82,80
S00137968,84,38,46
S00137969,88,46,45
S00137970,181,84,97
S00137971,82,37,41
S00137972,128,61,64
S00137973,162,76,88
S00137974,176,91,85
S00137975,67,37,30
S00137976,132,63,67
S00137977,110,56,58
S00137978,173,81,92
S00137979,69,34,32
S00137980,79,37,39
S00137981,113,55,58
S00137982,101,58,43
S00137983,150,67,83
S00137984,79,41,38
S00137985,76,34,42
S00137986,167,86,75
S00137987,152,77,75
S00137988,138,69,69
S00137989,122,51,67
S00137990,140,73,67
S00137991,105,43,61
S00137992,78,34,44
S00137993,157,79,78
S00137994,138,72,66
S00137995,146,70,76
S00137996,88,40,48
S00137997,112,56,56
S00137998,91,48,46
S00137999,94,55,39
S00138000,121,57,64
S00138001,155,79,80
S00138002,113,61,52
S00138003,236,121,115
S00138004,183,96,87
S00138005,157,72,85
S00138006,116,61,55
S00138007,84,43,41
S00138008,128,64,64
S00138009,177,94,83
S00138010,119,64,55
S00138011,136,74,66
S00138012,99,56,43
S00138013,149,80,68
S00138014,63,31,32
S00138015,131,73,58
S00138016,118,61,57
S00138017,167,90,76
S00138018,72,32,40
S00138019,76,47,33
S00138020,107,64,43
S00138021,89,38,54
S00138022,89,41,48
S00138023,157,87,70
S00138024,109,55,54
S00138025,141,67,73
S00138026,110,60,46
S00138027,89,40,51
S00138028,192,89,103
S00138029,97,53,48
S00138030,153,76,77
S00138031,99,56,47
S00138032,115,64,51
S00138033,126,60,58
S00138034,117,58,59
S00138035,141,67,74
S00138036,75,40,35
S00138037,108,52,56
S00138038,63,30,32
S00138039,139,88,51
S00138040,99,56,41
S00138041,115,57,57
S00138042,166,79,87
S00138043,104,63,48
S00138044,99,55,44
S00138045,108,60,48
S00138046,107,55,52
S00138047,170,83,89
S00138048,78,34,44
S00138049,154,79,75
S00138050,157,84,75
S00138051,137,62,75
S00138052,131,62,69
S00138053,88,44,44
S00138054,219,108,111
S00138055,111,58,53
S00138056,114,60,51
S00138057,83,44,37
S00138058,111,67,44
S00138059,117,59,58
S00138060,75,40,35
S00138061,94,45,49
S00138062,179,90,89
S00138063,72,37,35
S00138064,73,35,38
S00138065,71,34,38
S00138066,133,67,62
S00138067,81,40,41
S00138068,101,49,52
S00138069,188,90,98
S00138070,75,35,43
S00138071,80,41,39
S00138072,96,50,46
S00138073,229,116,115
S00138074,112,53,59
S00138075,116,58,61
S00138076,123,64,59
S00138077,69,25,43
S00138078,64,24,37
S00138079,149,71,78
S00138080,130,67,62
S00138081,104,55,48
S00138082,109,60,49
S00138083,63,34,29
S00138084,103,55,45
S00138085,188,86,103
S00138086,144,74,67
S00138087,150,77,73
S00138088,101,55,50
S00138089,153,85,68
S00138090,88,41,47
S00138091,133,68,68
S00138092,136,75,61
S00138093,94,46,48
S00138094,187,83,104
S00138095,86,44,42
S00138096,147,66,81
S00138097,74,45,29
S00138098,135,66,69
S00138099,125,61,65
S00138100,150,74,76
S00138101,118,56,62
S00138102,97,47,50
S00138103,148,77,71
S00138104,71,38,33
S00138105,107,54,52
S00138106,148,79,74
S00138107,111,51,60
S00138108,101,52,49
S00138109,128,57,71
S00138110,154,71,84
S00138111,130,68,61
S00138112,143,70,72
S00138113,145,74,71
S00138114,102,56,46
S00138115,208,110,98
S00138116,125,61,67
S00138117,141,62,78
S00138118,180,89,91
S00138119,182,84,98
S00138120,137,65,72
S00138121,126,65,61
S00138122,105,55,50
S00138123,119,61,58
S00138124,199,101,98
S00138125,221,113,108
S00138126,190,102,91
S00138127,133,62,71
S00138128,191,92,99
S00138129,135,64,71
S00138130,169,89,80
S00138131,114,55,59
S00138132,137,74,63
S00138133,67,33,34
S00138134,120,60,60
S00138135,223,104,118
S00138136,149,77,72
S00138137,190,95,95
S00138138,252,131,121
S00138139,83,54,29
S00138140,134,73,64
S00138141,98,46,49
S00138142,82,36,45
S00138143,134,70,64
S00138144,219,108,111
S00138145,154,79,75
S00138146,196,97,99
S00138147,136,68,68
S00138148,186,91,97
S00138149,160,85,72
S00138150,67,31,36
S00138151,168,81,87
S00138152,201,100,98
S00138153,83,37,46
S00138154,90,47,43
S00138155,98,56,42
S00138156,140,69,70
S00138157,218,116,100
S00138158,97,47,50
S00138159,110,60,50
S00138160,231,119,112
S00138161,137,70,68
S00138162,209,115,94
S00138163,212,103,109
S00138164,144,71,77
S00138165,152,72,80
S00138166,142,78,63
S00138167,100,52,48
S00138168,88,45,43
S00138169,179,86,93
S00138170,100,49,51
S00138171,105,60,45
S00138172,120,57,56
S00138173,154,80,74
S00138174,117,64,53
S00138175,126,61,65
S00138176,120,57,63
S00138177,105,59,49
S00138178,111,55,55
S00138179,83,51,32
S00138180,146,77,72
S00138181,82,47,36
S00138182,114,57,57
S00138183,104,50,54
S00138184,93,44,47
S00138185,113,61,52
S00138186,99,46,50
S00138187,95,48,51
S00138188,123,63,60
S00138189,128,64,64
S00138190,66,33,33
S00138191,124,65,59
S00138192,124,54,66
S00138193,116,55,61
S00138194,152,81,71
S00138195,104,49,54
S00138196,111,57,53
S00138197,85,40,44
S00138198,147,70,77
S00138199,85,46,39
S00138200,115,57,58
S00138201,66,47,21
S00138202,158,86,69
S00138203,115,61,54
S00138204,99,45,54
S00138205,124,63,64
S00138206,126,62,64
S00138207,105,58,46
S00138208,144,74,70
S00138209,130,68,58
S00138210,133,68,67
S00138211,123,60,64
S00138212,160,86,74
S00138213,106,55,51
S00138214,127,71,56
S00138215,90,43,47
S00138216,151,81,69
S00138217,128,68,60
S00138218,84,41,43
S00138219,72,37,40
S00138220,109,52,53
S00138221,85,47,38
S00138222,141,75,66
S00138223,64,31,37
S00138224,124,61,63
S00138225,86,50,40
S00138226,133,65,72
S00138227,96,48,48
S00138228,134,72,62
S00138229,152,73,79
S00138230,78,34,43
S00138231,119,57,62
S00138232,84,46,38
S00138233,141,77,67
S00138234,104,58,46
S00138235,164,78,86
S00138236,182,88,94
S00138237,120,54,66
S00138238,149,70,79
S00138239,182,80,102
S00138240,113,61,52
S00138241,155,79,74
S00138242,111,55,52
S00138243,112,68,44
S00138244,127,65,58
S00138245,104,48,56
S00138246,215,106,113
S00138247,139,65,74
S00138248,133,66,67
S00138249,185,90,99
S00138250,193,97,96
S00138251,94,53,46
S00138252,149,72,79
S00138253,106,50,54
S00138254,168,82,86
S00138255,117,59,59
S00138256,98,52,46
S00138257,88,51,37
S00138258,125,72,53
S00138259,101,55,46
S00138260,167,81,86
S00138261,138,66,73
S00138262,98,56,46
S00138263,95,48,47
S00138264,170,92,79
S00138265,128,64,64
S00138266,152,72,83
S00138267,107,51,56
S00138268,120,63,59
S00138269,157,73,84
S00138270,143,68,75
S00138271,110,62,48
S00138272,104,58,54
S00138273,188,100,88
S00138274,93,51,42
S00138275,176,87,89
S00138276,179,89,90
S00138277,99,49,52
S00138278,143,65,78
S00138279,115,60,55
S00138280,111,62,49
S00138281,115,56,55
S00138282,117,61,56
S00138283,114,52,60
S00138284,184,93,91
S00138285,112,62,50
S00138286,130,62,68
S00138287,108,53,53
S00138288,111,52,58
S00138289,78,42,37
S00138290,116,66,50
S00138291,100,54,48
S00138292,115,60,55
S00138293,189,103,90
S00138294,123,56,62
S00138295,147,66,81
S00138296,84,47,38
S00138297,144,82,62
S00138298,110,56,54
S00138299,144,70,74
S00138300,129,66,63
S00138301,117,66,52
S00138302,131,56,71
S00138303,133,73,60
S00138304,144,73,72
S00138305,123,54,65
S00138306,234,115,119
S00138307,110,52,60
S00138308,146,73,73
S00138309,184,91,91
S00138310,81,40,39
S00138311,121,60,58
S00138312,120,53,67
S00138313,97,50,47
S00138314,126,75,51
S00138315,135,69,65
S00138316,126,63,63
S00138317,119,56,63
S00138318,92,49,43
S00138319,122,58,60
S00138320,175,92,83
S00138321,133,61,72
S00138322,171,85,89
S00138323,136,71,65
S00138324,181,86,95
S00138325,99,52,47
S00138326,176,83,92
S00138327,70,38,32
S00138328,106,53,53
S00138329,171,84,90
S00138330,76,31,47
S00138331,122,67,55
S00138332,140,65,75
S00138333,114,60,54
S00138334,155,75,81
S00138335,140,75,62
S00138336,179,93,86
S00138337,154,74,80
S00138338,87,46,41
S00138339,141,73,67
S00138340,91,47,44
S00138341,102,56,45
S00138342,129,58,69
S00138343,130,57,71
S00138344,102,47,55
S00138345,159,79,78
S00138346,181,95,86
S00138347,185,97,94
S00138348,143,68,75
S00138349,78,39,39
S00138350,167,79,90
S00138351,128,66,62
S00138352,143,68,75
S00138353,204,107,100
S00138354,178,95,83
S00138355,137,57,76
S00138356,145,80,65
S00138357,145,73,72
S00138358,110,52,58
S00138359,203,105,98
S00138360,89,45,43
S00138361,155,78,77
S00138362,187,95,97
S00138363,178,91,87
S00138364,154,77,74
S00138365,220,120,100
S00138366,125,67,60
S00138367,202,97,105
S00138368,132,64,68
S00138369,200,102,98
S00138370,170,83,80
S00138371,117,53,64
S00138372,88,43,45
S00138373,132,68,65
S00138374,97,50,47
S00138375,240,114,116
S00138376,202,106,96
S00138377,161,83,78
S00138378,173,87,79
S00138379,85,44,41
S00138380,102,46,50
S00138381,170,89,85
S00138382,116,56,60
S00138383,245,119,125
S00138384,158,77,81
S00138385,176,84,92
S00138386,176,95,81
S00138387,193,96,97
S00138388,123,73,53
S00138389,96,47,49
S00138390,90,49,41
S00138391,81,38,43
S00138392,102,51,51
S00138393,141,71,65
S00138394,133,70,63
S00138395,145,80,62
S00138396,101,50,50
S00138397,92,49,43
S00138398,123,65,62
S00138399,87,39,46
S00138400,126,56,70
S00138401,82,47,35
S00138402,127,63,64
S00138403,148,74,74
S00138404,96,41,55
S00138405,132,69,65
S00138406,149,77,72
S00138407,101,59,42
S00138408,140,73,70
S00138409,102,49,53
S00138410,68,33,35
S00138411,84,44,40
S00138412,102,51,51
S00138413,63,26,37
S00138414,97,47,50
S00138415,88,45,43
S00138416,99,51,48
S00138417,150,77,73
S00138418,102,53,47
S00138419,72,32,40
S00138420,93,46,47
S00138421,135,72,63
S00138422,104,53,51
S00138423,110,55,55
S00138424,112,61,51
S00138425,61,36,27
S00138426,80,42,38
S00138427,104,57,47
S00138428,116,64,49
S00138429,100,46,54
S00138430,169,84,85
S00138431,90,49,44
S00138432,117,63,51
S00138433,120,69,51
S00138434,136,64,72
S00138435,181,95,86
S00138436,141,83,58
S00138437,117,60,57
S00138438,103,52,48
S00138439,76,42,38
S00138440,73,46,26
S00138441,98,49,49
S00138442,157,85,69
S00138443,76,38,34
S00138444,115,58,59
S00138445,153,79,74
S00138446,88,51,37
S00138447,154,79,76
S00138448,152,75,77
S00138449,151,71,76
S00138450,72,40,29
S00138451,114,45,63
S00138452,112,54,62
S00138453,69,41,31
S00138454,118,69,53
S00138455,140,75,64
S00138456,126,68,57
S00138457,69,48,20
S00138458,148,79,69
S00138459,166,88,79
S00138460,126,70,56
S00138461,81,39,42
S00138462,68,32,36
S00138463,162,85,77
S00138464,62,37,23
S00138465,164,80,80
S00138466,123,59,64
S00138467,99,55,44
S00138468,79,43,35
S00138469,128,66,63
S00138470,175,86,90
S00138471,63,28,35
S00138472,64,32,32
S00138473,162,83,79
S00138474,89,47,42
S00138475,89,45,44
S00138476,108,53,58
S00138477,85,46,41
S00138478,113,51,62
S00138479,133,69,64
S00138480,152,70,78
S00138481,151,79,72
S00138482,126,73,56
S00138483,60,32,31
S00138484,82,37,45
S00138485,158,100,61
S00138486,84,49,35
S00138487,127,68,59
S00138488,123,58,67
S00138489,116,53,67
S00138490,173,87,86
S00138491,121,68,53
S00138492,129,60,69
S00138493,151,68,82
S00138494,112,55,57
S00138495,82,42,37
S00138496,120,63,57
S00138497,162,87,76
S00138498,162,84,78
S00138499,199,97,106
S00138500,145,87,60
S00138501,79,40,39
S00138502,124,63,61
S00138503,119,60,60
S00138504,147,72,75
S00138505,149,74,75
S00138506,177,97,78
S00138507,84,36,47
S00138508,97,49,48
S00138509,137,67,74
S00138510,201,107,91
S00138511,185,94,89
S00138512,87,48,39
S00138513,196,98,98
S00138514,114,62,56
S00138515,170,91,79
S00138516,102,55,50
S00138517,156,80,74
S00138518,91,43,45
S00138519,142,79,63
S00138520,137,67,70
S00138521,84,41,43
S00138522,93,41,49
S00138523,82,42,40
S00138524,69,34,35
S00138525,96,50,46
S00138526,111,57,53
S00138527,91,49,42
S00138528,122,58,64
S00138529,154,74,80
S00138530,79,45,30
S00138531,77,42,34
S00138532,140,76,64
S00138533,133,70,59
S00138534,132,65,70
S00138535,169,83,86
S00138536,163,82,81
S00138537,116,58,58
S00138538,168,83,85
S00138539,173,85,88
S00138540,176,83,92
S00138541,169,86,83
S00138542,99,42,57
S00138543,98,46,50
S00138544,140,68,72
S00138545,119,61,58
S00138546,168,88,83
S00138547,184,83,101
S00138548,106,50,56
S00138549,116,62,57
S00138550,120,60,60
S00138551,121,57,63
S00138552,140,58,82
S00138553,127,62,65
S00138554,97,51,50
S00138555,71,35,36
S00138556,175,91,84
S00138557,138,75,66
S00138558,103,56,47
S00138559,163,77,86
S00138560,192,93,99
S00138561,167,87,80
S00138562,150,72,80
S00138563,135,70,65
S00138564,172,85,87
S00138565,75,36,36
S00138566,78,38,40
S00138567,175,80,94
S00138568,66,34,29
S00138569,172,90,82
S00138570,230,117,113
S00138571,166,90,76
S00138572,184,94,90
S00138573,158,79,79
S00138574,164,75,91
S00138575,136,65,70
S00138576,140,78,57
S00138577,77,36,39
S00138578,139,76,67
S00138579,202,94,107
S00138580,124,59,65
S00138581,97,45,51
S00138582,86,51,35
S00138583,135,64,71
S00138584,178,102,76
S00138585,115,62,50
S00138586,99,55,47
S00138587,112,58,54
S00138588,114,61,52
S00138589,165,80,88
S00138590,142,72,70
S00138591,108,56,55
S00138592,75,39,36
S00138593,166,87,76
S00138594,155,80,75
S00138595,138,65,73
S00138596,95,59,36
S00138597,158,75,82
S00138598,69,38,31
S00138599,119,61,55
S00138600,130,78,54
S00138601,132,62,73
S00138602,113,59,54
S00138603,86,44,46
S00138604,134,65,69
S00138605,193,97,94
S00138606,109,52,57
S00138607,60,30,30
S00138608,90,47,43
S00138609,120,55,67
S00138610,131,69,66
S00138611,99,49,50
S00138612,79,41,38
S00138613,143,71,73
S00138614,181,91,90
S00138615,142,78,67
S00138616,92,45,47
S00138617,169,83,86
S00138618,81,40,45
S00138619,131,63,69
S00138620,112,43,65
S00138621,75,35,40
S00138622,145,73,69
S00138623,114,57,57
S00138624,76,39,37
S00138625,146,69,81
S00138626,99,48,51
S00138627,82,44,36
S00138628,71,41,30
S00138629,105,50,55
S00138630,97,51,46
S00138631,162,83,77
S00138632,147,73,71
S00138633,71,39,35
S00138634,123,67,56
S00138635,116,60,56
S00138636,111,57,54
S00138637,76,35,39
S00138638,138,64,74
S00138639,131,75,56
S00138640,89,54,35
S00138641,160,77,84
S00138642,96,50,42
S00138643,109,55,54
S00138644,80,42,38
S00138645,161,81,80
S00138646,127,66,68
S00138647,160,70,86
S00138648,115,61,54
S00138649,124,61,61
S00138650,178,86,92
S00138651,94,45,49
S00138652,127,61,66
S00138653,139,69,70
S00138654,156,82,74
S00138655,122,54,65
S00138656,144,79,65
S00138657,248,128,120
S00138658,73,35,38
S00138659,135,69,66
S00138660,116,62,55
S00138661,112,55,56
S00138662,147,73,74
S00138663,130,64,66
S00138664,135,65,70
S00138665,186,109,77
S00138666,63,29,34
S00138667,106,59,47
S00138668,173,85,88
S00138669,153,85,68
S00138670,176,85,91
S00138671,81,43,38
S00138672,173,96,74
S00138673,175,96,79
S00138674,110,53,57
S00138675,79,46,33
S00138676,105,51,54
S00138677,183,94,92
S00138678,109,50,59
S00138679,268,143,124
S00138680,106,49,53
S00138681,132,66,66
S00138682,104,49,50
S00138683,91,42,49
S00138684,120,57,63
S00138685,86,50,34
S00138686,137,64,69
S00138687,107,53,54
S00138688,133,66,67
S00138689,168,82,86
S00138690,120,56,67
S00138691,99,49,54
S00138692,87,45,42
S00138693,140,65,75
S00138694,129,67,60
S00138695,122,59,64
S00138696,113,51,62
S00138697,181,91,90
S00138698,168,89,79
S00138699,108,52,56
S00138700,118,56,62
S00138701,138,72,66
S00138702,257,122,135
S00138703,150,72,78
S00138704,211,106,105
S00138705,205,101,100
S00138706,122,59,60
S00138707,135,69,63
S00138708,146,70,76
S00138709,116,64,52
S00138710,178,82,99
S00138711,142,70,76
S00138712,111,52,59
S00138713,118,68,50
S00138714,145,72,73
S00138715,168,69,99
S00138716,134,64,70
S00138717,126,59,67
S00138718,142,70,72
S00138719,117,58,59
S00138720,78,38,40
S00138721,107,53,54
S00138722,144,72,73
S00138723,151,72,76
S00138724,108,60,52
S00138725,132,74,58
S00138726,184,89,95
S00138727,204,98,107
S00138728,193,97,99
S00138729,90,48,45
S00138730,103,43,56
S00138731,81,39,42
S00138732,127,57,73
S00138733,71,34,34
S00138734,103,51,52
S00138735,124,60,61
S00138736,119,60,59
S00138737,130,64,66
S00138738,105,50,58
S00138739,227,119,111
S00138740,83,40,43
S00138741,162,80,82
S00138742,129,65,64
S00138743,145,71,74
S00138744,169,84,85
S00138745,110,53,57
S00138746,146,68,78
S00138747,225,116,109
S00138748,182,87,96
S00138749,162,88,74
S00138750,141,76,62
S00138751,221,111,110
S00138752,177,86,91
S00138753,97,60,40
S00138754,229,113,112
S00138755,139,76,63
S00138756,150,74,76
S00138757,193,94,99
S00138758,102,54,48
S00138759,81,43,38
S00138760,181,89,92
S00138761,108,57,51
S00138762,104,60,45
S00138763,164,76,88
S00138764,136,69,67
S00138765,139,75,67
S00138766,117,55,62
S00138767,228,114,114
S00138768,96,44,52
S00138769,158,79,76
S00138770,163,85,77
S00138771,129,67,62
S00138772,98,60,38
S00138773,84,43,41
S00138774,89,56,33
S00138775,119,61,58
S00138776,158,78,80
S00138777,135,64,71
S00138778,168,85,87
S00138779,90,54,38
S00138780,149,76,70
S00138781,104,52,48
S00138782,98,53,49
S00138783,108,55,53
S00138784,90,37,50
S00138785,102,50,49
S00138786,118,66,52
S00138787,163,80,83
S00138788,75,43,32
S00138789,74,36,34
S00138790,137,74,63
S00138791,120,61,59
S00138792,193,92,101
S00138793,161,86,75
S00138794,131,57,70
S00138795,108,59,49
S00138796,181,94,89
S00138797,159,83,76
S00138798,218,106,113
S00138799,127,69,58
S00138800,133,64,69
S00138801,137,64,73
S00138802,160,83,77
S00138803,180,93,87
S00138804,134,68,66
S00138805,214,101,109
S00138806,164,84,76
S00138807,71,41,29
S00138808,115,55,59
S00138809,133,75,58
S00138810,150,74,73
S00138811,72,32,40
S00138812,148,80,67
S00138813,139,71,69
S00138814,99,55,43
S00138815,90,49,37
S00138816,142,75,67
S00138817,156,70,86
S00138818,137,68,70
S00138819,171,80,90
S00138820,64,36,28
S00138821,81,38,43
S00138822,84,44,36
S00138823,109,53,56
S00138824,109,55,54
S00138825,95,46,49
S00138826,216,111,105
S00138827,161,88,73
S00138828,156,78,78
S00138829,115,61,54
S00138830,183,93,86
S00138831,178,90,88
S00138832,96,45,50
S00138833,178,95,83
S00138834,62,27,35
S00138835,77,37,39
S00138836,218,120,98
S00138837,111,54,57
S00138838,153,77,76
S00138839,115,55,59
S00138840,126,55,68
S00138841,157,82,73
S00138842,132,67,65
S00138843,136,62,71
S00138844,162,75,87
S00138845,118,56,61
S00138846,166,84,82
S00138847,70,39,32
S00138848,69,30,35
S00138849,81,42,39
S00138850,92,49,43
S00138851,186,87,95
S00138852,153,75,78
S00138853,100,53,47
S00138854,115,57,58
S00138855,140,78,62
S00138856,181,85,96
S00138857,86,46,40
S00138858,159,78,81
S00138859,129,64,65
S00138860,103,48,51
S00138861,152,72,81
S00138862,233,107,127
S00138863,121,66,53
S00138864,105,47,58
S00138865,98,45,53
S00138866,97,55,47
S00138867,188,97,90
S00138868,94,46,47
S00138869,110,52,58
S00138870,133,71,62
S00138871,90,43,44
S00138872,215,102,113
S00138873,129,68,61
S00138874,156,78,78
S00138875,112,60,52
S00138876,192,88,104
S00138877,101,55,46
S00138878,84,42,42
S00138879,83,38,44
S00138880,92,44,52
S00138881,109,49,51
S00138882,77,39,38
S00138883,80,37,39
S00138884,119,67,49
S00138885,132,68,65
S00138886,82,44,38
S00138887,184,88,90
S00138888,99,54,45
S00138889,107,53,54
S00138890,72,35,40
S00138891,89,51,41
S00138892,70,29,33
S00138893,117,57,60
S00138894,142,74,68
S00138895,86,36,53
S00138896,74,38,36
S00138897,216,103,114
S00138898,166,82,84
S00138899,67,35,32
S00138900,144,79,65
S00138901,134,62,76
S00138902,160,86,74
S00138903,162,80,78
S00138904,105,49,56
S00138905,196,99,97
S00138906,134,62,68
S00138907,155,77,78
S00138908,129,71,58
S00138909,156,71,81
S00138910,169,85,84
S00138911,102,44,58
S00138912,102,48,54
S00138913,108,50,55
S00138914,187,107,80
S00138915,211,104,107
S00138916,95,44,51
S00138917,85,46,39
S00138918,149,79,66
S00138919,155,75,80
S00138920,73,32,35
S00138921,157,80,79
S00138922,127,76,51
S00138923,81,44,37
S00138924,175,80,95
S00138925,105,53,52
S00138926,70,32,38
S00138927,92,51,41
S00138928,117,61,56
S00138929,88,49,42
S00138930,141,65,73
S00138931,75,38,34
S00138932,163,79,80
S00138933,75,34,38
S00138934,70,36,34
S00138935,114,59,55
S00138936,76,36,40
S00138937,144,62,79
S00138938,100,49,51
S00138939,121,62,61
S00138940,201,94,107
S00138941,143,79,64
S00138942,113,56,61
S00138943,152,70,82
S00138944,61,31,31
S00138945,117,61,55
S00138946,88,41,47
S00138947,120,59,61
S00138948,105,52,53
S00138949,222,121,101
S00138950,78,45,33
S00138951,264,134,130
S00138952,134,70,68
S00138953,147,76,71
S00138954,161,86,77
S00138955,156,73,83
S00138956,194,98,96
S00138957,152,76,76
S00138958,136,62,74
S00138959,174,86,88
S00138960,81,48,35
S00138961,181,86,95
S00138962,108,59,49
S00138963,117,58,59
S00138964,230,98,129
S00138965,139,70,69
S00138966,149,74,75
S00138967,188,88,100
S00138968,102,59,41
S00138969,194,101,93
S00138970,201,102,99
S00138971,197,105,94
S00138972,87,47,40
S00138973,183,91,92
S00138974,148,79,69
S00138975,198,96,102
S00138976,107,55,56
S00138977,124,64,60
S00138978,166,82,84
S00138979,78,41,37
S00138980,181,91,90
S00138981,172,87,85
S00138982,118,55,61
S00138983,130,66,64
S00138984,117,56,61
S00138985,69,38,31
S00138986,136,60,76
S00138987,137,76,61
S00138988,134,62,69
S00138989,121,57,64
S00138990,105,59,48
S00138991,174,82,89
S00138992,131,77,50
S00138993,201,107,94
S00138994,157,85,73
S00138995,109,57,52
S00138996,86,43,44
S00138997,73,39,34
S00138998,135,87,48
S00138999,202,109,86
S00139000,158,85,73
S00139001,108,52,57
S00139002,99,52,49
S00139003,169,88,80
S00139004,105,50,52
S00139005,77,43,42
S00139006,130,68,65
S00139007,77,46,32
S00139008,140,74,68
S00139009,205,101,104
S00139010,159,77,87
S00139011,100,57,43
S00139012,88,45,40
S00139013,167,94,73
S00139014,172,84,88
S00139015,107,53,58
S00139016,73,40,31
S00139017,97,51,46
S00139018,61,31,32
S00139019,148,75,76
S00139020,106,53,53
S00139021,161,87,78
S00139022,139,81,55
S00139023,67,46,23
S00139024,119,60,59
S00139025,131,68,66
S00139026,88,44,44
S00139027,128,66,62
S00139028,113,56,59
S00139029,144,79,65
S00139030,85,51,34
S00139031,96,47,49
S00139032,85,37,48
S00139033,112,57,52
S00139034,135,69,64
S00139035,107,54,53
S00139036,61,34,27
S00139037,122,58,67
S00139038,138,76,62
S00139039,156,77,79
S00139040,112,56,56
S00139041,123,64,61
S00139042,111,64,45
S00139043,94,51,43
S00139044,134,72,59
S00139045,91,47,44
S00139046,152,75,77
S00139047,125,74,51
S00139048,112,61,51
S00139049,76,41,37
S00139050,136,71,65
S00139051,140,70,67
S00139052,162,78,84
S00139053,119,62,60
S00139054,82,43,39
S00139055,97,49,48
S00139056,112,55,57
S00139057,81,40,41
S00139058,88,44,44
S00139059,147,73,74
S00139060,96,49,47
S00139061,143,75,68
S00139062,92,54,39
S00139063,97,53,46
S00139064,112,53,59
S00139065,163,80,83
S00139066,146,70,76
S00139067,68,40,29
S00139068,107,60,43
S00139069,134,67,67
S00139070,123,73,50
S00139071,100,51,49
S00139072,69,41,30
S00139073,133,78,55
S00139074,149,72,73
S00139075,96,56,40
S00139076,118,62,54
S00139077,83,44,39
S00139078,167,92,78
S00139079,165,85,81
S00139080,143,68,75
S00139081,118,58,60
S00139082,83,40,40
S00139083,134,71,63
S00139084,131,71,63
S00139085,122,64,58
S00139086,109,57,52
S00139087,75,35,41
S00139088,94,49,45
S00139089,112,52,57
S00139090,109,54,55
S00139091,152,75,78
S00139092,103,48,55
S00139093,120,52,68
S00139094,97,54,45
S00139095,81,41,40
S00139096,163,84,75
S00139097,68,37,31
S00139098,141,76,65
S00139099,133,57,73
S00139100,66,28,35
S00139101,165,88,77
S00139102,76,39,35
S00139103,186,85,101
S00139104,81,43,38
S00139105,64,27,37
S00139106,111,59,52
S00139107,86,46,40
S00139108,100,54,46
S00139109,66,34,32
S00139110,187,91,100
S00139111,76,39,37
S00139112,74,38,36
S00139113,150,76,74
S00139114,126,65,61
S00139115,82,45,37
S00139116,118,60,58
S00139117,179,90,85
S00139118,205,106,99
S00139119,88,49,43
S00139120,152,71,81
S00139121,171,85,86
S00139122,128,66,62
S00139123,102,49,53
S00139124,82,47,35
S00139125,80,38,42
S00139126,200,106,94
S00139127,71,38,33
S00139128,132,83,46
S00139129,236,123,109
S00139130,91,44,47
S00139131,90,46,41
S00139132,78,38,40
S00139133,71,34,37
S00139134,69,37,33
S00139135,75,43,32
S00139136,169,88,83
S00139137,158,81,77
S00139138,132,71,61
S00139139,122,66,56
S00139140,95,42,53
S00139141,112,53,59
S00139142,173,91,82
S00139143,135,75,64
S00139144,167,80,87
S00139145,149,76,73
S00139146,111,68,46
S00139147,154,75,79
S00139148,69,36,33
S00139149,232,117,115
S00139150,121,65,56
S00139151,74,41,33
S00139152,130,63,67
S00139153,101,50,51
S00139154,196,96,100
S00139155,78,39,39
S00139156,101,57,44
S00139157,103,52,51
S00139158,109,59,50
S00139159,161,89,75
S00139160,114,54,57
S00139161,101,50,48
S00139162,95,45,49
S00139163,201,105,92
S00139164,140,67,75
S00139165,158,78,80
S00139166,136,66,71
S00139167,173,84,89
S00139168,133,75,64
S00139169,146,79,70
S00139170,178,85,93
S00139171,160,79,82
S00139172,187,92,87
S00139173,149,74,75
S00139174,110,55,52
S00139175,169,85,87
S00139176,95,52,43
S00139177,75,39,32
S00139178,139,73,70
S00139179,112,61,48
S00139180,113,54,60
S00139181,110,57,57
S00139182,120,69,57
S00139183,67,39,28
S00139184,87,44,43
S00139185,114,58,49
S00139186,95,48,47
S00139187,107,60,47
S00139188,75,40,38
S00139189,71,42,31
S00139190,111,55,59
S00139191,153,79,74
S00139192,112,75,37
S00139193,146,95,51
S00139194,166,90,76
S00139195,192,107,86
S00139196,93,53,43
S00139197,174,79,94
S00139198,211,111,100
S00139199,161,79,82
S00139200,97,51,46
S00139201,175,84,91
S00139202,97,44,53
S00139203,89,50,35
S00139204,139,78,61
S00139205,103,59,44
S00139206,105,49,57
S00139207,191,96,95
S00139208,60,37,26
S00139209,107,51,56
S00139210,101,55,44
S00139211,163,83,80
S00139212,175,94,81
S00139213,99,53,50
S00139214,71,37,34
S00139215,167,88,79
S00139216,105,48,53
S00139217,83,34,45
S00139218,73,33,40
S00139219,133,75,58
S00139220,108,63,45
S00139221,100,53,47
S00139222,114,61,50
S00139223,107,52,54
S00139224,154,85,65
S00139225,97,59,38
S00139226,139,71,63
S00139227,115,58,60
S00139228,145,76,69
S00139229,89,49,37
S00139230,73,29,36
S00139231,159,88,71
S00139232,125,66,59
S00139233,75,39,39
S00139234,77,41,37
S00139235,106,58,48
S00139236,117,53,61
S00139237,142,71,71
S00139238,61,35,30
S00139239,76,36,40
S00139240,140,75,67
S00139241,83,46,33
S00139242,72,42,30
S00139243,88,41,44
S00139244,60,22,39
S00139245,111,57,54
S00139246,177,85,88
S00139247,63,37,26
S00139248,119,66,53
S00139249,136,73,63
S00139250,93,55,38
S00139251,96,46,50
S00139252,96,49,45
S00139253,112,59,53
S00139254,68,35,31
S00139255,134,68,66
S00139256,111,52,56
S00139257,83,37,43
S00139258,170,85,85
S00139259,146,78,71
S00139260,136,67,69
S00139261,97,45,54
S00139262,147,77,74
S00139263,159,75,82
S00139264,142,73,69
S00139265,89,45,44
S00139266,72,36,36
S00139267,92,44,48
S00139268,219,116,104
S00139269,105,51,54
S00139270,114,54,60
S00139271,204,96,108
S00139272,125,61,67
S00139273,230,105,125
S00139274,92,41,51
S00139275,129,72,57
S00139276,143,73,70
S00139277,135,68,67
S00139278,129,61,63
S00139279,170,95,77
S00139280,157,68,89
S00139281,101,49,52
S00139282,96,45,51
S00139283,110,48,62
S00139284,216,112,110
S00139285,150,73,76
S00139286,157,84,73
S00139287,187,87,96
S00139288,110,59,51
S00139289,91,44,51
S00139290,100,51,49
S00139291,136,61,76
S00139292,75,39,35
S00139293,196,96,100
S00139294,192,93,99
S00139295,77,35,37
S00139296,130,74,53
S00139297,107,60,47
S00139298,102,45,57
S00139299,101,62,40
S00139300,128,67,61
S00139301,117,63,54
S00139302,61,41,20
S00139303,93,48,45
S00139304,95,46,49
S00139305,189,95,92
S00139306,105,59,48
S00139307,117,66,51
S00139308,121,62,59
S00139309,106,50,52
S00139310,123,68,55
S00139311,114,64,58
S00139312,106,57,49
S00139313,61,34,27
S00139314,113,58,54
S00139315,100,54,46
S00139316,91,49,38
S00139317,80,42,38
S00139318,143,70,73
S00139319,123,69,54
S00139320,187,89,98
S00139321,230,141,95
S00139322,169,87,82
S00139323,162,79,83
S00139324,124,66,58
S00139325,153,79,70
S00139326,153,78,76
S00139327,110,54,53
S00139328,193,90,99
S00139329,121,56,62
S00139330,157,81,76
S00139331,126,69,57
S00139332,111,55,53
S00139333,163,90,76
S00139334,92,50,42
S00139335,140,68,72
S00139336,158,84,74
S00139337,181,92,89
S00139338,138,66,72
S00139339,102,58,47
S00139340,180,81,95
S00139341,145,75,70
S00139342,141,77,64
S00139343,111,51,60
S00139344,93,47,46
S00139345,148,71,79
S00139346,148,72,72
S00139347,104,57,46
S00139348,88,48,40
S00139349,83,34,46
S00139350,76,40,36
S00139351,116,61,56
S00139352,105,55,48
S00139353,88,46,42
S00139354,145,76,72
S00139355,186,91,95
S00139356,110,57,53
S00139357,151,78,73
S00139358,87,43,44
S00139359,128,63,65
S00139360,142,69,65
S00139361,100,46,54
S00139362,137,65,71
S00139363,174,93,85
S00139364,161,73,90
S00139365,115,56,62
S00139366,173,90,83
S00139367,90,46,44
S00139368,121,62,59
S00139369,129,67,59
S00139370,122,58,62
S00139371,145,73,74
S00139372,91,44,47
S00139373,212,106,106
S00139374,160,74,87
S00139375,193,96,97
S00139376,127,72,56
S00139377,125,75,50
S00139378,147,68,79
S00139379,128,69,59
S00139380,83,40,43
S00139381,89,40,49
S00139382,62,25,37
S00139383,100,48,52
S00139384,180,81,99
S00139385,65,32,37
S00139386,78,37,41
S00139387,66,30,36
S00139388,86,44,41
S00139389,114,57,57
S00139390,148,83,67
S00139391,122,67,57
S00139392,127,73,58
S00139393,120,72,48
S00139394,71,35,32
S00139395,71,36,35
S00139396,115,60,55
S00139397,89,48,40
S00139398,79,41,41
S00139399,150,81,67
S00139400,96,48,48
S00139401,176,76,98
S00139402,96,45,47
S00139403,79,41,38
S00139404,105,56,49
S00139405,145,75,68
S00139406,161,75,89
S00139407,63,29,36
S00139408,170,85,85
S00139409,64,30,34
S00139410,89,43,48
S00139411,105,53,52
S00139412,71,35,36
S00139413,171,85,86
S00139414,117,54,64
S00139415,130,65,66
S00139416,154,77,80
S00139417,96,58,38
S00139418,153,76,77
S00139419,82,42,37
S00139420,145,81,64
S00139421,154,80,74
S00139422,109,52,59
S00139423,111,55,56
S00139424,104,50,54
S00139425,76,41,36
S00139426,63,32,31
S00139427,64,33,31
S00139428,183,94,85
S00139429,175,95,80
S00139430,165,83,85
S00139431,82,41,41
S00139432,115,61,54
S00139433,127,64,63
S00139434,119,67,52
S00139435,78,45,32
S00139436,101,52,49
S00139437,73,40,33
S00139438,74,46,28
S00139439,153,74,79
S00139440,86,47,39
S00139441,80,37,43
S00139442,85,41,43
S00139443,76,40,36
S00139444,129,68,61
S00139445,107,49,55
S00139446,93,48,45
S00139447,74,46,28
S00139448,142,66,73
S00139449,84,44,40
S00139450,144,75,69
S00139451,140,73,67
S00139452,114,60,54
S00139453,94,43,47
S00139454,135,73,65
S00139455,98,49,50
S00139456,142,77,65
S00139457,121,63,58
S00139458,108,56,54
S00139459,92,46,46
S00139460,134,65,69
S00139461,117,62,53
S00139462,101,51,51
S00139463,96,50,46
S00139464,121,55,67
S00139465,120,59,61
S00139466,104,61,45
S00139467,171,94,77
S00139468,91,53,38
S00139469,188,84,104
S00139470,153,81,72
S00139471,145,68,77
S00139472,121,60,61
S00139473,103,44,55
S00139474,152,78,74
S00139475,115,64,50
S00139476,133,66,67
S00139477,100,49,52
S00139478,84,26,57
S00139479,106,57,46
S00139480,79,28,51
S00139481,78,41,36
S00139482,110,54,56
S00139483,169,90,79
S00139484,103,44,59
S00139485,139,79,64
S00139486,143,71,72
S00139487,81,38,43
S00139488,85,51,34
S00139489,107,55,52
S00139490,104,53,51
S00139491,161,78,83
S00139492,84,46,37
S00139493,108,63,49
S00139494,98,52,46
S00139495,61,27,31
S00139496,70,33,37
S00139497,97,47,50
S00139498,89,51,38
S00139499,103,54,49
S00139500,163,85,74
S00139501,151,70,81
S00139502,97,45,53
S00139503,64,33,31
S00139504,141,74,67
S00139505,87,39,47
S00139506,76,40,36
S00139507,117,61,59
S00139508,231,117,114
S00139509,151,66,81
S00139510,128,63,65
S00139511,164,78,86
S00139512,166,88,78
S00139513,91,45,49
S00139514,150,81,69
S00139515,91,40,51
S00139516,88,47,38
S00139517,117,53,66
S00139518,114,64,50
S00139519,63,29,34
S00139520,92,51,41
S00139521,133,65,70
S00139522,131,69,62
S00139523,98,49,49
S00139524,85,43,39
S00139525,125,64,61
S00139526,88,52,36
S00139527,160,85,79
S00139528,176,94,82
S00139529,154,71,83
S00139530,68,32,32
S00139531,196,91,105
S00139532,167,87,80
S00139533,110,58,52
S00139534,78,34,44
S00139535,213,112,105
S00139536,102,42,60
S00139537,179,83,96
S00139538,102,54,48
S00139539,153,72,81
S00139540,110,47,59
S00139541,106,58,48
S00139542,91,43,46
S00139543,130,65,63
S00139544,146,77,70
S00139545,86,46,40
S00139546,90,46,44
S00139547,148,82,67
S00139548,93,45,48
S00139549,120,67,53
S00139550,86,45,41
S00139551,179,97,82
S00139552,81,42,39
S00139553,88,43,45
S00139554,94,53,44
S00139555,121,56,66
S00139556,178,98,83
S00139557,153,82,71
S00139558,107,64,43
S00139559,76,42,34
S00139560,61,35,29
S00139561,69,27,42
S00139562,76,37,39
S00139563,64,37,27
S00139564,106,60,46
S00139565,87,48,39
S00139566,88,51,41
S00139567,86,47,38
S00139568,80,44,36
S00139569,78,50,28
S00139570,102,53,49
S00139571,141,85,60
S00139572,72,31,40
S00139573,82,40,46
S00139574,93,42,54
S00139575,73,33,36
S00139576,170,86,84
S00139577,87,39,48
S00139578,106,52,57
S00139579,71,34,37
S00139580,107,50,56
S00139581,78,35,43
S00139582,86,44,42
S00139583,73,37,36
S00139584,124,59,65
S00139585,117,57,56
S00139586,62,23,39
S00139587,125,59,67
S00139588,99,51,49
S00139589,92,47,45
S00139590,136,62,74
S00139591,72,35,37
S00139592,66,29,33
S00139593,106,61,43
S00139594,108,49,59
S00139595,131,67,64
S00139596,111,55,58
S00139597,64,35,29
S00139598,102,51,51
S00139599,118,54,65
S00139600,75,41,35
S00139601,137,65,70
S00139602,96,49,47
S00139603,68,39,31
S00139604,129,64,62
S00139605,115,60,63
S00139606,61,29,32
S00139607,85,48,37
S00139608,97,52,47
S00139609,94,48,46
S00139610,102,59,46
S00139611,116,70,46
S00139612,59,30,28
S00139613,116,55,61
S00139614,145,79,69
S00139615,115,59,59
S00139616,65,30,33
S00139617,95,52,43
S00139618,130,71,59
S00139619,121,58,63
S00139620,102,50,56
S00139621,72,34,40
S00139622,118,58,60
S00139623,60,28,34
S00139624,153,78,71
S00139625,87,42,43
S00139626,72,35,40
S00139627,109,56,52
S00139628,149,81,68
S00139629,69,39,32
S00139630,98,49,46
S00139631,75,32,41
S00139632,104,53,50
S00139633,102,53,49
S00139634,86,43,43
S00139635,161,89,82
S00139636,150,72,78
S00139637,111,53,58
S00139638,162,87,72
S00139639,70,33,37
S00139640,85,48,39
S00139641,81,37,44
S00139642,104,56,48
S00139643,126,63,63
S00139644,112,54,58
S00139645,69,39,30
S00139646,114,63,51
S00139647,118,59,59
S00139648,114,51,63
S00139649,91,46,45
S00139650,140,67,72
S00139651,99,53,46
S00139652,199,105,97
S00139653,126,65,57
S00139654,116,62,54
S00139655,119,51,66
S00139656,99,47,52
S00139657,173,90,83
S00139658,109,55,53
S00139659,62,35,27
S00139660,166,77,89
S00139661,91,42,49
S00139662,69,43,25
S00139663,116,63,53
S00139664,174,92,79
S00139665,107,51,56
S00139666,81,48,33
S00139667,93,49,48
S00139668,86,47,39
S00139669,78,40,34
S00139670,67,44,23
S00139671,84,39,47
S00139672,97,53,48
S00139673,66,33,32
S00139674,94,52,42
S00139675,98,56,43
S00139676,101,44,56
S00139677,105,47,58
S00139678,81,48,33
S00139679,80,40,41
S00139680,153,84,69
S00139681,112,50,62
S00139682,135,75,60
S00139683,89,42,50
S00139684,110,57,50
S00139685,138,79,59
S00139686,118,58,59
S00139687,150,88,61
S00139688,109,56,53
S00139689,109,58,51
S00139690,101,53,50
S00139691,74,37,37
S00139692,83,49,36
S00139693,94,51,43
S00139694,105,59,48
S00139695,79,45,34
S00139696,100,55,45
S00139697,111,61,53
S00139698,87,45,44
S00139699,92,46,46
S00139700,90,58,32
S00139701,90,46,44
S00139702,90,50,40
S00139703,128,60,68
S00139704,93,44,49
S00139705,98,56,42
S00139706,68,35,33
S00139707,75,39,36
S00139708,130,60,70
S00139709,70,38,35
S00139710,101,47,50
S00139711,99,50,49
S00139712,149,73,76
S00139713,137,68,69
S00139714,63,33,27
S00139715,121,70,51
S00139716,73,31,42
S00139717,127,71,56
S00139718,96,46,50
S00139719,109,52,57
S00139720,103,53,50
S00139721,174,88,86
S00139722,129,66,60
S00139723,105,56,49
S00139724,79,44,35
S00139725,185,97,92
S00139726,103,52,52
S00139727,110,54,56
S00139728,80,45,34
S00139729,133,68,64
S00139730,107,49,58
S00139731,102,52,50
S00139732,135,80,58
S00139733,112,54,62
S00139734,74,38,34
S00139735,120,57,63
S00139736,146,82,69
S00139737,151,89,62
S00139738,123,51,72
S00139739,82,43,39
S00139740,90,36,54
S00139741,83,40,43
S00139742,160,84,73
S00139743,118,65,53
S00139744,180,96,84
S00139745,153,72,82
S00139746,157,82,75
S00139747,161,76,89
S00139748,118,55,63
S00139749,114,56,56
S00139750,115,52,63
S00139751,92,45,47
S00139752,62,33,30
S00139753,106,52,54
S00139754,107,58,47
S00139755,88,49,39
S00139756,165,93,69
S00139757,115,70,45
S00139758,129,53,76
S00139759,102,52,53
S00139760,101,54,45
S00139761,66,43,27
S00139762,137,67,70
S00139763,109,56,53
S00139764,108,57,51
S00139765,164,76,84
S00139766,72,41,25
S00139767,92,49,43
S00139768,79,41,39
S00139769,123,62,57
S00139770,126,60,62
S00139771,138,65,73
S00139772,109,62,46
S00139773,100,47,53
S00139774,87,40,47
S00139775,73,36,34
S00139776,99,58,41
S00139777,69,34,35
S00139778,165,78,91
S00139779,116,54,65
S00139780,92,44,48
S00139781,87,52,35
S00139782,102,52,50
S00139783,85,47,42
S00139784,101,54,47
S00139785,139,81,58
S00139786,103,50,52
S00139787,135,60,75
S00139788,132,62,70
S00139789,76,38,38
S00139790,125,70,55
S00139791,67,35,32
S00139792,96,41,55
S00139793,182,91,95
S00139794,133,70,66
S00139795,135,77,58
S00139796,117,59,57
S00139797,139,65,74
S00139798,105,59,43
S00139799,106,60,49
S00139800,120,62,58
S00139801,166,115,55
S00139802,96,48,48
S00139803,75,38,37
S00139804,67,32,35
S00139805,133,79,54
S00139806,138,68,70
S00139807,119,65,54
S00139808,138,82,56
S00139809,75,31,40
S00139810,95,50,45
S00139811,94,47,47
S00139812,122,76,49
S00139813,113,55,58
S00139814,85,44,45
S00139815,96,43,53
S00139816,103,53,50
S00139817,187,107,80
S00139818,63,38,25
S00139819,84,47,39
S00139820,157,86,71
S00139821,86,38,49
S00139822,112,67,45
S00139823,153,82,71
S00139824,122,65,57
S00139825,92,50,42
S00139826,131,76,58
S00139827,130,68,63
S00139828,179,80,99
S00139829,67,32,35
S00139830,70,36,37
S00139831,134,69,67
S00139832,116,61,55
S00139833,122,63,59
S00139834,88,52,36
S00139835,91,56,39
S00139836,65,35,28
S00139837,123,62,59
S00139838,90,46,44
S00139839,103,51,56
S00139840,162,97,65
S00139841,189,99,90
S00139842,148,85,67
S00139843,94,62,32
S00139844,114,67,47
S00139845,94,47,47
S00139846,113,56,57
S00139847,132,70,61
S00139848,155,86,68
S00139849,127,66,61
S00139850,80,42,38
S00139851,95,58,37
S00139852,89,44,44
S00139853,74,37,34
S00139854,67,35,30
S00139855,116,69,49
S00139856,115,55,60
S00139857,76,36,38
S00139858,66,31,35
S00139859,70,38,32
S00139860,93,51,42
S00139861,158,84,71
S00139862,119,59,58
S00139863,140,70,67
S00139864,98,56,46
S00139865,95,51,47
S00139866,73,37,36
S00139867,162,85,77
S00139868,148,78,70
S00139869,100,51,51
S00139870,99,53,46
S00139871,100,51,47
S00139872,97,43,54
S00139873,77,38,39
S00139874,96,49,47
S00139875,162,86,76
S00139876,107,56,51
S00139877,127,64,63
S00139878,85,46,39
S00139879,171,100,70
S00139880,144,75,69
S00139881,174,88,86
S00139882,91,57,39
S00139883,154,76,78
S00139884,131,68,66
S00139885,165,86,79
S00139886,99,55,46
S00139887,147,70,77
S00139888,76,37,39
S00139889,152,85,67
S00139890,168,90,75
S00139891,94,44,51
S00139892,127,61,71
S00139893,97,51,46
S00139894,145,70,73
S00139895,110,57,53
S00139896,64,29,35
S00139897,87,41,46
S00139898,98,47,52
S00139899,159,73,86
S00139900,127,65,62
S00139901,99,49,47
S00139902,126,62,64
S00139903,146,72,74
S00139904,70,38,32
S00139905,104,50,54
S00139906,95,50,41
S00139907,107,57,50
S00139908,106,59,47
S00139909,107,56,54
S00139910,63,32,31
S00139911,112,58,58
S00139912,80,43,34
S00139913,216,104,112
S00139914,69,32,37
S00139915,169,100,69
S00139916,152,76,76
S00139917,68,34,34
S00139918,191,108,83
S00139919,77,40,36
S00139920,124,59,65
S00139921,127,61,62
S00139922,124,64,60
S00139923,168,83,85
S00139924,177,87,90
S00139925,100,55,43
S00139926,174,89,85
S00139927,96,48,51
S00139928,123,65,57
S00139929,80,44,35
S00139930,107,60,47
S00139931,143,73,70
S00139932,154,69,86
S00139933,205,104,101
S00139934,111,66,45
S00139935,64,35,29
S00139936,155,83,72
S00139937,104,57,47
S00139938,103,56,47
S00139939,89,48,41
S00139940,77,40,37
S00139941,118,64,55
S00139942,83,42,39
S00139943,67,31,36
S00139944,238,111,127
S00139945,79,35,44
S00139946,105,63,47
S00139947,106,46,55
S00139948,76,46,32
S00139949,101,41,58
S00139950,143,66,77
S00139951,210,113,97
S00139952,76,43,36
S00139953,65,37,32
S00139954,131,67,64
S00139955,134,67,67
S00139956,99,48,51
S00139957,92,46,46
S00139958,131,68,63
S00139959,164,75,89
S00139960,69,37,31
S00139961,183,102,86
S00139962,113,49,64
S00139963,157,79,75
S00139964,100,52,48
S00139965,76,38,38
S00139966,82,45,37
S00139967,76,38,38
S00139968,105,58,48
S00139969,80,41,39
S00139970,116,59,57
S00139971,117,53,66
S00139972,92,46,48
S00139973,91,50,41
S00139974,145,65,76
S00139975,112,59,53
S00139976,74,51,26
S00139977,84,46,37
S00139978,134,74,60
S00139979,71,47,24
S00139980,147,65,82
S00139981,119,65,54
S00139982,73,44,33
S00139983,189,107,82
S00139984,111,66,48
S00139985,111,62,49
S00139986,139,82,57
S00139987,98,57,38
S00139988,152,72,80
S00139989,139,73,66
S00139990,150,73,77
S00139991,109,56,53
S00139992,118,64,57
S00139993,83,38,45
S00139994,140,67,73
S00139995,91,49,42
S00139996,202,101,101
S00139997,111,53,58
S00139998,82,36,46
S00139999,98,46,49
S00140000,79,38,41
S00140001,77,40,34
S00140002,194,101,96
S00140003,131,67,64
S00140004,109,61,51
S00140005,121,65,56
S00140006,68,36,32
S00140007,138,69,69
S00140008,166,80,86
S00140009,71,38,33
S00140010,171,84,90
S00140011,199,87,112
S00140012,84,44,36
S00140013,212,100,108
S00140014,82,47,35
S00140015,136,68,68
S00140016,176,87,89
S00140017,62,31,31
S00140018,93,48,41
S00140019,127,66,57
S00140020,123,68,56
S00140021,123,59,64
S00140022,139,90,56
S00140023,101,54,47
S00140024,111,59,52
S00140025,127,54,73
S00140026,99,50,49
S00140027,110,57,53
S00140028,72,35,37
S00140029,92,46,46
S00140030,96,50,47
S00140031,106,52,54
S00140032,157,83,75
S00140033,80,42,38
S00140034,92,44,47
S00140035,126,54,72
S00140036,68,40,28
S00140037,75,38,37
S00140038,106,60,44
S00140039,108,58,50
S00140040,107,50,57
S00140041,117,67,50
S00140042,99,50,48
S00140043,125,61,64
S00140044,157,91,66
S00140045,97,52,45
S00140046,91,46,43
S00140047,70,25,45
S00140048,117,70,47
S00140049,102,58,40
S00140050,98,56,46
S00140051,127,64,66
S00140052,89,40,49
S00140053,65,37,28
S00140054,134,68,66
S00140055,94,54,40
S00140056,95,49,47
S00140057,79,42,33
S00140058,96,52,47
S00140059,106,63,46
S00140060,72,46,26
S00140061,60,35,25
S00140062,97,56,41
S00140063,95,52,43
S00140064,108,57,51
S00140065,86,48,38
S00140066,75,39,36
S00140067,62,36,26
S00140068,72,28,37
S00140069,99,42,57
S00140070,79,35,44
S00140071,88,52,40
S00140072,63,36,27
S00140073,93,46,49
S00140074,157,90,67
S00140075,90,49,41
S00140076,114,52,59
S00140077,85,46,39
S00140078,113,64,49
S00140079,81,40,43
S00140080,153,83,70
S00140081,93,44,45
S00140082,61,33,30
S00140083,129,73,56
S00140084,119,65,54
S00140085,110,57,53
S00140086,62,35,28
S00140087,62,23,35
S00140088,118,68,50
S00140089,113,54,59
S00140090,68,36,31
S00140091,101,59,42
S00140092,80,43,37
S00140093,94,42,58
S00140094,90,48,38
S00140095,129,67,62
S00140096,103,51,52
S00140097,125,64,57
S00140098,145,77,68
S00140099,99,50,49
S00140100,96,52,44
S00140101,72,38,34
S00140102,128,67,61
S00140103,81,37,44
S00140104,138,61,77
S00140105,130,53,77
S00140106,100,51,51
S00140107,67,31,32
S00140108,118,58,60
S00140109,66,33,33
S00140110,94,49,46
S00140111,121,62,63
S00140112,92,44,48
S00140113,95,44,52
S00140114,108,54,52
S00140115,164,76,88
S00140116,73,30,40
S00140117,107,50,57
S00140118,129,61,72
S00140119,62,34,28
S00140120,136,68,71
S00140121,84,39,42
S00140122,209,114,94
S00140123,162,93,73
S00140124,93,54,38
S00140125,126,60,63
S00140126,62,29,33
S00140127,68,34,38
S00140128,97,40,56
S00140129,79,40,36
S00140130,89,42,47
S00140131,93,45,48
S00140132,135,70,67
S00140133,116,62,54
S00140134,94,48,42
S00140135,109,61,48
S00140136,189,94,95
S00140137,104,59,45
S00140138,192,108,84
S00140139,165,88,77
S00140140,97,58,39
S00140141,96,46,50
S00140142,138,65,72
S00140143,215,108,105
S00140144,146,71,75
S00140145,161,77,82
S00140146,105,57,48
S00140147,111,55,56
S00140148,103,53,50
S00140149,160,82,78
S00140150,170,87,79
S00140151,199,103,92
S00140152,127,74,52
S00140153,125,66,58
S00140154,130,61,69
S00140155,188,99,89
S00140156,118,59,62
S00140157,139,75,66
S00140158,176,95,81
S00140159,124,66,62
S00140160,108,49,59
S00140161,151,79,71
S00140162,107,53,53
S00140163,98,56,42
S00140164,158,82,76
S00140165,86,49,39
S00140166,129,71,58
S00140167,142,71,71
S00140168,193,108,88
S00140169,102,50,55
S00140170,122,56,62
S00140171,102,51,48
S00140172,116,55,57
S00140173,109,60,49
S00140174,162,85,77
S00140175,133,67,68
S00140176,91,46,45
S00140177,115,60,55
S00140178,81,46,38
S00140179,96,43,53
S00140180,94,49,45
S00140181,150,70,80
S00140182,73,37,36
S00140183,107,64,43
S00140184,176,89,84
S00140185,105,53,50
S00140186,125,62,63
S00140187,141,67,74
S00140188,134,74,64
S00140189,182,88,94
S00140190,68,31,37
S00140191,153,71,82
S00140192,107,54,53
S00140193,158,73,86
S00140194,154,79,75
S00140195,70,35,34
S00140196,134,65,67
S00140197,139,78,61
S00140198,190,104,86
S00140199,147,70,77
S00140200,164,81,83
S00140201,145,75,69
S00140202,149,85,64
S00140203,142,71,71
S00140204,114,62,52
S00140205,124,71,57
S00140206,132,68,64
S00140207,110,58,52
S00140208,123,63,60
S00140209,70,36,34
S00140210,70,37,33
S00140211,82,41,44
S00140212,115,66,48
S00140213,66,34,32
S00140214,171,109,62
S00140215,126,61,65
S00140216,108,55,49
S00140217,128,65,64
S00140218,100,45,52
S00140219,141,70,71
S00140220,96,53,43
S00140221,92,56,36
S00140222,88,49,39
S00140223,199,106,91
S00140224,118,59,59
S00140225,142,77,65
S00140226,104,58,46
S00140227,153,75,78
S00140228,102,56,43
S00140229,113,62,49
S00140230,133,64,67
S00140231,147,78,73
S00140232,96,50,46
S00140233,82,49,30
S00140234,141,75,69
S00140235,81,43,38
S00140236,89,43,44
S00140237,186,103,83
S00140238,164,86,78
S00140239,114,58,56
S00140240,117,59,58
S00140241,97,45,48
S00140242,86,46,38
S00140243,77,43,30
S00140244,121,59,59
S00140245,141,67,74
S00140246,161,86,76
S00140247,85,46,39
S00140248,80,48,35
S00140249,65,36,25
S00140250,158,75,83
S00140251,76,38,36
S00140252,70,40,30
S00140253,108,54,54
S00140254,153,79,74
S00140255,89,56,33
S00140256,83,40,43
S00140257,151,84,66
S00140258,148,84,65
S00140259,136,83,53
S00140260,80,49,29
S00140261,114,57,57
S00140262,97,54,43
S00140263,88,46,42
S00140264,83,49,34
S00140265,185,90,95
S00140266,126,68,58
S00140267,124,60,64
S00140268,93,50,43
S00140269,73,38,36
S00140270,88,60,29
S00140271,105,55,50
S00140272,81,45,39
S00140273,76,40,36
S00140274,100,55,45
S00140275,105,58,45
S00140276,91,49,41
S00140277,107,51,52
S00140278,109,55,54
S00140279,106,54,52
S00140280,119,65,46
S00140281,133,67,66
S00140282,82,38,45
S00140283,115,63,52
S00140284,73,36,34
S00140285,97,50,47
S00140286,117,60,57
S00140287,106,51,55
S00140288,149,83,66
S00140289,81,45,34
S00140290,111,57,54
S00140291,105,48,60
S00140292,179,98,81
S00140293,82,47,37
S00140294,93,44,49
S00140295,204,102,102
S00140296,103,52,51
S00140297,85,39,45
S00140298,64,37,28
S00140299,371,192,181
S00140300,157,82,72
S00140301,133,64,69
S00140302,107,60,47
S00140303,108,51,54
S00140304,114,58,57
S00140305,101,53,48
S00140306,130,59,71
S00140307,112,54,54
S00140308,106,51,54
S00140309,63,34,29
S00140310,224,123,103
S00140311,147,84,69
S00140312,117,62,56
S00140313,96,57,39
S00140314,167,95,72
S00140315,151,73,75
S00140316,128,69,59
S00140317,143,79,64
S00140318,159,84,78
S00140319,131,67,64
S00140320,108,60,50
S00140321,122,60,59
S00140322,109,57,56
S00140323,166,86,80
S00140324,95,43,47
S00140325,219,102,113
S00140326,266,143,123
S00140327,165,77,92
S00140328,163,75,88
S00140329,112,59,53
S00140330,132,70,62
S00140331,187,102,88
S00140332,158,100,62
S00140333,127,60,63
S00140334,139,66,77
S00140335,126,63,63
S00140336,111,64,47
S00140337,215,133,82
S00140338,110,56,54
S00140339,216,116,100
S00140340,91,54,38
S00140341,114,54,57
S00140342,99,53,46
S00140343,138,66,72
S00140344,90,57,31
S00140345,89,56,35
S00140346,93,46,47
S00140347,98,51,47
S00140348,113,57,56
S00140349,60,40,20
S00140350,116,59,57
S00140351,112,56,51
S00140352,172,96,80
S00140353,141,79,62
S00140354,101,50,51
S00140355,124,64,60
S00140356,120,58,62
S00140357,157,92,67
S00140358,75,39,32
S00140359,85,46,43
S00140360,87,48,39
S00140361,100,52,52
S00140362,122,65,57
S00140363,129,74,58
S00140364,128,71,61
S00140365,139,68,71
S00140366,107,54,53
S00140367,96,57,39
S00140368,83,45,38
S00140369,100,48,52
S00140370,76,41,38
S00140371,135,67,68
S00140372,88,54,36
S00140373,111,58,53
S00140374,87,46,41
S00140375,64,40,24
S00140376,118,66,52
S00140377,126,74,52
S00140378,86,42,42
S00140379,135,71,64
S00140380,161,94,71
S00140381,112,57,56
S00140382,100,50,50
S00140383,104,54,50
S00140384,103,57,45
S00140385,112,60,55
S00140386,103,59,43
S00140387,105,62,47
S00140388,75,46,29
S00140389,82,46,36
S00140390,103,59,44
S00140391,100,51,45
S00140392,75,36,39
S00140393,160,76,84
S00140394,128,74,54
S00140395,192,95,97
S00140396,145,77,68
S00140397,109,54,57
S00140398,99,47,51
S00140399,66,40,28
S00140400,165,86,79
S00140401,96,48,44
S00140402,204,115,89
S00140403,66,40,26
S00140404,82,33,49
S00140405,102,50,51
S00140406,120,59,61
S00140407,112,56,56
S00140408,81,47,34
S00140409,142,75,70
S00140410,75,36,39
S00140411,111,60,51
S00140412,129,67,64
S00140413,124,63,58
S00140414,149,78,71
S00140415,91,45,46
S00140416,121,61,60
S00140417,150,75,75
S00140418,149,81,68
S00140419,68,39,28
S00140420,164,81,83
S00140421,160,84,77
S00140422,77,36,41
S00140423,117,62,55
S00140424,127,65,62
S00140425,175,84,91
S00140426,97,48,49
S00140427,107,56,52
S00140428,126,69,57
S00140429,99,51,48
S00140430,73,40,33
S00140431,176,82,94
S00140432,82,45,40
S00140433,161,81,76
S00140434,185,110,75
S00140435,141,74,66
S00140436,116,60,60
S00140437,151,81,70
S00140438,135,61,70
S00140439,140,71,69
S00140440,84,40,44
S00140441,112,56,56
S00140442,180,96,84
S00140443,125,63,64
S00140444,143,74,69
S00140445,204,103,105
S00140446,146,79,71
S00140447,178,88,90
S00140448,127,68,61
S00140449,81,40,41
S00140450,95,52,44
S00140451,134,73,61
S00140452,133,70,63
S00140453,193,102,92
S00140454,107,51,56
S00140455,159,83,76
S00140456,69,41,28
S00140457,126,64,62
S00140458,130,71,63
S00140459,133,66,67
S00140460,154,73,81
S00140461,163,84,79
S00140462,106,58,48
S00140463,109,57,52
S00140464,131,65,66
S00140465,139,78,61
S00140466,156,88,67
S00140467,135,77,59
S00140468,118,51,67
S00140469,68,38,33
S00140470,69,38,31
S00140471,105,49,56
S00140472,73,35,37
S00140473,121,60,61
S00140474,143,83,60
S00140475,106,60,46
S00140476,84,41,43
S00140477,99,50,56
S00140478,158,77,81
S00140479,119,63,56
S00140480,64,27,37
S00140481,69,34,35
S00140482,96,43,52
S00140483,133,68,66
S00140484,124,68,55
S00140485,166,88,76
S00140486,114,65,49
S00140487,64,37,30
S00140488,86,37,49
S00140489,108,51,57
S00140490,95,49,48
S00140491,80,35,45
S00140492,100,34,66
S00140493,97,48,45
S00140494,82,38,44
S00140495,167,83,86
S00140496,144,70,74
S00140497,80,34,46
S00140498,105,58,47
S00140499,74,39,36
S00140500,107,58,49
S00140501,162,78,84
S00140502,123,64,59
S00140503,68,36,32
S00140504,128,73,55
S00140505,73,42,31
S00140506,101,57,47
S00140507,153,75,78
S00140508,84,44,40
S00140509,146,56,90
S00140510,105,51,54
S00140511,134,73,61
S00140512,66,39,23
S00140513,67,38,29
S00140514,90,51,39
S00140515,128,68,60
S00140516,195,107,92
S00140517,77,38,40
S00140518,173,86,83
S00140519,150,68,82
S00140520,114,61,56
S00140521,155,75,82
S00140522,158,91,69
S00140523,108,51,57
S00140524,133,59,76
S00140525,76,38,38
S00140526,203,113,89
S00140527,69,32,40
S00140528,149,80,66
S00140529,153,81,69
S00140530,152,81,71
S00140531,137,68,68
S00140532,117,65,49
S00140533,174,91,83
S00140534,119,55,67
S00140535,134,71,63
S00140536,94,50,44
S00140537,147,75,72
S00140538,116,55,61
S00140539,117,66,51
S00140540,135,63,72
S00140541,137,73,64
S00140542,155,75,80
S00140543,181,101,80
S00140544,69,34,32
S00140545,98,48,48
S00140546,99,57,42
S00140547,124,67,57
S00140548,136,65,71
S00140549,136,67,68
S00140550,70,35,35
S00140551,86,41,45
S00140552,111,55,55
S00140553,129,63,68
S00140554,88,44,44
S00140555,117,58,62
S00140556,126,64,63
S00140557,68,37,27
S00140558,131,61,70
S00140559,61,30,31
S00140560,84,42,38
S00140561,178,96,82
S00140562,117,65,50
S00140563,130,60,67
S00140564,115,60,53
S00140565,140,74,66
S00140566,67,37,32
S00140567,160,79,81
S00140568,142,72,70
S00140569,126,54,69
S00140570,116,58,58
S00140571,101,43,58
S00140572,125,60,67
S00140573,120,59,61
S00140574,80,41,39
S00140575,118,51,67
S00140576,126,67,59
S00140577,137,73,64
S00140578,105,50,55
S00140579,188,106,85
S00140580,95,47,55
S00140581,156,75,81
S00140582,103,55,48
S00140583,109,60,52
S00140584,88,46,42
S00140585,105,54,51
S00140586,85,48,37
S00140587,85,44,40
S00140588,116,56,60
S00140589,119,54,63
S00140590,84,40,44
S00140591,107,54,56
S00140592,131,63,68
S00140593,171,84,87
S00140594,130,71,59
S00140595,123,63,60
S00140596,122,61,64
S00140597,134,66,68
S00140598,71,38,33
S00140599,166,82,82
S00140600,132,73,62
S00140601,195,94,101
S00140602,104,52,52
S00140603,158,76,85
S00140604,113,59,54
S00140605,88,44,44
S00140606,181,86,95
S00140607,133,73,62
S00140608,117,57,60
S00140609,179,95,84
S00140610,105,52,53
S00140611,75,42,30
S00140612,152,81,73
S00140613,128,61,65
S00140614,118,59,59
S00140615,158,74,84
S00140616,113,60,49
S00140617,125,62,63
S00140618,71,41,33
S00140619,116,60,60
S00140620,126,65,61
S00140621,109,46,64
S00140622,144,76,68
S00140623,444,115,329
S00140624,92,51,41
S00140625,117,60,57
S00140626,78,37,41
S00140627,148,70,79
S00140628,146,80,67
S00140629,134,68,66
S00140630,124,61,63
S00140631,93,52,41
S00140632,146,70,76
S00140633,114,70,44
S00140634,74,40,37
S00140635,115,65,47
S00140636,138,71,68
S00140637,129,66,63
S00140638,104,52,52
S00140639,88,41,47
S00140640,141,61,80
S00140641,88,47,37
S00140642,71,41,32
S00140643,112,52,60
S00140644,120,57,63
S00140645,86,42,43
S00140646,100,61,42
S00140647,81,46,35
S00140648,113,60,53
S00140649,91,40,51
S00140650,75,40,33
S00140651,158,87,71
S00140652,106,61,47
S00140653,116,63,54
S00140654,114,53,61
S00140655,104,63,40
S00140656,99,53,46
S00140657,114,60,54
S00140658,75,36,40
S00140659,105,56,49
S00140660,143,72,73
S00140661,163,78,85
S00140662,146,74,72
S00140663,82,47,33
S00140664,93,48,45
S00140665,134,72,66
S00140666,90,44,46
S00140667,129,69,64
S00140668,115,61,55
S00140669,101,48,53
S00140670,116,53,63
S00140671,78,42,36
S00140672,134,73,61
S00140673,113,66,47
S00140674,74,39,35
S00140675,100,51,49
S00140676,77,44,33
S00140677,130,67,57
S00140678,175,84,95
S00140679,61,33,28
S00140680,114,60,55
S00140681,109,57,56
S00140682,74,38,35
S00140683,62,38,24
S00140684,107,51,56
S00140685,156,75,84
S00140686,118,59,59
S00140687,118,57,61
S00140688,125,59,66
S00140689,178,81,94
S00140690,125,59,66
S00140691,76,37,39
S00140692,105,58,47
S00140693,90,42,45
S00140694,93,60,33
S00140695,66,35,34
S00140696,101,52,52
S00140697,96,53,43
S00140698,124,68,56
S00140699,135,70,65
S00140700,156,77,79
S00140701,170,89,81
S00140702,118,67,51
S00140703,111,57,54
S00140704,75,38,37
S00140705,125,64,64
S00140706,147,74,69
S00140707,138,65,76
S00140708,104,57,47
S00140709,89,47,42
S00140710,96,49,47
S00140711,184,91,93
S00140712,136,69,67
S00140713,94,47,46
S00140714,108,53,56
S00140715,168,81,90
S00140716,96,46,46
S00140717,130,64,66
S00140718,142,71,74
S00140719,178,86,96
S00140720,62,29,30
S00140721,98,55,43
S00140722,135,67,68
S00140723,133,70,63
S00140724,60,29,31
S00140725,240,125,115
S00140726,116,58,58
S00140727,126,72,54
S00140728,135,71,65
S00140729,111,55,55
S00140730,107,59,44
S00140731,68,37,31
S00140732,102,56,47
S00140733,94,47,47
S00140734,111,57,55
S00140735,160,84,76
S00140736,70,36,33
S00140737,294,141,153
S00140738,79,41,38
S00140739,101,51,50
S00140740,80,44,32
S00140741,61,27,35
S00140742,97,51,46
S00140743,103,62,44
S00140744,158,71,85
S00140745,134,69,65
S00140746,98,48,50
S00140747,139,78,61
S00140748,134,64,70
S00140749,107,53,54
S00140750,149,86,63
S00140751,128,68,60
S00140752,69,37,32
S00140753,94,47,48
S00140754,92,44,44
S00140755,94,47,50
S00140756,62,39,23
S00140757,171,99,72
S00140758,127,66,61
S00140759,85,54,31
S00140760,123,70,53
S00140761,80,48,36
S00140762,109,60,49
S00140763,73,38,35
S00140764,125,86,40
S00140765,112,55,57
S00140766,113,60,53
S00140767,119,61,58
S00140768,97,53,44
S00140769,117,74,43
S00140770,95,56,42
S00140771,85,56,29
S00140772,109,62,47
S00140773,104,57,47
S00140774,123,63,64
S00140775,100,47,48
S00140776,100,52,48
S00140777,112,59,53
S00140778,109,66,43
S00140779,83,46,39
S00140780,107,45,59
S00140781,84,42,42
S00140782,98,52,46
S00140783,112,63,49
S00140784,87,38,49
S00140785,120,55,65
S00140786,132,63,69
S00140787,87,50,37
S00140788,75,29,46
S00140789,71,41,32
S00140790,82,41,41
S00140791,63,33,26
S00140792,107,59,48
S00140793,63,30,33
S00140794,143,71,74
S00140795,158,83,71
S00140796,90,44,43
S00140797,126,62,61
S00140798,83,44,35
S00140799,129,59,73
S00140800,106,52,54
S00140801,85,51,34
S00140802,105,58,47
S00140803,65,44,21
S00140804,81,32,49
S00140805,106,60,46
S00140806,67,32,35
S00140807,146,67,78
S00140808,82,43,38
S00140809,107,61,46
S00140810,81,36,42
S00140811,103,50,53
S00140812,95,39,56
S00140813,98,47,51
S00140814,85,47,38
S00140815,87,48,39
S00140816,72,37,37
S00140817,74,42,32
S00140818,77,32,45
S00140819,136,67,69
S00140820,163,81,79
S00140821,145,70,71
S00140822,65,38,27
S00140823,97,47,46
S00140824,79,39,37
S00140825,66,33,36
S00140826,194,106,92
S00140827,87,42,45
S00140828,160,82,78
S00140829,154,80,74
S00140830,115,53,66
S00140831,114,55,51
S00140832,130,64,62
S00140833,142,70,72
S00140834,161,80,81
S00140835,99,45,56
S00140836,79,40,39
S00140837,159,80,83
S00140838,71,45,26
S00140839,101,58,43
S00140840,162,80,85
S00140841,76,39,37
S00140842,139,69,74
S00140843,95,50,47
S00140844,61,31,30
S00140845,119,61,58
S00140846,114,61,53
S00140847,111,59,56
S00140848,87,51,36
S00140849,88,49,42
S00140850,145,72,73
S00140851,74,41,33
S00140852,125,62,63
S00140853,93,54,42
S00140854,93,40,49
S00140855,88,38,47
S00140856,91,43,48
S00140857,121,56,65
S00140858,166,89,80
S00140859,86,43,39
S00140860,134,73,59
S00140861,106,54,52
S00140862,149,76,73
S00140863,186,93,96
S00140864,162,77,85
S00140865,88,45,43
S00140866,71,37,38
S00140867,115,63,54
S00140868,70,34,36
S00140869,77,42,37
S00140870,145,80,65
S00140871,76,45,31
S00140872,82,41,41
S00140873,70,37,33
S00140874,81,41,43
S00140875,88,41,49
S00140876,80,50,29
S00140877,105,56,49
S00140878,94,49,45
S00140879,74,33,41
S00140880,67,32,35
S00140881,60,28,32
S00140882,80,43,37
S00140883,103,59,44
S00140884,101,54,44
S00140885,153,74,79
S00140886,155,81,74
S00140887,104,59,45
S00140888,86,56,30
S00140889,136,67,69
S00140890,89,53,36
S00140891,75,36,38
S00140892,132,80,53
S00140893,77,43,34
S00140894,100,52,44
S00140895,93,55,37
S00140896,100,55,42
S00140897,108,55,54
S00140898,83,49,34
S00140899,63,32,33
S00140900,122,61,61
S00140901,149,74,75
S00140902,154,89,65
S00140903,156,84,72
S00140904,70,40,30
S00140905,109,57,52
S00140906,103,57,49
S00140907,87,37,50
S00140908,145,68,77
S00140909,83,42,41
S00140910,88,45,39
S00140911,108,59,44
S00140912,113,60,55
S00140913,79,45,38
S00140914,109,52,60
S00140915,139,72,67
S00140916,90,40,52
S00140917,120,63,59
S00140918,102,54,47
S00140919,96,42,54
S00140920,113,61,52
S00140921,102,54,51
S00140922,133,65,68
S00140923,124,71,53
S00140924,131,74,61
S00140925,123,64,59
S00140926,133,65,68
S00140927,73,34,39
S00140928,118,55,63
S00140929,103,53,50
S00140930,97,50,47
S00140931,88,49,39
S00140932,111,49,59
S00140933,93,42,51
S00140934,122,64,58
S00140935,121,56,61
S00140936,65,30,35
S00140937,101,48,53
S00140938,63,35,28
S00140939,139,73,64
S00140940,100,56,45
S00140941,68,32,40
S00140942,94,52,42
S00140943,72,35,39
S00140944,70,25,45
S00140945,101,51,51
S00140946,131,69,56
S00140947,74,36,38
S00140948,75,36,36
S00140949,91,37,52
S00140950,80,44,36
S00140951,139,68,71
S00140952,102,47,55
S00140953,62,33,32
S00140954,110,54,56
S00140955,92,55,37
S00140956,125,60,68
S00140957,88,46,42
S00140958,65,27,38
S00140959,87,39,45
S00140960,76,36,40
S00140961,86,42,44
S00140962,121,62,62
S00140963,87,45,42
S00140964,118,56,62
S00140965,78,42,36
S00140966,219,121,98
S00140967,81,44,37
S00140968,111,59,54
S00140969,123,64,59
S00140970,126,57,69
S00140971,64,37,27
S00140972,105,49,56
S00140973,171,89,82
S00140974,83,43,40
S00140975,98,49,50
S00140976,130,71,59
S00140977,81,35,45
S00140978,94,44,50
S00140979,93,46,47
S00140980,88,46,42
S00140981,112,59,53
S00140982,78,42,36
S00140983,129,71,55
S00140984,102,51,51
S00140985,160,80,77
S00140986,79,35,43
S00140987,90,44,46
S00140988,109,54,52
S00140989,76,43,33
S00140990,95,45,46
S00140991,137,70,63
S00140992,87,43,44
S00140993,90,45,45
S00140994,81,41,40
S00140995,86,42,44
S00140996,97,54,43
S00140997,91,42,49
S00140998,146,72,70
S00140999,65,36,29
S00141000,90,46,41
S00141001,94,41,49
S00141002,89,42,47
S00141003,103,44,59
S00141004,98,51,47
S00141005,91,42,49
S00141006,93,49,47
S00141007,80,37,43
S00141008,80,37,43
S00141009,65,35,30
S00141010,87,41,46
S00141011,62,30,32
S00141012,111,56,55
S00141013,93,42,52
S00141014,111,60,54
S00141015,79,38,41
S00141016,129,63,66
S00141017,125,63,62
S00141018,85,44,41
S00141019,161,91,69
S00141020,141,70,71
S00141021,76,32,48
S00141022,156,76,80
S00141023,122,64,58
S00141024,106,49,57
S00141025,88,37,50
S00141026,83,44,39
S00141027,107,58,49
S00141028,83,44,39
S00141029,85,45,40
S00141030,77,40,41
S00141031,91,52,39
S00141032,121,63,58
S00141033,124,57,67
S00141034,114,60,54
S00141035,91,41,50
S00141036,93,47,43
S00141037,75,40,35
S00141038,61,19,42
S00141039,72,32,40
S00141040,167,86,79
S00141041,81,38,41
S00141042,108,60,48
S00141043,62,31,31
S00141044,68,24,44
S00141045,70,35,34
S00141046,86,42,44
S00141047,108,58,50
S00141048,146,65,81
S00141049,77,36,42
S00141050,98,53,45
S00141051,126,60,66
S00141052,104,70,37
S00141053,90,49,41
S00141054,67,39,28
S00141055,133,78,57
S00141056,88,47,41
S00141057,125,67,58
S00141058,86,38,48
S00141059,106,62,48
S00141060,72,41,31
S00141061,77,38,35
S00141062,113,61,51
S00141063,79,41,34
S00141064,143,79,64
S00141065,107,57,52
S00141066,81,51,33
S00141067,127,68,59
S00141068,85,50,35
S00141069,80,41,41
S00141070,134,70,62
S00141071,111,55,56
S00141072,69,36,32
S00141073,118,58,63
S00141074,131,72,59
S00141075,172,87,85
S00141076,136,66,66
S00141077,96,52,48
S00141078,160,74,86
S00141079,95,50,44
S00141080,115,67,48
S00141081,92,55,37
S00141082,74,40,37
S00141083,97,56,41
S00141084,168,88,77
S00141085,187,87,100
S00141086,118,58,60
S00141087,162,80,75
S00141088,79,40,40
S00141089,120,65,53
S00141090,80,37,43
S00141091,124,68,56
S00141092,87,46,41
S00141093,147,78,69
S00141094,117,63,54
S00141095,71,35,36
S00141096,140,67,73
S00141097,108,47,58
S00141098,111,58,55
S00141099,89,48,41
S00141100,114,60,58
S00141101,127,64,60
S00141102,88,44,44
S00141103,118,51,63
S00141104,71,31,40
S00141105,80,45,32
S00141106,131,68,60
S00141107,105,54,51
S00141108,191,84,107
S00141109,81,47,34
S00141110,198,101,97
S00141111,130,61,69
S00141112,143,71,72
S00141113,85,46,40
S00141114,60,31,29
S00141115,90,56,34
S00141116,72,37,35
S00141117,145,74,70
S00141118,100,50,50
S00141119,89,48,41
S00141120,71,37,34
S00141121,97,54,43
S00141122,80,48,32
S00141123,101,39,62
S00141124,119,55,64
S00141125,113,57,53
S00141126,68,35,33
S00141127,94,43,51
S00141128,162,84,78
S00141129,92,44,48
S00141130,61,31,30
S00141131,157,75,83
S00141132,64,30,34
S00141133,97,45,53
S00141134,69,35,34
S00141135,96,54,39
S00141136,82,47,33
S00141137,82,37,46
S00141138,93,50,43
S00141139,111,51,58
S00141140,103,50,53
S00141141,96,49,44
S00141142,73,39,34
S00141143,91,51,40
S00141144,143,66,82
S00141145,73,31,40
S00141146,67,32,32
S00141147,114,61,53
S00141148,106,58,50
S00141149,68,38,30
S00141150,79,40,39
S00141151,150,72,78
S00141152,77,50,27
S00141153,68,33,35
S00141154,62,33,29
S00141155,127,62,59
S00141156,100,45,53
S00141157,139,78,61
S00141158,142,73,69
S00141159,115,62,56
S00141160,142,76,66
S00141161,142,73,73
S00141162,85,44,37
S00141163,165,82,85
S00141164,161,84,77
S00141165,108,55,52
S00141166,197,103,97
S00141167,75,39,35
S00141168,76,54,24
S00141169,144,76,65
S00141170,108,53,55
S00141171,79,44,35
S00141172,128,65,63
S00141173,70,41,29
S00141174,145,74,71
S00141175,78,43,35
S00141176,104,47,60
S00141177,163,84,79
S00141178,104,52,52
S00141179,88,42,46
S00141180,99,51,48
S00141181,144,77,67
S00141182,121,62,61
S00141183,99,51,45
S00141184,150,81,69
S00141185,108,55,55
S00141186,109,62,51
S00141187,85,38,43
S00141188,159,83,76
S00141189,151,75,69
S00141190,116,64,56
S00141191,138,71,71
S00141192,205,100,106
S00141193,120,59,61
S00141194,116,52,64
S00141195,84,46,38
S00141196,120,69,52
S00141197,143,77,66
S00141198,147,79,68
S00141199,154,73,81
S00141200,138,64,77
S00141201,71,38,36
S00141202,157,84,79
S00141203,178,87,91
S00141204,173,80,93
S00141205,150,69,81
S00141206,120,60,60
S00141207,144,83,64
S00141208,91,43,48
S00141209,153,89,64
S00141210,123,54,69
S00141211,114,55,55
S00141212,83,53,33
S00141213,155,75,80
S00141214,115,58,60
S00141215,95,50,45
S00141216,169,79,85
S00141217,101,54,47
S00141218,134,66,68
S00141219,106,51,51
S00141220,131,64,67
S00141221,128,77,51
S00141222,116,63,56
S00141223,155,79,72
S00141224,166,90,79
S00141225,73,34,39
S00141226,99,56,41
S00141227,70,29,41
S00141228,158,83,75
S00141229,137,68,69
S00141230,144,74,70
S00141231,164,89,75
S00141232,86,34,48
S00141233,147,86,61
S00141234,91,47,43
S00141235,231,102,127
S00141236,192,97,95
S00141237,109,55,54
S00141238,133,59,74
S00141239,105,50,52
S00141240,97,45,50
S00141241,118,65,53
S00141242,90,45,42
S00141243,131,69,62
S00141244,160,82,78
S00141245,71,42,32
S00141246,131,69,66
S00141247,185,97,88
S00141248,142,64,78
S00141249,98,55,44
S00141250,125,61,64
S00141251,74,37,35
S00141252,143,80,63
S00141253,74,40,32
S00141254,145,70,73
S00141255,120,65,55
S00141256,70,30,40
S00141257,99,54,44
S00141258,98,48,49
S00141259,88,49,39
S00141260,157,66,88
S00141261,188,103,85
S00141262,100,56,44
S00141263,94,48,46
S00141264,119,61,58
S00141265,137,69,68
S00141266,92,50,42
S00141267,123,54,66
S00141268,177,95,82
S00141269,147,70,77
S00141270,115,53,62
S00141271,111,61,50
S00141272,125,68,60
S00141273,105,43,62
S00141274,85,44,41
S00141275,158,83,75
S00141276,150,72,78
S00141277,83,41,44
S00141278,165,85,80
S00141279,85,41,44
S00141280,166,74,95
S00141281,94,47,43
S00141282,89,49,40
S00141283,87,38,49
S00141284,96,50,48
S00141285,149,70,80
S00141286,107,49,58
S00141287,134,64,70
S00141288,124,61,61
S00141289,103,48,52
S00141290,93,44,49
S00141291,119,58,61
S00141292,121,65,56
S00141293,97,51,46
S00141294,95,46,49
S00141295,102,55,50
S00141296,87,44,43
S00141297,75,37,41
S00141298,73,40,35
S00141299,69,36,33
S00141300,114,56,58
S00141301,65,31,31
S00141302,75,32,47
S00141303,125,68,60
S00141304,77,37,40
S00141305,123,66,59
S00141306,75,46,31
S00141307,156,76,80
S00141308,78,42,37
S00141309,93,48,45
S00141310,98,51,47
S00141311,97,56,41
S00141312,139,73,66
S00141313,133,53,76
S00141314,141,77,68
S00141315,113,58,57
S00141316,73,35,35
S00141317,86,43,43
S00141318,133,65,67
S00141319,122,59,61
S00141320,88,44,44
S00141321,82,41,41
S00141322,67,34,36
S00141323,96,54,45
S00141324,72,40,32
S00141325,115,61,54
S00141326,63,32,31
S00141327,128,63,65
S00141328,91,44,47
S00141329,113,58,55
S00141330,119,62,59
S00141331,119,62,57
S00141332,71,35,35
S00141333,75,37,34
S00141334,149,92,60
S00141335,172,85,87
S00141336,105,44,61
S00141337,81,40,41
S00141338,158,81,77
S00141339,146,75,73
S00141340,78,42,33
S00141341,132,75,57
S00141342,78,39,39
S00141343,112,52,59
S00141344,118,68,50
S00141345,102,51,50
S00141346,69,37,32
S00141347,133,67,66
S00141348,103,53,49
S00141349,136,64,72
S00141350,95,57,37
S00141351,65,35,28
S00141352,63,27,39
S00141353,87,48,39
S00141354,90,45,42
S00141355,77,38,39
S00141356,95,45,53
S00141357,149,75,77
S00141358,121,52,66
S00141359,75,33,38
S00141360,80,42,37
S00141361,108,52,56
S00141362,82,36,43
S00141363,89,47,42
S00141364,70,38,29
S00141365,127,60,66
S00141366,83,40,44
S00141367,146,80,66
S00141368,91,44,47
S00141369,101,46,55
S00141370,79,40,39
S00141371,109,60,50
S00141372,146,82,64
S00141373,100,50,50
S00141374,99,49,45
S00141375,126,74,53
S00141376,116,55,57
S00141377,77,34,41
S00141378,65,40,25
S00141379,99,55,44
S00141380,135,62,72
S00141381,139,66,73
S00141382,175,81,95
S00141383,101,50,51
S00141384,118,66,52
S00141385,113,48,65
S00141386,121,67,54
S00141387,108,51,57
S00141388,166,88,78
S00141389,94,57,37
S00141390,124,61,66
S00141391,90,56,39
S00141392,87,48,37
S00141393,71,34,37
S00141394,105,63,42
S00141395,83,35,48
S00141396,217,106,111
S00141397,141,67,74
S00141398,127,62,63
S00141399,87,41,45
S00141400,60,34,27
S00141401,134,65,69
S00141402,95,51,44
S00141403,135,65,70
S00141404,110,61,49
S00141405,118,57,61
S00141406,101,55,43
S00141407,87,34,54
S00141408,65,30,35
S00141409,148,73,71
S00141410,88,50,38
S00141411,89,52,37
S00141412,119,58,61
S00141413,66,36,30
S00141414,146,60,86
S00141415,139,76,63
S00141416,90,44,42
S00141417,148,77,71
S00141418,101,60,41
S00141419,129,76,55
S00141420,85,44,41
S00141421,140,72,68
S00141422,66,32,34
S00141423,138,70,68
S00141424,107,57,49
S00141425,90,42,48
S00141426,197,100,97
S00141427,63,32,31
S00141428,152,96,56
S00141429,108,59,51
S00141430,103,57,46
S00141431,96,48,48
S00141432,96,57,38
S00141433,130,64,63
S00141434,108,55,53
S00141435,89,48,41
S00141436,99,49,50
S00141437,205,104,105
S00141438,79,36,40
S00141439,86,49,36
S00141440,112,50,62
S00141441,87,37,50
S00141442,146,75,69
S00141443,75,46,30
S00141444,80,33,47
S00141445,98,57,44
S00141446,171,87,84
S00141447,131,57,76
S00141448,78,46,32
S00141449,103,48,54
S00141450,106,51,55
S00141451,108,54,51
S00141452,130,76,54
S00141453,145,73,76
S00141454,99,54,49
S00141455,78,44,34
S00141456,142,79,62
S00141457,142,73,69
S00141458,92,50,42
S00141459,77,38,41
S00141460,164,90,74
S00141461,161,89,72
S00141462,111,55,56
S00141463,139,63,76
S00141464,79,48,31
S00141465,61,32,25
S00141466,134,73,61
S00141467,135,71,64
S00141468,78,23,57
S00141469,122,62,60
S00141470,82,48,41
S00141471,194,111,81
S00141472,103,45,56
S00141473,130,58,72
S00141474,135,69,69
S00141475,101,57,46
S00141476,143,84,57
S00141477,180,101,79
S00141478,93,51,42
S00141479,81,45,35
S00141480,60,41,19
S00141481,104,55,53
S00141482,101,48,53
S00141483,75,45,30
S00141484,107,55,56
S00141485,153,79,74
S00141486,105,55,53
S00141487,89,47,42
S00141488,101,56,45
S00141489,141,72,69
S00141490,95,41,54
S00141491,106,45,61
S00141492,85,39,48
S00141493,94,54,40
S00141494,124,61,63
S00141495,109,42,63
S00141496,99,47,54
S00141497,158,93,65
S00141498,74,40,34
S00141499,66,34,32
S00141500,93,43,50
S00141501,103,54,49
S00141502,75,35,41
S00141503,128,74,54
S00141504,119,77,44
S00141505,105,53,49
S00141506,86,45,41
S00141507,67,36,37
S00141508,106,49,57
S00141509,158,86,78
S00141510,66,33,33
S00141511,105,56,49
S00141512,123,78,45
S00141513,95,44,51
S00141514,126,62,64
S00141515,91,45,46
S00141516,104,53,51
S00141517,194,95,99
S00141518,90,44,46
S00141519,175,93,82
S00141520,90,44,46
S00141521,108,53,53
S00141522,152,75,76
S00141523,137,71,66
S00141524,107,52,52
S00141525,117,64,53
S00141526,86,43,43
S00141527,131,66,62
S00141528,125,65,62
S00141529,195,94,102
S00141530,63,32,31
S00141531,171,89,82
S00141532,114,58,52
S00141533,214,105,108
S00141534,121,61,63
S00141535,61,29,32
S00141536,88,50,38
S00141537,126,67,59
S00141538,111,44,63
S00141539,125,70,55
S00141540,105,52,56
S00141541,176,96,84
S00141542,75,40,35
S00141543,77,42,35
S00141544,99,47,51
S00141545,92,50,42
S00141546,106,46,59
S00141547,101,44,54
S00141548,75,40,39
S00141549,93,45,48
S00141550,89,33,56
S00141551,122,60,62
S00141552,63,35,29
S00141553,111,59,52
S00141554,68,45,23
S00141555,123,64,57
S00141556,138,77,61
S00141557,99,47,49
S00141558,61,31,30
S00141559,159,83,76
S00141560,84,43,45
S00141561,110,45,65
S00141562,69,35,34
S00141563,148,71,73
S00141564,139,74,66
S00141565,107,55,52
S00141566,82,42,41
S00141567,85,37,46
S00141568,156,74,82
S00141569,137,62,71
S00141570,102,51,51
S00141571,102,52,50
S00141572,122,52,70
S00141573,170,90,80
S00141574,85,44,41
S00141575,147,80,66
S00141576,132,67,65
S00141577,102,52,50
S00141578,92,53,38
S00141579,193,103,90
S00141580,118,60,54
S00141581,74,47,27
S00141582,122,54,68
S00141583,100,47,51
S00141584,65,31,34
S00141585,93,42,52
S00141586,124,67,59
S00141587,162,89,74
S00141588,121,61,60
S00141589,99,51,49
S00141590,97,47,47
S00141591,96,46,50
S00141592,106,53,53
S00141593,84,32,49
S00141594,121,61,56
S00141595,135,68,66
S00141596,189,100,89
S00141597,81,41,42
S00141598,93,40,52
S00141599,119,54,64
S00141600,132,63,69
S00141601,186,107,79
S00141602,202,111,88
S00141603,135,76,63
S00141604,135,67,68
S00141605,101,48,53
S00141606,83,42,41
S00141607,151,81,70
S00141608,94,43,51
S00141609,133,59,74
S00141610,177,89,88
S00141611,128,57,71
S00141612,69,33,38
S00141613,109,65,41
S00141614,91,45,46
S00141615,106,52,54
S00141616,99,52,47
S00141617,81,35,46
S00141618,127,56,71
S00141619,179,107,72
S00141620,110,58,52
S00141621,131,71,59
S00141622,223,118,99
S00141623,114,60,54
S00141624,112,57,55
S00141625,190,89,101
S00141626,115,55,60
S00141627,116,51,65
S00141628,116,59,59
S00141629,82,30,52
S00141630,82,39,43
S00141631,169,106,63
S00141632,148,75,70
S00141633,80,39,41
S00141634,107,52,55
S00141635,61,31,30
S00141636,146,76,70
S00141637,95,49,50
S00141638,85,45,39
S00141639,117,53,64
S00141640,90,45,45
S00141641,91,46,45
S00141642,159,79,78
S00141643,153,83,73
S00141644,116,51,64
S00141645,108,56,53
S00141646,76,38,38
S00141647,75,45,30
S00141648,157,81,78
S00141649,109,47,59
S00141650,80,39,37
S00141651,149,71,78
S00141652,100,37,60
S00141653,121,60,61
S00141654,135,67,68
S00141655,76,37,43
S00141656,95,44,51
S00141657,182,101,81
S00141658,107,55,53
S00141659,90,43,43
S00141660,63,37,26
S00141661,75,37,38
S00141662,89,45,44
S00141663,91,41,46
S00141664,97,48,46
S00141665,137,67,70
S00141666,103,56,49
S00141667,106,53,53
S00141668,167,72,95
S00141669,98,59,39
S00141670,115,53,62
S00141671,75,30,45
S00141672,76,42,34
S00141673,130,59,71
S00141674,132,69,63
S00141675,165,84,81
S00141676,126,67,59
S00141677,177,78,99
S00141678,115,60,55
S00141679,69,44,28
S00141680,125,66,60
S00141681,115,64,51
S00141682,78,39,38
S00141683,110,56,56
S00141684,143,74,69
S00141685,86,40,50
S00141686,73,39,34
S00141687,88,49,39
S00141688,148,83,68
S00141689,98,45,52
S00141690,77,31,46
S00141691,122,53,69
S00141692,91,47,44
S00141693,151,73,78
S00141694,129,53,71
S00141695,90,45,45
S00141696,80,39,45
S00141697,111,61,50
S00141698,80,41,39
S00141699,143,76,67
S00141700,122,67,57
S00141701,115,67,48
S00141702,68,32,36
S00141703,160,88,74
S00141704,78,39,39
S00141705,111,55,54
S00141706,102,52,50
S00141707,158,84,78
S00141708,101,56,45
S00141709,131,58,73
S00141710,155,83,72
S00141711,86,43,40
S00141712,114,61,53
S00141713,155,68,87
S00141714,139,80,59
S00141715,99,50,45
S00141716,100,51,49
S00141717,110,51,59
S00141718,106,56,50
S00141719,94,53,42
S00141720,190,99,91
S00141721,179,95,84
S00141722,117,65,52
S00141723,97,65,36
S00141724,100,51,51
S00141725,100,48,52
S00141726,80,31,52
S00141727,220,107,113
S00141728,119,51,66
S00141729,117,58,59
S00141730,182,91,91
S00141731,107,55,52
S00141732,70,30,38
S00141733,62,33,27
S00141734,149,80,69
S00141735,108,49,59
S00141736,154,76,78
S00141737,77,32,45
S00141738,117,49,63
S00141739,94,42,52
S00141740,142,73,69
S00141741,137,67,70
S00141742,103,47,56
S00141743,76,34,42
S00141744,159,81,75
S00141745,60,27,33
S00141746,93,48,45
S00141747,110,58,52
S00141748,93,44,49
S00141749,81,38,43
S00141750,105,57,48
S00141751,136,68,68
S00141752,109,42,67
S00141753,71,38,33
S00141754,113,62,51
S00141755,162,90,72
S00141756,156,78,75
S00141757,140,76,64
S00141758,112,54,58
S00141759,138,71,70
S00141760,104,53,47
S00141761,140,69,68
S00141762,108,55,53
S00141763,130,74,56
S00141764,100,45,55
S00141765,152,74,78
S00141766,127,67,60
S00141767,110,65,53
S00141768,137,69,68
S00141769,113,64,49
S00141770,72,32,40
S00141771,82,42,41
S00141772,126,73,57
S00141773,134,73,59
S00141774,94,47,47
S00141775,68,33,39
S00141776,94,43,51
S00141777,176,86,90
S00141778,126,62,64
S00141779,68,34,34
S00141780,124,60,64
S00141781,113,54,59
S00141782,135,70,64
S00141783,131,69,66
S00141784,128,71,57
S00141785,96,61,35
S00141786,131,73,60
S00141787,121,67,54
S00141788,141,68,73
S00141789,66,37,28
S00141790,109,55,47
S00141791,64,29,35
S00141792,122,60,62
S00141793,80,30,46
S00141794,62,33,29
S00141795,127,67,60
S00141796,112,55,60
S00141797,82,40,42
S00141798,98,47,51
S00141799,112,56,56
S00141800,129,61,68
S00141801,90,38,52
S00141802,144,65,79
S00141803,73,34,39
S00141804,177,88,89
S00141805,105,49,56
S00141806,111,60,51
S00141807,163,80,86
S00141808,106,50,61
S00141809,91,47,44
S00141810,93,48,45
S00141811,98,48,54
S00141812,213,111,97
S00141813,135,63,70
S00141814,110,58,50
S00141815,68,36,30
S00141816,78,62,20
S00141817,131,62,67
S00141818,140,70,70
S00141819,78,34,41
S00141820,89,43,46
S00141821,84,44,40
S00141822,93,47,45
S00141823,93,48,45
S00141824,102,56,46
S00141825,93,53,37
S00141826,103,45,58
S00141827,77,41,36
S00141828,113,55,58
S00141829,157,75,82
S00141830,97,49,48
S00141831,83,56,27
S00141832,120,63,57
S00141833,101,45,56
S00141834,131,67,64
S00141835,95,47,48
S00141836,68,34,34
S00141837,115,57,58
S00141838,71,36,37
S00141839,106,62,44
S00141840,104,55,45
S00141841,86,46,37
S00141842,118,64,54
S00141843,115,60,55
S00141844,76,46,30
S00141845,136,65,71
S00141846,109,66,43
S00141847,106,59,47
S00141848,74,39,35
S00141849,104,49,55
S00141850,116,62,54
S00141851,173,90,83
S00141852,77,44,34
S00141853,141,72,71
S00141854,89,49,40
S00141855,108,53,53
S00141856,163,83,80
S00141857,103,52,51
S00141858,105,55,49
S00141859,115,52,64
S00141860,131,68,63
S00141861,154,94,58
S00141862,123,66,57
S00141863,121,65,56
S00141864,131,68,63
S00141865,96,48,44
S00141866,133,68,62
S00141867,99,51,48
S00141868,60,36,24
S00141869,68,32,35
S00141870,86,38,44
S00141871,73,42,31
S00141872,148,73,79
S00141873,124,61,63
S00141874,132,71,61
S00141875,78,41,37
S00141876,126,62,64
S00141877,191,108,84
S00141878,81,41,40
S00141879,85,48,40
S00141880,81,44,37
S00141881,193,94,99
S00141882,141,75,66
S00141883,117,62,55
S00141884,118,68,48
S00141885,66,35,31
S00141886,125,58,67
S00141887,82,39,45
S00141888,124,68,52
S00141889,186,93,96
S00141890,66,27,37
S00141891,68,27,41
S00141892,68,30,35
S00141893,112,60,52
S00141894,90,51,43
S00141895,93,38,55
S00141896,225,126,98
S00141897,93,52,40
S00141898,100,53,45
S00141899,123,65,56
S00141900,85,42,45
S00141901,127,66,61
S00141902,152,80,68
S00141903,117,61,56
S00141904,106,49,57
S00141905,97,48,49
S00141906,101,48,53
S00141907,150,70,84
S00141908,84,47,37
S00141909,99,51,48
S00141910,64,32,30
S00141911,150,80,70
S00141912,91,44,47
S00141913,68,24,44
S00141914,155,81,72
S00141915,85,47,38
S00141916,81,40,41
S00141917,63,31,32
S00141918,96,53,40
S00141919,116,54,65
S00141920,114,57,54
S00141921,73,39,31
S00141922,167,85,82
S00141923,67,42,25
S00141924,65,38,27
S00141925,106,57,45
S00141926,143,84,58
S00141927,130,66,68
S00141928,145,81,64
S00141929,101,57,44
S00141930,92,52,40
S00141931,131,68,63
S00141932,134,66,72
S00141933,92,46,46
S00141934,106,59,46
S00141935,658,335,323
S00141936,122,60,62
S00141937,136,72,66
S00141938,61,25,36
S00141939,133,74,56
S00141940,119,57,61
S00141941,81,41,42
S00141942,89,43,49
S00141943,66,32,34
S00141944,86,50,36
S00141945,139,76,63
S00141946,94,52,41
S00141947,97,51,46
S00141948,117,73,48
S00141949,117,57,60
S00141950,68,44,21
S00141951,130,61,68
S00141952,124,68,49
S00141953,149,68,81
S00141954,91,49,42
S00141955,120,68,55
S00141956,111,52,59
S00141957,84,43,41
S00141958,181,93,88
S00141959,95,53,45
S00141960,75,45,36
S00141961,69,40,29
S00141962,101,52,46
S00141963,108,52,60
S00141964,121,61,60
S00141965,69,33,36
S00141966,125,55,70
S00141967,93,47,46
S00141968,165,85,80
S00141969,113,60,53
S00141970,137,67,70
S00141971,91,44,47
S00141972,74,30,44
S00141973,62,30,33
S00141974,127,61,66
S00141975,113,62,51
S00141976,132,65,65
S00141977,135,68,67
S00141978,89,46,43
S00141979,75,38,37
S00141980,116,66,50
S00141981,66,26,39
S00141982,61,29,32
S00141983,89,53,36
S00141984,74,47,29
S00141985,114,65,45
S00141986,156,80,76
S00141987,142,74,67
S00141988,107,55,52
S00141989,102,53,49
S00141990,117,64,53
S00141991,88,50,38
S00141992,151,83,65
S00141993,113,62,47
S00141994,143,75,68
S00141995,128,59,66
S00141996,179,91,88
S00141997,94,48,46
S00141998,169,95,74
S00141999,117,64,54
S00142000,61,33,27
S00142001,75,33,42
S00142002,88,39,48
S00142003,141,69,74
S00142004,135,71,63
S00142005,76,43,34
S00142006,63,38,25
S00142007,129,62,67
S00142008,132,72,61
S00142009,108,65,41
S00142010,136,64,68
S00142011,100,51,49
S00142012,116,64,52
S00142013,93,50,43
S00142014,111,52,55
S00142015,66,24,42
S00142016,109,55,54
S00142017,108,55,53
S00142018,120,58,62
S00142019,63,37,26
S00142020,132,65,63
S00142021,94,49,45
S00142022,86,43,43
S00142023,89,47,42
S00142024,81,46,35
S00142025,92,49,43
S00142026,113,60,53
S00142027,125,61,60
S00142028,81,40,39
S00142029,166,87,83
S00142030,124,67,57
S00142031,75,46,29
S00142032,99,43,56
S00142033,70,37,32
S00142034,83,39,39
S00142035,102,51,51
S00142036,101,55,46
S00142037,92,47,48
S00142038,121,61,60
S00142039,72,34,38
S00142040,82,46,36
S00142041,98,42,51
S00142042,117,51,65
S00142043,105,54,54
S00142044,88,42,50
S00142045,87,44,46
S00142046,145,75,71
S00142047,75,43,36
S00142048,60,33,27
S00142049,120,66,54
S00142050,79,35,44
S00142051,130,68,62
S00142052,143,71,72
S00142053,67,39,25
S00142054,106,60,43
S00142055,112,60,52
S00142056,66,36,30
S00142057,93,56,37
S00142058,76,40,35
S00142059,67,38,29
S00142060,109,52,57
S00142061,153,80,69
S00142062,103,54,49
S00142063,126,61,61
S00142064,100,59,40
S00142065,94,46,48
S00142066,79,37,42
S00142067,107,57,50
S00142068,103,53,50
S00142069,123,60,59
S00142070,109,52,57
S00142071,173,90,80
S00142072,133,65,67
S00142073,99,44,55
S00142074,132,68,65
S00142075,188,97,95
S00142076,77,40,37
S00142077,66,39,27
S00142078,128,63,62
S00142079,101,53,48
S00142080,115,57,58
S00142081,99,54,45
S00142082,88,49,38
S00142083,79,33,46
S00142084,156,70,93
S00142085,64,36,32
S00142086,82,44,38
S00142087,62,29,33
S00142088,127,61,66
S00142089,111,56,55
S00142090,98,44,53
S00142091,64,28,36
S00142092,68,34,34
S00142093,137,76,61
S00142094,162,70,92
S00142095,63,26,37
S00142096,470,291,179
S00142097,121,64,53
S00142098,148,83,61
S00142099,96,56,40
S00142100,64,31,33
S00142101,158,85,73
S00142102,114,57,57
S00142103,148,79,68
S00142104,107,64,43
S00142105,75,42,35
S00142106,73,39,34
S00142107,158,92,66
S00142108,125,67,58
S00142109,153,79,74
S00142110,67,36,31
S00142111,118,60,57
S00142112,109,50,59
S00142113,98,39,56
S00142114,84,40,45
S00142115,80,44,36
S00142116,72,35,37
S00142117,104,45,57
S00142118,121,65,53
S00142119,111,63,48
S00142120,92,49,43
S00142121,127,62,62
S00142122,113,63,50
S00142123,87,38,48
S00142124,110,63,47
S00142125,106,51,55
S00142126,111,56,59
S00142127,137,73,61
S00142128,119,63,56
S00142129,182,93,89
S00142130,113,69,51
S00142131,94,47,50
S00142132,84,44,40
S00142133,87,43,44
S00142134,103,55,48
S00142135,58,28,32
S00142136,84,50,34
S00142137,62,30,32
S00142138,87,46,41
S00142139,71,36,35
S00142140,85,44,41
S00142141,134,65,71
S00142142,125,70,55
S00142143,72,32,40
S00142144,63,36,28
S00142145,80,39,44
S00142146,89,47,42
S00142147,107,54,53
S00142148,220,137,86
S00142149,116,56,64
S00142150,69,27,42
S00142151,178,87,91
S00142152,148,73,75
S00142153,137,61,73
S00142154,113,57,56
S00142155,81,40,41
S00142156,85,42,43
S00142157,114,61,53
S00142158,115,57,61
S00142159,73,41,29
S00142160,160,87,73
S00142161,97,53,44
S00142162,159,78,82
S00142163,85,48,41
S00142164,166,91,75
S00142165,94,51,43
S00142166,87,51,36
S00142167,106,52,57
S00142168,131,58,73
S00142169,130,66,65
S00142170,143,76,67
S00142171,93,43,50
S00142172,97,53,44
S00142173,113,54,59
S00142174,128,69,58
S00142175,106,48,57
S00142176,119,51,68
S00142177,127,65,62
S00142178,130,61,69
S00142179,61,34,27
S00142180,83,44,39
S00142181,77,44,33
S00142182,89,45,44
S00142183,101,42,59
S00142184,78,41,37
S00142185,173,90,83
S00142186,111,57,54
S00142187,133,66,67
S00142188,124,62,62
S00142189,61,32,29
S00142190,99,53,46
S00142191,114,56,58
S00142192,84,46,38
S00142193,97,43,50
S00142194,129,59,72
S00142195,98,55,47
S00142196,111,61,50
S00142197,83,46,43
S00142198,162,84,78
S00142199,62,40,22
S00142200,146,76,70
S00142201,113,57,56
S00142202,126,65,61
S00142203,64,37,27
S00142204,100,58,41
S00142205,101,50,50
S00142206,76,38,34
S00142207,89,49,40
S00142208,106,56,50
S00142209,111,64,46
S00142210,114,54,60
S00142211,71,28,39
S00142212,90,41,49
S00142213,136,81,56
S00142214,94,45,49
S00142215,129,58,71
S00142216,111,61,50
S00142217,94,53,41
S00142218,102,54,48
S00142219,94,45,49
S00142220,87,43,44
S00142221,67,28,39
S00142222,100,53,47
S00142223,349,203,146
S00142224,90,38,53
S00142225,103,58,53
S00142226,85,57,28
S00142227,124,62,66
S00142228,114,62,52
S00142229,147,74,73
S00142230,63,28,31
S00142231,75,38,37
S00142232,167,83,80
S00142233,68,37,31
S00142234,70,38,32
S00142235,111,56,55
S00142236,118,57,61
S00142237,162,84,75
S00142238,67,38,29
S00142239,116,62,54
S00142240,92,62,30
S00142241,163,91,72
S00142242,71,43,28
S00142243,110,60,51
S00142244,117,63,54
S00142245,106,53,53
S00142246,140,64,75
S00142247,78,40,38
S00142248,65,35,30
S00142249,111,56,55
S00142250,163,90,73
S00142251,95,48,46
S00142252,106,47,58
S00142253,93,45,48
S00142254,166,88,78
S00142255,174,92,82
S00142256,101,54,44
S00142257,96,50,46
S00142258,88,48,36
S00142259,121,63,57
S00142260,59,33,25
S00142261,106,56,50
S00142262,84,40,42
S00142263,121,66,55
S00142264,197,99,98
S00142265,118,58,60
S00142266,66,29,34
S00142267,86,52,34
S00142268,106,58,48
S00142269,98,57,37
S00142270,100,40,56
S00142271,104,33,71
S00142272,116,58,58
S00142273,110,55,55
S00142274,137,68,73
S00142275,106,54,52
S00142276,58,27,35
S00142277,155,96,59
S00142278,77,35,42
S00142279,92,41,54
S00142280,111,65,46
S00142281,88,46,42
S00142282,73,31,42
S00142283,83,49,34
S00142284,122,62,60
S00142285,477,270,207
S00142286,88,51,37
S00142287,71,36,35
S00142288,76,47,29
S00142289,165,85,84
S00142290,107,53,54
S00142291,72,32,40
S00142292,126,57,69
S00142293,128,61,64
S00142294,104,55,49
S00142295,85,47,41
S00142296,83,40,43
S00142297,87,42,42
S00142298,93,56,33
S00142299,62,35,27
S00142300,78,43,35
S00142301,125,64,64
S00142302,109,53,55
S00142303,73,41,32
S00142304,101,53,51
S00142305,68,34,35
S00142306,81,36,46
S00142307,78,40,38
S00142308,144,69,75
S00142309,233,130,103
S00142310,75,29,46
S00142311,120,65,55
S00142312,125,63,60
S00142313,73,40,33
S00142314,125,64,63
S00142315,95,44,51
S00142316,91,52,39
S00142317,91,48,43
S00142318,111,56,59
S00142319,69,31,38
S00142320,107,55,50
S00142321,93,48,45
S00142322,143,73,71
S00142323,99,55,44
S00142324,78,43,40
S00142325,111,63,46
S00142326,134,60,70
S00142327,111,64,51
S00142328,136,73,61
S00142329,103,58,46
S00142330,130,65,63
S00142331,65,35,33
S00142332,93,48,45
S00142333,166,82,84
S00142334,104,59,45
S00142335,122,65,56
S00142336,79,36,41
S00142337,181,111,69
S00142338,108,59,54
S00142339,119,58,57
S00142340,153,76,76
S00142341,65,30,35
S00142342,76,38,38
S00142343,68,30,38
S00142344,112,50,62
S00142345,122,59,63
S00142346,128,66,62
S00142347,158,81,78
S00142348,177,90,87
S00142349,112,59,56
S00142350,132,72,59
S00142351,147,91,57
S00142352,86,47,39
S00142353,82,44,38
S00142354,265,160,102
S00142355,105,54,51
S00142356,71,39,35
S00142357,122,66,56
S00142358,113,52,62
S00142359,105,53,52
S00142360,171,79,92
S00142361,172,95,79
S00142362,121,57,64
S00142363,142,80,62
S00142364,109,49,60
S00142365,105,52,53
S00142366,106,46,60
S00142367,147,75,70
S00142368,76,37,35
S00142369,176,88,92
S00142370,92,46,45
S00142371,124,63,63
S00142372,153,84,64
S00142373,98,50,47
S00142374,106,55,51
S00142375,155,78,79
S00142376,101,57,43
S00142377,89,42,47
S00142378,109,57,52
S00142379,113,61,52
S00142380,156,76,80
S00142381,121,65,56
S00142382,169,90,79
S00142383,121,70,51
S00142384,93,50,43
S00142385,65,25,40
S00142386,78,36,42
S00142387,106,54,52
S00142388,106,56,50
S00142389,90,52,34
S00142390,128,67,61
S00142391,114,60,54
S00142392,108,61,47
S00142393,71,37,34
S00142394,64,35,29
S00142395,88,46,41
S00142396,77,42,35
S00142397,104,56,43
S00142398,133,62,71
S00142399,94,56,38
S00142400,119,62,57
S00142401,82,42,40
S00142402,115,61,54
S00142403,120,60,60
S00142404,133,58,75
S00142405,83,47,36
S00142406,104,55,47
S00142407,106,50,54
S00142408,102,57,45
S00142409,69,33,35
S00142410,191,116,76
S00142411,106,63,43
S00142412,78,40,38
S00142413,77,44,31
S00142414,98,48,50
S00142415,137,65,72
S00142416,89,42,47
S00142417,154,82,72
S00142418,104,56,48
S00142419,63,35,25
S00142420,82,36,46
S00142421,98,41,57
S00142422,95,47,48
S00142423,79,40,41
S00142424,78,43,38
S00142425,163,84,79
S00142426,117,57,60
S00142427,93,44,49
S00142428,109,61,48
S00142429,158,66,95
S00142430,186,83,103
S00142431,139,62,77
S00142432,105,51,59
S00142433,115,50,65
S00142434,77,46,28
S00142435,67,31,37
S00142436,68,37,31
S00142437,101,49,50
S00142438,69,39,30
S00142439,110,60,53
S00142440,137,72,62
S00142441,129,72,57
S00142442,120,44,76
S00142443,91,46,47
S00142444,139,70,69
S00142445,99,52,47
S00142446,105,62,43
S00142447,178,86,88
S00142448,79,37,42
S00142449,125,64,65
S00142450,103,58,45
S00142451,235,140,98
S00142452,335,178,157
S00142453,105,66,39
S00142454,94,49,45
S00142455,109,65,44
S00142456,78,37,41
S00142457,96,50,46
S00142458,108,67,44
S00142459,109,53,56
S00142460,65,34,31
S00142461,103,57,46
S00142462,93,43,50
S00142463,115,60,51
S00142464,148,67,79
S00142465,108,50,59
S00142466,99,48,51
S00142467,118,59,59
S00142468,58,31,30
S00142469,144,79,65
S00142470,77,51,26
S00142471,73,38,35
S00142472,134,89,46
S00142473,89,43,48
S00142474,77,40,33
S00142475,137,74,63
S00142476,106,57,49
S00142477,117,58,59
S00142478,200,110,90
S00142479,87,39,50
S00142480,112,62,50
S00142481,113,61,52
S00142482,177,91,86
S00142483,135,71,62
S00142484,74,38,36
S00142485,96,48,42
S00142486,97,57,40
S00142487,88,47,44
S00142488,126,61,65
S00142489,124,63,61
S00142490,106,56,50
S00142491,92,46,46
S00142492,109,57,52
S00142493,85,47,42
S00142494,74,44,30
S00142495,114,56,58
S00142496,80,41,39
S00142497,81,47,34
S00142498,120,61,59
S00142499,98,47,52
S00142500,84,45,39
S00142501,126,65,61
S00142502,66,32,33
S00142503,96,50,47
S00142504,70,37,33
S00142505,83,47,43
S00142506,73,45,31
S00142507,86,53,34
S00142508,122,63,59
S00142509,110,54,56
S00142510,121,68,53
S00142511,83,39,44
S00142512,77,43,34
S00142513,65,37,25
S00142514,122,55,63
S00142515,68,37,34
S00142516,90,50,38
S00142517,101,48,53
S00142518,112,61,51
S00142519,121,65,58
S00142520,103,53,50
S00142521,102,55,47
S00142522,66,33,33
S00142523,110,51,59
S00142524,141,75,66
S00142525,81,42,38
S00142526,94,49,44
S00142527,193,104,89
S00142528,94,46,45
S00142529,89,44,49
S00142530,81,48,33
S00142531,91,38,54
S00142532,123,58,69
S00142533,69,32,37
S00142534,124,55,69
S00142535,62,33,29
S00142536,101,53,48
S00142537,87,50,37
S00142538,125,67,58
S00142539,98,49,46
S00142540,93,42,51
S00142541,64,38,26
S00142542,77,41,36
S00142543,66,30,33
S00142544,258,127,133
S00142545,274,183,91
S00142546,96,60,36
S00142547,117,62,55
S00142548,117,53,64
S00142549,71,31,40
S00142550,82,48,34
S00142551,111,66,45
S00142552,71,36,31
S00142553,87,43,48
S00142554,99,46,53
S00142555,96,50,45
S00142556,119,70,46
S00142557,115,58,57
S00142558,59,30,33
S00142559,138,79,59
S00142560,72,33,39
S00142561,65,36,29
S00142562,98,39,57
S00142563,69,33,36
S00142564,115,66,52
S00142565,76,44,32
S00142566,177,85,95
S00142567,140,69,71
S00142568,84,48,39
S00142569,93,47,46
S00142570,74,34,40
S00142571,76,40,36
S00142572,111,60,57
S00142573,76,56,20
S00142574,101,45,56
S00142575,147,73,78
S00142576,152,72,80
S00142577,87,41,46
S00142578,79,34,41
S00142579,101,46,53
S00142580,68,35,33
S00142581,102,49,53
S00142582,157,95,63
S00142583,97,43,54
S00142584,121,67,54
S00142585,94,41,54
S00142586,106,52,54
S00142587,72,42,30
S00142588,116,62,52
S00142589,99,56,43
S00142590,128,72,58
S00142591,101,54,47
S00142592,150,72,79
S00142593,97,47,50
S00142594,133,62,70
S00142595,112,58,53
S00142596,80,36,48
S00142597,110,58,49
S00142598,79,45,34
S00142599,80,42,38
S00142600,98,55,43
S00142601,60,31,29
S00142602,161,84,77
S00142603,145,71,74
S00142604,116,49,67
S00142605,96,57,40
S00142606,176,84,92
S00142607,107,49,58
S00142608,143,75,68
S00142609,79,39,34
S00142610,104,49,57
S00142611,98,51,51
S00142612,122,57,65
S00142613,66,33,33
S00142614,84,44,40
S00142615,146,75,71
S00142616,165,87,78
S00142617,120,67,53
S00142618,72,43,29
S00142619,72,29,41
S00142620,99,53,46
S00142621,95,54,41
S00142622,170,90,83
S00142623,162,96,66
S00142624,180,92,91
S00142625,87,50,37
S00142626,82,41,37
S00142627,146,79,67
S00142628,63,30,33
S00142629,80,46,34
S00142630,84,46,38
S00142631,92,52,40
S00142632,81,42,39
S00142633,131,72,59
S00142634,74,35,35
S00142635,78,47,32
S00142636,63,37,24
S00142637,77,39,38
S00142638,85,43,42
S00142639,86,45,40
S00142640,128,67,64
S00142641,86,48,41
S00142642,135,70,62
S00142643,97,49,48
S00142644,105,54,51
S00142645,92,53,37
S00142646,102,47,58
S00142647,84,38,46
S00142648,182,86,94
S00142649,72,39,31
S00142650,103,51,52
S00142651,98,46,49
S00142652,118,75,43
S00142653,126,64,58
S00142654,96,50,46
S00142655,134,67,67
S00142656,80,36,44
S00142657,63,32,31
S00142658,85,42,43
S00142659,97,55,42
S00142660,111,59,56
S00142661,128,67,61
S00142662,85,41,44
S00142663,71,35,35
S00142664,88,42,49
S00142665,86,45,44
S00142666,99,50,51
S00142667,73,41,32
S00142668,84,46,40
S00142669,101,57,41
S00142670,102,58,44
S00142671,79,43,36
S00142672,123,61,62
S00142673,96,46,50
S00142674,89,44,45
S00142675,91,43,48
S00142676,105,54,48
S00142677,104,55,49
S00142678,74,40,37
S00142679,60,26,34
S00142680,88,48,40
S00142681,111,61,54
S00142682,78,39,37
S00142683,75,44,31
S00142684,120,66,54
S00142685,137,77,60
S00142686,78,47,31
S00142687,122,66,56
S00142688,84,51,33
S00142689,127,60,67
S00142690,147,79,71
S00142691,77,45,32
S00142692,106,54,51
S00142693,81,38,43
S00142694,96,43,53
S00142695,88,50,39
S00142696,80,38,44
S00142697,107,43,65
S00142698,138,76,62
S00142699,88,41,47
S00142700,116,57,59
S00142701,105,48,57
S00142702,137,65,68
S00142703,77,43,34
S00142704,84,42,42
S00142705,74,31,47
S00142706,330,193,137
S00142707,134,78,60
S00142708,83,43,40
S00142709,70,38,32
S00142710,76,41,39
S00142711,63,27,36
S00142712,83,42,41
S00142713,92,45,47
S00142714,100,49,51
S00142715,64,28,36
S00142716,84,44,43
S00142717,62,35,27
S00142718,145,77,71
S00142719,98,50,48
S00142720,92,47,45
S00142721,126,66,59
S00142722,96,54,42
S00142723,120,59,55
S00142724,112,61,51
S00142725,98,54,44
S00142726,104,53,51
S00142727,110,52,58
S00142728,63,32,35
S00142729,93,49,42
S00142730,77,35,38
S00142731,66,40,26
S00142732,89,44,45
S00142733,77,40,37
S00142734,65,28,37
S00142735,157,83,74
S00142736,144,79,65
S00142737,153,83,70
S00142738,102,50,52
S00142739,59,27,33
S00142740,164,86,81
S00142741,86,39,47
S00142742,115,53,62
S00142743,135,74,61
S00142744,91,47,41
S00142745,83,37,46
S00142746,102,57,45
S00142747,78,36,44
S00142748,103,53,55
S00142749,91,42,48
S00142750,90,46,44
S00142751,106,54,55
S00142752,101,58,43
S00142753,69,35,34
S00142754,137,67,70
S00142755,175,87,84
S00142756,162,96,66
S00142757,66,30,36
S00142758,155,72,83
S00142759,126,66,60
S00142760,105,61,44
S00142761,70,32,38
S00142762,110,57,53
S00142763,131,65,66
S00142764,113,66,47
S00142765,134,64,70
S00142766,103,51,52
S00142767,96,44,52
S00142768,477,303,174
S00142769,110,54,56
S00142770,67,33,35
S00142771,97,52,43
S00142772,145,71,74
S00142773,79,47,33
S00142774,73,33,43
S00142775,107,56,51
S00142776,88,54,30
S00142777,89,45,44
S00142778,82,42,38
S00142779,78,44,34
S00142780,98,57,41
S00142781,115,62,53
S00142782,65,29,32
S00142783,90,49,37
S00142784,84,44,41
S00142785,131,51,80
S00142786,101,50,51
S00142787,111,67,48
S00142788,98,53,45
S00142789,102,57,45
S00142790,87,43,44
S00142791,133,64,69
S00142792,135,60,76
S00142793,98,55,43
S00142794,113,56,57
S00142795,117,68,52
S00142796,126,64,66
S00142797,107,53,54
S00142798,68,31,37
S00142799,112,52,60
S00142800,74,36,38
S00142801,80,37,43
S00142802,148,76,72
S00142803,113,62,51
S00142804,138,68,74
S00142805,66,32,30
S00142806,104,59,45
S00142807,116,70,50
S00142808,134,63,71
S00142809,85,41,44
S00142810,115,60,55
S00142811,104,51,50
S00142812,122,65,61
S00142813,142,74,66
S00142814,125,65,63
S00142815,64,22,42
S00142816,113,54,58
S00142817,216,110,106
S00142818,86,44,42
S00142819,125,71,54
S00142820,90,45,42
S00142821,170,85,81
S00142822,92,50,46
S00142823,89,44,46
S00142824,85,52,33
S00142825,129,68,57
S00142826,63,29,32
S00142827,112,62,51
S00142828,124,66,55
S00142829,85,37,48
S00142830,109,56,53
S00142831,180,98,82
S00142832,135,71,64
S00142833,135,65,66
S00142834,84,39,45
S00142835,132,67,62
S00142836,134,67,67
S00142837,107,46,61
S00142838,86,47,39
S00142839,136,75,64
S00142840,90,45,45
S00142841,105,52,53
S00142842,96,53,43
S00142843,70,35,35
S00142844,110,51,56
S00142845,97,53,44
S00142846,92,52,40
S00142847,104,48,56
S00142848,86,48,42
S00142849,100,67,33
S00142850,81,42,35
S00142851,109,54,52
S00142852,112,62,50
S00142853,106,54,51
S00142854,76,44,39
S00142855,95,46,49
S00142856,146,80,66
S00142857,127,62,65
S00142858,67,35,35
S00142859,157,72,86
S00142860,99,45,54
S00142861,61,35,26
S00142862,88,51,37
S00142863,103,60,40
S00142864,95,39,56
S00142865,68,37,31
S00142866,113,56,57
S00142867,81,39,40
S00142868,94,40,54
S00142869,80,44,36
S00142870,111,54,57
S00142871,139,70,69
S00142872,119,51,68
S00142873,110,55,55
S00142874,67,39,28
S00142875,77,36,41
S00142876,132,69,63
S00142877,88,48,41
S00142878,122,58,60
S00142879,130,68,59
S00142880,75,42,33
S00142881,119,68,51
S00142882,63,31,31
S00142883,75,38,37
S00142884,117,54,66
S00142885,133,65,68
S00142886,99,48,51
S00142887,107,52,55
S00142888,175,100,73
S00142889,103,46,62
S00142890,407,172,235
S00142891,83,46,37
S00142892,98,46,51
S00142893,172,75,97
S00142894,133,67,65
S00142895,74,33,41
S00142896,104,55,52
S00142897,112,59,50
S00142898,149,84,67
S00142899,132,60,72
S00142900,91,46,45
S00142901,101,65,36
S00142902,126,68,58
S00142903,129,60,65
S00142904,94,40,54
S00142905,74,38,36
S00142906,96,48,48
S00142907,98,48,50
S00142908,88,53,35
S00142909,168,84,84
S00142910,110,56,53
S00142911,128,66,62
S00142912,117,57,60
S00142913,117,55,62
S00142914,102,54,48
S00142915,93,50,43
S00142916,82,42,40
S00142917,87,44,41
S00142918,92,49,40
S00142919,88,46,42
S00142920,92,55,40
S00142921,125,60,68
S00142922,75,34,37
S00142923,96,51,45
S00142924,89,43,46
S00142925,92,47,46
S00142926,128,68,60
S00142927,95,40,58
S00142928,117,65,55
S00142929,80,32,48
S00142930,226,129,97
S00142931,95,49,46
S00142932,97,44,50
S00142933,110,52,58
S00142934,113,57,56
S00142935,103,58,42
S00142936,123,59,64
S00142937,153,73,80
S00142938,82,54,30
S00142939,90,45,49
S00142940,87,43,44
S00142941,84,48,36
S00142942,171,93,78
S00142943,253,164,86
S00142944,80,39,44
S00142945,65,33,32
S00142946,127,66,62
S00142947,91,49,42
S00142948,148,78,70
S00142949,71,39,34
S00142950,95,54,44
S00142951,68,37,34
S00142952,73,34,39
S00142953,86,49,37
S00142954,124,66,58
S00142955,152,75,74
S00142956,155,82,73
S00142957,82,36,46
S00142958,67,37,30
S00142959,93,52,41
S00142960,157,78,81
S00142961,85,51,35
S00142962,62,33,29
S00142963,98,55,40
S00142964,79,40,39
S00142965,97,55,42
S00142966,83,39,44
S00142967,81,52,29
S00142968,159,90,69
S00142969,113,57,56
S00142970,124,57,67
S00142971,100,47,53
S00142972,78,36,42
S00142973,237,85,152
S00142974,142,68,75
S00142975,80,48,36
S00142976,92,49,43
S00142977,104,50,54
S00142978,102,54,48
S00142979,102,54,47
S00142980,88,50,38
S00142981,143,82,61
S00142982,101,47,54
S00142983,105,57,47
S00142984,134,63,71
S00142985,157,108,49
S00142986,103,48,51
S00142987,64,40,28
S00142988,95,46,49
S00142989,62,35,27
S00142990,142,77,65
S00142991,79,44,29
S00142992,115,55,60
S00142993,179,98,81
S00142994,133,68,64
S00142995,80,36,40
S00142996,156,80,76
S00142997,154,81,71
S00142998,78,39,39
S00142999,110,54,56
S00143000,98,25,73
S00143001,106,63,39
S00143002,121,59,66
S00143003,103,56,47
S00143004,147,77,67
S00143005,105,51,54
S00143006,143,87,56
S00143007,108,60,48
S00143008,123,65,58
S00143009,61,28,35
S00143010,114,58,55
S00143011,128,79,49
S00143012,123,65,58
S00143013,112,64,48
S00143014,136,77,59
S00143015,142,78,64
S00143016,77,41,36
S00143017,124,66,58
S00143018,64,32,32
S00143019,131,62,69
S00143020,112,56,56
S00143021,84,45,39
S00143022,105,56,51
S00143023,82,45,38
S00143024,113,60,53
S00143025,151,78,73
S00143026,65,31,34
S00143027,132,72,59
S00143028,156,83,71
S00143029,90,51,39
S00143030,136,71,68
S00143031,85,46,39
S00143032,121,71,50
S00143033,137,68,69
S00143034,155,81,75
S00143035,148,63,85
S00143036,81,45,36
S00143037,88,39,49
S00143038,130,65,65
S00143039,100,47,53
S00143040,105,59,46
S00143041,122,60,58
S00143042,124,66,58
S00143043,93,58,35
S00143044,119,70,49
S00143045,104,50,54
S00143046,152,74,78
S00143047,111,61,50
S00143048,73,39,34
S00143049,93,55,38
S00143050,103,53,50
S00143051,124,65,60
S00143052,129,74,55
S00143053,90,51,39
S00143054,94,53,45
S00143055,117,62,57
S00143056,118,64,54
S00143057,110,62,48
S00143058,102,59,46
S00143059,63,45,14
S00143060,101,70,31
S00143061,107,55,52
S00143062,98,53,45
S00143063,63,35,25
S00143064,88,47,41
S00143065,126,67,62
S00143066,121,62,56
S00143067,182,87,93
S00143068,73,22,48
S00143069,117,63,56
S00143070,117,61,56
S00143071,125,60,66
S00143072,117,59,58
S00143073,131,67,64
S00143074,132,70,62
S00143075,67,31,37
S00143076,111,50,61
S00143077,113,63,48
S00143078,70,35,35
S00143079,832,523,309
S00143080,121,62,59
S00143081,112,61,51
S00143082,142,73,66
S00143083,107,51,56
S00143084,103,54,45
S00143085,80,43,37
S00143086,64,36,30
S00143087,131,73,58
S00143088,86,50,42
S00143089,105,35,69
S00143090,62,28,34
S00143091,81,44,37
S00143092,147,84,63
S00143093,123,66,57
S00143094,117,56,59
S00143095,145,59,85
S00143096,73,46,27
S00143097,280,115,162
S00143098,135,68,64
S00143099,83,36,47
S00143100,95,50,41
S00143101,83,46,37
S00143102,156,86,70
S00143103,149,73,72
S00143104,121,73,48
S00143105,145,77,68
S00143106,101,49,55
S00143107,213,107,106
S00143108,80,42,38
S00143109,153,80,73
S00143110,67,35,30
S00143111,74,33,41
S00143112,79,40,39
S00143113,153,91,62
S00143114,103,54,49
S00143115,105,53,49
S00143116,87,51,36
S00143117,83,33,50
S00143118,262,163,99
S00143119,100,56,45
S00143120,94,52,40
S00143121,110,64,46
S00143122,135,76,59
S00143123,186,112,74
S00143124,131,58,73
S00143125,179,91,88
S00143126,121,52,69
S00143127,131,69,61
S00143128,112,65,47
S00143129,191,99,92
S00143130,74,34,40
S00143131,99,49,50
S00143132,89,51,38
S00143133,123,60,65
S00143134,139,50,89
S00143135,89,43,46
S00143136,89,40,44
S00143137,177,95,78
S00143138,99,56,46
S00143139,71,36,35
S00143140,125,64,58
S00143141,103,50,50
S00143142,104,54,50
S00143143,107,49,54
S00143144,109,54,53
S00143145,128,64,64
S00143146,94,47,45
S00143147,94,53,41
S00143148,93,50,43
S00143149,144,67,77
S00143150,87,41,46
S00143151,92,46,46
S00143152,123,60,63
S00143153,83,51,32
S00143154,62,32,30
S00143155,115,57,58
S00143156,92,46,46
S00143157,180,92,88
S00143158,147,74,74
S00143159,91,48,43
S00143160,381,201,180
S00143161,75,38,37
S00143162,79,38,41
S00143163,504,332,173
S00143164,170,86,84
S00143165,76,46,32
S00143166,65,38,27
S00143167,71,43,28
S00143168,145,66,79
S00143169,101,51,52
S00143170,167,85,79
S00143171,96,54,42
S00143172,98,54,48
S00143173,78,40,43
S00143174,100,56,40
S00143175,144,84,64
S00143176,130,68,62
S00143177,170,94,76
S00143178,162,88,78
S00143179,97,40,56
S00143180,106,62,45
S00143181,112,55,57
S00143182,116,62,53
S00143183,117,64,53
S00143184,112,70,42
S00143185,66,32,30
S00143186,132,70,62
S00143187,128,65,63
S00143188,70,29,41
S00143189,125,63,62
S00143190,139,72,67
S00143191,99,48,54
S00143192,105,49,60
S00143193,112,64,52
S00143194,118,64,54
S00143195,374,217,155
S00143196,113,60,56
S00143197,217,111,108
S00143198,63,30,33
S00143199,183,89,94
S00143200,196,102,94
S00143201,256,128,127
S00143202,68,46,22
S00143203,118,59,56
S00143204,354,128,224
S00143205,168,85,81
S00143206,125,64,61
S00143207,153,83,70
S00143208,105,51,54
S00143209,78,39,39
S00143210,98,52,48
S00143211,106,55,48
S00143212,124,59,65
S00143213,130,66,66
S00143214,187,96,88
S00143215,171,91,80
S00143216,106,49,59
S00143217,93,43,52
S00143218,91,51,36
S00143219,128,72,56
S00143220,109,55,54
S00143221,130,66,61
S00143222,102,52,50
S00143223,109,52,55
S00143224,146,69,77
S00143225,111,56,52
S00143226,106,47,55
S00143227,67,24,43
S00143228,72,44,35
S00143229,424,317,104
S00143230,99,53,46
S00143231,115,57,58
S00143232,113,61,52
S00143233,171,86,85
S00143234,225,145,80
S00143235,80,42,39
S00143236,100,55,46
S00143237,116,64,55
S00143238,100,50,50
S00143239,152,74,78
S00143240,121,71,52
S00143241,129,61,69
S00143242,202,101,104
S00143243,162,94,72
S00143244,98,47,51
S00143245,104,42,62
S00143246,84,45,43
S00143247,69,29,40
S00143248,122,53,69
S00143249,120,68,55
S00143250,202,118,84
S00143251,176,97,79
S00143252,90,40,48
S00143253,121,65,56
S00143254,223,116,108
S00143255,109,47,62
S00143256,103,59,44
S00143257,156,80,80
S00143258,124,55,69
S00143259,169,89,78
S00143260,136,70,70
S00143261,62,28,37
S00143262,95,50,42
S00143263,91,36,55
S00143264,95,41,54
S00143265,160,88,67
S00143266,98,54,43
S00143267,186,100,86
S00143268,93,56,39
S00143269,93,56,39
S00143270,155,88,70
S00143271,126,61,65
S00143272,70,41,29
S00143273,109,47,66
S00143274,70,27,43
S00143275,143,79,65
S00143276,83,44,39
S00143277,90,44,47
S00143278,112,55,57
S00143279,62,37,24
S00143280,63,33,30
S00143281,90,43,44
S00143282,109,64,48
S00143283,95,48,47
S00143284,83,49,34
S00143285,162,72,90
S00143286,103,54,49
S00143287,108,59,49
S00143288,107,53,48
S00143289,173,77,92
S00143290,77,31,46
S00143291,94,54,40
S00143292,76,50,26
S00143293,76,38,41
S00143294,94,54,44
S00143295,100,46,54
S00143296,92,42,50
S00143297,78,40,42
S00143298,229,132,93
S00143299,85,49,34
S00143300,91,43,48
S00143301,142,75,67
S00143302,322,198,123
S00143303,110,58,52
S00143304,129,75,54
S00143305,80,36,47
S00143306,165,78,85
S00143307,108,54,54
S00143308,100,55,41
S00143309,121,60,62
S00143310,80,52,28
S00143311,109,44,62
S00143312,201,125,72
S00143313,93,53,40
S00143314,79,30,49
S00143315,98,59,38
S00143316,110,52,58
S00143317,115,74,41
S00143318,85,38,47
S00143319,79,37,38
S00143320,80,41,39
S00143321,191,100,91
S00143322,117,62,55
S00143323,88,38,50
S00143324,193,97,99
S00143325,93,45,48
S00143326,105,52,53
S00143327,88,43,44
S00143328,68,30,38
S00143329,101,56,48
S00143330,73,36,41
S00143331,119,51,71
S00143332,136,59,77
S00143333,126,64,58
S00143334,80,37,43
S00143335,117,35,78
S00143336,111,58,53
S00143337,121,63,61
S00143338,108,51,58
S00143339,143,64,75
S00143340,112,64,48
S00143341,111,57,53
S00143342,170,86,83
S00143343,115,74,45
S00143344,116,55,61
S00143345,125,61,64
S00143346,407,276,131
S00143347,133,66,67
S00143348,126,67,59
S00143349,113,53,60
S00143350,104,61,43
S00143351,78,38,40
S00143352,179,98,81
S00143353,89,41,48
S00143354,76,35,38
S00143355,87,48,37
S00143356,108,57,47
S00143357,95,46,49
S00143358,89,49,40
S00143359,99,52,47
S00143360,81,48,35
S00143361,183,88,95
S00143362,67,31,37
S00143363,69,41,28
S00143364,101,48,53
S00143365,129,65,64
S00143366,119,68,54
S00143367,125,59,67
S00143368,388,218,167
S00143369,128,62,70
S00143370,114,54,56
S00143371,81,43,35
S00143372,77,38,39
S00143373,143,77,66
S00143374,138,69,71
S00143375,117,58,59
S00143376,118,67,51
S00143377,143,79,64
S00143378,68,36,32
S00143379,84,44,40
S00143380,111,54,57
S00143381,78,35,43
S00143382,79,41,38
S00143383,74,49,26
S00143384,75,36,39
S00143385,165,73,92
S00143386,108,60,48
S00143387,99,49,52
S00143388,118,64,54
S00143389,89,49,40
S00143390,103,57,45
S00143391,112,58,54
S00143392,428,245,183
S00143393,108,56,52
S00143394,122,63,63
S00143395,78,51,29
S00143396,128,66,62
S00143397,156,81,75
S00143398,161,93,68
S00143399,128,39,89
S00143400,114,70,44
S00143401,98,45,50
S00143402,122,64,58
S00143403,178,80,101
S00143404,101,53,46
S00143405,123,52,71
S00143406,74,40,34
S00143407,101,59,44
S00143408,130,69,61
S00143409,107,63,44
S00143410,92,46,46
S00143411,128,64,64
S00143412,61,29,32
S00143413,96,47,49
S00143414,110,61,49
S00143415,74,33,40
S00143416,110,45,66
S00143417,145,75,70
S00143418,139,80,61
S00143419,96,50,46
S00143420,115,61,55
S00143421,107,60,50
S00143422,136,86,50
S00143423,81,45,38
S00143424,139,72,67
S00143425,144,68,76
S00143426,89,50,43
S00143427,95,50,46
S00143428,82,40,42
S00143429,164,84,82
S00143430,73,42,34
S00143431,94,42,52
S00143432,128,63,65
S00143433,115,65,50
S00143434,101,51,52
S00143435,82,45,37
S00143436,107,52,51
S00143437,151,71,78
S00143438,217,113,100
S00143439,121,57,64
S00143440,175,82,91
S00143441,94,54,41
S00143442,99,47,49
S00143443,71,39,32
S00143444,67,35,32
S00143445,81,39,42
S00143446,68,36,31
S00143447,632,326,306
S00143448,64,30,34
S00143449,101,51,50
S00143450,130,67,59
S00143451,104,53,54
S00143452,165,96,69
S00143453,153,85,68
S00143454,73,40,35
S00143455,132,64,68
S00143456,128,76,52
S00143457,114,48,66
S00143458,71,32,39
S00143459,114,67,47
S00143460,147,68,76
S00143461,111,63,48
S00143462,159,87,72
S00143463,69,33,36
S00143464,65,33,32
S00143465,137,68,69
S00143466,112,55,59
S00143467,60,33,27
S00143468,113,67,46
S00143469,127,63,64
S00143470,83,36,47
S00143471,162,72,90
S00143472,104,62,38
S00143473,111,56,53
S00143474,66,33,32
S00143475,117,63,54
S00143476,94,54,36
S00143477,101,54,47
S00143478,121,49,74
S00143479,76,28,51
S00143480,95,60,38
S00143481,62,26,36
S00143482,135,67,68
S00143483,105,59,46
S00143484,1286,694,592
S00143485,89,45,41
S00143486,168,77,91
S00143487,90,47,41
S00143488,133,66,67
S00143489,105,49,56
S00143490,144,65,82
S00143491,125,72,53
S00143492,139,69,66
S00143493,116,58,55
S00143494,123,64,59
S00143495,78,40,38
S00143496,78,30,48
S00143497,111,51,58
S00143498,94,52,46
S00143499,106,56,50
S00143500,96,52,41
S00143501,134,81,55
S00143502,105,54,51
S00143503,63,24,39
S00143504,91,55,36
S00143505,102,47,52
S00143506,71,37,34
S00143507,604,400,204
S00143508,116,62,54
S00143509,103,61,43
S00143510,79,36,43
S00143511,80,49,30
S00143512,103,58,45
S00143513,114,59,59
S00143514,101,42,59
S00143515,83,41,42
S00143516,83,31,52
S00143517,98,41,57
S00143518,98,58,40
S00143519,141,81,60
S00143520,109,55,56
S00143521,75,31,44
S00143522,85,43,41
S00143523,68,33,36
S00143524,126,73,56
S00143525,61,35,28
S00143526,102,51,48
S00143527,101,50,51
S00143528,98,53,44
S00143529,62,28,34
S00143530,72,38,34
S00143531,414,242,172
S00143532,132,76,55
S00143533,106,57,49
S00143534,164,88,76
S00143535,107,53,54
S00143536,155,81,74
S00143537,81,43,35
S00143538,98,46,49
S00143539,163,81,79
S00143540,107,59,48
S00143541,100,52,47
S00143542,101,41,60
S00143543,88,44,46
S00143544,147,79,68
S00143545,133,74,61
S00143546,86,51,35
S00143547,107,52,55
S00143548,104,55,50
S00143549,111,49,62
S00143550,106,62,44
S00143551,159,79,80
S00143552,105,51,56
S00143553,124,76,46
S00143554,124,64,60
S00143555,106,55,51
S00143556,72,42,30
S00143557,114,55,56
S00143558,140,71,69
S00143559,56,29,31
S00143560,110,61,49
S00143561,148,75,73
S00143562,95,50,45
S00143563,120,55,68
S00143564,134,60,74
S00143565,118,50,68
S00143566,144,82,62
S00143567,76,27,49
S00143568,85,41,45
S00143569,81,41,40
S00143570,111,63,50
S00143571,98,36,64
S00143572,118,59,59
S00143573,165,94,74
S00143574,123,64,58
S00143575,218,117,103
S00143576,326,211,111
S00143577,83,45,38
S00143578,68,33,31
S00143579,268,143,125
S00143580,92,51,41
S00143581,166,84,84
S00143582,116,68,48
S00143583,74,41,39
S00143584,80,35,42
S00143585,96,42,54
S00143586,77,36,41
S00143587,119,48,70
S00143588,83,51,35
S00143589,127,65,62
S00143590,133,81,56
S00143591,184,88,92
S00143592,105,58,47
S00143593,122,53,69
S00143594,110,44,66
S00143595,207,125,82
S00143596,89,58,34
S00143597,84,38,46
S00143598,116,64,52
S00143599,117,54,63
S00143600,66,41,25
S00143601,142,77,65
S00143602,70,35,35
S00143603,92,53,39
S00143604,87,38,49
S00143605,102,53,43
S00143606,85,42,43
S00143607,128,81,47
S00143608,64,37,31
S00143609,67,40,27
S00143610,127,76,51
S00143611,89,42,49
S00143612,114,65,49
S00143613,134,68,66
S00143614,125,71,58
S00143615,85,37,48
S00143616,83,43,40
S00143617,145,63,82
S00143618,108,55,56
S00143619,64,36,28
S00143620,79,59,25
S00143621,99,42,57
S00143622,107,52,55
S00143623,67,33,34
S00143624,110,38,72
S00143625,156,80,76
S00143626,96,46,50
S00143627,83,41,42
S00143628,90,46,44
S00143629,74,40,38
S00143630,97,50,47
S00143631,122,67,66
S00143632,86,47,39
S00143633,84,45,39
S00143634,105,49,56
S00143635,101,56,45
S00143636,155,82,73
S00143637,104,60,46
S00143638,2299,1217,1082
S00143639,93,52,41
S00143640,190,99,91
S00143641,122,72,50
S00143642,713,469,244
S00143643,161,79,80
S00143644,107,51,55
S00143645,99,56,43
S00143646,198,108,93
S00143647,333,217,116
S00143648,157,89,68
S00143649,117,64,53
S00143650,131,50,81
S00143651,88,48,44
S00143652,142,63,79
S00143653,81,42,39
S00143654,109,68,41
S00143655,93,48,45
S00143656,104,56,45
S00143657,80,32,48
S00143658,141,70,71
S00143659,118,63,55
S00143660,64,30,34
S00143661,477,301,176
S00143662,80,44,36
S00143663,101,48,50
S00143664,68,36,32
S00143665,101,52,48
S00143666,143,77,66
S00143667,75,51,21
S00143668,149,80,71
S00143669,116,60,56
S00143670,234,126,108
S00143671,131,59,72
S00143672,106,44,62
S00143673,62,45,15
S00143674,109,67,42
S00143675,115,70,45
S00143676,79,41,35
S00143677,177,110,67
S00143678,103,66,37
S00143679,81,42,39
S00143680,112,60,52
S00143681,145,85,62
S00143682,65,30,40
S00143683,113,65,45
S00143684,73,24,49
S00143685,65,35,28
S00143686,107,54,50
S00143687,183,90,93
S00143688,121,59,62
S00143689,75,39,36
S00143690,117,60,57
S00143691,121,64,57
S00143692,148,71,70
S00143693,78,34,48
S00143694,94,48,46
S00143695,97,40,57
S00143696,95,48,47
S00143697,130,80,50
S00143698,127,67,60
S00143699,117,59,58
S00143700,89,49,40
S00143701,79,45,33
S00143702,97,60,37
S00143703,88,44,44
S00143704,133,66,66
S00143705,115,52,63
S00143706,99,56,43
S00143707,78,43,35
S00143708,109,51,59
S00143709,146,82,64
S00143710,151,71,75
S00143711,154,79,75
S00143712,104,48,56
S00143713,154,88,66
S00143714,71,33,38
S00143715,111,55,56
S00143716,122,41,81
S00143717,105,44,61
S00143718,229,142,87
S00143719,129,58,68
S00143720,155,95,60
S00143721,61,34,27
S00143722,105,57,44
S00143723,97,46,51
S00143724,90,39,51
S00143725,83,29,50
S00143726,104,55,48
S00143727,118,54,64
S00143728,133,71,62
S00143729,97,54,43
S00143730,161,82,78
S00143731,98,41,61
S00143732,107,55,52
S00143733,126,56,70
S00143734,116,55,57
S00143735,84,47,37
S00143736,88,63,25
S00143737,100,47,53
S00143738,78,37,41
S00143739,127,67,60
S00143740,94,46,48
S00143741,82,35,49
S00143742,119,64,55
S00143743,106,56,53
S00143744,116,68,47
S00143745,102,58,44
S00143746,77,42,35
S00143747,206,125,81
S00143748,106,45,61
S00143749,95,53,42
S00143750,122,64,62
S00143751,111,56,55
S00143752,143,81,62
S00143753,90,44,44
S00143754,159,85,74
S00143755,106,68,34
S00143756,256,145,111
S00143757,132,64,68
S00143758,97,39,58
S00143759,153,96,58
S00143760,158,89,66
S00143761,142,76,67
S00143762,128,72,56
S00143763,122,67,55
S00143764,88,56,32
S00143765,136,68,68
S00143766,85,42,40
S00143767,119,52,67
S00143768,179,98,78
S00143769,118,67,55
S00143770,96,55,41
S00143771,90,42,48
S00143772,71,31,40
S00143773,75,37,34
S00143774,89,34,52
S00143775,127,70,57
S00143776,87,52,38
S00143777,95,49,46
S00143778,84,48,37
S00143779,115,64,51
S00143780,113,67,46
S00143781,97,49,48
S00143782,111,56,55
S00143783,159,98,61
S00143784,137,67,68
S00143785,138,65,73
S00143786,102,54,45
S00143787,109,48,61
S00143788,139,71,68
S00143789,78,39,42
S00143790,103,54,49
S00143791,148,72,76
S00143792,139,73,66
S00143793,109,69,40
S00143794,131,79,52
S00143795,118,69,53
S00143796,168,84,79
S00143797,120,63,57
S00143798,174,91,83
S00143799,184,98,86
S00143800,91,44,47
S00143801,70,25,45
S00143802,133,75,58
S00143803,92,50,42
S00143804,98,46,52
S00143805,66,20,46
S00143806,95,50,45
S00143807,78,42,36
S00143808,72,36,33
S00143809,98,52,46
S00143810,130,77,51
S00143811,105,62,47
S00143812,122,61,61
S00143813,178,111,67
S00143814,114,59,56
S00143815,66,29,37
S00143816,113,64,49
S00143817,118,76,39
S00143818,119,67,52
S00143819,104,56,48
S00143820,157,80,77
S00143821,104,53,51
S00143822,111,62,49
S00143823,245,144,101
S00143824,160,73,87
S00143825,197,123,74
S00143826,167,84,83
S00143827,99,42,57
S00143828,109,66,42
S00143829,82,41,44
S00143830,87,42,42
S00143831,194,103,91
S00143832,144,79,65
S00143833,74,34,40
S00143834,83,40,46
S00143835,109,58,48
S00143836,96,45,51
S00143837,62,27,32
S00143838,63,35,28
S00143839,151,92,56
S00143840,64,27,37
S00143841,76,29,47
S00143842,123,66,57
S00143843,83,43,42
S00143844,134,66,68
S00143845,134,67,67
S00143846,114,62,51
S00143847,146,73,69
S00143848,63,33,29
S00143849,84,38,46
S00143850,90,50,40
S00143851,148,83,65
S00143852,124,69,55
S00143853,69,31,38
S00143854,68,33,35
S00143855,68,28,36
S00143856,127,66,64
S00143857,139,72,67
S00143858,91,29,63
S00143859,102,56,46
S00143860,93,44,49
S00143861,129,57,72
S00143862,190,97,91
S00143863,76,27,44
S00143864,106,61,47
S00143865,90,47,41
S00143866,80,38,42
S00143867,146,79,67
S00143868,170,93,77
S00143869,99,56,43
S00143870,141,73,68
S00143871,163,95,68
S00143872,73,27,46
S00143873,111,48,63
S00143874,104,30,74
S00143875,81,46,35
S00143876,196,116,80
S00143877,130,64,66
S00143878,137,73,65
S00143879,156,94,62
S00143880,111,47,59
S00143881,154,72,82
S00143882,123,68,55
S00143883,103,55,48
S00143884,78,41,37
S00143885,87,36,51
S00143886,73,39,37
S00143887,156,101,55
S00143888,136,70,63
S00143889,184,104,84
S00143890,80,38,43
S00143891,165,90,75
S00143892,82,45,37
S00143893,145,67,74
S00143894,170,97,73
S00143895,156,89,67
S00143896,143,93,47
S00143897,61,33,28
S00143898,76,30,46
S00143899,91,55,40
S00143900,100,43,56
S00143901,71,37,39
S00143902,132,68,65
S00143903,111,49,62
S00143904,144,69,75
S00143905,79,45,34
S00143906,115,55,60
S00143907,157,101,56
S00143908,102,58,44
S00143909,90,37,51
S00143910,149,86,63
S00143911,103,55,51
S00143912,138,68,73
S00143913,110,69,41
S00143914,75,42,29
S00143915,79,53,33
S00143916,63,32,31
S00143917,88,46,38
S00143918,105,56,53
S00143919,90,32,58
S00143920,126,56,70
S00143921,65,36,33
S00143922,119,72,44
S00143923,150,81,68
S00143924,133,71,62
S00143925,145,76,69
S00143926,147,84,63
S00143927,141,68,73
S00143928,77,33,44
S00143929,107,61,49
S00143930,198,106,88
S00143931,212,110,102
S00143932,101,49,50
S00143933,98,51,47
S00143934,210,139,74
S00143935,116,48,67
S00143936,93,49,44
S00143937,124,66,58
S00143938,143,75,68
S00143939,124,63,61
S00143940,70,35,35
S00143941,120,51,70
S00143942,69,29,40
S00143943,194,108,89
S00143944,132,70,63
S00143945,72,31,41
S00143946,82,38,46
S00143947,91,39,52
S00143948,100,59,41
S00143949,86,34,49
S00143950,113,56,57
S00143951,78,45,33
S00143952,133,64,69
S00143953,100,65,39
S00143954,86,43,43
S00143955,108,55,50
S00143956,100,54,44
S00143957,99,66,34
S00143958,85,44,41
S00143959,95,48,47
S00143960,165,71,94
S00143961,81,47,34
S00143962,88,48,39
S00143963,189,95,94
S00143964,319,238,79
S00143965,89,41,48
S00143966,57,29,32
S00143967,97,30,63
S00143968,62,29,33
S00143969,130,73,57
S00143970,82,39,47
S00143971,254,132,126
S00143972,122,62,60
S00143973,162,79,83
S00143974,171,88,83
S00143975,164,88,76
S00143976,82,40,46
S00143977,112,51,61
S00143978,82,46,36
S00143979,179,92,87
S00143980,113,62,51
S00143981,71,40,31
S00143982,83,47,40
S00143983,149,78,71
S00143984,125,64,61
S00143985,105,49,56
S00143986,135,76,59
S00143987,70,33,37
S00143988,60,26,33
S00143989,65,37,32
S00143990,115,63,54
S00143991,87,48,38
S00143992,118,61,61
S00143993,96,42,54
S00143994,121,53,68
S00143995,91,47,48
S00143996,165,102,63
S00143997,114,74,40
S00143998,76,36,40
S00143999,176,93,81
S00144000,74,43,31
S00144001,108,53,55
S00144002,83,39,44
S00144003,164,73,91
S00144004,97,50,44
S00144005,81,40,41
S00144006,106,60,46
S00144007,125,51,74
S00144008,235,130,105
S00144009,333,167,166
S00144010,128,75,51
S00144011,112,53,59
S00144012,193,115,81
S00144013,64,24,40
S00144014,169,89,80
S00144015,137,68,69
S00144016,114,63,51
S00144017,113,60,53
S00144018,192,94,101
S00144019,114,49,65
S00144020,91,52,43
S00144021,97,43,58
S00144022,161,82,80
S00144023,114,58,56
S00144024,149,90,56
S00144025,82,39,43
S00144026,114,60,54
S00144027,110,54,56
S00144028,110,55,55
S00144029,92,51,41
S00144030,101,57,44
S00144031,137,69,68
S00144032,151,62,89
S00144033,115,63,52
S00144034,100,56,47
S00144035,193,97,96
S00144036,118,55,61
S00144037,101,44,57
S00144038,92,40,52
S00144039,98,49,49
S00144040,114,53,64
S00144041,122,68,54
S00144042,110,59,56
S00144043,95,60,35
S00144044,97,46,48
S00144045,178,97,84
S00144046,148,91,57
S00144047,188,117,67
S00144048,146,70,73
S00144049,82,48,33
S00144050,141,83,58
S00144051,96,44,48
S00144052,81,40,41
S00144053,135,67,68
S00144054,113,63,52
S00144055,99,55,44
S00144056,134,66,64
S00144057,152,76,74
S00144058,114,55,58
S00144059,96,46,50
S00144060,168,91,77
S00144061,102,50,52
S00144062,128,69,59
S00144063,88,40,47
S00144064,160,81,79
S00144065,127,64,63
S00144066,105,53,55
S00144067,141,67,74
S00144068,139,77,62
S00144069,202,108,94
S00144070,75,35,41
S00144071,75,38,41
S00144072,84,48,36
S00144073,126,77,49
S00144074,111,61,52
S00144075,87,47,42
S00144076,186,108,78
S00144077,105,47,58
S00144078,121,68,56
S00144079,117,62,55
S00144080,163,82,83
S00144081,79,38,41
S00144082,106,52,54
S00144083,117,62,55
S00144084,187,95,90
S00144085,117,54,63
S00144086,159,80,76
S00144087,165,83,81
S00144088,100,49,49
S00144089,137,80,59
S00144090,107,57,50
S00144091,88,50,41
S00144092,71,38,32
S00144093,139,80,59
S00144094,101,42,59
S00144095,81,44,37
S00144096,130,67,59
S00144097,88,55,33
S00144098,120,53,66
S00144099,104,41,63
S00144100,87,51,36
S00144101,162,90,76
S00144102,124,63,60
S00144103,65,33,32
S00144104,95,48,47
S00144105,89,40,49
S00144106,83,38,48
S00144107,133,66,62
S00144108,105,60,45
S00144109,172,103,69
S00144110,73,38,35
S00144111,224,113,109
S00144112,76,39,36
S00144113,107,61,43
S00144114,125,67,58
S00144115,88,48,35
S00144116,63,37,26
S00144117,130,70,60
S00144118,85,42,42
S00144119,97,40,57
S00144120,111,55,56
S00144121,184,95,90
S00144122,89,50,39
S00144123,75,38,38
S00144124,76,45,31
S00144125,173,109,64
S00144126,105,64,41
S00144127,86,39,47
S00144128,64,33,38
S00144129,105,61,44
S00144130,98,51,50
S00144131,98,51,47
S00144132,127,54,71
S00144133,116,66,48
S00144134,123,65,61
S00144135,99,47,52
S00144136,109,52,58
S00144137,68,32,36
S00144138,84,46,38
S00144139,99,53,46
S00144140,120,59,61
S00144141,97,39,53
S00144142,126,68,58
S00144143,145,86,59
S00144144,103,54,46
S00144145,116,59,57
S00144146,140,60,77
S00144147,81,44,37
S00144148,162,83,79
S00144149,146,78,68
S00144150,98,52,46
S00144151,69,34,35
S00144152,99,48,51
S00144153,71,39,39
S00144154,121,66,55
S00144155,173,92,77
S00144156,113,49,64
S00144157,114,56,58
S00144158,120,62,62
S00144159,110,66,48
S00144160,152,77,72
S00144161,85,47,38
S00144162,119,54,65
S00144163,114,60,54
S00144164,175,103,73
S00144165,176,97,83
S00144166,136,71,65
S00144167,83,42,42
S00144168,144,76,68
S00144169,135,67,68
S00144170,195,124,68
S00144171,125,50,76
S00144172,114,59,55
S00144173,147,79,71
S00144174,199,100,99
S00144175,114,57,53
S00144176,121,63,55
S00144177,165,89,78
S00144178,126,69,57
S00144179,169,83,86
S00144180,108,58,50
S00144181,122,59,63
S00144182,100,50,50
S00144183,80,43,34
S00144184,160,82,78
S00144185,86,49,39
S00144186,89,40,49
S00144187,213,110,103
S00144188,81,45,36
S00144189,131,66,65
S00144190,92,38,54
S00144191,139,78,61
S00144192,102,52,50
S00144193,61,25,36
S00144194,154,88,66
S00144195,75,40,34
S00144196,77,44,37
S00144197,133,64,69
S00144198,119,56,61
S00144199,150,72,77
S00144200,72,41,31
S00144201,91,46,44
S00144202,99,64,35
S00144203,107,48,59
S00144204,157,75,79
S00144205,87,45,44
S00144206,120,58,62
S00144207,89,47,42
S00144208,103,48,55
S00144209,97,43,54
S00144210,83,35,48
S00144211,68,35,36
S00144212,83,42,41
S00144213,64,32,32
S00144214,82,63,19
S00144215,99,47,52
S00144216,182,95,88
S00144217,110,53,57
S00144218,141,79,62
S00144219,108,51,57
S00144220,91,40,51
S00144221,81,42,39
S00144222,83,40,43
S00144223,84,40,44
S00144224,114,55,59
S00144225,82,44,38
S00144226,112,68,45
S00144227,92,47,47
S00144228,127,74,54
S00144229,141,73,68
S00144230,103,62,38
S00144231,109,56,53
S00144232,120,62,58
S00144233,117,58,60
S00144234,106,51,55
S00144235,181,117,68
S00144236,91,50,45
S00144237,117,52,65
S00144238,130,66,67
S00144239,140,69,71
S00144240,112,64,48
S00144241,89,51,38
S00144242,128,67,57
S00144243,64,32,32
S00144244,92,46,42
S00144245,126,72,54
S00144246,107,57,50
S00144247,164,93,71
S00144248,115,62,53
S00144249,104,54,50
S00144250,170,94,76
S00144251,109,59,50
S00144252,87,46,41
S00144253,114,68,46
S00144254,92,48,42
S00144255,92,48,44
S00144256,107,57,52
S00144257,152,82,70
S00144258,106,59,47
S00144259,125,69,56
S00144260,78,32,46
S00144261,65,38,27
S00144262,77,33,46
S00144263,91,53,42
S00144264,73,38,35
S00144265,78,47,32
S00144266,91,44,47
S00144267,65,38,27
S00144268,96,51,45
S00144269,85,40,45
S00144270,102,56,46
S00144271,111,59,55
S00144272,90,50,40
S00144273,133,69,68
S00144274,145,68,77
S00144275,96,54,42
S00144276,147,71,76
S00144277,114,61,53
S00144278,90,46,44
S00144279,114,61,53
S00144280,85,40,46
S00144281,117,58,59
S00144282,151,75,76
S00144283,115,57,62
S00144284,77,31,46
S00144285,138,76,62
S00144286,127,69,58
S00144287,220,111,109
S00144288,122,64,58
S00144289,127,59,69
S00144290,181,86,95
S00144291,72,36,36
S00144292,70,35,34
S00144293,105,55,50
S00144294,101,46,58
S00144295,66,31,31
S00144296,149,91,57
S00144297,71,33,38
S00144298,77,39,38
S00144299,121,61,60
S00144300,66,33,29
S00144301,110,53,55
S00144302,102,57,45
S00144303,162,87,75
S00144304,164,80,81
S00144305,123,64,59
S00144306,85,37,45
S00144307,60,32,28
S00144308,112,60,53
S00144309,83,34,46
S00144310,99,48,51
S00144311,130,69,61
S00144312,162,90,72
S00144313,166,85,81
S00144314,69,30,39
S00144315,122,66,56
S00144316,103,54,49
S00144317,142,72,70
S00144318,83,43,40
S00144319,93,50,43
S00144320,143,81,60
S00144321,92,48,44
S00144322,92,49,43
S00144323,97,53,44
S00144324,127,74,53
S00144325,108,61,47
S00144326,126,61,60
S00144327,107,64,43
S00144328,132,76,56
S00144329,66,35,31
S00144330,95,48,47
S00144331,92,54,38
S00144332,93,43,50
S00144333,62,38,20
S00144334,60,32,28
S00144335,67,35,32
S00144336,180,96,84
S00144337,73,43,30
S00144338,202,104,98
S00144339,96,57,39
S00144340,96,47,45
S00144341,125,59,62
S00144342,82,35,47
S00144343,82,35,47
S00144344,111,63,48
S00144345,85,37,49
S00144346,105,51,53
S00144347,64,24,40
S00144348,64,33,31
S00144349,102,52,50
S00144350,66,35,30
S00144351,103,58,51
S00144352,151,88,65
S00144353,153,71,82
S00144354,112,57,55
S00144355,131,76,55
S00144356,93,44,49
S00144357,136,71,65
S00144358,187,93,98
S00144359,84,31,53
S00144360,112,50,64
S00144361,76,40,36
S00144362,106,61,45
S00144363,101,49,49
S00144364,131,54,77
S00144365,75,46,33
S00144366,159,87,72
S00144367,114,52,62
S00144368,142,70,70
S00144369,86,53,33
S00144370,100,57,44
S00144371,151,84,64
S00144372,100,53,47
S00144373,111,61,50
S00144374,116,55,61
S00144375,107,51,56
S00144376,68,34,34
S00144377,146,67,83
S00144378,148,84,64
S00144379,66,36,30
S00144380,100,52,48
S00144381,143,59,84
S00144382,78,38,40
S00144383,85,39,46
S00144384,214,107,105
S00144385,61,39,22
S00144386,69,38,28
S00144387,156,75,81
S00144388,119,60,59
S00144389,156,92,64
S00144390,117,62,55
S00144391,128,70,62
S00144392,139,58,78
S00144393,146,74,72
S00144394,106,57,49
S00144395,164,87,77
S00144396,147,75,72
S00144397,460,232,228
S00144398,155,87,68
S00144399,117,57,60
S00144400,117,63,54
S00144401,92,48,44
S00144402,133,66,66
S00144403,144,78,65
S00144404,85,43,45
S00144405,91,53,38
S00144406,151,78,73
S00144407,117,60,57
S00144408,104,55,49
S00144409,166,71,95
S00144410,202,113,90
S00144411,96,48,45
S00144412,94,51,43
S00144413,109,58,51
S00144414,137,67,70
S00144415,102,48,54
S00144416,102,51,51
S00144417,138,74,64
S00144418,199,109,86
S00144419,754,91,663
S00144420,98,42,52
S00144421,111,56,55
S00144422,71,48,23
S00144423,62,31,31
S00144424,67,35,35
S00144425,94,46,45
S00144426,137,68,70
S00144427,156,76,76
S00144428,129,68,61
S00144429,102,54,46
S00144430,70,32,38
S00144431,85,40,45
S00144432,121,58,63
S00144433,131,69,63
S00144434,110,50,60
S00144435,163,96,67
S00144436,216,112,104
S00144437,110,67,43
S00144438,159,70,86
S00144439,119,72,47
S00144440,87,46,38
S00144441,76,47,31
S00144442,181,89,92
S00144443,150,76,74
S00144444,80,45,35
S00144445,178,97,84
S00144446,76,38,39
S00144447,147,87,64
S00144448,121,73,45
S00144449,104,49,55
S00144450,112,56,55
S00144451,85,41,44
S00144452,71,41,27
S00144453,132,71,63
S00144454,100,43,57
S00144455,262,98,162
S00144456,116,76,40
S00144457,105,58,46
S00144458,75,44,32
S00144459,128,61,67
S00144460,106,59,47
S00144461,99,46,53
S00144462,75,38,37
S00144463,152,70,86
S00144464,92,50,42
S00144465,147,77,70
S00144466,118,56,65
S00144467,92,51,44
S00144468,134,65,69
S00144469,107,55,47
S00144470,81,39,42
S00144471,106,60,46
S00144472,95,51,44
S00144473,76,39,37
S00144474,106,61,48
S00144475,169,116,53
S00144476,90,49,41
S00144477,99,53,46
S00144478,128,66,62
S00144479,134,76,63
S00144480,132,71,61
S00144481,179,84,95
S00144482,79,52,26
S00144483,137,73,64
S00144484,136,68,68
S00144485,98,56,42
S00144486,133,73,60
S00144487,135,71,64
S00144488,77,38,36
S00144489,144,75,71
S00144490,147,71,76
S00144491,104,57,47
S00144492,67,41,26
S00144493,96,54,42
S00144494,105,71,34
S00144495,115,58,60
S00144496,100,42,54
S00144497,119,64,55
S00144498,157,87,70
S00144499,84,45,39
S00144500,145,76,69
S00144501,83,42,38
S00144502,106,50,56
S00144503,84,39,45
S00144504,98,51,47
S00144505,113,55,58
S00144506,105,53,52
S00144507,233,125,108
S00144508,112,63,49
S00144509,146,87,58
S00144510,152,80,72
S00144511,81,43,35
S00144512,90,48,42
S00144513,119,58,61
S00144514,105,55,50
S00144515,192,98,94
S00144516,104,54,50
S00144517,93,46,48
S00144518,126,68,62
S00144519,161,84,77
S00144520,144,75,70
S00144521,120,66,54
S00144522,105,50,55
S00144523,110,61,49
S00144524,118,69,49
S00144525,63,36,30
S00144526,103,55,51
S00144527,294,149,143
S00144528,79,41,38
S00144529,120,67,53
S00144530,129,68,61
S00144531,98,50,48
S00144532,126,61,62
S00144533,131,79,49
S00144534,143,72,71
S00144535,108,49,59
S00144536,173,93,80
S00144537,61,34,27
S00144538,65,38,27
S00144539,98,52,46
S00144540,141,77,68
S00144541,165,86,82
S00144542,129,72,57
S00144543,157,81,76
S00144544,101,54,47
S00144545,110,52,62
S00144546,147,75,72
S00144547,150,85,65
S00144548,113,54,61
S00144549,118,54,62
S00144550,204,114,93
S00144551,109,56,49
S00144552,101,45,58
S00144553,86,19,67
S00144554,81,43,38
S00144555,138,72,66
S00144556,142,73,68
S00144557,76,34,42
S00144558,126,75,51
S00144559,104,57,47
S00144560,167,88,79
S00144561,124,65,59
S00144562,90,46,44
S00144563,132,60,72
S00144564,102,55,50
S00144565,125,61,64
S00144566,88,42,47
S00144567,61,35,26
S00144568,68,42,24
S00144569,127,64,63
S00144570,64,30,34
S00144571,129,68,57
S00144572,109,29,80
S00144573,131,68,63
S00144574,73,48,25
S00144575,119,62,54
S00144576,61,35,28
S00144577,93,51,42
S00144578,103,52,50
S00144579,78,40,35
S00144580,61,26,35
S00144581,99,55,44
S00144582,178,87,91
S00144583,83,45,38
S00144584,134,72,62
S00144585,153,75,76
S00144586,87,47,40
S00144587,89,47,42
S00144588,118,55,63
S00144589,123,64,59
S00144590,158,85,76
S00144591,114,64,52
S00144592,94,50,44
S00144593,110,50,56
S00144594,118,66,52
S00144595,112,59,53
S00144596,99,47,55
S00144597,106,53,50
S00144598,85,45,40
S00144599,108,54,54
S00144600,134,71,63
S00144601,104,54,50
S00144602,165,83,83
S00144603,131,62,71
S00144604,158,76,82
S00144605,107,59,48
S00144606,111,62,49
S00144607,152,79,73
S00144608,97,53,44
S00144609,109,56,53
S00144610,115,59,52
S00144611,125,75,50
S00144612,96,49,47
S00144613,73,43,30
S00144614,160,87,75
S00144615,77,37,39
S00144616,126,56,70
S00144617,141,75,64
S00144618,100,52,48
S00144619,60,22,38
S00144620,76,42,34
S00144621,139,74,65
S00144622,128,78,50
S00144623,129,69,60
S00144624,93,43,49
S00144625,155,80,74
S00144626,84,46,38
S00144627,124,66,57
S00144628,62,31,31
S00144629,221,111,111
S00144630,73,36,37
S00144631,76,38,34
S00144632,140,71,69
S00144633,84,45,39
S00144634,88,48,34
S00144635,73,42,30
S00144636,147,72,75
S00144637,95,38,53
S00144638,141,82,56
S00144639,113,62,51
S00144640,154,75,75
S00144641,112,59,53
S00144642,89,49,43
S00144643,71,42,29
S00144644,122,66,56
S00144645,129,62,67
S00144646,96,53,47
S00144647,168,90,78
S00144648,76,33,39
S00144649,106,53,53
S00144650,110,58,44
S00144651,97,46,51
S00144652,97,44,56
S00144653,175,88,87
S00144654,137,57,77
S00144655,113,82,31
S00144656,159,82,79
S00144657,92,48,41
S00144658,203,102,101
S00144659,159,80,79
S00144660,86,49,37
S00144661,108,53,55
S00144662,126,63,59
S00144663,131,63,68
S00144664,182,96,84
S00144665,94,51,43
S00144666,75,36,40
S00144667,105,49,56
S00144668,82,43,39
S00144669,97,38,59
S00144670,66,35,28
S00144671,89,42,47
S00144672,100,62,38
S00144673,86,45,40
S00144674,137,68,71
S00144675,108,59,49
S00144676,104,51,53
S00144677,157,82,75
S00144678,161,69,89
S00144679,115,60,55
S00144680,145,68,77
S00144681,81,49,32
S00144682,116,74,42
S00144683,82,42,40
S00144684,153,86,67
S00144685,65,36,28
S00144686,83,43,40
S00144687,205,106,103
S00144688,111,61,50
S00144689,118,65,53
S00144690,255,125,132
S00144691,128,59,69
S00144692,83,50,37
S00144693,124,67,60
S00144694,110,57,53
S00144695,135,89,49
S00144696,127,64,60
S00144697,81,40,38
S00144698,80,48,29
S00144699,115,55,60
S00144700,129,70,59
S00144701,80,39,41
S00144702,147,71,76
S00144703,113,61,52
S00144704,80,44,36
S00144705,197,108,89
S00144706,148,75,73
S00144707,111,54,57
S00144708,132,72,60
S00144709,109,56,53
S00144710,87,46,41
S00144711,78,39,39
S00144712,126,61,65
S00144713,152,79,74
S00144714,142,74,66
S00144715,125,69,60
S00144716,115,65,47
S00144717,136,69,67
S00144718,90,45,41
S00144719,177,107,70
S00144720,86,42,48
S00144721,170,105,66
S00144722,102,52,44
S00144723,178,94,84
S00144724,134,58,76
S00144725,76,34,38
S00144726,166,85,82
S00144727,113,59,56
S00144728,150,64,86
S00144729,85,40,45
S00144730,119,60,56
S00144731,133,72,64
S00144732,111,58,50
S00144733,149,72,77
S00144734,84,43,41
S00144735,142,72,73
S00144736,124,61,56
S00144737,189,87,102
S00144738,111,62,48
S00144739,125,62,66
S00144740,63,31,32
S00144741,89,47,42
S00144742,110,55,58
S00144743,107,57,50
S00144744,126,70,53
S00144745,110,61,49
S00144746,135,67,68
S00144747,62,32,34
S00144748,67,27,43
S00144749,91,45,44
S00144750,107,53,54
S00144751,112,57,57
S00144752,113,57,56
S00144753,130,74,59
S00144754,129,69,60
S00144755,84,43,41
S00144756,74,32,42
S00144757,130,68,65
S00144758,129,60,62
S00144759,110,59,52
S00144760,65,33,33
S00144761,124,70,53
S00144762,76,33,43
S00144763,101,50,51
S00144764,82,42,38
S00144765,84,39,45
S00144766,133,64,69
S00144767,119,55,67
S00144768,97,54,43
S00144769,106,50,56
S00144770,102,52,50
S00144771,113,61,52
S00144772,121,61,60
S00144773,116,48,68
S00144774,119,65,54
S00144775,77,35,41
S00144776,149,78,71
S00144777,149,86,63
S00144778,167,88,79
S00144779,94,43,49
S00144780,127,63,64
S00144781,96,46,48
S00144782,89,49,44
S00144783,112,51,62
S00144784,146,78,72
S00144785,105,49,56
S00144786,156,86,73
S00144787,132,57,72
S00144788,149,66,83
S00144789,71,50,21
S00144790,170,69,105
S00144791,77,33,44
S00144792,122,64,58
S00144793,114,49,63
S00144794,109,53,58
S00144795,111,56,51
S00144796,118,56,58
S00144797,124,60,64
S00144798,102,52,50
S00144799,104,44,60
S00144800,99,49,53
S00144801,110,49,63
S00144802,140,77,63
S00144803,93,47,46
S00144804,77,30,47
S00144805,111,63,48
S00144806,142,66,76
S00144807,73,34,39
S00144808,92,49,43
S00144809,162,87,75
S00144810,135,63,68
S00144811,96,51,43
S00144812,98,45,53
S00144813,88,39,52
S00144814,126,72,54
S00144815,56,43,18
S00144816,88,43,45
S00144817,76,41,38
S00144818,73,43,27
S00144819,63,36,30
S00144820,118,59,59
S00144821,166,82,86
S00144822,128,58,62
S00144823,84,47,40
S00144824,113,49,64
S00144825,100,45,53
S00144826,101,55,46
S00144827,104,55,49
S00144828,81,31,54
S00144829,87,43,41
S00144830,138,75,63
S00144831,76,39,37
S00144832,198,98,100
S00144833,113,54,59
S00144834,128,64,61
S00144835,108,55,53
S00144836,110,57,51
S00144837,110,50,58
S00144838,113,63,54
S00144839,102,49,53
S00144840,115,54,58
S00144841,128,72,59
S00144842,104,50,55
S00144843,132,71,64
S00144844,235,128,108
S00144845,97,36,61
S00144846,124,65,59
S00144847,105,54,51
S00144848,101,45,56
S00144849,92,51,41
S00144850,115,66,49
S00144851,70,34,36
S00144852,120,54,62
S00144853,96,41,52
S00144854,93,54,39
S00144855,106,45,61
S00144856,105,56,49
S00144857,109,52,61
S00144858,86,48,38
S00144859,136,61,72
S00144860,199,98,101
S00144861,101,54,50
S00144862,74,43,31
S00144863,84,36,48
S00144864,128,69,59
S00144865,103,56,47
S00144866,131,67,67
S00144867,1716,624,1092
S00144868,96,40,56
S00144869,118,54,60
S00144870,87,45,42
S00144871,76,38,38
S00144872,70,30,40
S00144873,116,59,57
S00144874,134,64,70
S00144875,134,68,66
S00144876,111,63,48
S00144877,93,44,46
S00144878,122,61,58
S00144879,418,94,324
S00144880,99,55,44
S00144881,99,54,45
S00144882,61,23,38
S00144883,113,59,51
S00144884,98,39,61
S00144885,131,64,66
S00144886,105,51,54
S00144887,142,65,77
S00144888,66,30,36
S00144889,115,60,59
S00144890,66,30,36
S00144891,88,42,43
S00144892,92,46,46
S00144893,145,70,75
S00144894,90,31,60
S00144895,84,48,36
S00144896,63,23,40
S00144897,109,61,48
S00144898,105,48,54
S00144899,127,68,59
S00144900,65,31,34
S00144901,145,80,69
S00144902,81,40,41
S00144903,131,77,55
S00144904,94,51,43
S00144905,143,74,66
S00144906,79,41,38
S00144907,90,46,44
S00144908,99,52,47
S00144909,140,66,73
S00144910,118,51,63
S00144911,95,51,44
S00144912,129,52,76
S00144913,85,39,50
S00144914,85,39,46
S00144915,96,51,45
S00144916,81,40,40
S00144917,130,73,57
S00144918,110,62,48
S00144919,128,62,66
S00144920,181,92,89
S00144921,95,46,51
S00144922,167,84,83
S00144923,115,54,60
S00144924,123,63,64
S00144925,109,49,60
S00144926,107,55,52
S00144927,92,48,44
S00144928,139,73,66
S00144929,158,81,77
S00144930,111,55,56
S00144931,88,42,46
S00144932,96,46,50
S00144933,106,61,46
S00144934,124,71,54
S00144935,86,42,44
S00144936,144,72,72
S00144937,125,64,58
S00144938,126,61,68
S00144939,136,71,65
S00144940,116,65,48
S00144941,168,92,76
S00144942,118,51,67
S00144943,136,65,73
S00144944,171,86,87
S00144945,116,58,55
S00144946,227,107,120
S00144947,110,61,49
S00144948,155,80,79
S00144949,147,67,79
S00144950,105,65,43
S00144951,102,51,51
S00144952,133,62,71
S00144953,100,45,56
S00144954,129,57,75
S00144955,105,62,44
S00144956,145,72,73
S00144957,99,48,47
S00144958,89,51,41
S00144959,78,43,36
S00144960,74,38,36
S00144961,103,50,57
S00144962,168,82,86
S00144963,127,58,69
S00144964,201,98,103
S00144965,93,46,47
S00144966,121,69,52
S00144967,124,57,67
S00144968,210,95,115
S00144969,87,45,42
S00144970,197,98,99
S00144971,151,81,70
S00144972,93,47,46
S00144973,167,92,75
S00144974,94,45,49
S00144975,119,64,55
S00144976,135,60,75
S00144977,78,41,37
S00144978,91,44,49
S00144979,72,39,31
S00144980,66,37,29
S00144981,145,82,56
S00144982,72,33,38
S00144983,92,47,45
S00144984,94,45,45
S00144985,95,44,52
S00144986,68,31,33
S00144987,101,49,49
S00144988,206,108,95
S00144989,115,57,58
S00144990,105,47,58
S00144991,140,67,73
S00144992,154,81,73
S00144993,75,42,33
S00144994,126,61,65
S00144995,134,70,61
S00144996,116,55,61
S00144997,130,69,61
S00144998,91,41,50
S00144999,76,40,33
S00145000,208,109,99
S00145001,117,68,49
S00145002,72,45,27
S00145003,186,95,86
S00145004,143,67,80
S00145005,123,59,67
S00145006,70,24,47
S00145007,146,78,68
S00145008,156,91,65
S00145009,107,54,53
S00145010,132,65,67
S00145011,131,72,59
S00145012,127,66,62
S00145013,127,61,64
S00145014,114,50,64
S00145015,112,54,58
S00145016,139,83,52
S00145017,105,51,54
S00145018,111,54,57
S00145019,137,67,68
S00145020,93,49,45
S00145021,89,46,43
S00145022,77,42,36
S00145023,78,36,42
S00145024,107,61,47
S00145025,74,45,29
S00145026,151,81,70
S00145027,152,93,62
S00145028,132,68,64
S00145029,123,66,58
S00145030,107,56,51
S00145031,190,96,94
S00145032,89,50,39
S00145033,97,54,43
S00145034,95,50,45
S00145035,80,40,40
S00145036,79,41,44
S00145037,100,55,45
S00145038,152,78,78
S00145039,98,48,50
S00145040,85,49,36
S00145041,108,54,55
S00145042,191,101,93
S00145043,106,55,57
S00145044,83,45,38
S00145045,123,64,59
S00145046,154,76,82
S00145047,138,72,66
S00145048,182,122,61
S00145049,114,58,56
S00145050,161,85,76
S00145051,127,68,62
S00145052,124,44,80
S00145053,91,44,47
S00145054,101,46,55
S00145055,83,36,47
S00145056,119,60,59
S00145057,135,71,64
S00145058,120,73,47
S00145059,140,70,70
S00145060,125,74,51
S00145061,131,65,66
S00145062,178,82,93
S00145063,95,45,49
S00145064,95,47,48
S00145065,97,58,39
S00145066,125,65,60
S00145067,81,44,37
S00145068,138,71,65
S00145069,71,37,34
S00145070,131,68,63
S00145071,71,39,32
S00145072,109,51,58
S00145073,85,46,37
S00145074,147,81,66
S00145075,101,54,47
S00145076,103,49,58
S00145077,177,94,87
S00145078,203,116,87
S00145079,77,41,40
S00145080,170,89,77
S00145081,99,52,47
S00145082,107,66,41
S00145083,178,86,92
S00145084,111,59,52
S00145085,105,62,43
S00145086,135,68,66
S00145087,65,34,31
S00145088,102,56,50
S00145089,120,64,56
S00145090,111,60,54
S00145091,103,56,47
S00145092,122,61,61
S00145093,153,83,70
S00145094,126,79,47
S00145095,113,62,52
S00145096,168,78,90
S00145097,105,54,47
S00145098,98,42,55
S00145099,85,43,41
S00145100,107,55,52
S00145101,103,50,53
S00145102,69,37,32
S00145103,103,57,46
S00145104,98,49,49
S00145105,135,71,64
S00145106,60,28,32
S00145107,235,116,120
S00145108,80,47,33
S00145109,88,43,45
S00145110,156,88,71
S00145111,87,40,47
S00145112,120,64,58
S00145113,175,91,84
S00145114,141,72,69
S00145115,125,67,58
S00145116,126,69,57
S00145117,136,74,62
S00145118,124,64,60
S00145119,120,70,54
S00145120,99,57,42
S00145121,102,51,51
S00145122,62,30,32
S00145123,124,57,67
S00145124,96,51,45
S00145125,125,66,56
S00145126,71,34,37
S00145127,72,32,40
S00145128,96,49,47
S00145129,134,66,68
S00145130,142,69,73
S00145131,77,39,38
S00145132,149,75,78
S00145133,103,60,43
S00145134,174,95,79
S00145135,81,45,36
S00145136,181,98,81
S00145137,63,28,35
S00145138,116,56,60
S00145139,187,101,86
S00145140,174,86,85
S00145141,141,70,71
S00145142,101,46,53
S00145143,95,52,45
S00145144,119,64,54
S00145145,99,55,44
S00145146,87,45,42
S00145147,191,94,97
S00145148,77,45,32
S00145149,126,78,48
S00145150,183,101,82
S00145151,176,80,96
S00145152,159,82,75
S00145153,161,81,82
S00145154,120,75,48
S00145155,116,61,57
S00145156,101,55,44
S00145157,124,67,54
S00145158,124,60,64
S00145159,131,70,64
S00145160,115,56,59
S00145161,88,47,41
S00145162,86,41,39
S00145163,94,46,48
S00145164,95,54,41
S00145165,100,57,43
S00145166,143,76,67
S00145167,164,84,76
S00145168,84,44,40
S00145169,148,98,50
S00145170,62,33,29
S00145171,142,74,68
S00145172,173,82,93
S00145173,120,67,56
S00145174,116,68,48
S00145175,108,60,52
S00145176,110,60,50
S00145177,82,46,37
S00145178,137,70,70
S00145179,79,40,39
S00145180,65,31,37
S00145181,62,46,16
S00145182,65,35,30
S00145183,87,45,42
S00145184,113,61,52
S00145185,160,88,76
S00145186,117,59,58
S00145187,125,63,62
S00145188,129,65,64
S00145189,85,50,35
S00145190,113,54,59
S00145191,84,47,40
S00145192,93,48,45
S00145193,148,83,65
S00145194,80,43,40
S00145195,155,79,75
S00145196,129,58,71
S00145197,128,69,59
S00145198,136,65,71
S00145199,123,57,66
S00145200,91,51,40
S00145201,81,46,36
S00145202,109,56,51
S00145203,132,61,71
S00145204,108,57,51
S00145205,119,61,55
S00145206,142,68,74
S00145207,97,41,55
S00145208,170,83,87
S00145209,106,56,50
S00145210,121,69,52
S00145211,71,35,35
S00145212,128,75,53
S00145213,146,75,71
S00145214,139,66,73
S00145215,107,61,50
S00145216,69,40,31
S00145217,105,61,45
S00145218,126,62,64
S00145219,107,57,50
S00145220,150,81,66
S00145221,146,71,75
S00145222,70,36,33
S00145223,94,51,46
S00145224,112,60,57
S00145225,80,41,41
S00145226,164,88,76
S00145227,150,84,69
S00145228,126,57,65
S00145229,107,55,51
S00145230,109,63,46
S00145231,120,65,55
S00145232,187,110,77
S00145233,117,65,52
S00145234,65,35,30
S00145235,143,74,66
S00145236,125,74,55
S00145237,136,65,71
S00145238,141,72,69
S00145239,123,69,54
S00145240,154,74,80
S00145241,122,61,61
S00145242,140,76,64
S00145243,120,59,65
S00145244,183,101,82
S00145245,62,30,32
S00145246,67,35,32
S00145247,168,104,69
S00145248,77,43,34
S00145249,105,53,52
S00145250,105,55,50
S00145251,95,51,44
S00145252,188,90,96
S00145253,176,91,85
S00145254,100,51,51
S00145255,92,43,49
S00145256,177,89,87
S00145257,197,96,97
S00145258,105,56,49
S00145259,262,159,104
S00145260,81,43,38
S00145261,147,75,73
S00145262,154,76,78
S00145263,151,78,70
S00145264,120,59,61
S00145265,149,70,77
S00145266,114,56,58
S00145267,78,41,34
S00145268,120,68,56
S00145269,124,70,54
S00145270,120,66,56
S00145271,129,63,65
S00145272,146,78,65
S00145273,101,52,51
S00145274,165,98,71
S00145275,89,48,41
S00145276,88,42,42
S00145277,112,59,50
S00145278,153,80,75
S00145279,201,100,101
S00145280,116,64,52
S00145281,148,77,71
S00145282,90,47,43
S00145283,492,77,415
S00145284,132,66,66
S00145285,105,53,52
S00145286,134,66,68
S00145287,116,64,52
S00145288,126,62,61
S00145289,137,67,70
S00145290,149,71,78
S00145291,203,105,99
S00145292,94,45,48
S00145293,76,43,35
S00145294,115,64,51
S00145295,114,61,51
S00145296,75,35,40
S00145297,138,64,74
S00145298,125,62,56
S00145299,114,63,51
S00145300,145,66,79
S00145301,87,45,46
S00145302,139,72,63
S00145303,63,38,29
S00145304,80,48,32
S00145305,170,86,83
S00145306,99,54,42
S00145307,145,77,68
S00145308,134,72,61
S00145309,75,31,47
S00145310,134,75,59
S00145311,91,45,46
S00145312,123,58,65
S00145313,106,54,52
S00145314,174,96,78
S00145315,88,51,37
S00145316,79,44,35
S00145317,69,29,39
S00145318,80,38,38
S00145319,163,71,92
S00145320,123,65,61
S00145321,103,55,48
S00145322,98,55,43
S00145323,74,40,34
S00145324,93,48,47
S00145325,76,40,36
S00145326,63,30,33
S00145327,108,60,47
S00145328,124,65,55
S00145329,119,62,61
S00145330,96,52,44
S00145331,120,61,61
S00145332,157,78,79
S00145333,157,87,74
S00145334,195,94,101
S00145335,123,64,59
S00145336,115,58,61
S00145337,88,49,35
S00145338,94,50,43
S00145339,171,90,81
S00145340,93,48,45
S00145341,104,51,54
S00145342,147,78,69
S00145343,127,63,64
S00145344,122,60,62
S00145345,86,38,47
S00145346,90,52,35
S00145347,58,34,28
S00145348,88,52,36
S00145349,64,32,29
S00145350,151,82,69
S00145351,127,65,63
S00145352,123,77,45
S00145353,66,33,35
S00145354,65,35,32
S00145355,61,33,28
S00145356,135,72,63
S00145357,91,52,39
S00145358,124,63,61
S00145359,188,100,88
S00145360,96,44,49
S00145361,102,53,56
S00145362,109,48,63
S00145363,85,43,38
S00145364,144,71,73
S00145365,103,55,51
S00145366,106,58,48
S00145367,151,85,66
S00145368,115,57,59
S00145369,140,73,67
S00145370,106,52,54
S00145371,141,71,68
S00145372,160,75,85
S00145373,65,36,29
S00145374,150,79,71
S00145375,146,75,70
S00145376,142,78,64
S00145377,165,93,73
S00145378,142,80,62
S00145379,84,46,38
S00145380,128,61,67
S00145381,161,82,79
S00145382,176,93,90
S00145383,113,49,64
S00145384,101,49,52
S00145385,152,80,72
S00145386,136,66,70
S00145387,194,100,96
S00145388,156,80,76
S00145389,73,39,34
S00145390,87,49,40
S00145391,158,81,77
S00145392,130,74,56
S00145393,124,67,60
S00145394,92,48,44
S00145395,112,57,53
S00145396,122,61,64
S00145397,71,38,33
S00145398,114,55,61
S00145399,101,49,52
S00145400,110,56,54
S00145401,131,69,67
S00145402,95,54,40
S00145403,120,54,67
S00145404,103,58,45
S00145405,108,56,55
S00145406,111,57,52
S00145407,152,81,71
S00145408,112,58,56
S00145409,138,66,72
S00145410,210,111,99
S00145411,90,51,43
S00145412,83,40,43
S00145413,108,53,52
S00145414,118,55,63
S00145415,128,70,58
S00145416,152,80,76
S00145417,84,44,37
S00145418,92,51,41
S00145419,158,80,77
S00145420,256,117,136
S00145421,122,65,55
S00145422,178,89,89
S00145423,75,37,39
S00145424,88,45,39
S00145425,126,62,64
S00145426,90,46,44
S00145427,132,68,64
S00145428,90,42,48
S00145429,86,47,42
S00145430,127,57,72
S00145431,98,51,47
S00145432,116,66,50
S00145433,138,73,63
S00145434,134,60,74
S00145435,143,72,71
S00145436,79,42,37
S00145437,111,61,50
S00145438,106,59,47
S00145439,126,67,59
S00145440,143,76,67
S00145441,160,79,83
S00145442,122,67,54
S00145443,64,36,28
S00145444,169,87,82
S00145445,159,84,75
S00145446,98,48,49
S00145447,88,50,38
S00145448,111,57,54
S00145449,123,56,67
S00145450,93,49,44
S00145451,133,67,69
S00145452,99,49,50
S00145453,99,52,47
S00145454,139,74,69
S00145455,106,55,51
S00145456,132,78,54
S00145457,132,60,67
S00145458,159,89,70
S00145459,110,53,57
S00145460,106,50,56
S00145461,107,51,56
S00145462,118,68,50
S00145463,94,45,49
S00145464,124,64,56
S00145465,117,56,61
S00145466,96,46,53
S00145467,68,42,28
S00145468,158,85,74
S00145469,93,51,42
S00145470,137,67,70
S00145471,141,72,69
S00145472,153,85,68
S00145473,96,61,33
S00145474,68,28,40
S00145475,125,61,64
S00145476,190,99,91
S00145477,112,55,61
S00145478,142,72,66
S00145479,111,55,55
S00145480,141,73,68
S00145481,151,75,79
S00145482,165,88,73
S00145483,129,72,57
S00145484,134,66,68
S00145485,102,53,49
S00145486,121,62,59
S00145487,103,57,46
S00145488,158,81,75
S00145489,202,113,90
S00145490,120,60,64
S00145491,93,53,40
S00145492,173,87,86
S00145493,179,89,90
S00145494,96,51,45
S00145495,84,42,39
S00145496,140,71,69
S00145497,73,36,36
S00145498,151,84,69
S00145499,79,41,38
S00145500,214,108,106
S00145501,149,74,75
S00145502,81,39,47
S00145503,158,78,80
S00145504,195,86,109
S00145505,113,65,48
S00145506,97,52,45
S00145507,125,66,56
S00145508,123,59,62
S00145509,198,113,89
S00145510,130,72,59
S00145511,153,76,77
S00145512,143,75,68
S00145513,99,54,45
S00145514,100,51,49
S00145515,125,63,62
S00145516,109,58,55
S00145517,79,41,38
S00145518,213,111,100
S00145519,127,67,60
S00145520,129,66,61
S00145521,93,50,43
S00145522,94,51,43
S00145523,122,64,58
S00145524,115,57,62
S00145525,75,42,37
S00145526,134,65,71
S00145527,137,70,67
S00145528,100,61,39
S00145529,114,53,61
S00145530,122,62,60
S00145531,204,100,104
S00145532,140,73,67
S00145533,93,49,44
S00145534,194,98,96
S00145535,123,62,61
S00145536,130,62,67
S00145537,127,65,62
S00145538,125,60,65
S00145539,71,40,33
S00145540,113,61,52
S00145541,161,78,83
S00145542,151,80,71
S00145543,151,80,71
S00145544,216,112,104
S00145545,97,47,50
S00145546,125,65,60
S00145547,240,123,120
S00145548,189,98,91
S00145549,169,83,80
S00145550,150,79,71
S00145551,97,50,47
S00145552,124,59,63
S00145553,181,91,90
S00145554,170,94,76
S00145555,116,55,61
S00145556,75,42,35
S00145557,113,68,45
S00145558,71,43,31
S00145559,58,30,32
S00145560,100,49,51
S00145561,109,56,53
S00145562,110,57,52
S00145563,121,63,60
S00145564,152,78,77
S00145565,197,97,102
S00145566,70,37,33
S00145567,90,47,43
S00145568,126,61,65
S00145569,116,63,53
S00145570,159,82,77
S00145571,98,51,47
S00145572,77,45,28
S00145573,88,48,40
S00145574,141,78,67
S00145575,148,72,73
S00145576,189,104,86
S00145577,135,72,59
S00145578,208,101,107
S00145579,116,63,53
S00145580,119,64,52
S00145581,130,70,64
S00145582,89,48,41
S00145583,138,76,62
S00145584,86,46,40
S00145585,188,99,94
S00145586,132,66,66
S00145587,80,45,35
S00145588,127,60,67
S00145589,117,59,58
S00145590,167,86,84
S00145591,145,73,72
S00145592,103,50,53
S00145593,87,45,42
S00145594,109,52,54
S00145595,166,85,81
S00145596,114,55,59
S00145597,185,89,96
S00145598,174,69,105
S00145599,73,35,38
S00145600,144,78,63
S00145601,97,53,44
S00145602,88,60,28
S00145603,192,95,95
S00145604,146,73,73
S00145605,170,94,76
S00145606,148,96,52
S00145607,111,54,52
S00145608,97,53,45
S00145609,137,75,61
S00145610,123,66,55
S00145611,94,55,39
S00145612,70,41,29
S00145613,97,53,45
S00145614,133,66,67
S00145615,70,34,36
S00145616,139,64,71
S00145617,144,75,72
S00145618,141,70,71
S00145619,86,48,38
S00145620,150,78,72
S00145621,75,33,40
S00145622,115,63,52
S00145623,100,53,47
S00145624,103,57,46
S00145625,100,46,51
S00145626,107,50,57
S00145627,122,62,60
S00145628,140,76,64
S00145629,156,80,76
S00145630,122,57,65
S00145631,109,51,58
S00145632,143,69,74
S00145633,120,64,59
S00145634,89,41,48
S00145635,91,45,48
S00145636,83,45,35
S00145637,103,53,54
S00145638,67,29,37
S00145639,74,37,37
S00145640,87,44,42
S00145641,65,37,32
S00145642,77,40,37
S00145643,122,69,57
S00145644,100,43,57
S00145645,101,55,46
S00145646,98,54,44
S00145647,118,55,57
S00145648,131,74,59
S00145649,136,77,59
S00145650,88,48,41
S00145651,104,60,45
S00145652,89,40,49
S00145653,126,68,54
S00145654,102,50,52
S00145655,137,60,75
S00145656,88,45,40
S00145657,110,46,60
S00145658,68,28,36
S00145659,109,54,54
S00145660,92,53,42
S00145661,83,38,41
S00145662,81,44,38
S00145663,109,53,56
S00145664,156,65,91
S00145665,91,48,43
S00145666,161,87,74
S00145667,66,28,38
S00145668,72,37,35
S00145669,65,37,28
S00145670,81,39,42
S00145671,94,52,42
S00145672,111,67,46
S00145673,94,49,45
S00145674,86,44,42
S00145675,102,53,49
S00145676,96,44,51
S00145677,114,54,60
S00145678,91,41,50
S00145679,87,44,45
S00145680,71,33,34
S00145681,98,52,43
S00145682,72,36,32
S00145683,89,38,50
S00145684,121,62,59
S00145685,142,78,64
S00145686,62,39,25
S00145687,94,49,45
S00145688,141,79,62
S00145689,136,69,67
S00145690,120,60,60
S00145691,66,29,37
S00145692,114,54,60
S00145693,118,61,57
S00145694,98,48,50
S00145695,92,46,46
S00145696,144,87,57
S00145697,85,48,40
S00145698,66,40,25
S00145699,106,55,48
S00145700,124,63,61
S00145701,95,45,50
S00145702,63,30,38
S00145703,150,81,69
S00145704,95,48,47
S00145705,99,48,51
S00145706,163,92,71
S00145707,106,56,50
S00145708,97,54,49
S00145709,92,51,35
S00145710,91,49,42
S00145711,116,55,61
S00145712,95,54,43
S00145713,79,37,39
S00145714,131,72,63
S00145715,114,65,53
S00145716,73,41,35
S00145717,106,53,53
S00145718,80,41,42
S00145719,105,55,50
S00145720,62,36,26
S00145721,100,50,50
S00145722,73,41,33
S00145723,101,52,47
S00145724,98,55,45
S00145725,131,77,54
S00145726,181,91,87
S00145727,163,79,84
S00145728,116,64,52
S00145729,133,69,64
S00145730,118,65,53
S00145731,226,118,104
S00145732,96,53,43
S00145733,149,79,70
S00145734,127,58,67
S00145735,74,38,36
S00145736,157,88,69
S00145737,69,33,36
S00145738,98,52,46
S00145739,181,91,92
S00145740,887,94,796
S00145741,68,32,35
S00145742,67,31,34
S00145743,97,53,45
S00145744,131,71,59
S00145745,94,45,49
S00145746,104,59,45
S00145747,158,84,74
S00145748,56,30,30
S00145749,142,68,73
S00145750,145,82,63
S00145751,218,113,109
S00145752,80,45,39
S00145753,124,60,64
S00145754,185,96,89
S00145755,143,75,68
S00145756,119,68,55
S00145757,82,44,38
S00145758,171,98,73
S00145759,122,66,56
S00145760,78,44,34
S00145761,187,99,90
S00145762,148,78,70
S00145763,116,59,57
S00145764,140,74,66
S00145765,142,77,67
S00145766,171,89,86
S00145767,180,93,87
S00145768,101,44,53
S00145769,141,68,73
S00145770,98,55,43
S00145771,168,92,77
S00145772,109,52,57
S00145773,99,53,46
S00145774,173,96,79
S00145775,83,37,46
S00145776,91,52,44
S00145777,113,65,48
S00145778,159,87,73
S00145779,103,63,39
S00145780,186,93,93
S00145781,97,46,55
S00145782,133,65,68
S00145783,124,68,51
S00145784,72,32,40
S00145785,158,92,69
S00145786,168,90,77
S00145787,124,67,57
S00145788,88,43,43
S00145789,91,47,44
S00145790,152,73,79
S00145791,94,50,44
S00145792,72,38,34
S00145793,89,47,42
S00145794,108,58,43
S00145795,79,31,50
S00145796,96,50,46
S00145797,157,88,69
S00145798,123,69,54
S00145799,77,38,39
S00145800,142,78,64
S00145801,101,56,48
S00145802,175,89,86
S00145803,79,43,33
S00145804,150,75,75
S00145805,135,72,63
S00145806,146,91,59
S00145807,139,74,66
S00145808,159,91,68
S00145809,75,39,37
S00145810,111,58,53
S00145811,135,76,59
S00145812,132,67,65
S00145813,116,59,57
S00145814,132,67,67
S00145815,102,51,51
S00145816,80,40,39
S00145817,95,41,54
S00145818,145,76,68
S00145819,114,58,56
S00145820,103,49,53
S00145821,88,42,46
S00145822,104,57,45
S00145823,150,73,75
S00145824,81,48,36
S00145825,141,76,65
S00145826,104,48,56
S00145827,132,71,63
S00145828,107,57,53
S00145829,151,89,62
S00145830,155,80,77
S00145831,79,36,43
S00145832,112,55,57
S00145833,135,74,61
S00145834,121,61,64
S00145835,156,84,79
S00145836,85,46,35
S00145837,110,55,55
S00145838,111,54,58
S00145839,108,62,46
S00145840,136,68,68
S00145841,143,77,66
S00145842,156,88,68
S00145843,99,49,50
S00145844,121,68,53
S00145845,204,103,101
S00145846,124,68,57
S00145847,141,76,71
S00145848,67,36,31
S00145849,215,117,101
S00145850,152,68,84
S00145851,111,64,45
S00145852,63,34,31
S00145853,93,52,41
S00145854,127,64,63
S00145855,85,46,43
S00145856,93,45,48
S00145857,118,64,54
S00145858,119,60,59
S00145859,120,62,61
S00145860,125,76,49
S00145861,83,47,39
S00145862,64,38,26
S00145863,129,71,58
S00145864,83,39,44
S00145865,81,37,44
S00145866,115,66,49
S00145867,154,82,70
S00145868,122,65,57
S00145869,126,58,68
S00145870,127,66,61
S00145871,119,63,56
S00145872,136,79,57
S00145873,151,84,67
S00145874,216,123,93
S00145875,126,61,65
S00145876,89,53,36
S00145877,83,46,37
S00145878,100,54,46
S00145879,152,77,75
S00145880,69,39,30
S00145881,200,88,112
S00145882,107,55,46
S00145883,133,64,71
S00145884,183,90,93
S00145885,93,50,40
S00145886,146,76,70
S00145887,182,96,86
S00145888,96,47,49
S00145889,60,33,27
S00145890,112,55,53
S00145891,109,59,50
S00145892,131,57,74
S00145893,154,75,79
S00145894,169,87,86
S00145895,124,54,70
S00145896,76,36,40
S00145897,107,56,51
S00145898,97,53,41
S00145899,73,40,33
S00145900,225,109,116
S00145901,116,56,60
S00145902,99,52,47
S00145903,200,104,96
S00145904,69,37,28
S00145905,135,76,67
S00145906,124,64,64
S00145907,114,53,60
S00145908,81,46,35
S00145909,104,47,57
S00145910,71,32,39
S00145911,93,43,50
S00145912,112,62,50
S00145913,77,33,44
S00145914,173,97,78
S00145915,93,50,42
S00145916,135,57,78
S00145917,77,47,30
S00145918,165,84,79
S00145919,87,44,43
S00145920,141,64,72
S00145921,76,39,37
S00145922,95,38,57
S00145923,94,47,47
S00145924,128,69,59
S00145925,75,29,46
S00145926,127,73,54
S00145927,127,61,66
S00145928,105,55,59
S00145929,111,62,46
S00145930,115,58,57
S00145931,84,41,43
S00145932,91,32,54
S00145933,157,92,65
S00145934,105,53,52
S00145935,103,51,52
S00145936,82,48,34
S00145937,82,45,40
S00145938,183,84,99
S00145939,103,58,45
S00145940,93,34,59
S00145941,140,79,64
S00145942,125,69,56
S00145943,115,56,59
S00145944,87,32,55
S00145945,75,35,42
S00145946,136,68,69
S00145947,114,57,57
S00145948,75,32,41
S00145949,84,48,38
S00145950,137,68,69
S00145951,112,56,52
S00145952,63,29,34
S00145953,71,37,34
S00145954,182,88,94
S00145955,167,85,82
S00145956,94,41,53
S00145957,122,58,64
S00145958,129,66,63
S00145959,133,72,61
S00145960,105,53,52
S00145961,119,62,61
S00145962,90,42,52
S00145963,170,83,87
S00145964,74,39,35
S00145965,63,32,31
S00145966,76,32,44
S00145967,79,40,39
S00145968,205,111,95
S00145969,109,54,55
S00145970,208,112,96
S00145971,72,39,33
S00145972,93,49,44
S00145973,69,35,34
S00145974,156,80,76
S00145975,96,50,46
S00145976,109,59,50
S00145977,87,44,43
S00145978,146,71,74
S00145979,91,43,48
S00145980,132,73,59
S00145981,195,108,87
S00145982,131,61,69
S00145983,115,56,58
S00145984,60,33,27
S00145985,81,49,35
S00145986,117,54,63
S00145987,126,58,68
S00145988,144,70,75
S00145989,144,79,65
S00145990,102,56,44
S00145991,138,84,58
S00145992,101,53,50
S00145993,108,45,61
S00145994,123,65,54
S00145995,180,94,86
S00145996,131,70,64
S00145997,111,63,52
S00145998,141,77,66
S00145999,139,74,65
S00146000,112,57,54
S00146001,214,110,104
S00146002,117,59,58
S00146003,83,43,40
S00146004,109,52,57
S00146005,102,53,46
S00146006,132,75,59
S00146007,125,60,67
S00146008,95,43,52
S00146009,103,63,43
S00146010,91,36,52
S00146011,83,42,43
S00146012,155,80,75
S00146013,89,47,42
S00146014,118,62,56
S00146015,104,53,51
S00146016,138,72,69
S00146017,69,38,31
S00146018,95,45,50
S00146019,112,57,55
S00146020,74,47,27
S00146021,158,78,80
S00146022,81,44,37
S00146023,113,65,51
S00146024,105,48,56
S00146025,91,55,36
S00146026,91,46,45
S00146027,120,54,66
S00146028,153,73,80
S00146029,152,77,79
S00146030,119,53,67
S00146031,131,70,60
S00146032,88,41,47
S00146033,71,29,42
S00146034,78,35,42
S00146035,85,42,43
S00146036,97,51,49
S00146037,97,50,47
S00146038,102,42,60
S00146039,102,45,57
S00146040,104,56,48
S00146041,142,82,60
S00146042,88,48,40
S00146043,90,44,46
S00146044,105,54,48
S00146045,92,42,50
S00146046,136,62,74
S00146047,78,33,45
S00146048,118,61,55
S00146049,119,62,57
S00146050,113,59,54
S00146051,137,69,68
S00146052,72,35,37
S00146053,65,38,27
S00146054,109,61,48
S00146055,93,47,47
S00146056,117,59,58
S00146057,159,83,76
S00146058,142,75,64
S00146059,130,68,65
S00146060,65,36,29
S00146061,113,64,49
S00146062,92,46,43
S00146063,79,42,37
S00146064,117,63,54
S00146065,101,51,50
S00146066,91,49,42
S00146067,111,60,54
S00146068,105,53,56
S00146069,147,72,75
S00146070,134,78,56
S00146071,96,55,42
S00146072,107,59,50
S00146073,107,53,56
S00146074,136,63,70
S00146075,107,50,57
S00146076,81,41,40
S00146077,183,102,81
S00146078,106,57,49
S00146079,60,29,31
S00146080,130,75,55
S00146081,151,77,74
S00146082,122,54,64
S00146083,97,49,50
S00146084,100,49,51
S00146085,90,52,38
S00146086,111,61,50
S00146087,61,36,25
S00146088,106,61,45
S00146089,93,42,48
S00146090,123,63,56
S00146091,83,55,28
S00146092,148,92,56
S00146093,127,56,71
S00146094,156,78,78
S00146095,115,54,62
S00146096,130,72,61
S00146097,60,34,26
S00146098,94,38,49
S00146099,181,94,89
S00146100,70,32,39
S00146101,101,49,52
S00146102,79,44,32
S00146103,132,73,58
S00146104,106,53,53
S00146105,92,54,38
S00146106,122,58,61
S00146107,107,48,59
S00146108,140,73,71
S00146109,84,43,39
S00146110,130,72,57
S00146111,177,92,85
S00146112,65,31,34
S00146113,74,40,34
S00146114,81,41,42
S00146115,85,41,44
S00146116,97,50,47
S00146117,87,46,41
S00146118,91,44,46
S00146119,139,63,74
S00146120,108,63,46
S00146121,119,58,61
S00146122,118,62,56
S00146123,171,90,81
S00146124,96,48,48
S00146125,123,65,58
S00146126,59,39,25
S00146127,117,58,56
S00146128,119,64,51
S00146129,126,64,62
S00146130,126,63,59
S00146131,97,50,45
S00146132,92,49,38
S00146133,73,35,38
S00146134,131,66,65
S00146135,157,88,69
S00146136,132,66,65
S00146137,104,60,44
S00146138,117,66,51
S00146139,73,41,36
S00146140,79,43,36
S00146141,66,32,29
S00146142,116,60,56
S00146143,69,38,28
S00146144,77,37,40
S00146145,111,59,52
S00146146,109,55,54
S00146147,137,75,62
S00146148,86,44,43
S00146149,93,52,41
S00146150,176,96,76
S00146151,145,82,63
S00146152,84,40,44
S00146153,167,76,91
S00146154,86,43,45
S00146155,170,83,88
S00146156,81,43,34
S00146157,109,52,54
S00146158,146,71,75
S00146159,109,47,62
S00146160,113,60,53
S00146161,75,38,40
S00146162,131,72,62
S00146163,167,89,81
S00146164,93,49,45
S00146165,78,35,43
S00146166,66,35,31
S00146167,64,35,29
S00146168,88,48,41
S00146169,103,51,52
S00146170,98,48,50
S00146171,88,44,44
S00146172,136,73,63
S00146173,137,71,66
S00146174,94,45,49
S00146175,167,80,87
S00146176,87,48,43
S00146177,140,66,74
S00146178,154,67,87
S00146179,114,53,61
S00146180,150,76,74
S00146181,169,80,93
S00146182,146,71,76
S00146183,104,55,53
S00146184,79,44,35
S00146185,79,40,39
S00146186,174,88,87
S00146187,163,74,86
S00146188,83,39,46
S00146189,91,52,42
S00146190,141,78,63
S00146191,154,75,79
S00146192,64,28,36
S00146193,144,65,78
S00146194,98,51,44
S00146195,86,44,42
S00146196,96,46,50
S00146197,131,62,69
S00146198,172,90,86
S00146199,154,82,72
S00146200,121,61,60
S00146201,132,65,67
S00146202,87,46,45
S00146203,153,74,78
S00146204,129,71,58
S00146205,62,32,30
S00146206,137,75,58
S00146207,67,33,34
S00146208,95,47,45
S00146209,193,107,86
S00146210,78,39,39
S00146211,100,54,46
S00146212,86,43,43
S00146213,87,39,48
S00146214,66,32,34
S00146215,73,36,37
S00146216,109,50,59
S00146217,75,40,35
S00146218,91,45,41
S00146219,143,74,66
S00146220,124,59,65
S00146221,149,76,73
S00146222,78,41,41
S00146223,147,75,72
S00146224,123,61,62
S00146225,73,33,40
S00146226,132,64,71
S00146227,141,72,65
S00146228,161,76,85
S00146229,168,86,82
S00146230,139,73,66
S00146231,160,80,80
S00146232,139,74,65
S00146233,184,87,97
S00146234,146,77,69
S00146235,98,51,43
S00146236,148,72,76
S00146237,90,50,40
S00146238,166,72,94
S00146239,101,52,47
S00146240,90,46,44
S00146241,183,85,95
S00146242,72,40,32
S00146243,81,37,44
S00146244,98,45,50
S00146245,127,58,69
S00146246,69,32,37
S00146247,136,68,68
S00146248,71,36,35
S00146249,120,63,57
S00146250,164,88,76
S00146251,60,32,28
S00146252,169,88,81
S00146253,131,69,62
S00146254,116,61,56
S00146255,79,39,40
S00146256,79,36,43
S00146257,92,46,48
S00146258,128,68,60
S00146259,71,34,39
S00146260,154,84,70
S00146261,96,50,47
S00146262,123,63,60
S00146263,127,63,64
S00146264,189,103,86
S00146265,69,28,41
S00146266,187,90,97
S00146267,173,90,84
S00146268,100,51,51
S00146269,100,49,51
S00146270,95,43,54
S00146271,159,80,77
S00146272,136,64,71
S00146273,172,86,86
S00146274,96,50,46
S00146275,72,42,33
S00146276,120,58,62
S00146277,117,52,65
S00146278,99,49,49
S00146279,152,85,68
S00146280,122,69,53
S00146281,123,66,57
S00146282,115,63,52
S00146283,156,75,80
S00146284,135,70,65
S00146285,140,72,68
S00146286,159,84,77
S00146287,112,64,50
S00146288,61,32,29
S00146289,184,102,82
S00146290,111,60,51
S00146291,80,35,40
S00146292,72,39,36
S00146293,86,51,35
S00146294,84,37,47
S00146295,132,73,63
S00146296,200,102,98
S00146297,116,57,59
S00146298,131,74,57
S00146299,154,73,81
S00146300,82,46,36
S00146301,71,36,35
S00146302,117,55,60
S00146303,99,46,53
S00146304,144,84,60
S00146305,61,28,33
S00146306,126,67,59
S00146307,125,69,56
S00146308,112,72,43
S00146309,108,56,52
S00146310,115,59,56
S00146311,147,70,76
S00146312,101,51,50
S00146313,165,82,87
S00146314,104,55,49
S00146315,88,46,42
S00146316,96,51,45
S00146317,134,64,68
S00146318,81,46,35
S00146319,118,61,57
S00146320,134,76,58
S00146321,75,40,38
S00146322,119,67,55
S00146323,111,54,57
S00146324,105,63,45
S00146325,145,72,76
S00146326,99,54,45
S00146327,102,53,49
S00146328,106,55,51
S00146329,103,55,48
S00146330,115,55,56
S00146331,76,40,36
S00146332,103,54,49
S00146333,155,78,77
S00146334,71,37,37
S00146335,127,64,65
S00146336,128,67,62
S00146337,110,57,53
S00146338,116,52,61
S00146339,118,58,60
S00146340,115,56,56
S00146341,67,41,26
S00146342,159,72,87
S00146343,135,74,58
S00146344,153,76,77
S00146345,106,61,49
S00146346,73,37,36
S00146347,86,47,39
S00146348,138,75,63
S00146349,109,58,51
S00146350,113,55,62
S00146351,81,45,37
S00146352,123,65,60
S00146353,165,94,68
S00146354,149,76,73
S00146355,157,82,74
S00146356,134,70,62
S00146357,92,42,51
S00146358,88,46,42
S00146359,92,48,44
S00146360,119,62,61
S00146361,147,71,74
S00146362,122,53,66
S00146363,85,44,41
S00146364,87,43,44
S00146365,123,60,63
S00146366,149,73,76
S00146367,105,53,52
S00146368,148,85,67
S00146369,128,62,67
S00146370,121,61,60
S00146371,86,42,45
S00146372,105,59,46
S00146373,119,62,57
S00146374,73,36,40
S00146375,193,104,89
S00146376,107,54,50
S00146377,113,54,59
S00146378,64,38,29
S00146379,95,43,51
S00146380,88,51,37
S00146381,83,41,42
S00146382,97,45,52
S00146383,127,71,55
S00146384,81,41,40
S00146385,112,56,54
S00146386,185,102,83
S00146387,160,86,78
S00146388,76,35,41
S00146389,132,70,62
S00146390,103,55,45
S00146391,70,43,27
S00146392,80,43,37
S00146393,97,56,41
S00146394,141,77,61
S00146395,115,52,63
S00146396,112,53,59
S00146397,132,66,63
S00146398,74,44,30
S00146399,143,73,72
S00146400,234,125,109
S00146401,116,61,51
S00146402,101,49,53
S00146403,104,57,45
S00146404,84,46,38
S00146405,189,98,91
S00146406,113,49,57
S00146407,129,74,59
S00146408,109,59,50
S00146409,161,89,72
S00146410,82,44,38
S00146411,151,82,69
S00146412,97,60,37
S00146413,83,41,42
S00146414,67,36,28
S00146415,98,51,48
S00146416,92,43,49
S00146417,118,66,52
S00146418,107,54,56
S00146419,90,47,43
S00146420,74,39,35
S00146421,224,123,101
S00146422,123,60,59
S00146423,82,34,44
S00146424,123,61,62
S00146425,169,83,83
S00146426,111,59,50
S00146427,88,44,44
S00146428,163,83,80
S00146429,158,88,70
S00146430,148,78,70
S00146431,140,77,59
S00146432,100,35,65
S00146433,62,27,35
S00146434,80,37,43
S00146435,145,76,65
S00146436,142,71,68
S00146437,159,98,65
S00146438,67,32,35
S00146439,73,43,31
S00146440,66,33,33
S00146441,176,85,91
S00146442,93,45,48
S00146443,73,31,42
S00146444,69,36,36
S00146445,138,82,56
S00146446,81,43,38
S00146447,154,80,74
S00146448,118,65,53
S00146449,256,130,126
S00146450,143,80,63
S00146451,121,69,52
S00146452,96,43,52
S00146453,188,92,96
S00146454,129,67,62
S00146455,86,42,44
S00146456,71,33,38
S00146457,82,46,36
S00146458,106,49,55
S00146459,98,48,50
S00146460,74,38,36
S00146461,130,66,64
S00146462,102,52,50
S00146463,149,80,69
S00146464,104,51,53
S00146465,128,68,60
S00146466,160,82,76
S00146467,241,124,117
S00146468,179,103,76
S00146469,89,49,41
S00146470,156,69,87
S00146471,176,101,76
S00146472,173,85,88
S00146473,100,64,36
S00146474,142,72,70
S00146475,146,81,62
S00146476,230,117,113
S00146477,72,40,32
S00146478,90,46,41
S00146479,157,86,71
S00146480,78,38,40
S00146481,95,51,47
S00146482,102,61,41
S00146483,99,60,39
S00146484,219,124,95
S00146485,125,63,65
S00146486,125,72,53
S00146487,147,85,58
S00146488,104,60,48
S00146489,128,61,67
S00146490,91,49,41
S00146491,110,61,55
S00146492,125,53,72
S00146493,80,40,40
S00146494,87,48,39
S00146495,137,75,62
S00146496,77,43,34
S00146497,63,35,28
S00146498,180,96,80
S00146499,105,52,57
S00146500,149,79,69
S00146501,155,82,73
S00146502,177,85,92
S00146503,134,79,55
S00146504,187,92,95
S00146505,110,56,54
S00146506,106,60,48
S00146507,99,52,43
S00146508,181,90,91
S00146509,82,44,37
S00146510,119,64,55
S00146511,62,39,23
S00146512,116,55,57
S00146513,113,57,56
S00146514,116,59,57
S00146515,62,29,33
S00146516,140,84,56
S00146517,67,30,37
S00146518,144,75,72
S00146519,65,39,26
S00146520,179,93,86
S00146521,115,62,53
S00146522,121,63,58
S00146523,108,52,56
S00146524,91,46,45
S00146525,171,87,88
S00146526,137,79,57
S00146527,109,61,46
S00146528,141,80,61
S00146529,140,73,67
S00146530,144,72,72
S00146531,81,46,42
S00146532,89,34,55
S00146533,84,48,36
S00146534,123,65,58
S00146535,200,119,81
S00146536,102,42,60
S00146537,154,62,92
S00146538,92,45,47
S00146539,129,64,65
S00146540,240,44,196
S00146541,85,46,39
S00146542,90,40,50
S00146543,159,77,77
S00146544,116,62,51
S00146545,82,39,43
S00146546,109,55,54
S00146547,125,60,62
S00146548,120,60,61
S00146549,110,45,61
S00146550,124,66,55
S00146551,113,58,55
S00146552,74,40,34
S00146553,125,75,50
S00146554,113,61,52
S00146555,157,71,86
S00146556,100,53,47
S00146557,155,79,76
S00146558,132,58,74
S00146559,116,61,55
S00146560,68,34,30
S00146561,141,68,69
S00146562,141,77,64
S00146563,91,36,57
S00146564,131,73,58
S00146565,96,39,57
S00146566,61,32,29
S00146567,61,32,29
S00146568,116,65,51
S00146569,113,62,52
S00146570,154,80,74
S00146571,124,70,54
S00146572,166,95,63
S00146573,103,41,62
S00146574,70,43,31
S00146575,83,30,51
S00146576,80,40,40
S00146577,97,52,40
S00146578,77,44,33
S00146579,69,28,41
S00146580,76,34,42
S00146581,124,74,50
S00146582,138,75,63
S00146583,75,43,32
S00146584,71,41,27
S00146585,97,48,47
S00146586,85,43,42
S00146587,83,44,39
S00146588,101,51,50
S00146589,92,56,36
S00146590,110,58,52
S00146591,69,34,35
S00146592,157,87,70
S00146593,120,66,56
S00146594,166,86,80
S00146595,100,53,47
S00146596,134,63,71
S00146597,161,86,75
S00146598,100,47,50
S00146599,74,37,37
S00146600,117,64,56
S00146601,82,50,35
S00146602,84,44,40
S00146603,114,59,55
S00146604,99,50,49
S00146605,68,36,30
S00146606,112,51,61
S00146607,167,89,78
S00146608,132,75,59
S00146609,116,52,64
S00146610,98,52,43
S00146611,167,84,83
S00146612,90,40,50
S00146613,98,54,44
S00146614,79,37,38
S00146615,67,36,31
S00146616,70,38,28
S00146617,92,48,44
S00146618,125,72,53
S00146619,82,44,38
S00146620,65,28,37
S00146621,90,44,46
S00146622,130,63,65
S00146623,104,54,50
S00146624,86,40,42
S00146625,70,34,36
S00146626,128,67,57
S00146627,152,83,69
S00146628,182,96,86
S00146629,115,60,55
S00146630,121,67,54
S00146631,163,78,85
S00146632,73,38,35
S00146633,86,47,39
S00146634,147,74,73
S00146635,104,55,50
S00146636,127,63,61
S00146637,133,67,66
S00146638,120,68,52
S00146639,107,60,47
S00146640,69,33,39
S00146641,135,71,64
S00146642,95,45,46
S00146643,155,89,66
S00146644,107,57,53
S00146645,100,49,51
S00146646,125,64,61
S00146647,126,63,63
S00146648,62,37,26
S00146649,99,56,43
S00146650,96,51,45
S00146651,72,37,35
S00146652,90,48,45
S00146653,118,56,66
S00146654,73,46,27
S00146655,104,55,46
S00146656,142,72,74
S00146657,154,82,72
S00146658,225,118,113
S00146659,111,56,55
S00146660,149,76,73
S00146661,173,88,80
S00146662,108,61,47
S00146663,75,38,37
S00146664,101,56,44
S00146665,97,49,48
S00146666,160,84,79
S00146667,105,55,46
S00146668,111,53,58
S00146669,60,36,24
S00146670,85,53,32
S00146671,138,66,72
S00146672,106,63,47
S00146673,139,76,63
S00146674,138,73,65
S00146675,82,41,41
S00146676,169,82,89
S00146677,101,58,47
S00146678,78,39,36
S00146679,95,55,40
S00146680,82,47,39
S00146681,143,72,71
S00146682,116,60,56
S00146683,81,40,41
S00146684,121,65,55
S00146685,141,81,66
S00146686,164,91,73
S00146687,153,80,73
S00146688,105,52,53
S00146689,76,41,35
S00146690,92,49,43
S00146691,124,62,62
S00146692,119,56,64
S00146693,103,59,43
S00146694,96,49,47
S00146695,65,37,28
S00146696,130,67,63
S00146697,71,37,30
S00146698,85,40,45
S00146699,113,69,48
S00146700,87,47,40
S00146701,128,67,61
S00146702,100,52,45
S00146703,168,86,82
S00146704,95,56,39
S00146705,105,52,53
S00146706,74,37,37
S00146707,129,68,62
S00146708,142,66,76
S00146709,106,53,53
S00146710,146,70,76
S00146711,149,79,68
S00146712,134,73,64
S00146713,191,110,81
S00146714,120,56,64
S00146715,125,62,65
S00146716,124,60,64
S00146717,108,56,52
S00146718,75,40,38
S00146719,88,52,36
S00146720,155,77,76
S00146721,99,45,51
S00146722,144,75,69
S00146723,130,65,65
S00146724,158,70,88
S00146725,80,41,39
S00146726,189,98,91
S00146727,95,45,50
S00146728,110,57,53
S00146729,164,78,90
S00146730,169,99,68
S00146731,158,80,74
S00146732,110,51,59
S00146733,103,48,55
S00146734,125,58,70
S00146735,143,74,69
S00146736,120,61,59
S00146737,133,66,67
S00146738,80,38,42
S00146739,92,45,51
S00146740,163,85,76
S00146741,165,80,85
S00146742,137,65,72
S00146743,127,60,64
S00146744,105,48,53
S00146745,114,62,52
S00146746,162,86,80
S00146747,92,46,49
S00146748,75,35,44
S00146749,145,80,65
S00146750,118,61,56
S00146751,180,92,88
S00146752,121,67,54
S00146753,122,59,63
S00146754,63,25,40
S00146755,61,30,31
S00146756,145,75,66
S00146757,82,37,45
S00146758,119,64,59
S00146759,139,70,69
S00146760,119,63,56
S00146761,167,83,89
S00146762,148,69,76
S00146763,119,58,61
S00146764,140,69,71
S00146765,65,32,33
S00146766,103,56,49
S00146767,107,57,50
S00146768,124,65,59
S00146769,84,39,43
S00146770,88,40,50
S00146771,113,54,59
S00146772,116,64,52
S00146773,68,39,31
S00146774,157,78,83
S00146775,127,63,64
S00146776,122,56,66
S00146777,139,74,65
S00146778,70,32,38
S00146779,81,41,40
S00146780,108,55,53
S00146781,199,101,97
S00146782,135,67,68
S00146783,135,81,58
S00146784,174,81,93
S00146785,135,71,62
S00146786,98,48,50
S00146787,107,54,53
S00146788,151,86,64
S00146789,96,54,42
S00146790,167,89,81
S00146791,92,43,49
S00146792,89,41,48
S00146793,100,51,47
S00146794,112,53,57
S00146795,117,61,55
S00146796,159,85,74
S00146797,69,28,41
S00146798,148,71,77
S00146799,145,76,73
S00146800,108,58,50
S00146801,73,39,34
S00146802,94,55,43
S00146803,134,72,62
S00146804,91,46,45
S00146805,96,55,41
S00146806,96,48,48
S00146807,90,54,36
S00146808,86,43,43
S00146809,110,65,45
S00146810,155,77,76
S00146811,84,48,36
S00146812,88,50,41
S00146813,141,69,69
S00146814,109,60,49
S00146815,116,63,53
S00146816,90,45,45
S00146817,145,73,69
S00146818,149,86,63
S00146819,78,40,41
S00146820,176,86,87
S00146821,78,41,37
S00146822,131,73,56
S00146823,87,50,37
S00146824,92,51,43
S00146825,93,49,44
S00146826,85,42,40
S00146827,147,79,68
S00146828,90,53,37
S00146829,79,41,38
S00146830,92,46,46
S00146831,92,44,44
S00146832,88,46,42
S00146833,108,52,53
S00146834,59,30,33
S00146835,146,68,82
S00146836,140,70,70
S00146837,101,54,47
S00146838,79,40,39
S00146839,69,25,44
S00146840,80,42,38
S00146841,97,50,47
S00146842,132,68,64
S00146843,89,49,40
S00146844,89,40,49
S00146845,200,105,95
S00146846,152,95,60
S00146847,167,85,83
S00146848,89,54,35
S00146849,174,99,73
S00146850,143,71,72
S00146851,159,88,71
S00146852,86,42,44
S00146853,61,34,27
S00146854,161,104,61
S00146855,145,84,61
S00146856,84,51,36
S00146857,75,42,31
S00146858,127,69,58
S00146859,73,37,36
S00146860,104,43,61
S00146861,95,50,45
S00146862,108,60,45
S00146863,104,56,48
S00146864,91,48,42
S00146865,72,29,39
S00146866,114,65,49
S00146867,89,41,48
S00146868,87,46,41
S00146869,131,67,61
S00146870,63,33,27
S00146871,85,40,45
S00146872,105,58,49
S00146873,121,61,60
S00146874,97,50,47
S00146875,91,48,43
S00146876,126,65,61
S00146877,114,62,49
S00146878,68,38,31
S00146879,106,54,52
S00146880,149,75,74
S00146881,95,41,54
S00146882,140,65,75
S00146883,77,39,38
S00146884,106,58,48
S00146885,121,66,55
S00146886,111,58,53
S00146887,160,88,72
S00146888,82,39,44
S00146889,91,46,49
S00146890,116,58,60
S00146891,141,69,72
S00146892,117,64,53
S00146893,89,34,51
S00146894,148,78,70
S00146895,90,41,45
S00146896,90,35,55
S00146897,105,55,50
S00146898,91,51,43
S00146899,82,40,42
S00146900,110,56,54
S00146901,99,49,50
S00146902,140,66,74
S00146903,104,52,52
S00146904,75,34,41
S00146905,107,47,60
S00146906,126,65,61
S00146907,102,48,49
S00146908,140,67,73
S00146909,90,45,43
S00146910,78,42,37
S00146911,102,49,53
S00146912,76,41,36
S00146913,127,62,65
S00146914,120,58,61
S00146915,120,62,57
S00146916,115,60,55
S00146917,63,36,30
S00146918,154,82,72
S00146919,129,67,64
S00146920,99,57,42
S00146921,88,43,45
S00146922,158,82,76
S00146923,144,77,67
S00146924,74,46,28
S00146925,96,49,44
S00146926,79,36,47
S00146927,136,76,64
S00146928,81,40,41
S00146929,142,75,67
S00146930,102,52,50
S00146931,66,32,34
S00146932,119,64,55
S00146933,125,66,62
S00146934,121,60,61
S00146935,78,47,31
S00146936,134,61,75
S00146937,68,38,31
S00146938,119,57,62
S00146939,110,57,56
S00146940,80,41,37
S00146941,132,66,67
S00146942,113,58,55
S00146943,70,33,37
S00146944,73,28,48
S00146945,149,74,75
S00146946,162,90,74
S00146947,100,52,48
S00146948,95,50,41
S00146949,107,54,53
S00146950,68,32,36
S00146951,92,41,51
S00146952,94,48,46
S00146953,173,99,74
S00146954,131,64,67
S00146955,104,51,53
S00146956,90,50,40
S00146957,80,42,38
S00146958,93,47,46
S00146959,128,65,63
S00146960,90,46,44
S00146961,169,82,87
S00146962,123,69,54
S00146963,83,40,43
S00146964,166,82,84
S00146965,152,70,81
S00146966,154,70,85
S00146967,135,69,66
S00146968,90,47,43
S00146969,157,76,81
S00146970,139,63,78
S00146971,86,40,46
S00146972,111,52,63
S00146973,78,42,36
S00146974,101,57,44
S00146975,177,88,89
S00146976,153,80,73
S00146977,174,89,85
S00146978,157,76,81
S00146979,86,44,42
S00146980,63,37,31
S00146981,98,54,44
S00146982,146,76,70
S00146983,81,41,42
S00146984,106,48,58
S00146985,86,45,41
S00146986,111,61,49
S00146987,122,65,57
S00146988,155,94,61
S00146989,157,91,66
S00146990,80,40,40
S00146991,66,36,30
S00146992,84,43,41
S00146993,98,50,47
S00146994,89,50,39
S00146995,123,59,61
S00146996,169,87,82
S00146997,156,82,74
S00146998,80,47,33
S00146999,92,49,43
S00147000,111,59,52
S00147001,82,38,41
S00147002,107,57,47
S00147003,85,45,39
S00147004,110,61,49
S00147005,132,71,62
S00147006,62,29,33
S00147007,141,71,70
S00147008,124,59,65
S00147009,131,77,55
S00147010,129,73,61
S00147011,81,48,33
S00147012,110,56,50
S00147013,101,56,45
S00147014,65,35,31
S00147015,122,66,52
S00147016,150,84,66
S00147017,163,86,77
S00147018,105,56,49
S00147019,166,95,68
S00147020,133,72,58
S00147021,157,85,68
S00147022,79,47,32
S00147023,113,62,51
S00147024,85,45,40
S00147025,126,65,61
S00147026,86,45,41
S00147027,90,44,46
S00147028,128,73,55
S00147029,111,67,44
S00147030,65,39,26
S00147031,101,50,51
S00147032,162,84,78
S00147033,59,32,31
S00147034,84,42,45
S00147035,176,96,84
S00147036,87,45,42
S00147037,87,46,41
S00147038,91,51,40
S00147039,82,44,38
S00147040,74,39,35
S00147041,171,86,85
S00147042,71,29,42
S00147043,143,81,62
S00147044,94,48,46
S00147045,90,46,44
S00147046,119,66,51
S00147047,91,45,49
S00147048,108,56,52
S00147049,129,59,72
S00147050,94,47,51
S00147051,153,71,82
S00147052,149,75,74
S00147053,107,56,51
S00147054,89,48,42
S00147055,96,46,52
S00147056,75,27,48
S00147057,113,55,62
S00147058,91,49,42
S00147059,130,67,61
S00147060,75,39,36
S00147061,61,35,26
S00147062,121,64,57
S00147063,99,48,51
S00147064,84,41,43
S00147065,111,57,54
S00147066,79,43,38
S00147067,66,32,34
S00147068,120,55,61
S00147069,113,56,60
S00147070,79,43,36
S00147071,85,40,45
S00147072,125,69,56
S00147073,108,50,58
S00147074,123,60,63
S00147075,111,59,52
S00147076,95,44,55
S00147077,127,74,53
S00147078,142,75,64
S00147079,140,68,75
S00147080,84,37,47
S00147081,129,71,58
S00147082,87,47,40
S00147083,82,41,41
S00147084,93,52,41
S00147085,115,66,49
S00147086,70,36,34
S00147087,144,70,72
S00147088,134,62,72
S00147089,65,33,32
S00147090,101,53,45
S00147091,107,55,51
S00147092,122,62,56
S00147093,125,75,50
S00147094,86,57,29
S00147095,66,26,36
S00147096,82,39,43
S00147097,90,41,49
S00147098,101,52,51
S00147099,76,37,43
S00147100,91,45,43
S00147101,125,64,61
S00147102,95,44,54
S00147103,126,64,60
S00147104,76,35,41
S00147105,128,69,60
S00147106,88,46,42
S00147107,98,49,48
S00147108,110,54,56
S00147109,72,38,34
S00147110,110,62,48
S00147111,106,51,59
S00147112,104,59,45
S00147113,60,28,32
S00147114,112,53,59
S00147115,114,59,55
S00147116,96,51,47
S00147117,119,60,61
S00147118,119,59,60
S00147119,157,87,70
S00147120,80,40,40
S00147121,82,37,45
S00147122,97,60,37
S00147123,114,59,56
S00147124,165,80,85
S00147125,128,63,65
S00147126,65,36,29
S00147127,161,80,81
S00147128,131,75,56
S00147129,141,80,61
S00147130,158,85,73
S00147131,77,42,35
S00147132,153,76,77
S00147133,81,43,38
S00147134,93,51,42
S00147135,96,54,42
S00147136,84,42,42
S00147137,80,36,45
S00147138,117,53,64
S00147139,141,70,71
S00147140,82,38,44
S00147141,180,107,73
S00147142,120,69,51
S00147143,95,49,46
S00147144,151,73,75
S00147145,114,54,57
S00147146,93,47,46
S00147147,182,107,75
S00147148,92,52,36
S00147149,155,78,77
S00147150,107,61,49
S00147151,85,46,43
S00147152,134,67,67
S00147153,84,44,40
S00147154,123,65,58
S00147155,86,35,44
S00147156,139,74,65
S00147157,131,69,62
S00147158,78,44,34
S00147159,118,61,61
S00147160,137,65,68
S00147161,88,43,45
S00147162,64,35,29
S00147163,91,47,45
S00147164,129,64,67
S00147165,92,48,43
S00147166,145,79,70
S00147167,126,65,63
S00147168,74,36,38
S00147169,140,76,64
S00147170,103,55,48
S00147171,77,35,42
S00147172,70,34,36
S00147173,124,65,58
S00147174,69,40,30
S00147175,77,40,35
S00147176,107,52,55
S00147177,127,64,63
S00147178,122,65,57
S00147179,85,44,41
S00147180,75,40,35
S00147181,149,70,79
S00147182,94,38,54
S00147183,108,56,51
S00147184,154,79,75
S00147185,114,73,41
S00147186,187,95,92
S00147187,139,77,62
S00147188,71,33,35
S00147189,139,65,70
S00147190,113,60,53
S00147191,124,69,55
S00147192,133,75,58
S00147193,102,54,44
S00147194,125,61,64
S00147195,116,65,49
S00147196,82,49,33
S00147197,80,40,40
S00147198,65,32,33
S00147199,111,52,58
S00147200,65,32,36
S00147201,101,52,48
S00147202,149,81,68
S00147203,111,47,64
S00147204,119,57,59
S00147205,101,58,44
S00147206,141,85,60
S00147207,76,39,41
S00147208,105,52,54
S00147209,109,54,55
S00147210,104,62,42
S00147211,89,42,47
S00147212,76,40,36
S00147213,147,80,67
S00147214,130,64,66
S00147215,83,43,40
S00147216,84,51,35
S00147217,83,40,42
S00147218,73,41,32
S00147219,95,59,40
S00147220,83,44,43
S00147221,118,56,58
S00147222,70,32,38
S00147223,104,55,49
S00147224,107,64,43
S00147225,148,86,62
S00147226,82,43,39
S00147227,112,59,56
S00147228,104,53,47
S00147229,72,37,33
S00147230,114,63,51
S00147231,167,79,88
S00147232,131,64,67
S00147233,123,62,61
S00147234,140,78,58
S00147235,62,36,26
S00147236,130,66,64
S00147237,68,37,31
S00147238,122,61,61
S00147239,67,29,36
S00147240,61,34,27
S00147241,95,45,50
S00147242,88,50,43
S00147243,88,42,46
S00147244,107,56,51
S00147245,85,51,37
S00147246,117,60,53
S00147247,80,44,36
S00147248,102,50,52
S00147249,104,53,51
S00147250,134,70,67
S00147251,97,57,40
S00147252,101,55,46
S00147253,183,103,80
S00147254,113,57,56
S00147255,185,99,83
S00147256,126,78,56
S00147257,115,65,48
S00147258,90,47,43
S00147259,99,51,52
S00147260,97,59,42
S00147261,77,43,34
S00147262,62,28,34
S00147263,84,42,38
S00147264,67,29,40
S00147265,84,45,39
S00147266,150,73,77
S00147267,82,42,42
S00147268,84,39,45
S00147269,71,36,35
S00147270,109,58,51
S00147271,90,52,38
S00147272,97,52,45
S00147273,126,65,58
S00147274,97,54,48
S00147275,91,38,53
S00147276,110,53,57
S00147277,137,74,66
S00147278,72,41,31
S00147279,115,60,55
S00147280,135,66,65
S00147281,73,40,30
S00147282,165,92,76
S00147283,161,78,81
S00147284,84,40,44
S00147285,94,42,46
S00147286,60,32,27
S00147287,90,40,46
S00147288,104,52,52
S00147289,65,33,29
S00147290,123,61,59
S00147291,75,36,39
S00147292,80,39,41
S00147293,128,67,64
S00147294,85,43,42
S00147295,154,73,81
S00147296,106,50,56
S00147297,75,36,41
S00147298,86,42,44
S00147299,74,37,40
S00147300,78,40,38
S00147301,88,40,50
S00147302,92,49,43
S00147303,172,85,87
S00147304,118,66,52
S00147305,77,41,36
S00147306,62,37,25
S00147307,135,65,71
S00147308,116,50,66
S00147309,153,84,66
S00147310,84,43,41
S00147311,106,54,52
S00147312,114,70,44
S00147313,73,36,37
S00147314,72,34,39
S00147315,120,60,60
S00147316,78,33,46
S00147317,78,41,37
S00147318,83,44,39
S00147319,124,66,57
S00147320,110,54,56
S00147321,123,65,58
S00147322,76,41,35
S00147323,153,80,74
S00147324,97,51,46
S00147325,65,22,38
S00147326,126,66,59
S00147327,123,57,66
S00147328,91,40,51
S00147329,84,40,44
S00147330,212,98,113
S00147331,195,95,100
S00147332,164,81,83
S00147333,228,114,118
S00147334,205,104,98
S00147335,96,46,50
S00147336,123,64,59
S00147337,81,43,41
S00147338,118,54,64
S00147339,75,34,41
S00147340,154,77,77
S00147341,92,55,37
S00147342,102,44,51
S00147343,128,64,65
S00147344,115,59,56
S00147345,108,55,53
S00147346,118,67,51
S00147347,79,35,44
S00147348,83,36,41
S00147349,169,84,82
S00147350,76,40,33
S00147351,198,98,97
S00147352,103,52,51
S00147353,145,73,73
S00147354,102,49,56
S00147355,103,53,50
S00147356,89,45,38
S00147357,141,76,65
S00147358,88,44,41
S00147359,129,61,68
S00147360,209,90,118
S00147361,117,61,59
S00147362,108,62,46
S00147363,184,89,97
S00147364,70,37,33
S00147365,166,81,83
S00147366,165,99,69
S00147367,169,76,93
S00147368,74,42,37
S00147369,145,82,63
S00147370,90,44,46
S00147371,193,109,88
S00147372,148,83,68
S00147373,87,45,42
S00147374,181,85,94
S00147375,117,69,48
S00147376,89,46,43
S00147377,126,65,55
S00147378,157,82,76
S00147379,160,85,75
S00147380,90,54,36
S00147381,156,75,81
S00147382,134,73,61
S00147383,238,122,116
S00147384,149,80,69
S00147385,68,41,31
S00147386,130,62,68
S00147387,93,49,44
S00147388,101,58,40
S00147389,130,63,67
S00147390,178,104,75
S00147391,61,28,36
S00147392,136,74,62
S00147393,174,73,98
S00147394,132,81,51
S00147395,77,39,38
S00147396,80,41,35
S00147397,116,55,57
S00147398,129,76,53
S00147399,150,73,77
S00147400,109,59,47
S00147401,149,74,78
S00147402,115,66,53
S00147403,99,51,48
S00147404,188,96,92
S00147405,92,43,53
S00147406,169,89,80
S00147407,111,62,49
S00147408,86,47,39
S00147409,145,79,66
S00147410,83,46,37
S00147411,84,57,23
S00147412,122,55,67
S00147413,118,67,51
S00147414,108,50,57
S00147415,142,73,66
S00147416,71,37,30
S00147417,95,54,45
S00147418,117,58,59
S00147419,193,95,98
S00147420,117,59,58
S00147421,155,91,69
S00147422,146,71,75
S00147423,124,62,62
S00147424,80,42,38
S00147425,90,45,45
S00147426,74,37,38
S00147427,107,64,44
S00147428,105,60,45
S00147429,163,78,88
S00147430,128,67,57
S00147431,139,75,64
S00147432,195,97,98
S00147433,93,46,42
S00147434,181,83,98
S00147435,79,39,42
S00147436,124,65,56
S00147437,97,57,39
S00147438,95,42,49
S00147439,154,84,70
S00147440,69,32,33
S00147441,81,45,35
S00147442,91,40,45
S00147443,198,109,89
S00147444,110,49,61
S00147445,109,54,54
S00147446,143,64,79
S00147447,126,70,56
S00147448,130,61,69
S00147449,88,52,38
S00147450,148,75,73
S00147451,87,45,38
S00147452,116,60,56
S00147453,68,34,31
S00147454,117,55,62
S00147455,125,60,69
S00147456,118,58,60
S00147457,77,45,32
S00147458,122,59,63
S00147459,83,41,40
S00147460,144,72,71
S00147461,113,52,61
S00147462,106,54,52
S00147463,101,49,52
S00147464,90,46,44
S00147465,164,79,83
S00147466,96,48,48
S00147467,112,60,55
S00147468,108,60,52
S00147469,167,81,86
S00147470,109,59,50
S00147471,207,107,97
S00147472,182,91,91
S00147473,102,51,48
S00147474,161,81,80
S00147475,120,58,66
S00147476,144,64,80
S00147477,191,98,93
S00147478,107,53,54
S00147479,106,59,47
S00147480,119,59,64
S00147481,87,41,43
S00147482,87,44,40
S00147483,117,61,56
S00147484,95,48,47
S00147485,181,94,89
S00147486,146,79,67
S00147487,92,46,46
S00147488,114,56,55
S00147489,123,65,59
S00147490,103,56,51
S00147491,124,63,61
S00147492,130,72,58
S00147493,118,65,46
S00147494,221,119,102
S00147495,126,70,62
S00147496,133,62,74
S00147497,115,55,60
S00147498,143,64,79
S00147499,147,72,75
S00147500,165,88,77
S00147501,189,104,85
S00147502,121,61,61
S00147503,154,87,70
S00147504,157,87,70
S00147505,189,95,95
S00147506,151,75,76
S00147507,113,60,53
S00147508,141,71,70
S00147509,166,82,84
S00147510,188,90,98
S00147511,171,80,91
S00147512,135,77,54
S00147513,126,65,65
S00147514,174,99,75
S00147515,110,52,58
S00147516,80,41,39
S00147517,100,52,48
S00147518,139,73,66
S00147519,114,58,56
S00147520,131,72,61
S00147521,148,74,74
S00147522,89,37,52
S00147523,131,72,59
S00147524,153,89,64
S00147525,78,44,34
S00147526,97,56,41
S00147527,76,44,32
S00147528,134,70,65
S00147529,69,38,31
S00147530,139,75,64
S00147531,122,68,51
S00147532,74,37,37
S00147533,88,41,44
S00147534,92,56,33
S00147535,78,38,44
S00147536,130,63,67
S00147537,62,36,26
S00147538,88,47,41
S00147539,190,102,88
S00147540,82,40,43
S00147541,136,76,61
S00147542,74,35,35
S00147543,93,44,49
S00147544,134,62,72
S00147545,141,74,66
S00147546,159,81,78
S00147547,117,71,49
S00147548,97,47,50
S00147549,79,42,36
S00147550,101,46,51
S00147551,109,60,49
S00147552,100,55,45
S00147553,75,45,32
S00147554,184,112,72
S00147555,123,73,50
S00147556,111,60,51
S00147557,123,65,58
S00147558,117,51,63
S00147559,145,78,67
S00147560,95,48,49
S00147561,76,43,33
S00147562,156,86,74
S00147563,94,60,38
S00147564,115,66,49
S00147565,94,46,48
S00147566,107,56,51
S00147567,76,44,35
S00147568,105,53,52
S00147569,78,44,32
S00147570,106,61,45
S00147571,112,50,62
S00147572,159,81,78
S00147573,130,72,54
S00147574,87,48,39
S00147575,110,63,47
S00147576,84,41,43
S00147577,93,45,45
S00147578,111,59,52
S00147579,80,46,37
S00147580,105,63,42
S00147581,119,69,50
S00147582,90,42,48
S00147583,116,66,48
S00147584,98,52,38
S00147585,63,34,26
S00147586,156,75,80
S00147587,93,55,38
S00147588,143,75,68
S00147589,113,59,54
S00147590,88,46,42
S00147591,81,45,38
S00147592,95,50,48
S00147593,83,55,28
S00147594,142,78,64
S00147595,163,86,77
S00147596,168,75,93
S00147597,138,68,71
S00147598,105,53,52
S00147599,84,45,39
S00147600,72,38,34
S00147601,124,70,60
S00147602,123,72,51
S00147603,80,39,41
S00147604,88,47,41
S00147605,76,37,39
S00147606,110,56,54
S00147607,101,47,53
S00147608,130,64,66
S00147609,70,36,34
S00147610,98,55,43
S00147611,169,86,79
S00147612,65,28,36
S00147613,90,44,46
S00147614,104,51,53
S00147615,125,61,60
S00147616,85,39,44
S00147617,70,38,32
S00147618,81,44,37
S00147619,212,100,112
S00147620,96,51,45
S00147621,82,44,35
S00147622,142,66,76
S00147623,116,60,56
S00147624,101,55,41
S00147625,130,64,66
S00147626,121,72,50
S00147627,79,36,40
S00147628,161,87,74
S00147629,110,59,51
S00147630,182,93,89
S00147631,108,58,52
S00147632,142,78,64
S00147633,111,59,51
S00147634,165,71,92
S00147635,110,59,48
S00147636,224,113,111
S00147637,78,44,33
S00147638,114,60,57
S00147639,119,55,57
S00147640,122,63,59
S00147641,145,93,56
S00147642,89,44,45
S00147643,113,63,53
S00147644,119,68,55
S00147645,130,65,65
S00147646,92,46,46
S00147647,279,132,147
S00147648,144,86,58
S00147649,148,70,78
S00147650,74,37,37
S00147651,117,62,53
S00147652,143,61,82
S00147653,118,59,59
S00147654,126,64,64
S00147655,128,70,57
S00147656,144,73,71
S00147657,105,55,50
S00147658,159,87,72
S00147659,220,107,113
S00147660,173,85,88
S00147661,115,58,56
S00147662,132,70,62
S00147663,159,80,79
S00147664,90,48,50
S00147665,102,56,46
S00147666,108,55,57
S00147667,188,94,90
S00147668,61,28,33
S00147669,70,37,33
S00147670,119,61,58
S00147671,204,94,107
S00147672,110,56,50
S00147673,160,83,77
S00147674,154,80,74
S00147675,106,61,45
S00147676,130,69,61
S00147677,119,57,61
S00147678,124,69,55
S00147679,79,51,25
S00147680,136,62,74
S00147681,106,54,49
S00147682,132,55,77
S00147683,130,65,62
S00147684,123,67,56
S00147685,92,43,49
S00147686,143,72,71
S00147687,137,81,59
S00147688,75,37,38
S00147689,71,31,37
S00147690,93,52,43
S00147691,158,78,80
S00147692,75,41,34
S00147693,78,41,37
S00147694,127,66,58
S00147695,135,64,71
S00147696,168,96,73
S00147697,114,66,48
S00147698,148,81,67
S00147699,74,39,31
S00147700,181,90,91
S00147701,120,62,58
S00147702,113,58,47
S00147703,107,64,43
S00147704,72,40,31
S00147705,110,59,51
S00147706,73,39,33
S00147707,98,57,41
S00147708,62,34,28
S00147709,111,52,59
S00147710,91,47,41
S00147711,74,40,37
S00147712,132,68,64
S00147713,83,43,36
S00147714,143,64,79
S00147715,98,49,49
S00147716,77,33,42
S00147717,90,48,42
S00147718,82,43,35
S00147719,108,61,48
S00147720,128,73,55
S00147721,65,35,30
S00147722,156,89,67
S00147723,124,63,61
S00147724,107,56,51
S00147725,188,94,97
S00147726,95,50,45
S00147727,125,58,67
S00147728,96,54,42
S00147729,90,50,38
S00147730,84,35,49
S00147731,126,68,58
S00147732,154,79,75
S00147733,226,119,106
S00147734,127,72,55
S00147735,115,57,59
S00147736,91,43,48
S00147737,184,85,99
S00147738,79,47,32
S00147739,140,58,81
S00147740,145,73,71
S00147741,86,42,45
S00147742,87,51,33
S00147743,62,24,36
S00147744,62,36,25
S00147745,124,63,61
S00147746,170,86,85
S00147747,89,53,39
S00147748,105,55,53
S00147749,103,60,46
S00147750,82,40,46
S00147751,81,42,39
S00147752,95,54,41
S00147753,117,53,64
S00147754,143,69,73
S00147755,69,40,30
S00147756,96,57,39
S00147757,120,59,61
S00147758,87,50,37
S00147759,138,75,63
S00147760,76,39,37
S00147761,95,43,53
S00147762,97,51,46
S00147763,131,62,69
S00147764,118,64,57
S00147765,129,74,55
S00147766,86,53,31
S00147767,135,70,65
S00147768,120,60,60
S00147769,115,64,51
S00147770,173,90,83
S00147771,85,39,46
S00147772,67,39,28
S00147773,78,45,37
S00147774,93,49,43
S00147775,125,71,57
S00147776,115,69,46
S00147777,124,69,55
S00147778,94,47,44
S00147779,72,37,35
S00147780,125,62,63
S00147781,97,54,43
S00147782,105,64,41
S00147783,168,95,73
S00147784,123,65,58
S00147785,183,98,85
S00147786,76,37,43
S00147787,110,56,54
S00147788,96,54,42
S00147789,86,26,61
S00147790,145,83,62
S00147791,100,41,51
S00147792,92,49,43
S00147793,116,56,60
S00147794,106,51,55
S00147795,117,69,47
S00147796,82,45,44
S00147797,139,74,65
S00147798,84,43,43
S00147799,71,38,33
S00147800,132,72,61
S00147801,152,84,68
S00147802,93,42,52
S00147803,94,50,43
S00147804,110,60,50
S00147805,83,42,41
S00147806,127,67,60
S00147807,61,29,31
S00147808,99,55,44
S00147809,140,70,70
S00147810,90,49,41
S00147811,106,52,56
S00147812,174,94,82
S00147813,111,59,52
S00147814,87,46,43
S00147815,133,70,63
S00147816,115,61,54
S00147817,82,44,38
S00147818,114,63,51
S00147819,142,79,63
S00147820,133,68,65
S00147821,176,89,91
S00147822,96,44,52
S00147823,85,39,47
S00147824,104,57,48
S00147825,166,79,91
S00147826,135,68,67
S00147827,65,36,29
S00147828,167,90,74
S00147829,168,92,76
S00147830,105,58,49
S00147831,74,44,30
S00147832,81,46,35
S00147833,95,49,49
S00147834,109,41,68
S00147835,155,84,71
S00147836,127,68,59
S00147837,77,41,38
S00147838,127,75,52
S00147839,101,42,58
S00147840,74,32,38
S00147841,149,76,73
S00147842,72,39,31
S00147843,65,32,33
S00147844,138,71,67
S00147845,96,48,49
S00147846,107,46,64
S00147847,111,58,53
S00147848,110,56,54
S00147849,155,81,73
S00147850,71,33,42
S00147851,93,44,48
S00147852,110,62,45
S00147853,84,37,47
S00147854,109,52,53
S00147855,61,35,26
S00147856,96,39,57
S00147857,99,47,52
S00147858,85,42,42
S00147859,103,50,53
S00147860,85,49,35
S00147861,112,60,52
S00147862,63,33,30
S00147863,65,31,34
S00147864,176,81,92
S00147865,60,35,25
S00147866,210,111,99
S00147867,125,71,54
S00147868,107,46,61
S00147869,65,34,31
S00147870,116,63,53
S00147871,129,76,52
S00147872,99,42,53
S00147873,156,80,75
S00147874,113,59,54
S00147875,83,45,38
S00147876,151,73,81
S00147877,78,43,35
S00147878,87,38,49
S00147879,156,76,81
S00147880,72,39,33
S00147881,86,52,34
S00147882,164,88,79
S00147883,91,43,48
S00147884,69,31,38
S00147885,174,85,89
S00147886,74,36,38
S00147887,119,57,62
S00147888,80,38,46
S00147889,117,63,54
S00147890,68,34,37
S00147891,96,51,45
S00147892,106,58,48
S00147893,87,48,38
S00147894,99,49,53
S00147895,135,70,61
S00147896,122,60,65
S00147897,123,69,54
S00147898,110,53,54
S00147899,68,33,35
S00147900,90,53,33
S00147901,68,27,41
S00147902,63,33,30
S00147903,108,55,53
S00147904,111,56,55
S00147905,96,43,48
S00147906,88,47,38
S00147907,89,44,45
S00147908,85,40,47
S00147909,100,55,45
S00147910,99,55,44
S00147911,168,81,87
S00147912,69,24,42
S00147913,163,80,83
S00147914,92,46,46
S00147915,65,30,29
S00147916,151,86,65
S00147917,146,80,66
S00147918,129,69,64
S00147919,95,53,46
S00147920,99,50,49
S00147921,67,35,29
S00147922,95,56,40
S00147923,84,40,44
S00147924,139,64,75
S00147925,102,55,47
S00147926,84,45,39
S00147927,101,52,49
S00147928,154,91,63
S00147929,109,54,55
S00147930,104,50,54
S00147931,103,52,51
S00147932,71,34,37
S00147933,74,37,36
S00147934,62,17,45
S00147935,108,55,54
S00147936,82,37,45
S00147937,131,69,65
S00147938,104,50,54
S00147939,90,46,44
S00147940,72,32,40
S00147941,101,57,40
S00147942,108,56,52
S00147943,114,61,53
S00147944,75,29,46
S00147945,100,46,54
S00147946,93,49,40
S00147947,147,74,73
S00147948,139,76,63
S00147949,116,66,50
S00147950,97,59,38
S00147951,142,72,66
S00147952,126,66,56
S00147953,105,61,50
S00147954,67,35,32
S00147955,95,49,46
S00147956,100,52,48
S00147957,80,40,40
S00147958,100,46,55
S00147959,135,71,64
S00147960,100,53,47
S00147961,72,33,40
S00147962,120,62,61
S00147963,118,63,55
S00147964,128,64,64
S00147965,92,45,47
S00147966,86,48,41
S00147967,86,46,40
S00147968,91,46,45
S00147969,84,40,44
S00147970,127,77,50
S00147971,177,92,85
S00147972,85,37,48
S00147973,79,47,34
S00147974,102,52,50
S00147975,82,43,39
S00147976,96,47,53
S00147977,81,31,48
S00147978,141,71,73
S00147979,66,32,34
S00147980,98,43,55
S00147981,124,64,60
S00147982,82,38,40
S00147983,146,74,75
S00147984,137,68,69
S00147985,108,55,50
S00147986,149,76,73
S00147987,109,51,61
S00147988,127,65,61
S00147989,92,47,45
S00147990,130,70,60
S00147991,65,31,34
S00147992,65,37,28
S00147993,89,34,57
S00147994,71,38,33
S00147995,117,61,56
S00147996,137,79,59
S00147997,85,51,33
S00147998,104,55,49
S00147999,136,62,74
S00148000,120,64,56
S00148001,104,53,51
S00148002,83,44,39
S00148003,101,48,51
S00148004,97,50,46
S00148005,119,62,58
S00148006,119,69,50
S00148007,122,58,64
S00148008,156,75,81
S00148009,92,55,38
S00148010,70,41,29
S00148011,95,56,39
S00148012,94,47,47
S00148013,109,58,48
S00148014,77,36,41
S00148015,134,71,63
S00148016,89,47,42
S00148017,92,49,43
S00148018,73,31,44
S00148019,110,58,52
S00148020,161,87,76
S00148021,74,39,34
S00148022,125,60,66
S00148023,100,55,45
S00148024,128,62,67
S00148025,68,39,29
S00148026,62,19,43
S00148027,74,26,48
S00148028,138,73,66
S00148029,89,48,44
S00148030,150,86,64
S00148031,143,77,65
S00148032,90,48,42
S00148033,135,74,61
S00148034,123,63,60
S00148035,86,47,39
S00148036,87,43,44
S00148037,126,73,53
S00148038,102,49,55
S00148039,83,25,58
S00148040,104,57,50
S00148041,137,70,68
S00148042,105,45,60
S00148043,92,50,41
S00148044,64,38,26
S00148045,104,61,44
S00148046,101,60,42
S00148047,106,47,59
S00148048,108,41,64
S00148049,193,104,86
S00148050,162,93,69
S00148051,142,67,75
S00148052,81,46,35
S00148053,175,91,84
S00148054,165,76,89
S00148055,98,65,37
S00148056,154,80,74
S00148057,67,31,36
S00148058,128,70,62
S00148059,98,50,45
S00148060,129,69,60
S00148061,126,57,69
S00148062,101,49,56
S00148063,81,44,37
S00148064,104,55,49
S00148065,123,59,64
S00148066,136,73,63
S00148067,73,36,37
S00148068,114,64,54
S00148069,92,46,46
S00148070,122,67,55
S00148071,158,87,74
S00148072,79,51,32
S00148073,93,46,47
S00148074,77,40,37
S00148075,61,25,36
S00148076,63,30,33
S00148077,98,56,42
S00148078,97,49,48
S00148079,67,27,40
S00148080,105,50,55
S00148081,69,31,38
S00148082,95,48,46
S00148083,83,41,44
S00148084,100,49,51
S00148085,100,40,60
S00148086,76,40,36
S00148087,96,47,49
S00148088,117,57,62
S00148089,111,56,55
S00148090,76,44,33
S00148091,101,50,53
S00148092,101,48,49
S00148093,78,43,33
S00148094,125,62,65
S00148095,61,24,37
S00148096,89,46,43
S00148097,87,48,37
S00148098,117,53,64
S00148099,66,41,24
S00148100,104,54,50
S00148101,70,36,34
S00148102,151,84,66
S00148103,84,46,38
S00148104,135,72,63
S00148105,103,57,49
S00148106,168,81,84
S00148107,101,47,54
S00148108,95,39,56
S00148109,93,44,47
S00148110,78,46,32
S00148111,124,76,48
S00148112,154,90,65
S00148113,140,76,64
S00148114,128,62,66
S00148115,105,63,38
S00148116,149,77,72
S00148117,127,62,67
S00148118,81,31,48
S00148119,71,34,37
S00148120,199,106,96
S00148121,83,45,38
S00148122,88,38,53
S00148123,117,62,53
S00148124,126,67,59
S00148125,96,34,62
S00148126,79,38,41
S00148127,77,26,48
S00148128,62,37,25
S00148129,184,105,82
S00148130,71,42,31
S00148131,112,35,79
S00148132,98,50,48
S00148133,128,64,61
S00148134,70,31,39
S00148135,143,70,69
S00148136,113,60,51
S00148137,158,97,61
S00148138,107,61,47
S00148139,86,34,52
S00148140,72,29,43
S00148141,81,33,51
S00148142,155,85,67
S00148143,115,69,46
S00148144,102,48,51
S00148145,103,45,59
S00148146,78,39,39
S00148147,119,62,57
S00148148,69,35,34
S00148149,130,63,67
S00148150,142,76,66
S00148151,110,58,49
S00148152,89,43,49
S00148153,154,84,70
S00148154,110,60,51
S00148155,106,53,53
S00148156,86,48,39
S00148157,68,23,45
S00148158,145,73,72
S00148159,79,45,34
S00148160,108,53,55
S00148161,134,66,66
S00148162,183,110,77
S00148163,61,36,25
S00148164,94,53,37
S00148165,105,57,52
S00148166,90,54,40
S00148167,174,88,85
S00148168,129,62,67
S00148169,69,35,34
S00148170,129,61,70
S00148171,82,32,51
S00148172,98,48,47
S00148173,105,59,46
S00148174,106,44,58
S00148175,132,73,59
S00148176,92,39,56
S00148177,126,51,75
S00148178,144,77,67
S00148179,120,67,53
S00148180,112,66,46
S00148181,66,36,30
S00148182,123,57,69
S00148183,117,66,55
S00148184,111,65,48
S00148185,77,39,38
S00148186,113,54,55
S00148187,132,68,64
S00148188,118,57,61
S00148189,155,76,75
S00148190,70,32,38
S00148191,102,52,50
S00148192,154,72,78
S00148193,128,68,60
S00148194,65,27,38
S00148195,124,66,61
S00148196,75,36,39
S00148197,70,38,32
S00148198,61,24,37
S00148199,240,111,125
S00148200,61,32,29
S00148201,95,45,50
S00148202,144,81,66
S00148203,162,86,76
S00148204,79,50,31
S00148205,89,44,45
S00148206,75,41,36
S00148207,100,53,43
S00148208,64,35,28
S00148209,83,45,38
S00148210,69,44,25
S00148211,67,39,28
S00148212,169,82,86
S00148213,84,49,35
S00148214,60,21,40
S00148215,77,35,39
S00148216,65,30,35
S00148217,82,32,51
S00148218,85,40,45
S00148219,84,49,35
S00148220,102,42,62
S00148221,98,48,53
S00148222,157,79,78
S00148223,97,50,47
S00148224,74,35,39
S00148225,111,57,54
S00148226,77,34,43
S00148227,110,52,58
S00148228,186,108,78
S00148229,113,57,58
S00148230,61,28,35
S00148231,99,53,46
S00148232,109,52,58
S00148233,126,64,58
S00148234,126,65,61
S00148235,65,35,30
S00148236,93,47,45
S00148237,122,64,58
S00148238,63,26,37
S00148239,111,65,46
S00148240,105,62,44
S00148241,71,49,22
S00148242,72,34,34
S00148243,77,45,40
S00148244,113,57,56
S00148245,106,47,55
S00148246,69,29,40
S00148247,77,41,36
S00148248,116,60,60
S00148249,130,74,56
S00148250,79,47,36
S00148251,67,41,29
S00148252,110,50,58
S00148253,102,55,47
S00148254,61,32,29
S00148255,85,46,39
S00148256,82,41,41
S00148257,125,69,56
S00148258,166,97,69
S00148259,105,56,49
S00148260,101,54,47
S00148261,91,47,44
S00148262,104,43,61
S00148263,84,47,37
S00148264,65,41,24
S00148265,140,60,84
S00148266,166,71,98
S00148267,100,54,50
S00148268,90,47,43
S00148269,62,31,31
S00148270,69,30,40
S00148271,92,48,48
S00148272,146,79,67
S00148273,60,39,21
S00148274,193,95,98
S00148275,83,50,32
S00148276,108,55,59
S00148277,87,55,32
S00148278,85,44,41
S00148279,128,70,61
S00148280,91,36,55
S00148281,107,51,56
S00148282,85,46,39
S00148283,157,81,80
S00148284,120,55,65
S00148285,85,48,37
S00148286,90,46,44
S00148287,89,41,48
S00148288,103,57,46
S00148289,79,37,42
S00148290,95,43,55
S00148291,92,49,43
S00148292,128,67,61
S00148293,66,31,35
S00148294,137,66,71
S00148295,179,89,90
S00148296,101,54,47
S00148297,80,44,40
S00148298,85,40,45
S00148299,69,41,28
S00148300,95,50,45
S00148301,86,49,37
S00148302,151,72,79
S00148303,142,78,64
S00148304,139,62,77
S00148305,94,45,50
S00148306,136,78,58
S00148307,111,43,67
S00148308,142,70,69
S00148309,75,39,37
S00148310,105,39,66
S00148311,137,69,68
S00148312,169,101,68
S00148313,137,72,65
S00148314,68,42,26
S00148315,73,36,37
S00148316,191,110,81
S00148317,75,43,34
S00148318,119,60,60
S00148319,74,35,39
S00148320,88,54,34
S00148321,78,41,37
S00148322,129,67,66
S00148323,87,48,39
S00148324,168,66,102
S00148325,145,73,72
S00148326,119,60,58
S00148327,84,44,40
S00148328,68,34,34
S00148329,107,55,50
S00148330,76,30,46
S00148331,98,52,45
S00148332,90,49,39
S00148333,84,35,49
S00148334,88,43,48
S00148335,88,46,42
S00148336,63,24,42
S00148337,64,32,32
S00148338,130,72,58
S00148339,153,78,75
S00148340,74,37,37
S00148341,100,60,36
S00148342,68,35,30
S00148343,113,54,59
S00148344,99,47,52
S00148345,67,31,42
S00148346,141,71,67
S00148347,63,31,32
S00148348,77,41,36
S00148349,95,53,45
S00148350,151,80,71
S00148351,80,34,46
S00148352,108,42,66
S00148353,84,47,36
S00148354,116,54,63
S00148355,86,39,46
S00148356,104,52,52
S00148357,133,68,65
S00148358,113,56,53
S00148359,105,52,51
S00148360,71,43,31
S00148361,71,31,40
S00148362,117,62,55
S00148363,84,42,38
S00148364,89,55,37
S00148365,77,42,35
S00148366,86,46,40
S00148367,126,55,71
S00148368,176,91,85
S00148369,98,43,55
S00148370,89,38,51
S00148371,146,72,73
S00148372,108,41,67
S00148373,116,57,59
S00148374,96,48,48
S00148375,73,31,39
S00148376,60,28,29
S00148377,81,44,37
S00148378,103,48,55
S00148379,123,63,60
S00148380,102,56,46
S00148381,123,55,68
S00148382,128,66,62
S00148383,99,49,50
S00148384,102,44,58
S00148385,92,46,49
S00148386,92,52,40
S00148387,100,49,51
S00148388,60,23,40
S00148389,74,41,31
S00148390,72,41,31
S00148391,111,52,59
S00148392,72,31,41
S00148393,79,30,49
S00148394,110,48,55
S00148395,106,46,61
S00148396,151,84,68
S00148397,56,36,24
S00148398,90,49,41
S00148399,136,62,74
S00148400,77,51,26
S00148401,157,89,68
S00148402,79,42,37
S00148403,120,64,56
S00148404,201,108,93
S00148405,69,31,38
S00148406,125,72,54
S00148407,71,34,37
S00148408,108,54,56
S00148409,99,38,61
S00148410,259,122,137
S00148411,96,42,54
S00148412,96,61,36
S00148413,138,73,65
S00148414,74,38,36
S00148415,135,72,63
S00148416,124,73,52
S00148417,74,42,32
S00148418,240,127,113
S00148419,65,31,34
S00148420,244,139,105
S00148421,156,87,69
S00148422,152,55,98
S00148423,73,42,31
S00148424,93,31,62
S00148425,87,44,40
S00148426,66,23,43
S00148427,61,25,32
S00148428,131,62,65
S00148429,64,29,35
S00148430,129,44,85
S00148431,74,40,35
S00148432,97,50,48
S00148433,122,54,68
S00148434,85,46,39
S00148435,113,66,47
S00148436,90,46,46
S00148437,110,49,60
S00148438,75,40,35
S00148439,63,34,31
S00148440,63,43,21
S00148441,94,36,58
S00148442,94,44,53
S00148443,61,44,17
S00148444,93,46,47
S00148445,104,46,54
S00148446,69,32,34
S00148447,119,54,65
S00148448,92,50,42
S00148449,125,61,62
S00148450,80,42,39
S00148451,125,74,47
S00148452,90,50,40
S00148453,124,63,61
S00148454,70,38,32
S00148455,64,31,31
S00148456,91,49,44
S00148457,117,46,75
S00148458,245,102,145
S00148459,102,56,46
S00148460,121,78,43
S00148461,84,47,37
S00148462,134,67,71
S00148463,119,56,63
S00148464,96,40,56
S00148465,137,60,77
S00148466,77,37,40
S00148467,569,238,331
S00148468,88,38,50
S00148469,72,51,21
S00148470,138,46,92
S00148471,138,69,69
S00148472,120,51,66
S00148473,110,43,64
S00148474,133,70,63
S00148475,102,50,52
S00148476,83,24,59
S00148477,149,79,70
S00148478,156,65,91
S00148479,163,94,71
S00148480,313,154,159
S00148481,174,80,90
S00148482,113,52,61
S00148483,113,61,52
S00148484,82,41,41
S00148485,88,36,50
S00148486,67,35,26
S00148487,131,58,77
S00148488,92,44,46
S00148489,1237,581,656
S00148490,142,75,70
S00148491,75,34,41
S00148492,125,63,62
S00148493,124,63,61
S00148494,63,33,28
S00148495,149,60,89
S00148496,105,60,45
S00148497,159,81,78
S00148498,130,63,69
S00148499,113,66,43
S00148500,179,114,65
S00148501,93,50,40
S00148502,184,113,69
S00148503,89,49,40
S00148504,139,81,61
S00148505,160,84,74
S00148506,64,40,26
S00148507,92,45,51
S00148508,94,45,45
S00148509,94,41,49
S00148510,76,42,34
S00148511,160,73,86
S00148512,119,65,54
S00148513,102,55,47
S00148514,245,135,110
S00148515,91,37,54
S00148516,64,29,35
S00148517,90,52,38
S00148518,95,54,41
S00148519,90,46,48
S00148520,132,61,71
S00148521,71,25,45
S00148522,96,43,53
S00148523,108,47,61
S00148524,216,118,98
S00148525,136,77,59
S00148526,98,54,41
S00148527,110,59,51
S00148528,79,44,35
S00148529,106,59,47
S00148530,68,28,40
S00148531,122,58,64
S00148532,114,47,69
S00148533,110,58,55
S00148534,167,98,69
S00148535,90,45,45
S00148536,133,69,64
S00148537,92,49,43
S00148538,136,61,69
S00148539,147,80,75
S00148540,116,57,59
S00148541,81,35,46
S00148542,70,32,34
S00148543,75,36,39
S00148544,110,53,54
S00148545,83,31,49
S00148546,75,40,35
S00148547,91,54,37
S00148548,155,76,82
S00148549,84,43,41
S00148550,92,33,59
S00148551,137,70,67
S00148552,156,85,71
S00148553,92,50,42
S00148554,120,68,52
S00148555,71,32,36
S00148556,61,29,36
S00148557,101,45,56
S00148558,93,55,41
S00148559,113,75,38
S00148560,545,276,269
S00148561,107,55,52
S00148562,103,51,52
S00148563,83,43,40
S00148564,320,173,143
S00148565,164,103,61
S00148566,132,67,65
S00148567,74,42,33
S00148568,106,56,49
S00148569,501,344,157
S00148570,121,55,66
S00148571,97,45,49
S00148572,101,49,50
S00148573,70,28,46
S00148574,155,86,66
S00148575,86,50,36
S00148576,73,36,39
S00148577,130,69,59
S00148578,144,83,61
S00148579,136,48,88
S00148580,117,60,57
S00148581,87,43,44
S00148582,145,75,70
S00148583,106,51,53
S00148584,72,35,37
S00148585,117,50,67
S00148586,119,60,61
S00148587,101,60,39
S00148588,159,84,75
S00148589,116,61,55
S00148590,163,90,73
S00148591,209,104,105
S00148592,121,72,45
S00148593,73,41,32
S00148594,616,353,263
S00148595,104,63,41
S00148596,77,40,39
S00148597,111,58,53
S00148598,78,39,39
S00148599,92,44,48
S00148600,70,33,34
S00148601,86,36,54
S00148602,112,52,60
S00148603,119,56,63
S00148604,71,35,36
S00148605,83,44,39
S00148606,106,54,52
S00148607,126,65,61
S00148608,97,71,26
S00148609,70,35,31
S00148610,92,49,43
S00148611,93,46,44
S00148612,90,48,42
S00148613,153,95,57
S00148614,347,207,140
S00148615,98,50,45
S00148616,132,74,57
S00148617,75,44,31
S00148618,100,49,51
S00148619,94,42,52
S00148620,138,77,61
S00148621,70,42,28
S00148622,100,58,42
S00148623,105,61,44
S00148624,149,78,71
S00148625,114,60,54
S00148626,123,73,50
S00148627,93,60,33
S00148628,66,26,40
S00148629,116,63,53
S00148630,175,102,73
S00148631,137,70,67
S00148632,60,34,26
S00148633,105,67,38
S00148634,63,32,31
S00148635,122,73,49
S00148636,67,33,34
S00148637,203,102,101
S00148638,151,79,72
S00148639,122,60,65
S00148640,180,87,90
S00148641,232,132,100
S00148642,99,46,56
S00148643,122,63,55
S00148644,134,67,67
S00148645,131,69,62
S00148646,115,53,62
S00148647,78,43,35
S00148648,114,62,56
S00148649,82,40,42
S00148650,127,60,67
S00148651,216,107,109
S00148652,132,63,66
S00148653,128,59,69
S00148654,163,78,85
S00148655,95,53,42
S00148656,153,79,77
S00148657,114,57,57
S00148658,148,72,76
S00148659,100,43,57
S00148660,171,93,78
S00148661,93,49,46
S00148662,183,97,86
S00148663,96,49,45
S00148664,90,46,43
S00148665,189,96,94
S00148666,240,116,124
S00148667,157,87,70
S00148668,115,54,61
S00148669,147,83,63
S00148670,96,54,40
S00148671,89,49,40
S00148672,96,55,41
S00148673,100,59,46
S00148674,84,41,43
S00148675,121,66,55
S00148676,105,52,53
S00148677,140,77,60
S00148678,83,42,41
S00148679,114,59,55
S00148680,120,67,50
S00148681,125,58,63
S00148682,124,58,66
S00148683,96,45,43
S00148684,112,59,53
S00148685,175,88,87
S00148686,159,80,79
S00148687,140,66,74
S00148688,96,54,42
S00148689,60,38,25
S00148690,66,31,35
S00148691,86,47,39
S00148692,86,50,36
S00148693,61,29,32
S00148694,78,37,37
S00148695,78,44,30
S00148696,100,66,41
S00148697,70,44,26
S00148698,123,70,53
S00148699,107,64,43
S00148700,63,34,29
S00148701,158,80,77
S00148702,110,59,51
S00148703,205,100,103
S00148704,79,49,30
S00148705,151,69,82
S00148706,75,39,36
S00148707,103,59,44
S00148708,110,55,55
S00148709,93,51,42
S00148710,93,46,47
S00148711,82,35,50
S00148712,159,72,87
S00148713,160,82,80
S00148714,99,56,43
S00148715,102,51,47
S00148716,105,42,61
S00148717,127,68,59
S00148718,97,49,48
S00148719,73,43,30
S00148720,79,35,47
S00148721,116,68,48
S00148722,189,94,92
S00148723,112,54,56
S00148724,104,47,55
S00148725,79,40,35
S00148726,130,69,57
S00148727,107,57,47
S00148728,146,75,71
S00148729,89,40,49
S00148730,181,92,92
S00148731,134,68,66
S00148732,99,48,51
S00148733,141,75,70
S00148734,117,60,57
S00148735,105,55,51
S00148736,239,127,108
S00148737,183,87,96
S00148738,114,58,56
S00148739,119,56,61
S00148740,93,53,41
S00148741,91,49,42
S00148742,88,54,38
S00148743,92,49,39
S00148744,135,73,62
S00148745,109,54,51
S00148746,88,47,39
S00148747,168,87,81
S00148748,148,77,71
S00148749,80,46,32
S00148750,84,48,36
S00148751,114,60,54
S00148752,138,68,70
S00148753,82,47,35
S00148754,130,67,63
S00148755,131,76,53
S00148756,90,41,48
S00148757,162,84,78
S00148758,80,50,30
S00148759,112,54,60
S00148760,104,47,55
S00148761,212,110,102
S00148762,160,82,78
S00148763,145,72,77
S00148764,102,55,42
S00148765,149,74,78
S00148766,116,68,48
S00148767,108,51,57
S00148768,145,68,76
S00148769,113,57,56
S00148770,71,36,35
S00148771,129,66,64
S00148772,131,68,63
S00148773,204,97,107
S00148774,84,45,34
S00148775,161,87,74
S00148776,181,90,94
S00148777,129,65,68
S00148778,102,46,56
S00148779,183,95,88
S00148780,242,118,124
S00148781,149,84,65
S00148782,152,71,77
S00148783,89,41,46
S00148784,112,56,56
S00148785,116,61,54
S00148786,111,69,37
S00148787,73,39,35
S00148788,113,51,62
S00148789,209,106,101
S00148790,129,64,65
S00148791,123,55,68
S00148792,98,54,44
S00148793,114,59,56
S00148794,175,84,88
S00148795,114,61,53
S00148796,109,57,51
S00148797,179,86,93
S00148798,134,69,65
S00148799,131,70,61
S00148800,69,43,26
S00148801,124,68,55
S00148802,78,42,36
S00148803,60,32,26
S00148804,136,76,64
S00148805,84,48,35
S00148806,113,55,58
S00148807,89,40,49
S00148808,118,69,46
S00148809,98,51,47
S00148810,120,68,52
S00148811,97,57,40
S00148812,98,56,42
S00148813,92,54,38
S00148814,162,91,71
S00148815,114,57,57
S00148816,156,84,72
S00148817,115,60,55
S00148818,114,69,48
S00148819,148,73,75
S00148820,74,47,27
S00148821,138,66,73
S00148822,92,38,54
S00148823,103,65,35
S00148824,153,86,67
S00148825,93,54,39
S00148826,116,68,51
S00148827,202,101,100
S00148828,126,65,61
S00148829,95,56,41
S00148830,100,53,45
S00148831,124,64,61
S00148832,120,61,57
S00148833,185,109,76
S00148834,100,55,45
S00148835,237,120,117
S00148836,99,42,57
S00148837,102,54,51
S00148838,155,94,61
S00148839,114,55,58
S00148840,124,60,64
S00148841,160,83,81
S00148842,96,53,47
S00148843,147,76,71
S00148844,188,100,88
S00148845,185,88,97
S00148846,164,84,80
S00148847,102,52,50
S00148848,102,53,49
S00148849,82,44,38
S00148850,139,71,68
S00148851,114,66,51
S00148852,191,103,88
S00148853,122,63,62
S00148854,109,55,52
S00148855,180,87,94
S00148856,228,126,102
S00148857,204,115,87
S00148858,80,43,37
S00148859,67,31,36
S00148860,96,51,45
S00148861,119,61,58
S00148862,132,73,59
S00148863,93,45,46
S00148864,146,72,74
S00148865,126,63,63
S00148866,169,90,79
S00148867,257,138,119
S00148868,87,46,41
S00148869,89,40,47
S00148870,87,45,38
S00148871,155,78,77
S00148872,188,99,89
S00148873,145,79,66
S00148874,141,71,71
S00148875,103,49,54
S00148876,101,48,56
S00148877,100,52,48
S00148878,109,55,54
S00148879,149,84,65
S00148880,77,38,39
S00148881,116,62,54
S00148882,211,110,98
S00148883,122,68,54
S00148884,103,52,51
S00148885,87,46,45
S00148886,127,70,58
S00148887,106,63,47
S00148888,85,50,35
S00148889,135,67,71
S00148890,151,80,68
S00148891,160,76,84
S00148892,130,66,64
S00148893,148,84,64
S00148894,120,57,63
S00148895,186,92,93
S00148896,125,72,53
S00148897,126,57,69
S00148898,78,36,38
S00148899,77,37,46
S00148900,132,75,57
S00148901,69,37,34
S00148902,121,69,49
S00148903,203,114,89
S00148904,142,69,75
S00148905,71,30,41
S00148906,112,54,55
S00148907,131,68,63
S00148908,91,56,35
S00148909,77,43,35
S00148910,179,111,67
S00148911,97,46,51
S00148912,102,54,51
S00148913,109,58,48
S00148914,106,42,64
S00148915,134,68,66
S00148916,100,58,45
S00148917,68,37,31
S00148918,109,56,47
S00148919,118,61,54
S00148920,103,40,59
S00148921,119,57,62
S00148922,126,62,64
S00148923,142,76,66
S00148924,82,41,44
S00148925,68,36,32
S00148926,84,43,41
S00148927,70,41,29
S00148928,111,59,52
S00148929,106,62,47
S00148930,63,24,38
S00148931,73,46,27
S00148932,111,61,50
S00148933,122,56,66
S00148934,116,64,52
S00148935,176,91,85
S00148936,135,81,57
S00148937,112,58,52
S00148938,99,47,52
S00148939,95,47,48
S00148940,90,45,45
S00148941,77,24,53
S00148942,147,79,68
S00148943,100,38,62
S00148944,84,39,44
S00148945,123,62,57
S00148946,77,39,38
S00148947,120,57,64
S00148948,91,51,37
S00148949,68,47,21
S00148950,90,50,40
S00148951,84,43,41
S00148952,178,79,97
S00148953,168,92,76
S00148954,97,57,42
S00148955,118,51,67
S00148956,103,48,55
S00148957,85,46,43
S00148958,211,104,104
S00148959,96,48,46
S00148960,154,81,72
S00148961,74,39,38
S00148962,80,36,41
S00148963,114,58,56
S00148964,102,53,49
S00148965,151,73,78
S00148966,111,59,48
S00148967,147,77,71
S00148968,159,75,84
S00148969,80,37,42
S00148970,90,44,49
S00148971,104,56,52
S00148972,92,50,42
S00148973,101,56,45
S00148974,88,38,50
S00148975,112,59,53
S00148976,140,73,70
S00148977,115,55,58
S00148978,118,53,68
S00148979,64,33,35
S00148980,86,49,39
S00148981,65,36,25
S00148982,134,68,69
S00148983,161,92,69
S00148984,65,35,30
S00148985,122,38,87
S00148986,104,59,42
S00148987,106,51,51
S00148988,163,83,77
S00148989,83,46,37
S00148990,129,58,69
S00148991,156,84,75
S00148992,160,84,76
S00148993,70,30,40
S00148994,98,51,47
S00148995,156,84,68
S00148996,112,60,51
S00148997,171,86,83
S00148998,81,34,49
S00148999,103,59,44
S00149000,145,72,72
S00149001,141,75,71
S00149002,97,43,54
S00149003,84,41,44
S00149004,178,89,90
S00149005,96,47,49
S00149006,201,110,88
S00149007,165,88,77
S00149008,135,62,70
S00149009,174,77,97
S00149010,83,27,56
S00149011,77,47,32
S00149012,115,62,53
S00149013,130,64,70
S00149014,142,68,70
S00149015,139,72,69
S00149016,90,52,38
S00149017,107,65,44
S00149018,98,50,44
S00149019,178,95,83
S00149020,89,46,41
S00149021,135,63,69
S00149022,95,46,45
S00149023,100,58,42
S00149024,78,41,37
S00149025,75,44,34
S00149026,169,92,77
S00149027,112,57,53
S00149028,95,49,46
S00149029,170,89,78
S00149030,95,48,50
S00149031,76,40,39
S00149032,84,43,41
S00149033,103,52,50
S00149034,149,73,76
S00149035,100,57,43
S00149036,66,41,29
S00149037,82,45,37
S00149038,110,53,54
S00149039,123,60,63
S00149040,187,91,92
S00149041,100,53,47
S00149042,101,57,46
S00149043,106,56,52
S00149044,94,50,44
S00149045,64,38,28
S00149046,165,88,79
S00149047,110,55,55
S00149048,97,49,48
S00149049,160,87,73
S00149050,106,51,59
S00149051,90,32,58
S00149052,127,66,62
S00149053,76,44,32
S00149054,147,75,72
S00149055,106,52,57
S00149056,106,45,61
S00149057,74,38,36
S00149058,95,47,44
S00149059,89,45,41
S00149060,97,51,49
S00149061,121,59,62
S00149062,258,128,130
S00149063,109,53,56
S00149064,131,70,61
S00149065,139,77,62
S00149066,189,91,98
S00149067,76,39,37
S00149068,100,48,54
S00149069,117,64,50
S00149070,110,53,51
S00149071,82,37,45
S00149072,143,74,68
S00149073,158,88,74
S00149074,84,41,47
S00149075,128,69,59
S00149076,85,45,42
S00149077,93,52,41
S00149078,111,63,48
S00149079,62,30,32
S00149080,81,43,36
S00149081,116,64,52
S00149082,59,33,29
S00149083,136,72,66
S00149084,70,39,33
S00149085,126,61,61
S00149086,81,41,42
S00149087,266,134,130
S00149088,161,79,80
S00149089,101,49,52
S00149090,71,39,32
S00149091,71,32,39
S00149092,99,52,47
S00149093,65,33,32
S00149094,101,43,55
S00149095,114,62,52
S00149096,121,63,54
S00149097,119,61,62
S00149098,94,47,45
S00149099,138,74,66
S00149100,102,55,50
S00149101,64,24,36
S00149102,179,98,81
S00149103,65,36,30
S00149104,95,48,47
S00149105,82,42,44
S00149106,92,54,42
S00149107,112,59,53
S00149108,202,109,93
S00149109,68,42,25
S00149110,106,54,52
S00149111,80,31,49
S00149112,105,49,56
S00149113,117,58,59
S00149114,86,48,41
S00149115,123,62,57
S00149116,237,132,109
S00149117,106,41,65
S00149118,114,62,52
S00149119,78,37,35
S00149120,88,53,35
S00149121,108,36,72
S00149122,166,89,73
S00149123,69,28,41
S00149124,64,37,27
S00149125,151,74,77
S00149126,136,66,70
S00149127,95,49,44
S00149128,101,48,53
S00149129,117,55,59
S00149130,78,30,45
S00149131,67,31,36
S00149132,111,55,53
S00149133,97,45,51
S00149134,84,46,39
S00149135,87,40,47
S00149136,89,44,45
S00149137,124,70,54
S00149138,97,50,47
S00149139,60,24,36
S00149140,62,36,26
S00149141,121,51,70
S00149142,112,58,54
S00149143,94,49,49
S00149144,68,39,29
S00149145,174,85,89
S00149146,113,53,60
S00149147,167,97,66
S00149148,96,53,43
S00149149,87,46,41
S00149150,78,40,38
S00149151,101,52,51
S00149152,162,83,79
S00149153,143,72,67
S00149154,103,59,46
S00149155,129,73,56
S00149156,93,52,41
S00149157,123,69,54
S00149158,131,63,68
S00149159,135,69,66
S00149160,139,66,73
S00149161,88,44,44
S00149162,135,66,69
S00149163,63,36,31
S00149164,103,51,52
S00149165,66,26,41
S00149166,208,104,104
S00149167,79,41,38
S00149168,104,48,56
S00149169,132,71,62
S00149170,124,63,60
S00149171,73,37,36
S00149172,180,79,94
S00149173,138,74,64
S00149174,65,34,31
S00149175,136,71,67
S00149176,105,62,46
S00149177,87,46,41
S00149178,124,67,54
S00149179,78,37,41
S00149180,169,81,88
S00149181,83,36,47
S00149182,64,35,29
S00149183,137,70,71
S00149184,143,67,72
S00149185,144,61,83
S00149186,147,81,66
S00149187,111,60,51
S00149188,102,54,48
S00149189,117,62,55
S00149190,187,95,92
S00149191,74,39,35
S00149192,111,57,56
S00149193,93,50,43
S00149194,176,92,84
S00149195,79,42,40
S00149196,80,39,40
S00149197,133,64,69
S00149198,123,74,53
S00149199,86,56,33
S00149200,78,32,45
S00149201,69,29,36
S00149202,87,51,39
S00149203,533,82,453
S00149204,125,59,66
S00149205,137,69,68
S00149206,105,62,44
S00149207,97,53,48
S00149208,137,74,63
S00149209,76,33,45
S00149210,85,46,39
S00149211,166,88,78
S00149212,134,71,63
S00149213,138,71,70
S00149214,152,78,77
S00149215,123,68,55
S00149216,161,90,71
S00149217,67,39,31
S00149218,145,77,70
S00149219,74,39,35
S00149220,113,58,56
S00149221,126,72,54
S00149222,108,60,47
S00149223,110,56,54
S00149224,100,45,49
S00149225,173,95,81
S00149226,76,38,38
S00149227,155,88,67
S00149228,64,33,31
S00149229,208,105,103
S00149230,79,48,31
S00149231,122,69,53
S00149232,107,54,53
S00149233,105,60,49
S00149234,132,62,70
S00149235,175,88,85
S00149236,82,40,42
S00149237,118,60,53
S00149238,82,45,37
S00149239,122,63,59
S00149240,142,73,66
S00149241,83,48,35
S00149242,63,33,33
S00149243,101,51,48
S00149244,170,101,69
S00149245,123,64,59
S00149246,137,84,55
S00149247,164,87,77
S00149248,112,61,45
S00149249,111,57,54
S00149250,107,59,48
S00149251,94,49,45
S00149252,91,39,48
S00149253,107,61,46
S00149254,90,45,45
S00149255,111,53,58
S00149256,78,37,38
S00149257,96,49,49
S00149258,146,74,75
S00149259,90,40,50
S00149260,108,53,55
S00149261,98,49,47
S00149262,80,40,39
S00149263,101,55,43
S00149264,97,49,48
S00149265,142,82,60
S00149266,176,87,89
S00149267,74,39,35
S00149268,114,64,50
S00149269,152,84,68
S00149270,87,40,44
S00149271,69,31,35
S00149272,128,67,61
S00149273,110,54,56
S00149274,109,55,54
S00149275,78,39,39
S00149276,121,78,40
S00149277,132,66,66
S00149278,106,54,52
S00149279,105,54,51
S00149280,121,61,60
S00149281,144,72,74
S00149282,131,64,67
S00149283,85,42,46
S00149284,159,86,73
S00149285,79,42,35
S00149286,103,59,43
S00149287,71,36,33
S00149288,92,48,44
S00149289,88,46,46
S00149290,72,36,36
S00149291,77,45,32
S00149292,97,46,51
S00149293,171,98,73
S00149294,95,43,52
S00149295,146,73,73
S00149296,175,86,89
S00149297,80,43,37
S00149298,83,44,39
S00149299,154,85,69
S00149300,125,62,63
S00149301,110,67,43
S00149302,77,49,28
S00149303,108,52,56
S00149304,145,83,62
S00149305,121,61,60
S00149306,121,58,63
S00149307,115,54,65
S00149308,77,34,45
S00149309,161,88,73
S00149310,116,58,58
S00149311,151,76,72
S00149312,101,50,51
S00149313,111,60,48
S00149314,107,49,58
S00149315,96,53,43
S00149316,128,74,54
S00149317,112,63,49
S00149318,73,45,25
S00149319,103,44,55
S00149320,94,51,43
S00149321,163,89,74
S00149322,95,46,49
S00149323,90,47,43
S00149324,101,56,47
S00149325,123,65,58
S00149326,158,82,80
S00149327,74,41,33
S00149328,160,80,82
S00149329,96,48,48
S00149330,109,54,56
S00149331,70,37,33
S00149332,128,68,56
S00149333,122,74,48
S00149334,86,41,45
S00149335,97,44,53
S00149336,80,41,39
S00149337,72,39,33
S00149338,142,69,73
S00149339,102,43,59
S00149340,149,75,73
S00149341,119,59,60
S00149342,68,40,28
S00149343,106,52,51
S00149344,123,61,62
S00149345,100,59,41
S00149346,97,54,39
S00149347,88,43,45
S00149348,137,71,66
S00149349,132,74,62
S00149350,98,47,47
S00149351,125,61,62
S00149352,93,52,41
S00149353,91,45,46
S00149354,119,63,56
S00149355,140,73,67
S00149356,138,73,68
S00149357,104,53,51
S00149358,105,52,53
S00149359,181,98,83
S00149360,150,75,76
S00149361,144,77,67
S00149362,153,83,70
S00149363,109,53,52
S00149364,152,82,73
S00149365,120,59,61
S00149366,88,46,43
S00149367,117,54,63
S00149368,129,62,66
S00149369,119,60,61
S00149370,130,73,57
S00149371,125,62,63
S00149372,78,41,37
S00149373,80,47,35
S00149374,108,61,47
S00149375,112,61,51
S00149376,175,89,90
S00149377,77,42,34
S00149378,129,66,59
S00149379,94,50,44
S00149380,109,59,52
S00149381,84,37,47
S00149382,93,48,45
S00149383,107,53,54
S00149384,166,86,80
S00149385,142,62,78
S00149386,106,57,46
S00149387,61,33,28
S00149388,96,53,43
S00149389,97,48,49
S00149390,122,63,59
S00149391,83,46,37
S00149392,136,72,64
S00149393,85,46,39
S00149394,138,67,71
S00149395,183,95,89
S00149396,95,51,44
S00149397,116,53,63
S00149398,111,59,52
S00149399,114,56,58
S00149400,103,52,51
S00149401,115,56,59
S00149402,77,41,34
S00149403,83,43,40
S00149404,106,57,49
S00149405,95,45,50
S00149406,94,43,47
S00149407,86,34,54
S00149408,93,52,41
S00149409,67,32,35
S00149410,170,91,82
S00149411,114,58,55
S00149412,119,66,58
S00149413,135,70,63
S00149414,108,48,60
S00149415,89,44,45
S00149416,138,64,74
S00149417,75,36,39
S00149418,101,52,51
S00149419,109,59,50
S00149420,154,76,78
S00149421,64,34,30
S00149422,133,73,63
S00149423,94,51,46
S00149424,94,46,44
S00149425,158,75,83
S00149426,70,36,33
S00149427,101,53,48
S00149428,73,36,45
S00149429,109,58,49
S00149430,87,42,45
S00149431,140,70,70
S00149432,174,97,73
S00149433,95,45,50
S00149434,171,82,85
S00149435,105,52,46
S00149436,110,53,57
S00149437,92,47,45
S00149438,76,47,29
S00149439,85,49,36
S00149440,76,34,42
S00149441,122,66,58
S00149442,109,48,57
S00149443,70,36,34
S00149444,119,59,60
S00149445,109,53,53
S00149446,90,50,39
S00149447,101,49,52
S00149448,136,67,65
S00149449,106,50,56
S00149450,141,78,66
S00149451,116,65,53
S00149452,99,52,48
S00149453,172,88,84
S00149454,87,45,40
S00149455,138,67,71
S00149456,96,53,41
S00149457,158,72,82
S00149458,99,47,50
S00149459,148,70,78
S00149460,98,45,57
S00149461,140,71,69
S00149462,231,122,109
S00149463,98,49,49
S00149464,70,35,32
S00149465,80,39,41
S00149466,204,92,109
S00149467,207,101,106
S00149468,130,67,63
S00149469,135,69,66
S00149470,124,66,58
S00149471,192,97,93
S00149472,130,68,62
S00149473,84,46,35
S00149474,116,63,53
S00149475,146,77,69
S00149476,158,70,91
S00149477,121,68,53
S00149478,70,42,28
S00149479,77,37,42
S00149480,86,40,46
S00149481,112,53,59
S00149482,98,61,40
S00149483,168,88,84
S00149484,148,78,70
S00149485,133,66,67
S00149486,74,32,42
S00149487,89,49,38
S00149488,159,80,79
S00149489,109,60,49
S00149490,85,37,45
S00149491,169,87,82
S00149492,121,71,50
S00149493,103,49,54
S00149494,166,87,79
S00149495,135,57,78
S00149496,107,51,56
S00149497,104,50,58
S00149498,103,58,45
S00149499,105,61,44
S00149500,138,68,65
S00149501,60,35,24
S00149502,127,71,60
S00149503,98,41,57
S00149504,113,70,43
S00149505,82,35,47
S00149506,94,54,37
S00149507,100,46,54
S00149508,131,70,61
S00149509,129,70,59
S00149510,133,71,62
S00149511,91,48,42
S00149512,102,54,48
S00149513,75,41,34
S00149514,134,68,67
S00149515,81,40,41
S00149516,110,64,50
S00149517,85,35,50
S00149518,112,59,53
S00149519,87,48,35
S00149520,67,36,30
S00149521,95,47,48
S00149522,73,35,38
S00149523,138,72,66
S00149524,85,44,41
S00149525,126,66,60
S00149526,113,57,56
S00149527,139,63,76
S00149528,226,107,119
S00149529,104,45,55
S00149530,144,69,74
S00149531,111,52,58
S00149532,123,58,68
S00149533,103,53,50
S00149534,117,55,62
S00149535,121,63,58
S00149536,72,43,32
S00149537,190,102,88
S00149538,169,88,81
S00149539,98,59,41
S00149540,100,54,43
S00149541,156,71,86
S00149542,116,67,48
S00149543,134,71,63
S00149544,120,52,68
S00149545,89,39,50
S00149546,168,92,76
S00149547,140,70,70
S00149548,120,71,48
S00149549,96,44,52
S00149550,117,61,56
S00149551,78,40,38
S00149552,84,44,40
S00149553,87,46,41
S00149554,147,75,73
S00149555,77,40,37
S00149556,65,42,23
S00149557,162,92,70
S00149558,130,70,60
S00149559,103,57,48
S00149560,123,71,54
S00149561,130,68,62
S00149562,143,67,76
S00149563,150,78,72
S00149564,237,111,126
S00149565,82,48,33
S00149566,101,65,36
S00149567,176,100,73
S00149568,97,56,41
S00149569,134,76,58
S00149570,109,52,60
S00149571,104,49,55
S00149572,103,52,51
S00149573,100,57,43
S00149574,145,70,75
S00149575,111,71,43
S00149576,96,56,36
S00149577,99,51,44
S00149578,87,51,36
S00149579,112,54,58
S00149580,172,92,80
S00149581,101,45,53
S00149582,127,64,61
S00149583,197,97,98
S00149584,69,31,38
S00149585,108,55,53
S00149586,170,87,82
S00149587,155,89,66
S00149588,94,53,47
S00149589,142,72,72
S00149590,200,110,90
S00149591,108,56,52
S00149592,79,41,38
S00149593,87,45,41
S00149594,94,46,48
S00149595,144,71,71
S00149596,96,47,49
S00149597,113,59,58
S00149598,96,48,48
S00149599,111,63,48
S00149600,115,50,65
S00149601,144,85,62
S00149602,78,45,33
S00149603,96,53,43
S00149604,149,69,80
S00149605,78,40,38
S00149606,65,38,29
S00149607,74,34,37
S00149608,63,31,30
S00149609,75,46,29
S00149610,90,44,46
S00149611,121,66,53
S00149612,132,62,70
S00149613,102,49,55
S00149614,102,48,54
S00149615,124,64,60
S00149616,160,80,80
S00149617,120,70,51
S00149618,91,47,46
S00149619,96,42,51
S00149620,86,45,38
S00149621,101,56,45
S00149622,88,44,44
S00149623,117,63,57
S00149624,83,42,44
S00149625,73,43,30
S00149626,113,50,63
S00149627,65,33,32
S00149628,188,94,94
S00149629,83,41,42
S00149630,164,81,83
S00149631,93,42,52
S00149632,99,47,48
S00149633,110,62,52
S00149634,161,83,78
S00149635,250,108,142
S00149636,112,49,63
S00149637,194,106,88
S00149638,160,84,76
S00149639,95,49,46
S00149640,105,55,50
S00149641,112,55,57
S00149642,80,46,38
S00149643,140,72,68
S00149644,60,30,30
S00149645,83,45,36
S00149646,115,49,65
S00149647,122,69,53
S00149648,143,67,76
S00149649,97,46,54
S00149650,92,52,37
S00149651,161,94,71
S00149652,176,87,89
S00149653,98,54,44
S00149654,112,60,52
S00149655,168,87,81
S00149656,139,75,64
S00149657,104,52,52
S00149658,131,65,66
S00149659,87,40,39
S00149660,135,68,70
S00149661,151,71,81
S00149662,79,45,38
S00149663,111,67,44
S00149664,189,92,97
S00149665,92,41,50
S00149666,78,47,31
S00149667,108,55,56
S00149668,182,92,90
S00149669,120,77,46
S00149670,185,86,99
S00149671,186,88,95
S00149672,127,51,75
S00149673,154,82,72
S00149674,214,111,103
S00149675,97,44,52
S00149676,293,166,127
S00149677,106,56,50
S00149678,135,75,60
S00149679,107,57,49
S00149680,99,53,46
S00149681,89,45,42
S00149682,65,28,37
S00149683,155,80,72
S00149684,93,45,48
S00149685,157,80,80
S00149686,90,48,47
S00149687,126,68,59
S00149688,149,82,67
S00149689,143,77,66
S00149690,143,70,69
S00149691,93,42,51
S00149692,145,76,69
S00149693,163,94,69
S00149694,148,70,75
S00149695,66,32,30
S00149696,147,85,63
S00149697,76,52,20
S00149698,176,96,80
S00149699,142,75,67
S00149700,110,63,49
S00149701,101,52,49
S00149702,119,62,57
S00149703,134,70,64
S00149704,177,83,94
S00149705,92,45,47
S00149706,74,39,35
S00149707,93,45,48
S00149708,91,51,40
S00149709,144,66,78
S00149710,153,76,74
S00149711,107,52,55
S00149712,89,47,39
S00149713,133,77,56
S00149714,127,61,64
S00149715,88,42,43
S00149716,105,49,53
S00149717,143,82,61
S00149718,113,57,60
S00149719,108,48,57
S00149720,73,43,27
S00149721,147,71,76
S00149722,144,82,66
S00149723,96,49,47
S00149724,121,57,64
S00149725,127,73,52
S00149726,109,63,47
S00149727,92,47,45
S00149728,90,45,45
S00149729,97,54,43
S00149730,95,45,47
S00149731,133,65,68
S00149732,95,52,40
S00149733,62,31,31
S00149734,73,40,33
S00149735,133,70,63
S00149736,154,75,76
S00149737,103,51,52
S00149738,188,95,93
S00149739,83,43,40
S00149740,170,81,87
S00149741,255,166,86
S00149742,151,82,69
S00149743,92,49,43
S00149744,128,70,63
S00149745,158,80,78
S00149746,81,41,37
S00149747,147,76,71
S00149748,150,77,73
S00149749,124,56,68
S00149750,125,67,57
S00149751,120,62,58
S00149752,119,59,60
S00149753,102,49,53
S00149754,133,72,61
S00149755,122,58,60
S00149756,152,68,84
S00149757,140,70,69
S00149758,248,120,129
S00149759,118,59,55
S00149760,161,79,79
S00149761,64,35,29
S00149762,70,39,27
S00149763,131,67,66
S00149764,75,42,36
S00149765,177,87,90
S00149766,208,132,76
S00149767,112,59,53
S00149768,60,32,32
S00149769,121,66,55
S00149770,146,71,73
S00149771,86,41,43
S00149772,179,94,85
S00149773,100,51,49
S00149774,80,41,39
S00149775,64,33,31
S00149776,70,34,36
S00149777,96,46,50
S00149778,134,77,57
S00149779,122,64,57
S00149780,86,39,47
S00149781,129,65,64
S00149782,106,54,52
S00149783,104,63,40
S00149784,121,68,55
S00149785,119,67,56
S00149786,94,50,40
S00149787,110,60,50
S00149788,168,90,78
S00149789,151,79,72
S00149790,162,79,79
S00149791,129,68,61
S00149792,92,40,52
S00149793,113,58,55
S00149794,101,53,48
S00149795,106,54,52
S00149796,142,86,56
S00149797,121,66,55
S00149798,163,84,78
S00149799,108,51,57
S00149800,143,81,60
S00149801,61,29,36
S00149802,95,52,43
S00149803,68,38,30
S00149804,198,99,99
S00149805,85,51,34
S00149806,108,63,51
S00149807,61,32,29
S00149808,101,54,45
S00149809,149,71,82
S00149810,154,85,65
S00149811,109,51,58
S00149812,126,58,68
S00149813,141,76,65
S00149814,160,86,74
S00149815,73,36,31
S00149816,116,57,61
S00149817,102,45,53
S00149818,94,46,50
S00149819,77,39,39
S00149820,150,79,74
S00149821,125,60,65
S00149822,101,49,52
S00149823,120,66,54
S00149824,120,66,56
S00149825,69,37,32
S00149826,90,49,45
S00149827,113,57,56
S00149828,145,75,68
S00149829,133,73,62
S00149830,140,69,71
S00149831,114,57,57
S00149832,122,61,57
S00149833,89,47,42
S00149834,115,65,50
S00149835,160,88,72
S00149836,91,46,45
S00149837,91,51,44
S00149838,98,53,45
S00149839,110,60,51
S00149840,90,48,42
S00149841,110,57,53
S00149842,209,111,98
S00149843,145,74,71
S00149844,86,44,43
S00149845,86,39,47
S00149846,61,32,29
S00149847,122,71,51
S00149848,74,38,37
S00149849,61,35,25
S00149850,99,47,52
S00149851,207,109,96
S00149852,97,52,41
S00149853,141,75,66
S00149854,81,44,37
S00149855,86,46,40
S00149856,133,69,64
S00149857,122,64,58
S00149858,141,74,67
S00149859,79,37,42
S00149860,93,47,46
S00149861,146,67,79
S00149862,100,54,44
S00149863,139,67,75
S00149864,141,79,62
S00149865,93,58,35
S00149866,106,61,45
S00149867,61,32,29
S00149868,108,57,47
S00149869,157,86,71
S00149870,138,67,71
S00149871,104,60,44
S00149872,94,51,43
S00149873,115,51,68
S00149874,128,66,67
S00149875,152,84,72
S00149876,175,83,94
S00149877,62,35,27
S00149878,79,41,39
S00149879,127,70,57
S00149880,72,39,33
S00149881,80,46,34
S00149882,103,54,49
S00149883,131,64,69
S00149884,87,49,39
S00149885,106,56,53
S00149886,120,69,47
S00149887,124,58,70
S00149888,97,53,44
S00149889,127,67,60
S00149890,75,39,36
S00149891,120,59,61
S00149892,74,41,40
S00149893,155,81,74
S00149894,115,58,61
S00149895,75,49,26
S00149896,61,32,29
S00149897,126,72,53
S00149898,70,41,29
S00149899,76,42,34
S00149900,178,92,86
S00149901,83,40,43
S00149902,97,49,48
S00149903,83,50,27
S00149904,60,32,25
S00149905,93,57,40
S00149906,134,72,66
S00149907,67,36,31
S00149908,83,53,30
S00149909,161,82,79
S00149910,110,55,55
S00149911,84,41,43
S00149912,107,62,50
S00149913,92,44,44
S00149914,117,62,55
S00149915,86,44,39
S00149916,88,41,47
S00149917,149,79,69
S00149918,173,82,91
S00149919,102,53,47
S00149920,114,57,57
S00149921,71,37,34
S00149922,180,94,90
S00149923,142,74,68
S00149924,130,69,64
S00149925,103,51,48
S00149926,67,38,29
S00149927,105,57,48
S00149928,157,88,69
S00149929,151,80,71
S00149930,126,65,59
S00149931,115,58,57
S00149932,157,79,78
S00149933,111,59,52
S00149934,125,61,64
S00149935,146,72,76
S00149936,113,56,54
S00149937,113,65,48
S00149938,226,118,108
S00149939,133,74,58
S00149940,128,61,67
S00149941,138,74,64
S00149942,157,95,60
S00149943,171,90,81
S00149944,86,50,36
S00149945,163,95,72
S00149946,157,91,66
S00149947,150,83,71
S00149948,89,48,41
S00149949,100,46,54
S00149950,123,60,62
S00149951,99,61,38
S00149952,167,81,85
S00149953,233,119,114
S00149954,101,56,45
S00149955,103,55,49
S00149956,149,78,71
S00149957,122,61,60
S00149958,100,54,46
S00149959,146,72,70
S00149960,78,45,33
S00149961,68,41,27
S00149962,83,44,40
S00149963,104,49,55
S00149964,102,59,43
S00149965,102,57,45
S00149966,124,57,68
S00149967,93,50,40
S00149968,90,51,41
S00149969,124,70,54
S00149970,121,61,60
S00149971,120,59,61
S00149972,88,46,39
S00149973,96,52,42
S00149974,82,46,36
S00149975,114,55,59
S00149976,70,39,32
S00149977,136,72,64
S00149978,100,53,47
S00149979,135,69,66
S00149980,86,44,40
S00149981,172,89,82
S00149982,109,52,57
S00149983,123,65,61
S00149984,75,34,41
S00149985,142,83,61
S00149986,82,38,48
S00149987,89,37,52
S00149988,159,82,77
S00149989,88,47,41
S00149990,124,68,56
S00149991,173,93,81
S00149992,126,62,64
S00149993,176,84,96
S00149994,124,64,60
S00149995,94,47,47
S00149996,127,75,52
S00149997,112,61,54
S00149998,92,44,48
S00149999,220,114,106
S00150000,92,46,46
S00150001,131,67,64
S00150002,108,56,49
S00150003,70,35,34
S00150004,84,47,37
S00150005,173,88,85
S00150006,112,51,61
S00150007,141,65,73
S00150008,78,39,39
S00150009,133,66,64
S00150010,127,55,69
S00150011,65,33,32
S00150012,88,50,38
S00150013,91,45,44
S00150014,163,84,75
S00150015,98,46,52
S00150016,120,68,56
S00150017,127,67,60
S00150018,150,75,75
S00150019,69,31,38
S00150020,104,60,44
S00150021,155,73,82
S00150022,174,93,81
S00150023,161,78,83
S00150024,184,94,90
S00150025,72,42,34
S00150026,104,51,53
S00150027,121,57,59
S00150028,94,47,45
S00150029,133,73,60
S00150030,110,50,63
S00150031,82,38,44
S00150032,111,57,53
S00150033,199,104,97
S00150034,60,31,29
S00150035,165,92,73
S00150036,115,59,56
S00150037,93,43,50
S00150038,151,83,68
S00150039,65,31,34
S00150040,107,50,57
S00150041,62,31,29
S00150042,105,49,56
S00150043,71,39,36
S00150044,93,54,43
S00150045,124,70,54
S00150046,72,36,35
S00150047,95,52,38
S00150048,292,161,131
S00150049,104,56,52
S00150050,88,44,44
S00150051,165,84,81
S00150052,75,40,36
S00150053,68,32,36
S00150054,251,136,119
S00150055,144,77,67
S00150056,72,34,38
S00150057,81,39,42
S00150058,108,57,47
S00150059,120,61,58
S00150060,116,61,58
S00150061,78,32,46
S00150062,70,34,32
S00150063,100,54,46
S00150064,190,93,97
S00150065,149,78,71
S00150066,114,60,54
S00150067,123,70,53
S00150068,147,78,69
S00150069,89,41,45
S00150070,61,36,28
S00150071,156,77,79
S00150072,140,74,66
S00150073,115,56,59
S00150074,116,67,53
S00150075,105,51,53
S00150076,88,42,46
S00150077,88,44,44
S00150078,248,127,125
S00150079,167,82,80
S00150080,76,47,32
S00150081,115,62,56
S00150082,204,100,104
S00150083,119,60,62
S00150084,114,69,45
S00150085,83,42,44
S00150086,166,83,83
S00150087,107,51,57
S00150088,135,76,59
S00150089,107,58,49
S00150090,200,101,99
S00150091,95,55,44
S00150092,162,83,73
S00150093,104,53,54
S00150094,105,59,47
S00150095,70,41,31
S00150096,154,94,60
S00150097,98,50,48
S00150098,159,85,74
S00150099,121,60,58
S00150100,119,58,62
S00150101,188,93,95
S00150102,132,70,62
S00150103,76,33,41
S00150104,101,53,48
S00150105,287,131,156
S00150106,101,51,50
S00150107,120,62,58
S00150108,96,47,49
S00150109,87,41,44
S00150110,204,103,102
S00150111,140,76,64
S00150112,95,53,42
S00150113,124,67,57
S00150114,121,63,56
S00150115,144,80,68
S00150116,72,36,36
S00150117,137,64,73
S00150118,183,96,88
S00150119,168,98,71
S00150120,77,32,45
S00150121,141,79,62
S00150122,113,72,41
S00150123,204,105,99
S00150124,218,104,114
S00150125,183,87,97
S00150126,106,62,44
S00150127,114,53,61
S00150128,69,41,31
S00150129,101,47,50
S00150130,83,42,41
S00150131,163,87,76
S00150132,177,89,88
S00150133,123,72,51
S00150134,158,70,88
S00150135,124,64,60
S00150136,168,86,78
S00150137,129,67,62
S00150138,159,77,79
S00150139,172,87,93
S00150140,168,86,82
S00150141,123,63,60
S00150142,194,97,93
S00150143,74,31,42
S00150144,110,60,50
S00150145,62,32,30
S00150146,109,61,48
S00150147,124,60,64
S00150148,198,98,100
S00150149,120,57,63
S00150150,97,53,47
S00150151,118,63,55
S00150152,117,64,53
S00150153,101,54,47
S00150154,157,84,69
S00150155,110,54,56
S00150156,126,68,58
S00150157,106,58,51
S00150158,174,83,91
S00150159,123,75,51
S00150160,204,105,99
S00150161,178,83,95
S00150162,124,61,66
S00150163,187,95,92
S00150164,678,49,629
S00150165,186,98,88
S00150166,101,51,46
S00150167,183,97,86
S00150168,172,87,85
S00150169,203,103,101
S00150170,101,60,41
S00150171,135,72,63
S00150172,128,60,68
S00150173,204,104,100
S00150174,219,121,101
S00150175,109,57,49
S00150176,140,72,68
S00150177,170,86,80
S00150178,134,73,61
S00150179,93,54,39
S00150180,137,66,71
S00150181,242,135,107
S00150182,168,79,89
S00150183,132,69,67
S00150184,114,62,49
S00150185,64,34,30
S00150186,95,51,44
S00150187,87,45,42
S00150188,165,87,78
S00150189,108,61,47
S00150190,117,66,53
S00150191,191,96,94
S00150192,110,58,52
S00150193,129,71,58
S00150194,136,63,73
S00150195,127,68,59
S00150196,111,53,58
S00150197,203,97,104
S00150198,104,59,45
S00150199,101,53,48
S00150200,116,62,54
S00150201,90,51,37
S00150202,133,74,59
S00150203,123,66,53
S00150204,115,60,57
S00150205,107,58,49
S00150206,190,95,95
S00150207,135,81,54
S00150208,121,67,57
S00150209,80,44,36
S00150210,229,112,115
S00150211,100,53,47
S00150212,135,72,59
S00150213,109,60,48
S00150214,146,69,77
S00150215,131,73,61
S00150216,99,56,44
S00150217,121,63,58
S00150218,185,90,92
S00150219,170,86,87
S00150220,101,56,44
S00150221,135,68,67
S00150222,79,42,39
S00150223,138,75,60
S00150224,69,34,35
S00150225,117,56,61
S00150226,206,146,60
S00150227,79,42,32
S00150228,112,54,61
S00150229,86,45,41
S00150230,149,77,72
S00150231,117,61,56
S00150232,74,34,40
S00150233,140,73,67
S00150234,125,64,63
S00150235,141,66,73
S00150236,130,69,61
S00150237,141,79,64
S00150238,143,75,69
S00150239,123,69,54
S00150240,154,67,91
S00150241,103,49,54
S00150242,115,69,46
S00150243,129,69,60
S00150244,124,65,56
S00150245,135,66,69
S00150246,139,75,64
S00150247,172,83,89
S00150248,73,41,30
S00150249,82,38,44
S00150250,147,84,63
S00150251,164,84,80
S00150252,110,61,50
S00150253,73,38,35
S00150254,139,71,72
S00150255,157,79,78
S00150256,149,76,73
S00150257,138,73,65
S00150258,65,36,29
S00150259,102,55,49
S00150260,152,79,75
S00150261,106,55,51
S00150262,114,63,51
S00150263,114,58,56
S00150264,148,79,69
S00150265,98,57,41
S00150266,124,67,57
S00150267,129,55,68
S00150268,134,68,66
S00150269,105,59,50
S00150270,151,78,71
S00150271,151,75,76
S00150272,77,41,36
S00150273,139,68,69
S00150274,139,67,74
S00150275,157,79,78
S00150276,148,80,64
S00150277,160,75,85
S00150278,107,58,49
S00150279,111,55,54
S00150280,139,65,74
S00150281,176,100,75
S00150282,164,79,85
S00150283,79,43,36
S00150284,116,52,61
S00150285,152,76,73
S00150286,220,107,111
S00150287,121,57,63
S00150288,136,73,63
S00150289,121,65,56
S00150290,95,49,46
S00150291,114,62,55
S00150292,151,78,72
S00150293,116,61,55
S00150294,96,51,44
S00150295,138,73,65
S00150296,167,79,88
S00150297,100,53,47
S00150298,114,60,51
S00150299,115,57,58
S00150300,114,64,52
S00150301,195,100,98
S00150302,69,37,32
S00150303,98,43,51
S00150304,119,66,49
S00150305,100,48,52
S00150306,126,61,64
S00150307,90,43,46
S00150308,78,42,36
S00150309,144,74,70
S00150310,63,27,36
S00150311,119,63,56
S00150312,147,75,68
S00150313,95,52,43
S00150314,66,37,29
S00150315,117,64,53
S00150316,111,57,54
S00150317,94,47,47
S00150318,98,46,52
S00150319,125,62,67
S00150320,161,79,82
S00150321,85,45,41
S00150322,91,50,41
S00150323,125,64,61
S00150324,105,60,45
S00150325,171,93,76
S00150326,154,82,72
S00150327,236,126,110
S00150328,116,57,57
S00150329,120,65,55
S00150330,105,60,41
S00150331,104,55,49
S00150332,185,99,86
S00150333,120,67,53
S00150334,176,93,83
S00150335,181,99,84
S00150336,104,59,50
S00150337,130,70,60
S00150338,148,76,72
S00150339,102,45,56
S00150340,108,57,55
S00150341,104,46,56
S00150342,108,51,54
S00150343,111,55,55
S00150344,184,100,84
S00150345,205,101,104
S00150346,151,75,72
S00150347,148,65,78
S00150348,169,91,81
S00150349,83,47,38
S00150350,173,84,89
S00150351,159,75,84
S00150352,192,103,89
S00150353,124,66,57
S00150354,96,58,38
S00150355,71,40,31
S00150356,109,55,54
S00150357,92,47,45
S00150358,162,87,71
S00150359,123,60,63
S00150360,131,66,64
S00150361,129,67,59
S00150362,174,92,82
S00150363,117,59,58
S00150364,138,64,74
S00150365,115,64,48
S00150366,106,58,48
S00150367,175,87,86
S00150368,92,52,40
S00150369,111,55,56
S00150370,138,72,66
S00150371,140,74,66
S00150372,130,62,66
S00150373,168,96,74
S00150374,105,49,53
S00150375,103,49,50
S00150376,116,63,57
S00150377,170,89,81
S00150378,129,65,64
S00150379,114,57,57
S00150380,101,48,49
S00150381,191,104,87
S00150382,110,64,46
S00150383,110,54,56
S00150384,120,65,55
S00150385,111,61,53
S00150386,184,89,93
S00150387,94,51,45
S00150388,95,50,45
S00150389,124,61,60
S00150390,171,92,79
S00150391,126,62,64
S00150392,116,56,60
S00150393,115,62,50
S00150394,81,40,39
S00150395,132,73,59
S00150396,138,73,65
S00150397,91,50,41
S00150398,155,82,68
S00150399,88,44,48
S00150400,117,63,58
S00150401,183,93,91
S00150402,76,47,32
S00150403,131,67,64
S00150404,123,73,50
S00150405,101,57,48
S00150406,106,60,46
S00150407,115,60,54
S00150408,176,92,87
S00150409,144,81,63
S00150410,106,47,59
S00150411,111,60,51
S00150412,88,42,43
S00150413,147,78,69
S00150414,74,36,38
S00150415,126,66,56
S00150416,60,35,21
S00150417,119,56,63
S00150418,104,56,47
S00150419,212,142,70
S00150420,147,76,71
S00150421,96,54,42
S00150422,118,55,63
S00150423,92,52,40
S00150424,161,79,85
S00150425,131,62,69
S00150426,118,60,58
S00150427,100,64,33
S00150428,169,89,80
S00150429,122,70,52
S00150430,163,86,81
S00150431,121,60,61
S00150432,116,56,57
S00150433,120,61,57
S00150434,122,65,58
S00150435,151,80,75
S00150436,122,61,59
S00150437,90,50,40
S00150438,224,111,117
S00150439,112,53,59
S00150440,245,133,116
S00150441,100,55,44
S00150442,112,57,55
S00150443,130,71,59
S00150444,109,51,58
S00150445,96,53,43
S00150446,95,44,51
S00150447,126,71,55
S00150448,134,67,63
S00150449,94,55,39
S00150450,131,62,68
S00150451,127,63,67
S00150452,132,67,65
S00150453,148,81,67
S00150454,72,56,18
S00150455,135,68,67
S00150456,148,77,71
S00150457,226,117,109
S00150458,170,87,81
S00150459,155,74,81
S00150460,95,53,44
S00150461,122,67,55
S00150462,102,51,49
S00150463,151,85,64
S00150464,92,51,41
S00150465,146,75,71
S00150466,140,74,66
S00150467,102,52,50
S00150468,122,64,58
S00150469,124,67,56
S00150470,176,98,77
S00150471,89,51,38
S00150472,122,67,55
S00150473,80,41,39
S00150474,98,55,43
S00150475,121,58,67
S00150476,178,91,87
S00150477,153,79,75
S00150478,124,62,62
S00150479,154,84,70
S00150480,60,36,24
S00150481,67,35,29
S00150482,149,77,74
S00150483,144,69,75
S00150484,161,88,75
S00150485,123,64,59
S00150486,100,63,37
S00150487,154,68,86
S00150488,106,48,58
S00150489,99,52,50
S00150490,129,68,60
S00150491,118,51,67
S00150492,97,58,39
S00150493,148,75,70
S00150494,98,63,35
S00150495,123,73,53
S00150496,141,70,68
S00150497,189,99,90
S00150498,123,75,51
S00150499,109,57,49
S00150500,162,79,86
S00150501,89,46,43
S00150502,146,79,67
S00150503,81,41,40
S00150504,92,50,42
S00150505,95,57,38
S00150506,153,83,69
S00150507,151,79,72
S00150508,162,97,65
S00150509,245,127,118
S00150510,158,89,72
S00150511,211,118,93
S00150512,103,56,47
S00150513,73,24,43
S00150514,89,43,42
S00150515,208,103,105
S00150516,163,88,75
S00150517,109,56,53
S00150518,100,56,44
S00150519,157,81,74
S00150520,125,59,66
S00150521,104,50,55
S00150522,99,54,42
S00150523,120,61,59
S00150524,182,94,86
S00150525,101,52,49
S00150526,110,52,58
S00150527,97,56,33
S00150528,133,74,59
S00150529,110,58,52
S00150530,82,43,39
S00150531,132,81,52
S00150532,89,49,42
S00150533,141,72,66
S00150534,107,57,50
S00150535,82,43,39
S00150536,126,76,53
S00150537,155,74,81
S00150538,108,58,50
S00150539,107,61,46
S00150540,127,65,62
S00150541,117,53,64
S00150542,139,70,65
S00150543,61,32,29
S00150544,141,76,63
S00150545,126,68,60
S00150546,99,56,45
S00150547,102,52,52
S00150548,112,55,54
S00150549,132,69,65
S00150550,90,44,45
S00150551,72,46,30
S00150552,206,105,101
S00150553,106,61,43
S00150554,127,65,62
S00150555,90,46,44
S00150556,93,46,47
S00150557,117,72,45
S00150558,213,105,105
S00150559,127,70,57
S00150560,76,34,42
S00150561,119,54,65
S00150562,125,66,59
S00150563,84,40,47
S00150564,90,48,49
S00150565,137,74,63
S00150566,103,53,50
S00150567,107,61,46
S00150568,79,33,43
S00150569,178,97,81
S00150570,163,100,63
S00150571,94,53,41
S00150572,134,71,67
S00150573,91,44,49
S00150574,85,46,39
S00150575,128,65,63
S00150576,65,34,27
S00150577,71,46,25
S00150578,160,104,59
S00150579,65,34,31
S00150580,84,47,37
S00150581,86,47,39
S00150582,72,43,32
S00150583,111,60,51
S00150584,188,100,88
S00150585,127,67,60
S00150586,89,49,39
S00150587,140,71,66
S00150588,115,63,56
S00150589,121,65,60
S00150590,145,67,75
S00150591,149,80,69
S00150592,154,85,69
S00150593,208,105,103
S00150594,114,62,49
S00150595,127,63,65
S00150596,96,58,37
S00150597,68,40,28
S00150598,84,44,43
S00150599,158,84,75
S00150600,118,55,59
S00150601,118,69,49
S00150602,175,99,80
S00150603,149,69,82
S00150604,88,54,34
S00150605,99,48,52
S00150606,90,42,48
S00150607,105,58,47
S00150608,150,70,76
S00150609,155,81,73
S00150610,112,62,50
S00150611,170,83,91
S00150612,108,57,51
S00150613,172,89,86
S00150614,130,63,67
S00150615,112,55,57
S00150616,185,89,96
S00150617,109,67,39
S00150618,188,96,92
S00150619,98,44,54
S00150620,102,54,48
S00150621,131,71,60
S00150622,90,55,36
S00150623,155,88,67
S00150624,89,46,46
S00150625,128,70,58
S00150626,74,45,34
S00150627,150,79,71
S00150628,135,71,65
S00150629,110,58,54
S00150630,92,50,42
S00150631,135,64,71
S00150632,118,66,56
S00150633,86,43,45
S00150634,102,57,45
S00150635,114,53,61
S00150636,93,54,44
S00150637,70,36,34
S00150638,120,70,52
S00150639,137,76,61
S00150640,132,63,67
S00150641,75,40,35
S00150642,118,61,59
S00150643,116,68,48
S00150644,86,45,41
S00150645,189,94,95
S00150646,208,95,111
S00150647,102,50,52
S00150648,130,65,69
S00150649,112,59,53
S00150650,89,45,44
S00150651,87,43,42
S00150652,185,94,91
S00150653,112,59,53
S00150654,101,52,49
S00150655,188,96,92
S00150656,147,82,64
S00150657,116,57,59
S00150658,125,67,57
S00150659,92,42,50
S00150660,87,42,45
S00150661,146,78,68
S00150662,135,68,64
S00150663,123,66,57
S00150664,86,44,42
S00150665,90,45,45
S00150666,60,35,29
S00150667,150,75,76
S00150668,126,60,66
S00150669,165,83,82
S00150670,133,56,75
S00150671,105,55,50
S00150672,172,84,88
S00150673,96,47,49
S00150674,98,47,51
S00150675,81,44,39
S00150676,109,61,48
S00150677,140,66,74
S00150678,127,68,58
S00150679,66,34,32
S00150680,117,56,61
S00150681,145,71,70
S00150682,77,41,35
S00150683,136,72,68
S00150684,88,45,43
S00150685,83,44,43
S00150686,79,42,37
S00150687,146,81,66
S00150688,151,77,70
S00150689,158,86,72
S00150690,73,38,32
S00150691,71,36,34
S00150692,201,99,103
S00150693,105,61,47
S00150694,109,59,50
S00150695,121,61,63
S00150696,120,63,55
S00150697,80,42,38
S00150698,100,46,58
S00150699,144,77,67
S00150700,115,70,45
S00150701,58,34,29
S00150702,59,32,28
S00150703,80,37,42
S00150704,122,59,63
S00150705,127,60,67
S00150706,160,84,79
S00150707,83,41,42
S00150708,127,75,52
S00150709,63,33,30
S00150710,140,71,70
S00150711,94,50,44
S00150712,127,71,56
S00150713,70,42,25
S00150714,117,70,53
S00150715,214,114,99
S00150716,200,98,102
S00150717,106,51,51
S00150718,74,39,35
S00150719,169,80,89
S00150720,108,57,51
S00150721,171,98,73
S00150722,102,52,50
S00150723,104,60,44
S00150724,86,42,47
S00150725,86,40,46
S00150726,266,134,132
S00150727,177,93,87
S00150728,106,49,57
S00150729,66,30,36
S00150730,136,64,72
S00150731,128,63,69
S00150732,111,51,60
S00150733,71,36,35
S00150734,87,51,36
S00150735,119,69,52
S00150736,182,91,91
S00150737,156,83,73
S00150738,117,61,56
S00150739,91,47,44
S00150740,151,79,73
S00150741,141,62,76
S00150742,90,50,40
S00150743,128,70,59
S00150744,136,72,64
S00150745,79,41,36
S00150746,263,122,141
S00150747,263,127,136
S00150748,187,87,98
S00150749,182,98,88
S00150750,145,75,70
S00150751,113,61,52
S00150752,225,115,110
S00150753,138,62,76
S00150754,86,37,49
S00150755,226,115,111
S00150756,95,51,47
S00150757,158,81,77
S00150758,132,77,55
S00150759,149,76,73
S00150760,122,62,63
S00150761,116,63,53
S00150762,88,45,42
S00150763,147,65,79
S00150764,105,55,50
S00150765,128,66,62
S00150766,79,45,34
S00150767,109,54,53
S00150768,134,70,64
S00150769,142,74,68
S00150770,96,52,44
S00150771,100,53,47
S00150772,149,78,71
S00150773,241,123,118
S00150774,103,53,54
S00150775,73,38,38
S00150776,109,60,45
S00150777,139,66,73
S00150778,89,45,46
S00150779,122,63,60
S00150780,120,61,56
S00150781,147,82,62
S00150782,88,45,43
S00150783,84,38,49
S00150784,155,83,72
S00150785,91,46,45
S00150786,123,60,63
S00150787,67,38,32
S00150788,93,50,43
S00150789,67,36,31
S00150790,168,85,87
S00150791,159,79,80
S00150792,167,80,87
S00150793,104,56,48
S00150794,142,65,77
S00150795,76,36,40
S00150796,147,71,76
S00150797,90,45,44
S00150798,167,76,91
S00150799,123,63,60
S00150800,101,50,51
S00150801,103,57,47
S00150802,148,73,75
S00150803,111,66,45
S00150804,114,61,53
S00150805,92,51,41
S00150806,86,49,37
S00150807,75,42,36
S00150808,75,37,38
S00150809,98,49,46
S00150810,153,81,72
S00150811,130,69,58
S00150812,71,37,34
S00150813,88,45,39
S00150814,130,67,63
S00150815,110,57,51
S00150816,155,76,79
S00150817,119,56,63
S00150818,126,66,58
S00150819,130,66,68
S00150820,105,56,49
S00150821,136,67,68
S00150822,121,68,55
S00150823,117,59,58
S00150824,150,74,73
S00150825,95,50,42
S00150826,127,61,64
S00150827,72,34,38
S00150828,70,40,34
S00150829,111,52,59
S00150830,129,64,67
S00150831,121,57,60
S00150832,77,44,33
S00150833,85,48,37
S00150834,164,71,91
S00150835,101,47,51
S00150836,112,55,59
S00150837,161,86,71
S00150838,175,94,81
S00150839,139,69,66
S00150840,78,46,32
S00150841,135,66,69
S00150842,122,61,61
S00150843,141,74,67
S00150844,83,49,34
S00150845,85,40,45
S00150846,98,48,52
S00150847,92,49,43
S00150848,77,42,35
S00150849,113,54,59
S00150850,74,33,41
S00150851,209,111,99
S00150852,118,50,68
S00150853,125,65,59
S00150854,85,51,34
S00150855,88,44,45
S00150856,153,80,75
S00150857,158,80,78
S00150858,106,51,55
S00150859,69,38,31
S00150860,99,54,45
S00150861,127,63,65
S00150862,113,64,57
S00150863,130,72,58
S00150864,81,47,34
S00150865,95,53,42
S00150866,163,82,81
S00150867,132,65,67
S00150868,161,91,70
S00150869,149,76,73
S00150870,183,96,87
S00150871,200,99,105
S00150872,134,72,62
S00150873,124,59,69
S00150874,135,71,64
S00150875,161,84,77
S00150876,100,48,56
S00150877,87,57,33
S00150878,173,101,72
S00150879,197,100,97
S00150880,103,55,48
S00150881,102,64,38
S00150882,119,60,57
S00150883,99,58,43
S00150884,142,76,70
S00150885,103,50,53
S00150886,143,69,71
S00150887,114,62,52
S00150888,90,55,35
S00150889,122,71,51
S00150890,125,63,60
S00150891,109,54,55
S00150892,259,133,127
S00150893,90,45,45
S00150894,150,81,69
S00150895,123,64,59
S00150896,160,79,81
S00150897,116,58,58
S00150898,150,75,75
S00150899,67,37,30
S00150900,126,73,53
S00150901,120,63,57
S00150902,157,87,70
S00150903,191,96,98
S00150904,123,58,61
S00150905,143,72,71
S00150906,105,49,55
S00150907,78,40,38
S00150908,107,59,50
S00150909,120,57,62
S00150910,139,66,71
S00150911,106,56,50
S00150912,130,71,59
S00150913,89,57,34
S00150914,182,92,90
S00150915,105,59,46
S00150916,117,71,48
S00150917,109,57,52
S00150918,147,71,76
S00150919,63,31,32
S00150920,92,46,49
S00150921,118,58,60
S00150922,66,36,30
S00150923,120,61,59
S00150924,82,42,37
S00150925,172,81,91
S00150926,75,40,35
S00150927,125,67,59
S00150928,112,60,51
S00150929,93,52,41
S00150930,89,43,46
S00150931,101,56,45
S00150932,101,49,52
S00150933,111,64,51
S00150934,147,79,68
S00150935,90,53,38
S00150936,92,48,44
S00150937,92,55,37
S00150938,147,74,73
S00150939,68,35,38
S00150940,158,86,72
S00150941,90,49,37
S00150942,98,50,48
S00150943,75,38,33
S00150944,124,58,66
S00150945,67,44,23
S00150946,103,54,49
S00150947,128,61,67
S00150948,198,97,97
S00150949,103,54,46
S00150950,108,54,50
S00150951,122,66,56
S00150952,122,66,56
S00150953,158,75,82
S00150954,131,70,63
S00150955,93,45,48
S00150956,122,68,54
S00150957,96,40,56
S00150958,115,66,49
S00150959,122,66,57
S00150960,108,58,53
S00150961,132,68,64
S00150962,122,63,59
S00150963,125,67,61
S00150964,65,36,31
S00150965,88,56,32
S00150966,101,60,43
S00150967,102,55,47
S00150968,96,51,44
S00150969,76,44,32
S00150970,127,67,60
S00150971,121,75,48
S00150972,171,86,85
S00150973,93,48,42
S00150974,68,44,24
S00150975,132,77,59
S00150976,91,42,49
S00150977,90,42,48
S00150978,126,66,60
S00150979,135,60,73
S00150980,65,40,25
S00150981,131,69,62
S00150982,131,72,59
S00150983,138,76,62
S00150984,107,63,44
S00150985,119,46,69
S00150986,82,41,41
S00150987,105,52,53
S00150988,211,110,101
S00150989,81,36,41
S00150990,184,91,92
S00150991,94,42,52
S00150992,143,78,67
S00150993,118,55,60
S00150994,147,75,74
S00150995,163,84,79
S00150996,93,47,46
S00150997,103,52,54
S00150998,73,43,35
S00150999,77,42,35
S00151000,62,32,30
S00151001,120,68,48
S00151002,103,59,44
S00151003,119,64,55
S00151004,113,58,55
S00151005,172,82,90
S00151006,67,36,31
S00151007,143,70,73
S00151008,160,80,80
S00151009,85,45,40
S00151010,119,57,61
S00151011,138,72,66
S00151012,86,51,34
S00151013,87,45,42
S00151014,79,38,43
S00151015,136,70,66
S00151016,133,71,62
S00151017,136,71,65
S00151018,158,90,68
S00151019,246,133,113
S00151020,93,44,49
S00151021,85,45,40
S00151022,96,46,50
S00151023,143,75,68
S00151024,89,47,42
S00151025,97,48,49
S00151026,182,91,94
S00151027,102,49,50
S00151028,114,56,54
S00151029,117,59,58
S00151030,169,94,75
S00151031,138,68,70
S00151032,136,73,64
S00151033,97,48,49
S00151034,176,92,80
S00151035,117,61,55
S00151036,162,89,69
S00151037,98,55,47
S00151038,73,45,34
S00151039,100,55,45
S00151040,165,84,81
S00151041,140,67,73
S00151042,117,55,58
S00151043,182,87,94
S00151044,169,80,85
S00151045,104,57,47
S00151046,161,73,86
S00151047,207,107,100
S00151048,141,73,68
S00151049,115,63,49
S00151050,151,87,64
S00151051,85,45,40
S00151052,130,62,69
S00151053,235,119,116
S00151054,121,58,62
S00151055,155,76,79
S00151056,162,84,75
S00151057,220,122,97
S00151058,136,70,66
S00151059,195,95,98
S00151060,139,74,68
S00151061,199,101,98
S00151062,73,39,36
S00151063,113,61,52
S00151064,245,124,121
S00151065,165,89,76
S00151066,142,62,76
S00151067,117,62,55
S00151068,141,83,61
S00151069,112,54,55
S00151070,136,69,67
S00151071,165,89,79
S00151072,163,74,89
S00151073,204,114,90
S00151074,144,83,61
S00151075,249,121,128
S00151076,126,62,64
S00151077,164,77,85
S00151078,89,52,37
S00151079,151,70,81
S00151080,184,98,83
S00151081,191,105,86
S00151082,173,89,84
S00151083,190,98,95
S00151084,81,45,34
S00151085,190,99,90
S00151086,90,44,46
S00151087,59,27,36
S00151088,86,46,37
S00151089,85,44,41
S00151090,105,54,55
S00151091,100,52,48
S00151092,82,42,40
S00151093,123,59,64
S00151094,94,55,39
S00151095,111,52,57
S00151096,112,62,50
S00151097,78,38,42
S00151098,154,80,70
S00151099,108,54,54
S00151100,158,96,62
S00151101,164,81,77
S00151102,147,71,76
S00151103,107,54,53
S00151104,84,49,35
S00151105,105,54,51
S00151106,102,51,51
S00151107,300,166,135
S00151108,209,117,90
S00151109,144,73,71
S00151110,78,45,33
S00151111,87,48,36
S00151112,105,53,52
S00151113,136,67,69
S00151114,65,29,36
S00151115,97,56,41
S00151116,107,57,48
S00151117,117,55,59
S00151118,72,38,38
S00151119,139,75,62
S00151120,64,37,26
S00151121,68,39,31
S00151122,123,68,52
S00151123,116,63,53
S00151124,110,62,48
S00151125,139,72,72
S00151126,128,63,65
S00151127,110,66,44
S00151128,159,85,74
S00151129,82,43,39
S00151130,125,65,64
S00151131,188,92,93
S00151132,81,42,39
S00151133,79,42,37
S00151134,125,65,60
S00151135,127,71,59
S00151136,186,99,87
S00151137,87,52,35
S00151138,137,70,63
S00151139,98,50,48
S00151140,99,59,44
S00151141,78,41,37
S00151142,107,43,60
S00151143,89,57,35
S00151144,79,46,33
S00151145,114,58,56
S00151146,62,33,32
S00151147,132,61,70
S00151148,82,45,37
S00151149,127,60,67
S00151150,110,54,59
S00151151,121,67,54
S00151152,126,63,63
S00151153,155,86,69
S00151154,98,57,41
S00151155,118,61,55
S00151156,61,33,28
S00151157,127,73,57
S00151158,126,61,65
S00151159,78,31,43
S00151160,97,47,50
S00151161,69,40,29
S00151162,94,41,53
S00151163,63,30,33
S00151164,90,44,49
S00151165,149,85,64
S00151166,150,83,68
S00151167,177,93,87
S00151168,181,99,82
S00151169,92,49,47
S00151170,126,68,64
S00151171,152,83,69
S00151172,132,74,58
S00151173,89,49,40
S00151174,83,39,47
S00151175,122,58,61
S00151176,88,50,38
S00151177,114,63,51
S00151178,164,81,79
S00151179,134,68,66
S00151180,74,36,38
S00151181,95,51,44
S00151182,101,54,47
S00151183,125,60,65
S00151184,73,40,33
S00151185,126,64,64
S00151186,125,66,58
S00151187,184,105,81
S00151188,73,33,38
S00151189,87,45,42
S00151190,130,70,60
S00151191,75,37,38
S00151192,153,81,75
S00151193,77,40,37
S00151194,115,53,65
S00151195,81,42,39
S00151196,82,47,37
S00151197,128,66,62
S00151198,109,60,53
S00151199,190,102,92
S00151200,111,54,57
S00151201,184,95,86
S00151202,136,71,65
S00151203,120,62,61
S00151204,92,50,45
S00151205,91,53,42
S00151206,117,64,55
S00151207,90,53,37
S00151208,152,88,64
S00151209,145,85,60
S00151210,125,59,66
S00151211,71,39,28
S00151212,80,41,39
S00151213,123,57,66
S00151214,103,48,55
S00151215,118,63,55
S00151216,98,49,49
S00151217,113,57,56
S00151218,100,57,46
S00151219,134,70,64
S00151220,108,57,51
S00151221,160,85,78
S00151222,106,53,49
S00151223,74,41,35
S00151224,73,34,39
S00151225,110,58,52
S00151226,124,62,63
S00151227,134,70,60
S00151228,85,46,39
S00151229,133,66,64
S00151230,104,51,53
S00151231,181,99,82
S00151232,81,38,41
S00151233,86,45,41
S00151234,130,62,65
S00151235,166,87,79
S00151236,131,67,63
S00151237,124,68,56
S00151238,90,58,32
S00151239,180,93,86
S00151240,120,62,58
S00151241,140,70,70
S00151242,105,53,52
S00151243,165,83,78
S00151244,75,37,38
S00151245,125,69,55
S00151246,132,68,62
S00151247,94,53,41
S00151248,88,44,44
S00151249,134,83,51
S00151250,94,54,40
S00151251,146,84,62
S00151252,73,43,30
S00151253,90,48,45
S00151254,124,64,64
S00151255,111,55,56
S00151256,87,54,37
S00151257,133,73,60
S00151258,233,125,108
S00151259,87,51,36
S00151260,131,70,61
S00151261,62,27,35
S00151262,165,91,78
S00151263,72,39,33
S00151264,99,48,49
S00151265,87,44,39
S00151266,96,56,40
S00151267,105,53,52
S00151268,166,89,77
S00151269,91,49,42
S00151270,95,56,39
S00151271,112,53,59
S00151272,88,52,36
S00151273,100,57,43
S00151274,69,36,31
S00151275,143,72,71
S00151276,195,95,100
S00151277,112,57,55
S00151278,110,56,54
S00151279,99,55,44
S00151280,113,56,57
S00151281,158,84,74
S00151282,105,59,46
S00151283,77,47,30
S00151284,112,62,50
S00151285,118,52,66
S00151286,94,45,49
S00151287,150,94,56
S00151288,257,126,131
S00151289,114,57,58
S00151290,111,60,51
S00151291,180,92,88
S00151292,79,40,38
S00151293,104,52,52
S00151294,227,117,107
S00151295,203,104,99
S00151296,178,87,91
S00151297,113,58,58
S00151298,97,51,46
S00151299,85,46,39
S00151300,253,126,127
S00151301,125,70,59
S00151302,160,89,71
S00151303,160,89,74
S00151304,119,64,55
S00151305,110,57,51
S00151306,144,71,71
S00151307,125,76,49
S00151308,191,108,83
S00151309,133,63,70
S00151310,118,55,60
S00151311,106,58,48
S00151312,144,70,74
S00151313,125,69,59
S00151314,78,41,37
S00151315,137,71,66
S00151316,118,71,48
S00151317,203,100,104
S00151318,101,51,50
S00151319,243,127,116
S00151320,161,88,78
S00151321,81,42,39
S00151322,68,33,33
S00151323,112,60,49
S00151324,143,69,74
S00151325,89,45,44
S00151326,879,670,209
S00151327,120,63,57
S00151328,161,79,85
S00151329,250,118,131
S00151330,114,66,48
S00151331,115,52,63
S00151332,103,53,50
S00151333,94,48,46
S00151334,110,65,49
S00151335,92,49,47
S00151336,147,81,68
S00151337,105,61,44
S00151338,105,56,49
S00151339,103,55,48
S00151340,93,49,44
S00151341,191,93,96
S00151342,156,68,88
S00151343,73,37,36
S00151344,116,63,53
S00151345,189,91,102
S00151346,106,56,49
S00151347,102,57,45
S00151348,105,59,46
S00151349,103,52,51
S00151350,106,50,59
S00151351,129,67,61
S00151352,135,61,74
S00151353,82,42,40
S00151354,168,92,76
S00151355,125,67,58
S00151356,125,65,62
S00151357,103,53,48
S00151358,137,70,67
S00151359,115,65,53
S00151360,153,75,78
S00151361,104,51,53
S00151362,135,76,59
S00151363,120,72,48
S00151364,175,82,93
S00151365,184,86,103
S00151366,94,44,46
S00151367,74,35,39
S00151368,122,64,58
S00151369,69,33,34
S00151370,123,70,53
S00151371,97,48,49
S00151372,117,64,51
S00151373,115,57,58
S00151374,116,64,52
S00151375,182,98,84
S00151376,117,51,65
S00151377,164,78,86
S00151378,117,58,57
S00151379,110,59,51
S00151380,81,37,44
S00151381,214,104,107
S00151382,155,79,76
S00151383,127,57,70
S00151384,137,63,71
S00151385,149,79,66
S00151386,160,82,78
S00151387,75,40,35
S00151388,144,86,58
S00151389,79,40,39
S00151390,130,61,71
S00151391,121,62,59
S00151392,190,88,99
S00151393,110,52,58
S00151394,100,51,49
S00151395,102,54,48
S00151396,140,61,79
S00151397,141,70,65
S00151398,141,76,66
S00151399,120,74,50
S00151400,84,46,38
S00151401,140,69,71
S00151402,182,99,83
S00151403,141,77,64
S00151404,150,79,71
S00151405,149,68,81
S00151406,137,61,76
S00151407,114,60,54
S00151408,88,38,50
S00151409,102,53,49
S00151410,141,73,71
S00151411,176,86,86
S00151412,101,52,49
S00151413,115,60,52
S00151414,134,67,67
S00151415,173,93,80
S00151416,159,73,86
S00151417,144,74,69
S00151418,131,77,52
S00151419,99,51,46
S00151420,153,86,70
S00151421,196,94,102
S00151422,202,102,100
S00151423,85,40,45
S00151424,225,116,109
S00151425,109,46,63
S00151426,182,80,102
S00151427,121,60,61
S00151428,86,38,51
S00151429,110,54,53
S00151430,89,43,46
S00151431,116,51,69
S00151432,131,69,62
S00151433,100,55,47
S00151434,166,84,82
S00151435,121,61,60
S00151436,129,62,63
S00151437,95,46,46
S00151438,140,75,69
S00151439,90,47,43
S00151440,90,44,45
S00151441,164,79,85
S00151442,121,62,58
S00151443,138,73,65
S00151444,93,48,46
S00151445,119,63,57
S00151446,90,45,45
S00151447,154,85,69
S00151448,62,35,30
S00151449,131,75,56
S00151450,80,45,35
S00151451,101,49,52
S00151452,75,30,45
S00151453,145,76,69
S00151454,95,49,46
S00151455,130,64,66
S00151456,213,104,109
S00151457,129,69,60
S00151458,108,59,49
S00151459,78,38,39
S00151460,154,80,74
S00151461,107,53,54
S00151462,114,60,53
S00151463,102,52,50
S00151464,160,88,74
S00151465,91,47,44
S00151466,197,102,93
S00151467,142,82,64
S00151468,103,46,55
S00151469,169,83,86
S00151470,99,47,52
S00151471,102,57,45
S00151472,126,56,66
S00151473,126,67,59
S00151474,175,94,84
S00151475,102,56,50
S00151476,190,95,95
S00151477,168,82,81
S00151478,184,99,85
S00151479,90,49,41
S00151480,149,75,74
S00151481,103,48,53
S00151482,130,70,60
S00151483,159,84,77
S00151484,148,77,71
S00151485,105,58,47
S00151486,139,75,60
S00151487,111,53,58
S00151488,171,89,82
S00151489,63,31,32
S00151490,174,92,82
S00151491,162,91,71
S00151492,128,69,60
S00151493,90,39,51
S00151494,75,41,30
S00151495,107,73,34
S00151496,109,68,41
S00151497,160,93,67
S00151498,166,91,75
S00151499,104,59,46
S00151500,130,61,69
S00151501,109,61,48
S00151502,100,45,55
S00151503,96,56,40
S00151504,147,81,66
S00151505,149,81,68
S00151506,125,65,60
S00151507,74,41,36
S00151508,119,61,59
S00151509,84,47,35
S00151510,79,49,30
S00151511,124,63,61
S00151512,181,99,82
S00151513,123,60,63
S00151514,62,30,32
S00151515,92,54,38
S00151516,115,49,66
S00151517,114,66,48
S00151518,67,34,33
S00151519,88,45,43
S00151520,133,74,59
S00151521,163,84,79
S00151522,90,49,42
S00151523,149,76,73
S00151524,200,112,88
S00151525,128,67,61
S00151526,110,62,50
S00151527,86,50,33
S00151528,111,62,49
S00151529,105,57,48
S00151530,80,45,35
S00151531,154,78,80
S00151532,91,54,40
S00151533,142,73,69
S00151534,73,33,40
S00151535,142,76,66
S00151536,169,87,82
S00151537,143,76,67
S00151538,113,58,55
S00151539,92,53,41
S00151540,75,37,38
S00151541,132,71,58
S00151542,105,48,57
S00151543,132,68,63
S00151544,118,56,62
S00151545,195,99,96
S00151546,84,42,42
S00151547,121,70,52
S00151548,98,52,47
S00151549,93,51,44
S00151550,166,84,85
S00151551,93,47,46
S00151552,76,37,39
S00151553,99,47,52
S00151554,129,65,61
S00151555,77,45,32
S00151556,169,94,75
S00151557,174,104,74
S00151558,124,66,55
S00151559,89,48,38
S00151560,131,76,59
S00151561,107,58,45
S00151562,142,69,75
S00151563,83,55,30
S00151564,94,53,40
S00151565,198,102,100
S00151566,67,42,25
S00151567,157,66,89
S00151568,101,56,49
S00151569,166,79,83
S00151570,122,60,59
S00151571,121,56,65
S00151572,84,42,42
S00151573,105,58,51
S00151574,64,40,20
S00151575,210,104,110
S00151576,83,44,39
S00151577,151,71,77
S00151578,183,94,89
S00151579,86,43,42
S00151580,130,65,67
S00151581,172,84,88
S00151582,129,71,58
S00151583,149,67,82
S00151584,74,41,36
S00151585,71,42,29
S00151586,124,65,58
S00151587,74,34,40
S00151588,192,100,88
S00151589,140,71,69
S00151590,127,67,60
S00151591,88,44,44
S00151592,161,87,76
S00151593,121,67,54
S00151594,242,127,115
S00151595,77,40,37
S00151596,87,48,39
S00151597,173,89,84
S00151598,109,66,41
S00151599,128,58,66
S00151600,66,33,31
S00151601,154,94,60
S00151602,111,61,48
S00151603,61,32,25
S00151604,114,54,64
S00151605,135,66,68
S00151606,159,90,69
S00151607,133,67,66
S00151608,101,58,46
S00151609,64,33,31
S00151610,126,61,63
S00151611,96,47,49
S00151612,131,58,69
S00151613,98,53,45
S00151614,158,82,76
S00151615,73,43,30
S00151616,71,36,37
S00151617,64,29,35
S00151618,131,63,66
S00151619,122,74,46
S00151620,157,81,75
S00151621,81,54,24
S00151622,95,57,37
S00151623,91,50,41
S00151624,148,72,76
S00151625,66,42,20
S00151626,101,50,51
S00151627,178,91,90
S00151628,133,71,63
S00151629,88,58,30
S00151630,126,58,68
S00151631,125,62,62
S00151632,177,101,78
S00151633,180,88,92
S00151634,149,69,80
S00151635,121,62,57
S00151636,178,100,78
S00151637,96,53,41
S00151638,147,78,69
S00151639,91,51,41
S00151640,121,60,59
S00151641,100,50,50
S00151642,62,32,30
S00151643,180,84,96
S00151644,80,43,37
S00151645,149,82,64
S00151646,108,50,58
S00151647,77,51,26
S00151648,83,46,37
S00151649,201,98,106
S00151650,107,50,57
S00151651,133,67,66
S00151652,84,43,41
S00151653,88,48,44
S00151654,104,51,53
S00151655,140,63,77
S00151656,141,65,76
S00151657,100,44,56
S00151658,105,46,56
S00151659,74,40,34
S00151660,131,59,71
S00151661,114,65,48
S00151662,124,69,52
S00151663,181,89,92
S00151664,111,59,52
S00151665,155,74,81
S00151666,144,79,68
S00151667,62,30,32
S00151668,120,51,67
S00151669,155,74,81
S00151670,86,46,44
S00151671,131,70,61
S00151672,148,92,56
S00151673,118,55,64
S00151674,122,64,58
S00151675,118,69,49
S00151676,82,36,43
S00151677,117,56,61
S00151678,99,56,47
S00151679,128,65,66
S00151680,107,54,49
S00151681,130,69,67
S00151682,94,54,40
S00151683,166,88,78
S00151684,166,84,80
S00151685,122,71,51
S00151686,105,61,41
S00151687,142,66,74
S00151688,170,80,90
S00151689,171,95,76
S00151690,132,67,65
S00151691,81,41,38
S00151692,145,71,73
S00151693,105,55,49
S00151694,126,61,65
S00151695,101,56,49
S00151696,121,61,60
S00151697,97,47,46
S00151698,114,62,52
S00151699,137,67,70
S00151700,97,42,55
S00151701,161,93,68
S00151702,85,52,33
S00151703,255,134,124
S00151704,101,51,50
S00151705,174,86,88
S00151706,127,64,65
S00151707,69,43,30
S00151708,103,60,43
S00151709,101,49,52
S00151710,103,53,50
S00151711,132,67,65
S00151712,102,52,50
S00151713,68,40,28
S00151714,88,52,36
S00151715,186,71,115
S00151716,152,73,75
S00151717,93,57,36
S00151718,189,110,83
S00151719,88,51,37
S00151720,138,71,67
S00151721,116,61,55
S00151722,165,85,80
S00151723,111,61,51
S00151724,156,85,70
S00151725,220,108,112
S00151726,90,46,47
S00151727,161,105,51
S00151728,88,49,37
S00151729,128,60,68
S00151730,147,72,78
S00151731,195,88,107
S00151732,111,59,50
S00151733,262,128,134
S00151734,141,73,68
S00151735,167,75,92
S00151736,69,42,31
S00151737,112,60,52
S00151738,155,79,72
S00151739,104,65,40
S00151740,137,75,59
S00151741,126,70,56
S00151742,173,93,80
S00151743,140,78,62
S00151744,63,34,29
S00151745,192,102,91
S00151746,186,91,95
S00151747,233,125,108
S00151748,116,52,67
S00151749,85,48,37
S00151750,115,64,51
S00151751,123,60,60
S00151752,158,81,77
S00151753,86,43,41
S00151754,104,53,51
S00151755,136,66,70
S00151756,140,67,73
S00151757,91,49,40
S00151758,107,53,54
S00151759,99,53,49
S00151760,131,66,68
S00151761,76,38,36
S00151762,90,51,39
S00151763,93,56,37
S00151764,88,40,48
S00151765,173,91,82
S00151766,103,54,50
S00151767,76,38,38
S00151768,106,57,49
S00151769,184,90,94
S00151770,130,62,70
S00151771,109,57,48
S00151772,170,84,86
S00151773,151,77,74
S00151774,120,63,57
S00151775,122,69,54
S00151776,136,63,73
S00151777,140,80,60
S00151778,119,54,65
S00151779,159,81,78
S00151780,206,110,96
S00151781,122,56,62
S00151782,131,56,72
S00151783,84,50,39
S00151784,141,68,73
S00151785,118,59,55
S00151786,126,64,62
S00151787,160,81,79
S00151788,108,56,52
S00151789,193,90,103
S00151790,102,49,53
S00151791,128,66,62
S00151792,121,65,56
S00151793,96,51,45
S00151794,174,90,83
S00151795,88,39,49
S00151796,109,57,52
S00151797,148,81,67
S00151798,164,71,93
S00151799,94,58,40
S00151800,124,67,57
S00151801,155,74,81
S00151802,89,55,34
S00151803,109,57,52
S00151804,175,88,87
S00151805,161,86,76
S00151806,115,54,59
S00151807,150,78,71
S00151808,135,71,62
S00151809,120,68,52
S00151810,124,62,62
S00151811,170,84,87
S00151812,135,66,71
S00151813,159,76,83
S00151814,125,61,62
S00151815,253,121,133
S00151816,155,82,73
S00151817,108,50,58
S00151818,146,71,75
S00151819,161,82,79
S00151820,134,71,63
S00151821,161,68,89
S00151822,78,45,33
S00151823,131,74,57
S00151824,126,67,59
S00151825,172,94,78
S00151826,134,64,70
S00151827,129,68,65
S00151828,286,145,141
S00151829,156,74,82
S00151830,145,85,58
S00151831,120,52,68
S00151832,117,55,62
S00151833,163,86,81
S00151834,129,72,59
S00151835,140,74,67
S00151836,291,146,145
S00151837,84,44,36
S00151838,82,44,38
S00151839,222,108,114
S00151840,117,75,42
S00151841,107,49,58
S00151842,122,66,60
S00151843,216,112,104
S00151844,98,46,48
S00151845,110,58,52
S00151846,123,63,63
S00151847,103,55,48
S00151848,172,86,86
S00151849,114,64,50
S00151850,65,32,35
S00151851,134,62,72
S00151852,112,58,54
S00151853,109,68,41
S00151854,121,64,57
S00151855,92,49,43
S00151856,210,102,112
S00151857,244,124,120
S00151858,61,37,23
S00151859,73,43,30
S00151860,238,121,117
S00151861,92,57,36
S00151862,89,47,42
S00151863,159,77,82
S00151864,131,70,61
S00151865,92,46,46
S00151866,86,47,39
S00151867,121,66,55
S00151868,64,32,30
S00151869,111,51,60
S00151870,173,90,82
S00151871,162,93,72
S00151872,140,72,64
S00151873,217,107,110
S00151874,132,81,54
S00151875,124,61,63
S00151876,146,67,79
S00151877,201,106,97
S00151878,177,82,95
S00151879,192,96,99
S00151880,132,65,64
S00151881,146,76,70
S00151882,144,73,72
S00151883,128,64,68
S00151884,100,46,54
S00151885,127,60,67
S00151886,134,69,62
S00151887,184,97,87
S00151888,149,78,68
S00151889,113,62,51
S00151890,124,59,65
S00151891,196,94,102
S00151892,132,63,69
S00151893,101,49,52
S00151894,103,53,47
S00151895,109,53,56
S00151896,88,37,51
S00151897,193,95,97
S00151898,137,71,65
S00151899,132,61,71
S00151900,99,64,35
S00151901,182,92,88
S00151902,106,57,49
S00151903,126,66,56
S00151904,116,62,55
S00151905,117,55,62
S00151906,165,76,89
S00151907,100,48,55
S00151908,85,49,36
S00151909,164,86,74
S00151910,128,73,56
S00151911,113,62,51
S00151912,153,91,64
S00151913,140,69,68
S00151914,134,75,59
S00151915,88,48,40
S00151916,167,82,85
S00151917,169,86,83
S00151918,106,65,41
S00151919,100,52,44
S00151920,145,70,77
S00151921,151,79,72
S00151922,171,87,88
S00151923,117,64,53
S00151924,150,88,65
S00151925,144,78,66
S00151926,156,76,80
S00151927,215,106,109
S00151928,187,101,86
S00151929,184,90,94
S00151930,115,61,54
S00151931,195,106,89
S00151932,155,80,79
S00151933,99,61,38
S00151934,82,46,39
S00151935,95,43,52
S00151936,133,66,67
S00151937,184,101,83
S00151938,135,78,57
S00151939,123,62,61
S00151940,110,51,56
S00151941,171,91,80
S00151942,157,78,80
S00151943,122,66,56
S00151944,158,86,73
S00151945,94,48,46
S00151946,139,66,74
S00151947,119,59,60
S00151948,86,44,38
S00151949,118,67,51
S00151950,157,83,74
S00151951,164,88,76
S00151952,130,67,63
S00151953,122,61,64
S00151954,125,64,61
S00151955,74,36,35
S00151956,178,99,79
S00151957,161,84,77
S00151958,237,122,115
S00151959,70,46,24
S00151960,106,55,48
S00151961,179,94,85
S00151962,173,87,80
S00151963,136,67,69
S00151964,132,67,65
S00151965,134,66,68
S00151966,107,57,50
S00151967,157,84,73
S00151968,89,48,41
S00151969,193,100,93
S00151970,107,55,52
S00151971,149,67,82
S00151972,137,70,63
S00151973,93,43,45
S00151974,88,43,45
S00151975,119,61,58
S00151976,64,35,30
S00151977,162,69,90
S00151978,157,84,72
S00151979,130,71,61
S00151980,86,46,40
S00151981,61,34,30
S00151982,125,70,54
S00151983,141,76,69
S00151984,122,65,61
S00151985,102,47,56
S00151986,140,80,60
S00151987,107,62,39
S00151988,143,71,72
S00151989,113,56,57
S00151990,128,66,62
S00151991,166,83,83
S00151992,99,44,54
S00151993,205,118,84
S00151994,100,48,52
S00151995,163,91,71
S00151996,111,55,56
S00151997,151,84,67
S00151998,128,69,60
S00151999,146,76,70
S00152000,133,70,57
S00152001,130,70,60
S00152002,117,71,42
S00152003,159,87,72
S00152004,158,83,75
S00152005,122,63,60
S00152006,198,104,94
S00152007,128,78,50
S00152008,200,104,96
S00152009,103,46,60
S00152010,67,38,29
S00152011,110,63,47
S00152012,147,78,63
S00152013,158,84,69
S00152014,164,78,87
S00152015,163,80,87
S00152016,239,112,127
S00152017,112,60,48
S00152018,113,69,47
S00152019,171,85,85
S00152020,132,69,63
S00152021,89,43,46
S00152022,101,47,52
S00152023,76,57,21
S00152024,72,42,30
S00152025,130,74,60
S00152026,185,91,94
S00152027,200,97,103
S00152028,154,73,84
S00152029,209,102,101
S00152030,158,81,77
S00152031,156,86,70
S00152032,142,78,64
S00152033,77,44,33
S00152034,127,66,61
S00152035,177,88,89
S00152036,83,39,44
S00152037,143,71,72
S00152038,67,40,27
S00152039,149,76,76
S00152040,192,101,91
S00152041,171,82,90
S00152042,182,100,82
S00152043,114,52,60
S00152044,130,62,68
S00152045,164,82,78
S00152046,69,37,31
S00152047,109,58,51
S00152048,197,107,90
S00152049,118,80,37
S00152050,141,74,67
S00152051,134,63,71
S00152052,140,86,54
S00152053,139,73,70
S00152054,136,67,68
S00152055,111,55,53
S00152056,126,68,58
S00152057,145,78,63
S00152058,115,60,55
S00152059,88,50,38
S00152060,140,63,74
S00152061,69,42,30
S00152062,106,56,50
S00152063,213,108,97
S00152064,114,60,54
S00152065,148,76,76
S00152066,152,83,69
S00152067,163,85,78
S00152068,216,112,104
S00152069,122,61,61
S00152070,107,55,48
S00152071,103,50,53
S00152072,138,74,64
S00152073,174,98,80
S00152074,104,50,54
S00152075,109,50,59
S00152076,180,86,94
S00152077,156,81,75
S00152078,220,104,115
S00152079,104,60,44
S00152080,90,57,33
S00152081,108,62,46
S00152082,121,54,63
S00152083,149,82,70
S00152084,166,85,87
S00152085,208,109,99
S00152086,144,68,76
S00152087,86,52,35
S00152088,105,54,51
S00152089,119,80,39
S00152090,137,73,64
S00152091,101,63,38
S00152092,118,68,57
S00152093,158,87,71
S00152094,145,74,71
S00152095,196,101,95
S00152096,67,34,33
S00152097,175,81,94
S00152098,165,88,77
S00152099,152,77,76
S00152100,88,53,35
S00152101,159,85,75
S00152102,122,62,60
S00152103,171,86,85
S00152104,190,113,77
S00152105,193,106,88
S00152106,96,49,44
S00152107,202,95,107
S00152108,241,135,103
S00152109,121,73,51
S00152110,111,60,51
S00152111,167,91,80
S00152112,212,109,106
S00152113,144,80,63
S00152114,96,55,45
S00152115,175,93,82
S00152116,98,53,45
S00152117,118,56,62
S00152118,158,87,71
S00152119,121,62,59
S00152120,123,67,56
S00152121,126,67,58
S00152122,124,68,52
S00152123,122,61,57
S00152124,126,63,63
S00152125,166,87,83
S00152126,132,77,55
S00152127,208,110,98
S00152128,128,62,64
S00152129,199,109,90
S00152130,131,70,61
S00152131,108,54,54
S00152132,84,51,33
S00152133,89,43,50
S00152134,136,74,62
S00152135,125,66,62
S00152136,102,53,49
S00152137,109,51,58
S00152138,114,63,51
S00152139,149,73,76
S00152140,197,93,103
S00152141,60,35,23
S00152142,138,75,63
S00152143,61,36,25
S00152144,138,69,75
S00152145,161,81,80
S00152146,166,79,87
S00152147,119,52,67
S00152148,209,111,99
S00152149,141,71,70
S00152150,144,69,75
S00152151,125,65,60
S00152152,149,74,75
S00152153,114,56,58
S00152154,151,82,69
S00152155,158,87,68
S00152156,202,103,103
S00152157,187,93,91
S00152158,90,47,43
S00152159,146,74,72
S00152160,204,109,95
S00152161,195,116,79
S00152162,125,62,63
S00152163,105,55,54
S00152164,161,81,79
S00152165,142,68,74
S00152166,81,41,42
S00152167,157,81,76
S00152168,125,70,55
S00152169,80,36,44
S00152170,107,49,55
S00152171,162,86,76
S00152172,126,53,70
S00152173,129,66,63
S00152174,143,77,66
S00152175,226,117,111
S00152176,69,37,35
S00152177,77,41,36
S00152178,119,63,56
S00152179,147,73,71
S00152180,115,66,52
S00152181,89,39,50
S00152182,125,65,63
S00152183,101,49,51
S00152184,162,77,85
S00152185,130,69,61
S00152186,147,72,75
S00152187,63,39,26
S00152188,65,31,30
S00152189,94,41,53
S00152190,334,174,164
S00152191,65,29,36
S00152192,125,72,53
S00152193,117,68,47
S00152194,112,57,55
S00152195,121,62,59
S00152196,111,54,54
S00152197,95,46,53
S00152198,151,80,71
S00152199,87,45,42
S00152200,119,61,58
S00152201,76,38,38
S00152202,96,52,44
S00152203,125,76,51
S00152204,128,70,58
S00152205,137,72,65
S00152206,138,72,66
S00152207,93,50,43
S00152208,109,58,52
S00152209,141,80,62
S00152210,208,112,94
S00152211,113,65,48
S00152212,140,67,73
S00152213,122,64,58
S00152214,90,41,49
S00152215,69,34,35
S00152216,161,71,90
S00152217,115,58,57
S00152218,218,114,101
S00152219,220,113,107
S00152220,142,75,65
S00152221,117,56,61
S00152222,139,77,62
S00152223,114,56,58
S00152224,177,88,86
S00152225,171,99,72
S00152226,148,64,88
S00152227,161,77,88
S00152228,157,76,85
S00152229,137,73,68
S00152230,142,69,73
S00152231,192,91,101
S00152232,206,96,110
S00152233,225,109,113
S00152234,262,136,126
S00152235,115,55,60
S00152236,196,94,102
S00152237,239,123,116
S00152238,184,90,94
S00152239,211,107,104
S00152240,117,61,56
S00152241,75,41,34
S00152242,106,49,52
S00152243,153,74,82
S00152244,108,53,55
S00152245,158,82,76
S00152246,103,49,54
S00152247,129,68,62
S00152248,171,83,88
S00152249,150,83,65
S00152250,129,57,68
S00152251,68,40,30
S00152252,182,88,90
S00152253,165,76,88
S00152254,127,72,55
S00152255,75,39,36
S00152256,125,68,57
S00152257,86,53,33
S00152258,143,76,67
S00152259,157,84,73
S00152260,82,39,43
S00152261,118,58,56
S00152262,92,46,50
S00152263,186,101,87
S00152264,163,77,86
S00152265,93,47,46
S00152266,70,36,34
S00152267,172,90,82
S00152268,129,78,51
S00152269,96,58,42
S00152270,126,67,56
S00152271,232,117,115
S00152272,193,94,99
S00152273,111,58,53
S00152274,127,57,70
S00152275,155,75,80
S00152276,79,42,37
S00152277,169,88,81
S00152278,67,33,37
S00152279,109,58,51
S00152280,96,49,45
S00152281,105,55,53
S00152282,123,63,60
S00152283,146,68,81
S00152284,128,74,54
S00152285,131,66,66
S00152286,111,54,56
S00152287,120,65,55
S00152288,136,75,61
S00152289,68,42,30
S00152290,91,47,44
S00152291,91,53,38
S00152292,88,47,41
S00152293,152,83,73
S00152294,107,58,49
S00152295,86,44,38
S00152296,123,62,61
S00152297,58,24,34
S00152298,88,44,44
S00152299,174,88,86
S00152300,114,65,49
S00152301,91,47,44
S00152302,89,46,43
S00152303,148,71,77
S00152304,71,33,35
S00152305,142,72,70
S00152306,114,56,62
S00152307,119,62,56
S00152308,131,66,65
S00152309,143,66,77
S00152310,93,51,38
S00152311,119,63,56
S00152312,94,38,56
S00152313,90,41,48
S00152314,87,45,42
S00152315,91,46,47
S00152316,124,64,62
S00152317,88,41,47
S00152318,107,56,51
S00152319,112,61,50
S00152320,75,38,36
S00152321,108,55,49
S00152322,76,42,37
S00152323,113,61,52
S00152324,81,31,53
S00152325,90,50,44
S00152326,75,38,37
S00152327,156,81,75
S00152328,112,57,55
S00152329,140,64,76
S00152330,136,73,63
S00152331,107,55,52
S00152332,121,59,62
S00152333,88,46,46
S00152334,115,54,60
S00152335,118,57,62
S00152336,149,76,73
S00152337,133,62,71
S00152338,183,87,94
S00152339,68,39,30
S00152340,134,74,60
S00152341,160,81,83
S00152342,76,38,38
S00152343,111,64,50
S00152344,96,52,44
S00152345,151,71,80
S00152346,111,55,56
S00152347,75,42,34
S00152348,104,50,53
S00152349,99,54,45
S00152350,118,61,55
S00152351,82,51,31
S00152352,133,64,69
S00152353,104,56,48
S00152354,99,46,53
S00152355,159,82,73
S00152356,115,62,57
S00152357,82,46,36
S00152358,101,50,48
S00152359,87,42,47
S00152360,114,65,45
S00152361,167,93,71
S00152362,175,95,80
S00152363,68,28,37
S00152364,126,62,64
S00152365,121,64,57
S00152366,98,51,47
S00152367,110,59,51
S00152368,121,63,58
S00152369,124,62,62
S00152370,125,58,67
S00152371,90,46,43
S00152372,126,60,66
S00152373,131,69,62
S00152374,114,58,56
S00152375,124,63,60
S00152376,87,50,37
S00152377,125,64,57
S00152378,130,62,65
S00152379,112,65,47
S00152380,164,78,86
S00152381,180,88,88
S00152382,195,107,92
S00152383,162,82,77
S00152384,93,51,46
S00152385,120,67,53
S00152386,175,101,75
S00152387,68,35,33
S00152388,72,36,36
S00152389,90,44,46
S00152390,84,41,40
S00152391,67,38,29
S00152392,120,62,58
S00152393,83,40,43
S00152394,104,51,53
S00152395,133,66,67
S00152396,98,45,53
S00152397,100,54,46
S00152398,75,34,41
S00152399,134,66,64
S00152400,114,60,54
S00152401,171,81,90
S00152402,104,63,41
S00152403,156,81,75
S00152404,172,78,94
S00152405,126,60,62
S00152406,175,98,77
S00152407,70,34,36
S00152408,118,61,53
S00152409,192,94,101
S00152410,128,71,61
S00152411,82,45,38
S00152412,163,86,77
S00152413,70,45,29
S00152414,158,71,83
S00152415,150,75,75
S00152416,163,83,80
S00152417,77,42,36
S00152418,126,54,72
S00152419,134,67,67
S00152420,87,47,40
S00152421,126,55,71
S00152422,98,54,44
S00152423,107,51,56
S00152424,96,49,47
S00152425,87,36,45
S00152426,107,61,49
S00152427,128,67,62
S00152428,109,55,53
S00152429,108,56,59
S00152430,124,61,62
S00152431,84,39,45
S00152432,87,48,40
S00152433,63,31,32
S00152434,59,33,30
S00152435,65,36,32
S00152436,89,42,43
S00152437,78,39,39
S00152438,108,49,59
S00152439,129,67,61
S00152440,110,61,49
S00152441,136,67,69
S00152442,93,55,38
S00152443,77,42,35
S00152444,74,38,35
S00152445,71,39,30
S00152446,105,51,54
S00152447,182,94,85
S00152448,172,87,82
S00152449,155,83,72
S00152450,133,70,63
S00152451,171,88,83
S00152452,181,88,93
S00152453,84,52,36
S00152454,70,41,33
S00152455,65,35,30
S00152456,127,60,66
S00152457,73,38,35
S00152458,267,142,125
S00152459,137,72,65
S00152460,96,49,45
S00152461,132,59,73
S00152462,74,37,37
S00152463,195,92,105
S00152464,85,51,38
S00152465,73,37,36
S00152466,126,71,55
S00152467,89,50,39
S00152468,130,71,59
S00152469,146,83,62
S00152470,106,57,49
S00152471,79,40,39
S00152472,196,97,99
S00152473,117,66,55
S00152474,91,51,40
S00152475,133,69,64
S00152476,194,106,88
S00152477,160,80,80
S00152478,155,70,85
S00152479,137,66,71
S00152480,134,65,69
S00152481,170,76,94
S00152482,137,70,67
S00152483,98,54,49
S00152484,153,76,77
S00152485,77,35,38
S00152486,176,83,92
S00152487,186,91,96
S00152488,154,78,76
S00152489,143,78,65
S00152490,95,53,42
S00152491,154,81,73
S00152492,91,41,47
S00152493,96,50,48
S00152494,193,104,89
S00152495,139,74,65
S00152496,157,82,75
S00152497,91,39,55
S00152498,117,64,57
S00152499,213,119,95
S00152500,169,80,88
S00152501,116,63,53
S00152502,155,80,74
S00152503,147,79,71
S00152504,86,49,37
S00152505,79,44,35
S00152506,154,87,67
S00152507,139,72,67
S00152508,94,47,47
S00152509,174,106,68
S00152510,95,44,49
S00152511,61,25,32
S00152512,119,64,55
S00152513,68,40,34
S00152514,126,67,59
S00152515,120,57,62
S00152516,151,72,75
S00152517,93,48,44
S00152518,135,57,79
S00152519,129,67,62
S00152520,92,42,46
S00152521,87,38,49
S00152522,149,80,69
S00152523,96,56,36
S00152524,181,94,87
S00152525,174,80,94
S00152526,135,75,60
S00152527,92,55,37
S00152528,196,95,101
S00152529,84,49,35
S00152530,143,74,69
S00152531,85,41,44
S00152532,120,63,57
S00152533,79,38,41
S00152534,146,68,75
S00152535,73,37,37
S00152536,85,43,38
S00152537,148,74,74
S00152538,123,59,64
S00152539,73,31,42
S00152540,137,68,69
S00152541,92,45,45
S00152542,93,47,45
S00152543,150,69,81
S00152544,86,37,49
S00152545,116,65,51
S00152546,111,53,58
S00152547,125,66,59
S00152548,119,63,56
S00152549,111,56,55
S00152550,122,62,60
S00152551,75,33,42
S00152552,107,55,52
S00152553,110,57,53
S00152554,61,19,42
S00152555,116,58,58
S00152556,71,34,37
S00152557,81,42,42
S00152558,83,48,35
S00152559,94,50,44
S00152560,137,69,67
S00152561,65,41,28
S00152562,154,74,81
S00152563,96,50,48
S00152564,87,41,48
S00152565,78,38,40
S00152566,127,74,59
S00152567,107,53,54
S00152568,114,56,57
S00152569,106,53,50
S00152570,148,79,69
S00152571,101,53,46
S00152572,90,49,41
S00152573,63,34,29
S00152574,72,37,35
S00152575,124,65,56
S00152576,112,58,51
S00152577,90,56,34
S00152578,101,52,49
S00152579,139,70,69
S00152580,82,43,40
S00152581,105,51,54
S00152582,82,39,43
S00152583,62,19,43
S00152584,106,61,45
S00152585,112,56,56
S00152586,94,45,49
S00152587,120,59,64
S00152588,159,75,84
S00152589,141,62,79
S00152590,129,63,63
S00152591,132,58,74
S00152592,109,53,57
S00152593,134,59,75
S00152594,79,31,46
S00152595,85,47,38
S00152596,106,47,55
S00152597,91,44,47
S00152598,119,61,58
S00152599,106,52,57
S00152600,84,45,37
S00152601,104,54,50
S00152602,170,92,78
S00152603,61,32,31
S00152604,75,43,36
S00152605,168,79,89
S00152606,122,61,61
S00152607,73,40,33
S00152608,91,39,55
S00152609,111,54,57
S00152610,70,32,35
S00152611,139,72,71
S00152612,65,29,36
S00152613,151,80,71
S00152614,100,50,49
S00152615,169,84,85
S00152616,165,78,87
S00152617,91,45,45
S00152618,121,64,57
S00152619,174,89,85
S00152620,112,53,59
S00152621,95,46,49
S00152622,95,36,60
S00152623,77,38,37
S00152624,67,32,35
S00152625,91,45,42
S00152626,121,66,55
S00152627,257,147,112
S00152628,157,82,75
S00152629,77,52,25
S00152630,132,66,63
S00152631,104,55,49
S00152632,71,32,36
S00152633,143,74,69
S00152634,84,39,48
S00152635,189,98,91
S00152636,134,78,55
S00152637,150,88,62
S00152638,114,53,62
S00152639,134,65,73
S00152640,77,40,37
S00152641,179,93,86
S00152642,80,38,42
S00152643,72,43,29
S00152644,114,62,52
S00152645,106,62,44
S00152646,60,37,26
S00152647,101,53,48
S00152648,82,46,36
S00152649,65,38,27
S00152650,86,45,41
S00152651,128,63,65
S00152652,164,77,87
S00152653,129,58,70
S00152654,73,38,35
S00152655,69,29,40
S00152656,128,67,61
S00152657,81,42,39
S00152658,68,36,33
S00152659,86,44,39
S00152660,116,58,58
S00152661,111,54,57
S00152662,146,74,71
S00152663,68,34,34
S00152664,87,47,40
S00152665,102,53,47
S00152666,135,64,70
S00152667,107,55,56
S00152668,93,40,56
S00152669,104,53,52
S00152670,70,41,29
S00152671,109,60,49
S00152672,70,31,39
S00152673,56,31,29
S00152674,73,37,36
S00152675,78,41,37
S00152676,71,42,29
S00152677,213,107,106
S00152678,78,44,33
S00152679,125,67,59
S00152680,121,59,59
S00152681,106,46,60
S00152682,113,50,59
S00152683,90,48,42
S00152684,85,42,43
S00152685,228,110,118
S00152686,122,62,62
S00152687,209,110,99
S00152688,66,30,36
S00152689,138,68,70
S00152690,68,32,33
S00152691,100,50,50
S00152692,100,47,53
S00152693,193,92,101
S00152694,96,51,45
S00152695,66,36,33
S00152696,104,56,48
S00152697,167,83,84
S00152698,78,41,37
S00152699,101,49,48
S00152700,95,45,50
S00152701,122,60,59
S00152702,87,46,41
S00152703,103,46,57
S00152704,107,57,50
S00152705,127,63,64
S00152706,136,73,63
S00152707,122,67,55
S00152708,115,61,53
S00152709,145,71,74
S00152710,71,37,31
S00152711,161,90,71
S00152712,119,59,61
S00152713,98,39,56
S00152714,138,72,66
S00152715,104,60,44
S00152716,97,48,50
S00152717,78,35,43
S00152718,72,37,35
S00152719,110,66,48
S00152720,116,58,58
S00152721,149,81,68
S00152722,143,75,64
S00152723,79,36,40
S00152724,118,60,58
S00152725,117,59,58
S00152726,148,71,77
S00152727,93,46,49
S00152728,100,47,50
S00152729,106,57,49
S00152730,101,59,45
S00152731,167,94,74
S00152732,82,41,41
S00152733,114,52,57
S00152734,155,74,81
S00152735,156,81,75
S00152736,86,46,37
S00152737,67,32,35
S00152738,74,34,40
S00152739,132,65,66
S00152740,69,41,28
S00152741,177,89,88
S00152742,77,38,39
S00152743,133,71,64
S00152744,92,44,45
S00152745,64,33,34
S00152746,79,38,41
S00152747,78,39,39
S00152748,122,53,73
S00152749,97,61,36
S00152750,71,37,34
S00152751,79,37,42
S00152752,121,62,58
S00152753,82,46,36
S00152754,133,63,73
S00152755,105,47,58
S00152756,147,78,69
S00152757,80,41,37
S00152758,92,43,49
S00152759,102,61,41
S00152760,82,39,40
S00152761,107,53,54
S00152762,95,48,40
S00152763,172,88,84
S00152764,90,46,44
S00152765,65,35,31
S00152766,105,58,46
S00152767,84,42,42
S00152768,87,47,40
S00152769,99,53,49
S00152770,71,42,27
S00152771,69,36,33
S00152772,120,62,55
S00152773,174,93,84
S00152774,120,69,51
S00152775,172,95,77
S00152776,88,45,43
S00152777,71,38,33
S00152778,115,62,53
S00152779,74,34,40
S00152780,165,87,78
S00152781,89,43,46
S00152782,155,77,78
S00152783,91,44,47
S00152784,152,83,66
S00152785,142,75,64
S00152786,96,52,40
S00152787,123,64,59
S00152788,147,72,75
S00152789,101,58,43
S00152790,83,38,45
S00152791,102,51,51
S00152792,91,34,61
S00152793,114,49,65
S00152794,153,89,64
S00152795,72,34,40
S00152796,146,75,71
S00152797,87,49,41
S00152798,104,48,56
S00152799,106,58,52
S00152800,118,60,55
S00152801,106,56,50
S00152802,103,51,54
S00152803,104,50,54
S00152804,68,39,29
S00152805,112,61,51
S00152806,128,68,58
S00152807,83,46,41
S00152808,219,114,112
S00152809,65,27,38
S00152810,133,70,62
S00152811,121,60,65
S00152812,65,30,35
S00152813,89,45,44
S00152814,122,66,59
S00152815,81,43,44
S00152816,76,33,40
S00152817,107,58,49
S00152818,80,41,39
S00152819,97,48,49
S00152820,60,32,28
S00152821,114,59,56
S00152822,115,60,55
S00152823,130,61,66
S00152824,85,39,46
S00152825,79,40,39
S00152826,84,39,45
S00152827,114,59,55
S00152828,135,76,59
S00152829,116,55,61
S00152830,78,41,37
S00152831,124,63,61
S00152832,132,61,71
S00152833,83,33,46
S00152834,122,68,54
S00152835,86,50,32
S00152836,87,37,50
S00152837,146,73,73
S00152838,117,56,61
S00152839,139,77,65
S00152840,74,36,38
S00152841,75,45,30
S00152842,121,69,52
S00152843,73,42,31
S00152844,81,38,40
S00152845,120,60,60
S00152846,86,46,40
S00152847,152,75,74
S00152848,93,53,39
S00152849,79,39,40
S00152850,109,58,51
S00152851,104,51,53
S00152852,60,29,31
S00152853,132,67,65
S00152854,116,61,57
S00152855,172,94,78
S00152856,118,67,51
S00152857,72,33,35
S00152858,107,55,52
S00152859,76,39,38
S00152860,106,51,55
S00152861,88,50,38
S00152862,72,39,33
S00152863,162,84,78
S00152864,144,65,79
S00152865,105,51,53
S00152866,84,49,35
S00152867,92,43,49
S00152868,143,86,57
S00152869,101,56,48
S00152870,101,48,53
S00152871,119,62,59
S00152872,122,63,59
S00152873,105,57,48
S00152874,115,65,51
S00152875,67,33,31
S00152876,74,42,34
S00152877,83,44,39
S00152878,125,71,54
S00152879,92,50,42
S00152880,139,71,68
S00152881,104,65,39
S00152882,87,46,41
S00152883,69,35,31
S00152884,93,41,52
S00152885,126,65,57
S00152886,95,57,34
S00152887,123,61,62
S00152888,67,39,28
S00152889,126,61,67
S00152890,63,34,29
S00152891,89,48,41
S00152892,91,40,51
S00152893,105,59,53
S00152894,98,49,53
S00152895,111,55,57
S00152896,128,63,69
S00152897,93,50,41
S00152898,123,58,65
S00152899,117,61,56
S00152900,172,92,77
S00152901,134,62,72
S00152902,70,36,34
S00152903,99,38,61
S00152904,149,75,74
S00152905,62,31,31
S00152906,92,45,47
S00152907,93,45,48
S00152908,132,63,69
S00152909,102,55,46
S00152910,101,56,47
S00152911,82,48,34
S00152912,88,44,44
S00152913,96,55,42
S00152914,123,60,63
S00152915,138,72,66
S00152916,120,63,57
S00152917,169,91,81
S00152918,67,42,25
S00152919,170,91,79
S00152920,179,91,87
S00152921,76,47,29
S00152922,121,61,60
S00152923,152,80,72
S00152924,174,91,83
S00152925,92,50,42
S00152926,69,36,33
S00152927,82,41,42
S00152928,97,57,40
S00152929,104,58,46
S00152930,88,46,42
S00152931,147,67,84
S00152932,75,44,31
S00152933,168,85,83
S00152934,84,47,37
S00152935,114,65,52
S00152936,121,52,70
S00152937,71,35,39
S00152938,147,71,76
S00152939,182,107,76
S00152940,103,54,46
S00152941,141,78,63
S00152942,93,50,43
S00152943,96,41,55
S00152944,126,49,78
S00152945,102,57,51
S00152946,112,52,60
S00152947,143,70,73
S00152948,74,42,32
S00152949,139,74,65
S00152950,121,67,56
S00152951,138,71,67
S00152952,62,27,32
S00152953,119,66,53
S00152954,95,43,52
S00152955,67,39,28
S00152956,117,59,58
S00152957,115,61,54
S00152958,75,40,32
S00152959,117,59,58
S00152960,65,32,33
S00152961,302,158,144
S00152962,140,78,61
S00152963,84,41,39
S00152964,67,32,32
S00152965,119,57,62
S00152966,157,79,80
S00152967,105,50,55
S00152968,122,66,60
S00152969,129,80,50
S00152970,152,78,74
S00152971,125,69,56
S00152972,80,42,38
S00152973,92,54,42
S00152974,135,68,67
S00152975,95,50,45
S00152976,92,49,43
S00152977,107,53,54
S00152978,102,52,50
S00152979,97,55,41
S00152980,157,74,81
S00152981,123,65,58
S00152982,110,53,57
S00152983,105,55,50
S00152984,132,70,62
S00152985,77,32,48
S00152986,111,56,55
S00152987,167,86,81
S00152988,135,70,65
S00152989,116,69,47
S00152990,102,52,50
S00152991,79,38,41
S00152992,159,76,87
S00152993,105,52,50
S00152994,130,70,60
S00152995,98,55,43
S00152996,71,31,37
S00152997,113,64,49
S00152998,116,63,53
S00152999,148,85,63
S00153000,110,61,49
S00153001,95,52,41
S00153002,136,73,68
S00153003,68,33,35
S00153004,166,93,73
S00153005,137,79,56
S00153006,172,100,72
S00153007,125,73,52
S00153008,119,61,59
S00153009,208,92,116
S00153010,107,51,56
S00153011,162,76,86
S00153012,159,84,75
S00153013,135,70,65
S00153014,71,33,38
S00153015,110,56,54
S00153016,96,48,48
S00153017,167,87,81
S00153018,101,50,51
S00153019,115,56,59
S00153020,139,74,69
S00153021,133,71,62
S00153022,138,75,65
S00153023,118,55,63
S00153024,192,99,93
S00153025,132,73,59
S00153026,157,84,73
S00153027,98,54,44
S00153028,143,71,72
S00153029,210,106,104
S00153030,163,90,73
S00153031,172,84,88
S00153032,76,44,32
S00153033,176,86,90
S00153034,109,50,58
S00153035,145,76,69
S00153036,156,83,73
S00153037,74,29,45
S00153038,79,51,28
S00153039,70,38,32
S00153040,96,47,52
S00153041,113,65,48
S00153042,220,107,113
S00153043,141,74,68
S00153044,67,31,37
S00153045,248,125,123
S00153046,85,45,40
S00153047,93,49,44
S00153048,122,58,63
S00153049,109,60,48
S00153050,126,68,57
S00153051,137,70,67
S00153052,152,78,74
S00153053,145,77,68
S00153054,111,59,55
S00153055,171,88,82
S00153056,115,69,46
S00153057,151,76,75
S00153058,111,56,55
S00153059,140,77,63
S00153060,107,51,56
S00153061,111,60,51
S00153062,123,60,63
S00153063,93,46,47
S00153064,88,46,42
S00153065,73,36,37
S00153066,111,50,61
S00153067,103,49,54
S00153068,102,49,51
S00153069,152,69,83
S00153070,103,56,47
S00153071,105,58,51
S00153072,82,41,42
S00153073,75,27,48
S00153074,111,52,61
S00153075,103,47,52
S00153076,110,58,52
S00153077,129,70,56
S00153078,75,39,37
S00153079,85,48,41
S00153080,115,61,54
S00153081,124,63,61
S00153082,99,56,43
S00153083,175,84,87
S00153084,81,43,38
S00153085,111,65,46
S00153086,64,32,32
S00153087,129,65,64
S00153088,114,60,50
S00153089,101,50,51
S00153090,126,74,56
S00153091,87,44,43
S00153092,89,40,49
S00153093,125,73,54
S00153094,126,57,70
S00153095,89,44,45
S00153096,152,85,66
S00153097,99,54,45
S00153098,127,59,68
S00153099,142,78,64
S00153100,122,64,55
S00153101,75,36,39
S00153102,108,54,51
S00153103,140,72,68
S00153104,161,85,76
S00153105,169,85,84
S00153106,88,36,52
S00153107,90,46,44
S00153108,147,75,68
S00153109,68,38,37
S00153110,194,96,98
S00153111,154,73,81
S00153112,134,73,61
S00153113,96,56,41
S00153114,131,61,74
S00153115,100,52,47
S00153116,66,37,29
S00153117,87,44,43
S00153118,102,60,42
S00153119,94,42,50
S00153120,134,74,55
S00153121,127,59,68
S00153122,87,49,38
S00153123,68,34,34
S00153124,148,83,61
S00153125,111,58,53
S00153126,78,41,39
S00153127,104,56,48
S00153128,80,51,33
S00153129,126,65,61
S00153130,142,77,65
S00153131,101,48,53
S00153132,164,81,79
S00153133,161,78,79
S00153134,124,62,59
S00153135,95,53,42
S00153136,112,54,58
S00153137,176,89,90
S00153138,98,48,50
S00153139,144,71,73
S00153140,96,48,47
S00153141,96,50,46
S00153142,135,72,61
S00153143,81,45,36
S00153144,153,80,77
S00153145,68,34,34
S00153146,86,49,40
S00153147,116,64,55
S00153148,99,52,47
S00153149,74,42,32
S00153150,88,47,45
S00153151,170,87,83
S00153152,106,60,46
S00153153,95,49,46
S00153154,133,70,64
S00153155,110,63,48
S00153156,140,83,56
S00153157,148,83,65
S00153158,96,57,39
S00153159,73,38,35
S00153160,115,48,67
S00153161,91,47,44
S00153162,75,39,36
S00153163,102,60,38
S00153164,112,64,48
S00153165,90,42,48
S00153166,97,43,54
S00153167,117,66,54
S00153168,98,39,59
S00153169,214,107,108
S00153170,121,66,55
S00153171,199,96,104
S00153172,61,28,33
S00153173,134,77,60
S00153174,103,52,51
S00153175,104,50,54
S00153176,114,47,67
S00153177,90,56,35
S00153178,84,38,46
S00153179,113,52,61
S00153180,109,53,56
S00153181,135,72,63
S00153182,79,37,42
S00153183,115,55,57
S00153184,156,75,77
S00153185,95,49,47
S00153186,162,92,70
S00153187,117,49,67
S00153188,136,67,69
S00153189,105,55,50
S00153190,85,44,41
S00153191,111,56,53
S00153192,78,39,39
S00153193,110,57,56
S00153194,89,50,39
S00153195,188,89,99
S00153196,133,62,71
S00153197,120,63,57
S00153198,109,51,58
S00153199,151,67,84
S00153200,120,63,57
S00153201,102,61,44
S00153202,221,110,111
S00153203,75,36,39
S00153204,218,100,118
S00153205,147,83,62
S00153206,102,51,51
S00153207,155,78,76
S00153208,104,55,52
S00153209,200,96,104
S00153210,99,50,49
S00153211,95,42,52
S00153212,127,67,60
S00153213,96,47,49
S00153214,159,89,70
S00153215,130,76,57
S00153216,198,101,97
S00153217,114,61,53
S00153218,96,48,48
S00153219,61,38,25
S00153220,103,55,50
S00153221,118,65,53
S00153222,98,54,42
S00153223,123,60,63
S00153224,137,79,60
S00153225,133,72,63
S00153226,162,83,79
S00153227,190,93,97
S00153228,115,65,50
S00153229,133,67,66
S00153230,91,38,53
S00153231,172,87,85
S00153232,137,64,73
S00153233,108,49,59
S00153234,86,59,30
S00153235,163,97,67
S00153236,97,52,45
S00153237,79,41,38
S00153238,152,86,66
S00153239,139,77,62
S00153240,116,60,60
S00153241,222,98,120
S00153242,122,61,61
S00153243,72,37,35
S00153244,107,55,52
S00153245,70,42,28
S00153246,100,53,51
S00153247,87,47,40
S00153248,62,35,27
S00153249,110,59,51
S00153250,123,63,60
S00153251,93,50,43
S00153252,138,66,71
S00153253,67,33,33
S00153254,156,80,76
S00153255,134,70,64
S00153256,102,52,49
S00153257,146,72,74
S00153258,137,71,66
S00153259,96,50,45
S00153260,84,44,40
S00153261,108,58,50
S00153262,157,79,76
S00153263,66,35,27
S00153264,98,52,46
S00153265,131,65,69
S00153266,90,50,40
S00153267,113,57,53
S00153268,127,66,61
S00153269,106,51,50
S00153270,199,104,95
S00153271,131,65,65
S00153272,93,52,41
S00153273,222,151,67
S00153274,117,68,49
S00153275,111,55,55
S00153276,68,39,29
S00153277,96,48,48
S00153278,62,32,30
S00153279,111,56,55
S00153280,126,66,57
S00153281,93,50,43
S00153282,161,77,81
S00153283,100,56,45
S00153284,218,113,105
S00153285,136,69,69
S00153286,70,37,33
S00153287,107,68,39
S00153288,174,93,77
S00153289,72,39,36
S00153290,132,73,59
S00153291,67,34,33
S00153292,101,55,49
S00153293,104,47,54
S00153294,163,84,79
S00153295,157,80,76
S00153296,158,87,67
S00153297,92,43,46
S00153298,81,43,38
S00153299,225,114,115
S00153300,160,84,73
S00153301,105,49,56
S00153302,92,47,45
S00153303,185,92,93
S00153304,143,73,70
S00153305,70,38,32
S00153306,123,64,59
S00153307,74,37,33
S00153308,60,36,24
S00153309,82,51,31
S00153310,166,80,86
S00153311,137,74,66
S00153312,90,50,40
S00153313,112,60,52
S00153314,130,68,62
S00153315,108,52,56
S00153316,100,53,47
S00153317,123,65,58
S00153318,157,65,86
S00153319,153,86,67
S00153320,153,83,66
S00153321,101,55,49
S00153322,71,37,34
S00153323,99,58,41
S00153324,64,35,29
S00153325,70,34,36
S00153326,144,70,68
S00153327,70,31,39
S00153328,197,102,95
S00153329,114,66,51
S00153330,71,37,34
S00153331,147,67,77
S00153332,173,84,93
S00153333,126,65,61
S00153334,86,41,45
S00153335,151,69,84
S00153336,148,84,64
S00153337,173,83,87
S00153338,84,42,42
S00153339,92,48,45
S00153340,92,48,44
S00153341,131,66,64
S00153342,232,116,116
S00153343,121,62,59
S00153344,86,52,34
S00153345,141,69,71
S00153346,110,52,58
S00153347,115,60,52
S00153348,84,41,43
S00153349,155,78,77
S00153350,66,31,35
S00153351,140,71,69
S00153352,181,95,86
S00153353,63,34,29
S00153354,98,53,45
S00153355,85,46,39
S00153356,68,31,37
S00153357,111,63,48
S00153358,97,45,52
S00153359,71,41,33
S00153360,187,94,92
S00153361,159,79,81
S00153362,156,79,74
S00153363,119,69,53
S00153364,180,95,85
S00153365,131,66,65
S00153366,119,56,65
S00153367,90,46,44
S00153368,148,71,77
S00153369,117,71,46
S00153370,132,69,63
S00153371,235,124,111
S00153372,236,125,111
S00153373,204,101,101
S00153374,71,36,33
S00153375,116,58,61
S00153376,102,53,51
S00153377,134,76,61
S00153378,174,87,90
S00153379,62,31,28
S00153380,143,79,64
S00153381,189,91,94
S00153382,145,78,78
S00153383,117,59,58
S00153384,249,124,125
S00153385,113,54,59
S00153386,96,53,47
S00153387,115,59,56
S00153388,67,32,35
S00153389,123,62,61
S00153390,118,64,55
S00153391,85,49,37
S00153392,128,63,63
S00153393,108,60,45
S00153394,87,48,41
S00153395,110,64,46
S00153396,92,48,45
S00153397,333,118,213
S00153398,134,68,66
S00153399,73,36,37
S00153400,137,77,60
S00153401,292,150,145
S00153402,81,39,42
S00153403,153,85,67
S00153404,245,123,122
S00153405,184,103,81
S00153406,178,93,85
S00153407,238,120,118
S00153408,111,55,56
S00153409,71,33,38
S00153410,85,35,46
S00153411,116,65,51
S00153412,64,38,23
S00153413,120,58,62
S00153414,103,44,55
S00153415,155,78,77
S00153416,130,65,61
S00153417,90,45,42
S00153418,143,67,76
S00153419,72,37,35
S00153420,254,128,126
S00153421,90,43,47
S00153422,109,58,51
S00153423,128,60,68
S00153424,100,47,53
S00153425,78,36,42
S00153426,83,45,38
S00153427,162,85,77
S00153428,193,85,104
S00153429,116,59,55
S00153430,107,56,51
S00153431,139,65,74
S00153432,98,50,48
S00153433,173,89,86
S00153434,140,65,72
S00153435,108,56,56
S00153436,61,35,28
S00153437,196,100,97
S00153438,89,46,46
S00153439,148,69,78
S00153440,179,96,83
S00153441,202,100,102
S00153442,147,79,68
S00153443,70,38,33
S00153444,91,49,42
S00153445,122,65,53
S00153446,194,91,103
S00153447,109,62,47
S00153448,205,97,108
S00153449,151,75,73
S00153450,117,61,57
S00153451,69,40,33
S00153452,166,84,82
S00153453,150,79,74
S00153454,105,49,56
S00153455,72,39,33
S00153456,131,64,67
S00153457,121,65,58
S00153458,65,38,27
S00153459,144,75,69
S00153460,215,105,113
S00153461,121,60,61
S00153462,123,64,59
S00153463,86,46,40
S00153464,105,47,54
S00153465,168,85,83
S00153466,157,82,75
S00153467,159,80,79
S00153468,100,48,52
S00153469,125,56,69
S00153470,112,56,57
S00153471,113,60,53
S00153472,184,97,89
S00153473,121,54,67
S00153474,91,47,44
S00153475,146,74,72
S00153476,173,94,79
S00153477,111,57,52
S00153478,171,90,85
S00153479,111,60,51
S00153480,181,103,78
S00153481,225,119,110
S00153482,67,36,31
S00153483,120,62,58
S00153484,152,79,73
S00153485,159,89,67
S00153486,94,51,43
S00153487,94,53,41
S00153488,116,65,51
S00153489,151,79,72
S00153490,102,50,52
S00153491,125,63,66
S00153492,110,59,51
S00153493,103,61,44
S00153494,115,64,53
S00153495,119,63,56
S00153496,169,88,81
S00153497,125,60,65
S00153498,98,56,45
S00153499,119,57,62
S00153500,63,41,24
S00153501,93,47,46
S00153502,69,40,29
S00153503,95,52,43
S00153504,167,84,83
S00153505,96,58,41
S00153506,121,57,65
S00153507,138,71,65
S00153508,114,55,57
S00153509,92,47,41
S00153510,132,68,59
S00153511,169,105,65
S00153512,103,53,50
S00153513,183,96,83
S00153514,171,89,78
S00153515,107,57,50
S00153516,188,86,102
S00153517,104,46,58
S00153518,103,56,47
S00153519,160,80,80
S00153520,153,81,72
S00153521,79,44,35
S00153522,67,36,27
S00153523,151,74,78
S00153524,127,71,56
S00153525,97,46,51
S00153526,132,64,69
S00153527,111,55,57
S00153528,114,54,56
S00153529,119,63,51
S00153530,106,66,44
S00153531,144,79,66
S00153532,73,36,37
S00153533,113,66,43
S00153534,112,58,54
S00153535,110,61,45
S00153536,100,47,52
S00153537,131,61,68
S00153538,131,68,60
S00153539,76,42,38
S00153540,131,70,61
S00153541,157,90,69
S00153542,141,74,67
S00153543,146,81,65
S00153544,142,77,65
S00153545,105,63,42
S00153546,79,43,37
S00153547,125,57,68
S00153548,147,71,76
S00153549,66,31,31
S00153550,105,60,45
S00153551,165,84,81
S00153552,63,40,23
S00153553,180,95,85
S00153554,101,55,48
S00153555,86,38,48
S00153556,83,46,37
S00153557,109,58,48
S00153558,129,70,60
S00153559,132,66,66
S00153560,72,39,35
S00153561,111,63,48
S00153562,93,42,51
S00153563,172,90,82
S00153564,159,87,69
S00153565,73,38,32
S00153566,104,54,52
S00153567,96,42,52
S00153568,97,48,43
S00153569,102,49,53
S00153570,171,84,85
S00153571,86,44,42
S00153572,145,75,67
S00153573,114,54,60
S00153574,82,42,40
S00153575,114,59,56
S00153576,88,47,41
S00153577,77,41,30
S00153578,152,84,68
S00153579,90,40,47
S00153580,93,49,42
S00153581,158,86,76
S00153582,112,52,55
S00153583,74,39,31
S00153584,68,34,34
S00153585,97,42,55
S00153586,82,40,37
S00153587,80,40,40
S00153588,90,47,44
S00153589,117,59,62
S00153590,74,45,29
S00153591,90,44,47
S00153592,63,43,24
S00153593,165,83,82
S00153594,149,87,66
S00153595,105,58,49
S00153596,100,46,54
S00153597,165,84,77
S00153598,85,50,39
S00153599,110,57,53
S00153600,131,68,63
S00153601,109,59,50
S00153602,66,37,29
S00153603,117,57,62
S00153604,94,59,35
S00153605,100,53,50
S00153606,141,70,71
S00153607,155,82,73
S00153608,161,81,80
S00153609,100,50,51
S00153610,195,109,86
S00153611,131,72,59
S00153612,71,38,33
S00153613,167,79,88
S00153614,115,52,67
S00153615,143,61,82
S00153616,122,66,60
S00153617,120,67,57
S00153618,171,83,88
S00153619,155,76,77
S00153620,143,81,62
S00153621,73,38,35
S00153622,140,73,67
S00153623,149,80,67
S00153624,99,49,49
S00153625,134,69,63
S00153626,110,56,54
S00153627,91,46,45
S00153628,116,58,58
S00153629,344,56,285
S00153630,117,65,52
S00153631,92,42,51
S00153632,129,64,64
S00153633,103,57,42
S00153634,133,68,65
S00153635,185,105,76
S00153636,139,70,67
S00153637,95,48,47
S00153638,119,59,57
S00153639,120,66,54
S00153640,112,59,53
S00153641,108,57,55
S00153642,113,58,55
S00153643,108,65,43
S00153644,88,50,34
S00153645,147,74,73
S00153646,108,54,54
S00153647,135,68,65
S00153648,94,51,47
S00153649,84,48,36
S00153650,153,77,76
S00153651,95,57,35
S00153652,124,58,66
S00153653,146,69,76
S00153654,88,45,43
S00153655,155,77,78
S00153656,69,36,30
S00153657,99,44,55
S00153658,167,87,80
S00153659,87,41,43
S00153660,71,32,39
S00153661,95,45,50
S00153662,165,76,83
S00153663,94,54,40
S00153664,131,75,56
S00153665,152,81,71
S00153666,102,49,54
S00153667,64,35,29
S00153668,93,51,39
S00153669,103,59,44
S00153670,141,73,68
S00153671,113,64,49
S00153672,249,126,123
S00153673,81,43,38
S00153674,108,62,46
S00153675,88,46,42
S00153676,131,67,64
S00153677,110,54,52
S00153678,121,63,58
S00153679,153,75,74
S00153680,129,64,62
S00153681,83,40,43
S00153682,99,46,56
S00153683,94,49,45
S00153684,147,75,72
S00153685,91,43,48
S00153686,77,41,36
S00153687,127,68,60
S00153688,69,36,33
S00153689,102,61,42
S00153690,118,61,57
S00153691,89,44,45
S00153692,124,61,63
S00153693,113,61,54
S00153694,98,49,50
S00153695,114,60,54
S00153696,86,42,44
S00153697,87,43,44
S00153698,90,49,41
S00153699,93,52,41
S00153700,89,50,39
S00153701,164,95,69
S00153702,156,77,79
S00153703,152,81,71
S00153704,68,31,38
S00153705,454,240,214
S00153706,122,60,62
S00153707,74,42,40
S00153708,92,42,48
S00153709,111,62,50
S00153710,208,122,86
S00153711,2991,1777,1214
S00153712,92,44,48
S00153713,378,229,145
S00153714,78,56,25
S00153715,131,73,58
S00153716,134,69,62
S00153717,119,59,60
S00153718,172,105,70
S00153719,512,246,266
S00153720,146,81,65
S00153721,127,76,54
S00153722,116,59,56
S00153723,103,64,39
S00153724,135,76,59
S00153725,135,87,48
S00153726,88,63,25
S00153727,69,42,27
S00153728,86,52,35
S00153729,178,106,76
S00153730,96,48,48
S00153731,75,42,33
S00153732,346,208,138
S00153733,128,77,51
S00153734,111,77,37
S00153735,128,70,58
S00153736,131,77,51
S00153737,147,81,66
S00153738,87,51,36
S00153739,80,40,40
S00153740,67,44,24
S00153741,177,86,91
S00153742,104,60,48
S00153743,108,58,50
S00153744,104,58,46
S00153745,106,57,49
S00153746,163,82,81
S00153747,198,103,95
S00153748,132,87,45
S00153749,114,61,53
S00153750,85,43,42
S00153751,85,48,41
S00153752,114,55,60
S00153753,106,53,53
S00153754,87,47,44
S00153755,102,51,51
S00153756,158,81,77
S00153757,133,75,55
S00153758,105,58,47
S00153759,65,36,29
S00153760,170,93,77
S00153761,124,71,53
S00153762,133,85,48
S00153763,68,32,36
S00153764,220,121,95
S00153765,108,52,56
S00153766,123,68,55
S00153767,97,63,34
S00153768,136,72,65
S00153769,64,43,21
S00153770,91,44,47
S00153771,93,63,30
S00153772,233,129,100
S00153773,166,90,73
S00153774,91,46,45
S00153775,107,57,47
S00153776,79,35,42
S00153777,94,49,45
S00153778,129,68,64
S00153779,89,49,40
S00153780,60,33,27
S00153781,110,53,57
S00153782,105,62,43
S00153783,80,38,46
S00153784,100,55,45
S00153785,105,54,54
S00153786,67,32,35
S00153787,158,80,78
S00153788,79,35,44
S00153789,97,49,48
S00153790,103,54,49
S00153791,145,77,68
S00153792,130,66,64
S00153793,129,64,65
S00153794,66,39,25
S00153795,77,35,39
S00153796,139,71,68
S00153797,113,56,59
S00153798,150,92,58
S00153799,87,48,43
S00153800,86,35,47
S00153801,140,81,59
S00153802,120,68,52
S00153803,102,48,50
S00153804,97,46,47
S00153805,69,35,31
S00153806,102,57,48
S00153807,66,34,30
S00153808,100,57,43
S00153809,149,79,68
S00153810,79,37,42
S00153811,91,45,46
S00153812,113,70,43
S00153813,125,61,64
S00153814,81,36,42
S00153815,93,40,53
S00153816,104,60,44
S00153817,101,55,46
S00153818,112,54,58
S00153819,104,56,48
S00153820,120,69,51
S00153821,90,56,38
S00153822,124,66,55
S00153823,172,85,84
S00153824,124,66,58
S00153825,105,61,47
S00153826,81,45,39
S00153827,107,54,56
S00153828,122,60,66
S00153829,98,52,46
S00153830,77,48,29
S00153831,154,95,62
S00153832,94,48,46
S00153833,93,50,43
S00153834,142,80,60
S00153835,126,69,57
S00153836,87,38,49
S00153837,144,74,70
S00153838,160,82,78
S00153839,155,94,57
S00153840,126,67,59
S00153841,83,42,41
S00153842,122,66,60
S00153843,88,43,45
S00153844,154,78,76
S00153845,80,43,37
S00153846,117,57,60
S00153847,109,59,50
S00153848,144,70,74
S00153849,141,64,77
S00153850,63,30,33
S00153851,98,51,49
S00153852,131,69,59
S00153853,153,75,76
S00153854,88,45,43
S00153855,85,44,42
S00153856,82,45,37
S00153857,109,50,59
S00153858,120,61,59
S00153859,99,49,50
S00153860,113,61,52
S00153861,145,79,66
S00153862,81,40,41
S00153863,86,46,40
S00153864,123,66,58
S00153865,96,54,42
S00153866,114,60,54
S00153867,89,46,43
S00153868,212,124,88
S00153869,110,54,56
S00153870,126,71,58
S00153871,131,71,60
S00153872,100,50,50
S00153873,95,47,52
S00153874,160,78,82
S00153875,63,32,31
S00153876,70,36,34
S00153877,127,57,70
S00153878,94,54,38
S00153879,151,83,71
S00153880,184,94,90
S00153881,75,42,33
S00153882,65,38,25
S00153883,116,58,60
S00153884,103,54,45
S00153885,123,61,55
S00153886,99,59,39
S00153887,153,78,76
S00153888,86,46,44
S00153889,132,64,68
S00153890,146,88,55
S00153891,103,62,42
S00153892,148,76,72
S00153893,90,50,37
S00153894,118,58,60
S00153895,127,63,64
S00153896,181,92,89
S00153897,157,76,81
S00153898,114,56,58
S00153899,61,31,30
S00153900,125,67,56
S00153901,110,56,56
S00153902,95,47,48
S00153903,84,55,33
S00153904,157,74,83
S00153905,107,56,51
S00153906,95,50,47
S00153907,125,70,48
S00153908,174,96,81
S00153909,97,49,48
S00153910,98,48,53
S00153911,79,40,39
S00153912,94,53,41
S00153913,130,65,62
S00153914,123,69,54
S00153915,119,59,60
S00153916,105,51,54
S00153917,145,88,57
S00153918,130,67,59
S00153919,108,60,48
S00153920,121,55,66
S00153921,99,55,44
S00153922,112,61,51
S00153923,134,70,63
S00153924,76,40,32
S00153925,179,86,91
S00153926,134,62,72
S00153927,140,68,72
S00153928,105,51,51
S00153929,106,57,49
S00153930,69,38,31
S00153931,67,42,29
S00153932,107,57,54
S00153933,153,87,66
S00153934,107,61,45
S00153935,79,35,43
S00153936,144,75,67
S00153937,96,50,43
S00153938,154,86,68
S00153939,73,36,37
S00153940,101,57,44
S00153941,151,71,79
S00153942,68,33,35
S00153943,155,97,58
S00153944,140,72,68
S00153945,112,54,58
S00153946,119,55,64
S00153947,220,119,100
S00153948,147,77,72
S00153949,99,47,52
S00153950,136,74,58
S00153951,170,86,84
S00153952,123,60,63
S00153953,68,38,32
S00153954,182,95,87
S00153955,149,74,71
S00153956,89,45,44
S00153957,93,49,44
S00153958,77,43,34
S00153959,108,48,56
S00153960,107,51,56
S00153961,111,64,44
S00153962,92,49,43
S00153963,171,77,94
S00153964,136,75,61
S00153965,120,63,57
S00153966,157,84,73
S00153967,132,77,55
S00153968,100,55,47
S00153969,164,84,80
S00153970,164,81,83
S00153971,87,48,41
S00153972,82,41,40
S00153973,65,29,33
S00153974,79,39,40
S00153975,181,92,89
S00153976,100,49,49
S00153977,65,32,33
S00153978,86,44,42
S00153979,86,40,46
S00153980,135,69,63
S00153981,127,65,62
S00153982,89,45,43
S00153983,149,81,72
S00153984,109,53,56
S00153985,140,65,75
S00153986,147,70,77
S00153987,148,74,74
S00153988,128,67,64
S00153989,124,71,53
S00153990,117,55,58
S00153991,74,42,32
S00153992,171,96,75
S00153993,88,45,43
S00153994,157,81,76
S00153995,101,47,50
S00153996,94,48,46
S00153997,84,40,44
S00153998,120,65,54
S00153999,78,35,36
S00154000,128,76,60
S00154001,137,75,62
S00154002,83,43,40
S00154003,66,36,31
S00154004,138,74,64
S00154005,108,55,53
S00154006,124,61,63
S00154007,83,27,56
S00154008,144,70,74
S00154009,69,33,37
S00154010,123,73,54
S00154011,129,68,63
S00154012,142,70,72
S00154013,86,45,41
S00154014,136,68,68
S00154015,147,70,80
S00154016,104,60,44
S00154017,167,79,88
S00154018,134,66,68
S00154019,109,61,50
S00154020,94,52,42
S00154021,83,42,41
S00154022,122,68,52
S00154023,138,71,69
S00154024,92,53,43
S00154025,97,44,51
S00154026,89,45,46
S00154027,93,57,40
S00154028,103,58,45
S00154029,81,39,44
S00154030,61,33,34
S00154031,117,60,57
S00154032,75,36,39
S00154033,101,50,49
S00154034,66,35,35
S00154035,109,57,48
S00154036,148,78,70
S00154037,147,81,66
S00154038,88,44,41
S00154039,95,54,41
S00154040,66,34,32
S00154041,144,77,67
S00154042,98,43,55
S00154043,113,63,50
S00154044,174,97,80
S00154045,106,60,46
S00154046,97,60,42
S00154047,77,48,29
S00154048,80,45,35
S00154049,72,35,37
S00154050,176,94,82
S00154051,83,46,37
S00154052,69,36,33
S00154053,64,33,31
S00154054,159,80,79
S00154055,79,37,42
S00154056,125,62,63
S00154057,111,51,55
S00154058,89,45,44
S00154059,64,35,30
S00154060,78,40,38
S00154061,154,74,80
S00154062,86,51,37
S00154063,83,38,45
S00154064,88,49,39
S00154065,151,83,68
S00154066,88,46,42
S00154067,76,36,44
S00154068,87,44,43
S00154069,89,51,42
S00154070,196,110,91
S00154071,166,82,84
S00154072,91,46,45
S00154073,100,47,49
S00154074,95,55,37
S00154075,75,33,37
S00154076,64,30,34
S00154077,106,59,47
S00154078,123,66,57
S00154079,105,56,45
S00154080,139,69,66
S00154081,170,101,67
S00154082,151,71,80
S00154083,77,34,41
S00154084,139,74,67
S00154085,96,46,50
S00154086,73,32,38
S00154087,119,65,58
S00154088,156,76,83
S00154089,103,56,47
S00154090,166,88,78
S00154091,226,120,106
S00154092,163,90,72
S00154093,116,64,52
S00154094,134,69,65
S00154095,74,35,36
S00154096,97,45,52
S00154097,168,86,82
S00154098,141,66,83
S00154099,130,67,63
S00154100,74,33,41
S00154101,83,37,43
S00154102,80,42,38
S00154103,100,53,48
S00154104,98,52,43
S00154105,88,49,39
S00154106,109,58,52
S00154107,145,63,86
S00154108,68,35,33
S00154109,125,68,54
S00154110,176,96,80
S00154111,91,45,43
S00154112,142,70,72
S00154113,67,34,33
S00154114,124,60,64
S00154115,105,48,57
S00154116,145,62,83
S00154117,74,38,36
S00154118,63,37,28
S00154119,88,42,46
S00154120,106,52,55
S00154121,132,68,61
S00154122,117,59,61
S00154123,106,52,54
S00154124,109,49,57
S00154125,67,31,36
S00154126,83,44,40
S00154127,60,32,30
S00154128,136,64,72
S00154129,87,43,44
S00154130,64,36,28
S00154131,139,68,71
S00154132,174,92,79
S00154133,152,76,76
S00154134,163,92,75
S00154135,83,46,41
S00154136,148,76,68
S00154137,168,89,79
S00154138,124,65,55
S00154139,170,90,80
S00154140,118,53,65
S00154141,197,99,92
S00154142,113,66,44
S00154143,84,44,43
S00154144,123,63,65
S00154145,105,53,52
S00154146,174,93,81
S00154147,152,77,71
S00154148,127,65,63
S00154149,140,67,73
S00154150,154,70,84
S00154151,80,45,36
S00154152,156,80,79
S00154153,60,35,25
S00154154,118,61,57
S00154155,84,42,42
S00154156,111,55,56
S00154157,69,42,31
S00154158,70,31,39
S00154159,62,36,26
S00154160,110,52,59
S00154161,123,63,64
S00154162,98,53,49
S00154163,79,40,39
S00154164,96,51,45
S00154165,170,85,85
S00154166,78,43,38
S00154167,120,60,62
S00154168,170,83,83
S00154169,81,39,42
S00154170,164,80,81
S00154171,121,59,56
S00154172,90,45,50
S00154173,102,47,55
S00154174,99,55,41
S00154175,98,46,48
S00154176,108,56,55
S00154177,88,48,40
S00154178,131,72,59
S00154179,119,64,55
S00154180,95,53,42
S00154181,91,43,48
S00154182,124,59,65
S00154183,77,42,35
S00154184,131,68,63
S00154185,118,64,54
S00154186,126,68,58
S00154187,76,41,35
S00154188,150,85,62
S00154189,87,35,50
S00154190,71,37,34
S00154191,99,46,50
S00154192,94,40,54
S00154193,76,40,32
S00154194,69,37,32
S00154195,94,51,40
S00154196,65,36,29
S00154197,74,38,36
S00154198,154,71,84
S00154199,99,47,51
S00154200,81,46,33
S00154201,144,80,64
S00154202,71,43,31
S00154203,62,36,26
S00154204,70,43,30
S00154205,128,69,55
S00154206,94,49,48
S00154207,133,73,56
S00154208,78,44,34
S00154209,155,79,79
S00154210,139,72,65
S00154211,90,46,44
S00154212,99,52,47
S00154213,111,54,58
S00154214,81,46,35
S00154215,138,69,65
S00154216,60,32,25
S00154217,196,93,101
S00154218,213,114,99
S00154219,93,46,47
S00154220,103,58,45
S00154221,84,36,45
S00154222,102,44,58
S00154223,78,43,35
S00154224,120,60,60
S00154225,112,60,52
S00154226,146,75,71
S00154227,193,98,95
S00154228,112,61,51
S00154229,106,59,44
S00154230,97,54,47
S00154231,126,70,55
S00154232,72,41,31
S00154233,106,56,53
S00154234,143,74,65
S00154235,84,52,32
S00154236,120,59,60
S00154237,109,55,51
S00154238,118,60,54
S00154239,133,73,60
S00154240,140,72,67
S00154241,134,66,68
S00154242,136,75,61
S00154243,74,40,33
S00154244,83,49,36
S00154245,90,48,42
S00154246,94,52,43
S00154247,120,56,64
S00154248,157,82,72
S00154249,66,37,29
S00154250,123,71,54
S00154251,81,41,40
S00154252,157,93,68
S00154253,81,44,35
S00154254,87,49,40
S00154255,67,36,31
S00154256,144,66,75
S00154257,86,43,43
S00154258,100,50,47
S00154259,67,31,33
S00154260,104,60,44
S00154261,103,46,57
S00154262,168,79,89
S00154263,72,33,35
S00154264,118,52,66
S00154265,104,47,57
S00154266,80,52,32
S00154267,117,53,64
S00154268,85,43,42
S00154269,149,84,62
S00154270,145,80,62
S00154271,158,73,85
S00154272,124,67,57
S00154273,78,42,39
S00154274,95,52,43
S00154275,150,77,72
S00154276,84,55,29
S00154277,106,49,58
S00154278,178,95,85
S00154279,106,53,57
S00154280,88,41,47
S00154281,68,38,31
S00154282,218,113,103
S00154283,126,60,67
S00154284,111,51,60
S00154285,159,75,83
S00154286,87,47,44
S00154287,118,59,59
S00154288,86,38,48
S00154289,124,64,60
S00154290,89,49,40
S00154291,121,63,61
S00154292,116,67,56
S00154293,150,69,77
S00154294,151,75,80
S00154295,119,60,59
S00154296,151,81,70
S00154297,87,38,48
S00154298,114,55,59
S00154299,137,63,74
S00154300,97,44,53
S00154301,127,63,64
S00154302,159,83,78
S00154303,109,65,44
S00154304,81,45,36
S00154305,93,47,46
S00154306,102,51,51
S00154307,88,49,39
S00154308,137,65,72
S00154309,119,59,60
S00154310,120,67,56
S00154311,165,86,79
S00154312,69,33,33
S00154313,179,86,93
S00154314,107,60,47
S00154315,65,37,28
S00154316,102,55,47
S00154317,96,51,42
S00154318,75,40,35
S00154319,85,44,41
S00154320,90,48,42
S00154321,77,41,38
S00154322,183,92,91
S00154323,127,60,67
S00154324,73,31,39
S00154325,143,76,67
S00154326,98,45,53
S00154327,92,45,47
S00154328,170,87,83
S00154329,84,42,42
S00154330,164,80,84
S00154331,96,50,50
S00154332,115,62,53
S00154333,99,49,50
S00154334,175,101,74
S00154335,82,46,38
S00154336,96,56,44
S00154337,86,48,35
S00154338,126,65,61
S00154339,80,43,37
S00154340,107,48,55
S00154341,165,82,80
S00154342,67,33,34
S00154343,67,34,33
S00154344,81,39,42
S00154345,101,60,45
S00154346,84,50,34
S00154347,127,64,63
S00154348,190,90,100
S00154349,137,78,54
S00154350,95,46,49
S00154351,109,53,56
S00154352,89,46,43
S00154353,88,50,41
S00154354,116,43,68
S00154355,143,75,68
S00154356,125,61,64
S00154357,149,75,74
S00154358,100,48,52
S00154359,91,49,42
S00154360,94,50,47
S00154361,83,45,38
S00154362,113,54,59
S00154363,74,37,41
S00154364,122,64,57
S00154365,89,41,48
S00154366,83,39,47
S00154367,67,38,29
S00154368,84,47,37
S00154369,115,65,50
S00154370,116,61,55
S00154371,106,55,51
S00154372,118,65,57
S00154373,90,45,43
S00154374,93,45,48
S00154375,76,41,35
S00154376,157,96,61
S00154377,74,41,36
S00154378,216,118,98
S00154379,105,57,48
S00154380,175,88,87
S00154381,122,57,65
S00154382,101,56,45
S00154383,101,55,46
S00154384,119,62,57
S00154385,105,46,58
S00154386,79,46,33
S00154387,126,71,55
S00154388,180,88,91
S00154389,130,70,61
S00154390,109,58,51
S00154391,92,55,37
S00154392,70,33,37
S00154393,168,84,84
S00154394,145,77,67
S00154395,69,42,27
S00154396,101,49,49
S00154397,68,30,38
S00154398,97,46,51
S00154399,108,44,57
S00154400,138,69,69
S00154401,91,40,51
S00154402,71,34,33
S00154403,105,60,44
S00154404,88,48,40
S00154405,83,42,41
S00154406,63,33,34
S00154407,88,41,47
S00154408,159,81,78
S00154409,91,49,42
S00154410,102,52,50
S00154411,67,34,33
S00154412,113,51,60
S00154413,62,43,23
S00154414,118,60,58
S00154415,112,55,57
S00154416,103,54,53
S00154417,136,67,70
S00154418,117,46,71
S00154419,153,68,82
S00154420,141,71,71
S00154421,76,44,29
S00154422,161,95,68
S00154423,110,46,64
S00154424,139,85,52
S00154425,102,55,47
S00154426,126,64,62
S00154427,63,35,28
S00154428,107,47,60
S00154429,90,39,51
S00154430,185,102,83
S00154431,80,41,41
S00154432,135,71,64
S00154433,138,68,74
S00154434,156,75,81
S00154435,107,54,53
S00154436,112,55,57
S00154437,65,31,34
S00154438,71,37,34
S00154439,133,74,59
S00154440,88,47,41
S00154441,61,30,31
S00154442,107,51,53
S00154443,133,76,57
S00154444,165,92,73
S00154445,67,34,33
S00154446,105,55,52
S00154447,103,51,48
S00154448,93,48,47
S00154449,121,63,62
S00154450,104,55,52
S00154451,145,79,73
S00154452,130,69,61
S00154453,67,34,33
S00154454,85,43,42
S00154455,70,33,35
S00154456,168,74,93
S00154457,78,39,43
S00154458,142,82,60
S00154459,104,61,43
S00154460,144,78,62
S00154461,119,64,55
S00154462,97,49,48
S00154463,188,116,76
S00154464,89,51,36
S00154465,129,56,76
S00154466,72,41,31
S00154467,115,56,59
S00154468,114,63,51
S00154469,91,41,50
S00154470,101,57,44
S00154471,168,105,63
S00154472,124,69,58
S00154473,76,35,41
S00154474,137,67,67
S00154475,175,85,90
S00154476,88,47,41
S00154477,171,97,74
S00154478,87,44,43
S00154479,91,51,42
S00154480,136,61,82
S00154481,129,64,65
S00154482,110,61,48
S00154483,101,52,49
S00154484,119,66,53
S00154485,161,78,79
S00154486,84,40,44
S00154487,136,79,57
S00154488,137,71,66
S00154489,245,141,104
S00154490,83,43,40
S00154491,123,70,53
S00154492,116,67,49
S00154493,87,49,38
S00154494,203,110,94
S00154495,138,77,60
S00154496,95,50,43
S00154497,124,71,58
S00154498,114,59,55
S00154499,83,43,40
S00154500,88,45,43
S00154501,74,38,36
S00154502,130,72,54
S00154503,126,71,55
S00154504,87,41,45
S00154505,104,57,44
S00154506,174,87,87
S00154507,87,42,45
S00154508,114,61,51
S00154509,96,34,62
S00154510,104,48,56
S00154511,99,57,45
S00154512,133,71,62
S00154513,82,37,45
S00154514,137,61,72
S00154515,153,82,71
S00154516,122,63,59
S00154517,95,53,45
S00154518,178,85,93
S00154519,116,59,57
S00154520,111,57,54
S00154521,113,61,52
S00154522,75,36,39
S00154523,106,56,50
S00154524,118,55,63
S00154525,122,66,55
S00154526,130,51,80
S00154527,69,34,35
S00154528,137,70,67
S00154529,135,68,70
S00154530,141,72,69
S00154531,111,54,57
S00154532,63,34,29
S00154533,126,61,63
S00154534,141,74,70
S00154535,94,49,41
S00154536,98,43,52
S00154537,103,49,54
S00154538,83,50,37
S00154539,131,67,64
S00154540,73,38,35
S00154541,113,50,62
S00154542,130,74,55
S00154543,79,35,44
S00154544,82,48,34
S00154545,88,41,45
S00154546,95,50,48
S00154547,122,67,57
S00154548,182,92,90
S00154549,85,54,35
S00154550,116,73,43
S00154551,105,53,51
S00154552,105,57,48
S00154553,89,44,45
S00154554,93,48,45
S00154555,109,56,53
S00154556,120,49,71
S00154557,168,83,85
S00154558,89,48,41
S00154559,100,44,56
S00154560,138,66,75
S00154561,104,58,46
S00154562,115,61,50
S00154563,160,94,70
S00154564,140,75,65
S00154565,102,54,47
S00154566,138,75,63
S00154567,88,49,39
S00154568,123,59,63
S00154569,144,77,67
S00154570,74,36,38
S00154571,79,47,33
S00154572,95,47,45
S00154573,73,37,36
S00154574,225,109,116
S00154575,77,46,31
S00154576,156,77,76
S00154577,125,68,57
S00154578,114,61,53
S00154579,167,81,86
S00154580,89,44,45
S00154581,112,56,56
S00154582,154,78,76
S00154583,101,51,50
S00154584,83,49,38
S00154585,94,40,52
S00154586,143,66,77
S00154587,125,68,57
S00154588,178,84,94
S00154589,130,73,55
S00154590,90,35,55
S00154591,136,68,71
S00154592,94,46,48
S00154593,75,26,49
S00154594,97,53,42
S00154595,133,73,60
S00154596,76,39,37
S00154597,87,43,44
S00154598,76,49,31
S00154599,91,52,39
S00154600,78,38,43
S00154601,157,74,83
S00154602,96,49,47
S00154603,122,53,69
S00154604,145,74,75
S00154605,117,60,60
S00154606,137,74,62
S00154607,162,90,72
S00154608,146,77,69
S00154609,117,55,61
S00154610,80,43,37
S00154611,149,81,67
S00154612,126,76,54
S00154613,76,40,36
S00154614,148,84,64
S00154615,106,51,55
S00154616,124,70,54
S00154617,109,59,49
S00154618,68,38,30
S00154619,95,50,48
S00154620,124,68,56
S00154621,133,69,64
S00154622,91,49,38
S00154623,101,49,52
S00154624,157,83,74
S00154625,141,70,71
S00154626,204,108,96
S00154627,152,78,74
S00154628,124,66,58
S00154629,106,57,49
S00154630,88,50,38
S00154631,67,36,31
S00154632,154,82,72
S00154633,99,46,53
S00154634,173,99,72
S00154635,69,35,34
S00154636,63,29,34
S00154637,143,86,57
S00154638,71,40,31
S00154639,88,43,45
S00154640,84,37,47
S00154641,79,36,42
S00154642,111,58,53
S00154643,81,37,44
S00154644,70,33,40
S00154645,74,34,40
S00154646,123,48,69
S00154647,129,57,71
S00154648,86,38,48
S00154649,85,47,38
S00154650,147,77,70
S00154651,165,81,84
S00154652,162,75,87
S00154653,78,35,43
S00154654,93,48,45
S00154655,84,40,44
S00154656,90,45,44
S00154657,74,37,37
S00154658,125,63,62
S00154659,88,50,38
S00154660,119,59,60
S00154661,172,87,85
S00154662,87,42,46
S00154663,134,77,57
S00154664,72,42,34
S00154665,67,36,31
S00154666,97,60,43
S00154667,131,78,55
S00154668,205,99,106
S00154669,90,47,43
S00154670,176,100,72
S00154671,87,48,40
S00154672,102,54,48
S00154673,80,53,27
S00154674,111,61,51
S00154675,126,70,53
S00154676,185,91,94
S00154677,112,58,54
S00154678,89,44,44
S00154679,138,67,71
S00154680,96,45,51
S00154681,129,61,68
S00154682,97,52,45
S00154683,120,58,58
S00154684,109,53,56
S00154685,185,93,92
S00154686,155,80,75
S00154687,159,81,78
S00154688,99,51,51
S00154689,179,85,91
S00154690,146,79,67
S00154691,88,48,38
S00154692,160,80,80
S00154693,105,53,52
S00154694,104,53,48
S00154695,101,54,47
S00154696,136,70,64
S00154697,148,80,68
S00154698,120,69,51
S00154699,117,62,52
S00154700,92,50,41
S00154701,151,67,84
S00154702,65,32,33
S00154703,103,51,52
S00154704,101,47,54
S00154705,76,42,34
S00154706,158,71,82
S00154707,129,59,67
S00154708,93,50,43
S00154709,111,62,46
S00154710,92,44,47
S00154711,102,56,46
S00154712,112,62,47
S00154713,87,45,38
S00154714,74,35,38
S00154715,139,69,68
S00154716,107,44,63
S00154717,108,61,47
S00154718,117,66,48
S00154719,128,70,58
S00154720,87,47,40
S00154721,109,54,55
S00154722,114,59,55
S00154723,73,45,28
S00154724,101,59,44
S00154725,101,49,53
S00154726,183,92,90
S00154727,89,50,39
S00154728,110,53,53
S00154729,108,57,51
S00154730,132,52,79
S00154731,122,56,66
S00154732,157,87,73
S00154733,152,82,70
S00154734,97,57,40
S00154735,74,44,30
S00154736,83,36,48
S00154737,142,60,82
S00154738,110,58,50
S00154739,101,54,47
S00154740,170,82,88
S00154741,64,36,28
S00154742,111,58,53
S00154743,85,46,39
S00154744,75,33,42
S00154745,123,64,59
S00154746,90,49,42
S00154747,126,55,67
S00154748,120,66,54
S00154749,170,90,80
S00154750,70,38,32
S00154751,93,48,48
S00154752,107,51,52
S00154753,120,58,62
S00154754,152,75,77
S00154755,192,99,93
S00154756,101,55,49
S00154757,148,89,60
S00154758,136,62,76
S00154759,80,36,40
S00154760,79,48,31
S00154761,148,89,58
S00154762,130,66,64
S00154763,114,64,53
S00154764,93,47,50
S00154765,109,53,53
S00154766,127,61,63
S00154767,91,56,33
S00154768,65,35,34
S00154769,172,89,83
S00154770,91,48,40
S00154771,77,39,38
S00154772,73,29,45
S00154773,126,64,56
S00154774,77,46,31
S00154775,103,48,55
S00154776,94,57,41
S00154777,113,62,51
S00154778,148,72,68
S00154779,78,22,52
S00154780,121,62,59
S00154781,62,44,21
S00154782,121,63,58
S00154783,70,29,41
S00154784,137,76,61
S00154785,109,58,51
S00154786,96,50,43
S00154787,58,32,30
S00154788,67,31,33
S00154789,98,49,49
S00154790,84,41,43
S00154791,82,44,38
S00154792,175,95,80
S00154793,103,54,49
S00154794,131,72,62
S00154795,142,61,81
S00154796,99,43,56
S00154797,112,63,45
S00154798,78,38,38
S00154799,136,68,68
S00154800,84,40,44
S00154801,111,53,58
S00154802,67,37,30
S00154803,178,95,83
S00154804,141,68,73
S00154805,173,87,86
S00154806,81,45,36
S00154807,121,74,47
S00154808,113,59,54
S00154809,118,58,60
S00154810,145,83,62
S00154811,81,42,39
S00154812,103,50,53
S00154813,138,71,67
S00154814,120,60,60
S00154815,82,38,44
S00154816,74,45,29
S00154817,99,51,49
S00154818,67,37,28
S00154819,74,38,36
S00154820,95,48,43
S00154821,136,74,62
S00154822,72,38,34
S00154823,134,81,55
S00154824,251,129,124
S00154825,77,43,32
S00154826,150,68,78
S00154827,98,47,48
S00154828,91,45,46
S00154829,120,56,63
S00154830,128,62,66
S00154831,184,101,79
S00154832,90,41,48
S00154833,73,35,39
S00154834,185,100,87
S00154835,137,66,71
S00154836,74,36,38
S00154837,70,38,36
S00154838,107,60,51
S00154839,138,73,67
S00154840,127,65,62
S00154841,119,61,58
S00154842,144,76,68
S00154843,137,67,70
S00154844,123,65,58
S00154845,92,49,43
S00154846,101,52,49
S00154847,136,71,65
S00154848,123,56,67
S00154849,149,75,73
S00154850,195,101,90
S00154851,72,39,33
S00154852,108,60,48
S00154853,97,45,52
S00154854,89,47,42
S00154855,81,37,46
S00154856,97,47,50
S00154857,104,54,50
S00154858,116,48,65
S00154859,90,46,44
S00154860,129,64,65
S00154861,122,60,62
S00154862,139,64,75
S00154863,94,50,44
S00154864,94,50,46
S00154865,95,56,40
S00154866,85,37,48
S00154867,72,39,33
S00154868,132,69,63
S00154869,135,79,56
S00154870,109,47,62
S00154871,86,48,42
S00154872,182,96,86
S00154873,89,52,37
S00154874,143,68,71
S00154875,89,50,39
S00154876,62,31,31
S00154877,182,114,67
S00154878,167,85,82
S00154879,73,43,34
S00154880,131,75,56
S00154881,170,92,78
S00154882,93,39,53
S00154883,128,68,56
S00154884,151,75,76
S00154885,101,52,46
S00154886,97,46,51
S00154887,81,45,36
S00154888,161,84,77
S00154889,106,53,48
S00154890,133,74,62
S00154891,69,34,35
S00154892,99,53,46
S00154893,106,62,44
S00154894,92,48,44
S00154895,140,71,65
S00154896,131,77,54
S00154897,89,45,50
S00154898,79,36,35
S00154899,153,69,84
S00154900,81,37,45
S00154901,82,40,42
S00154902,75,37,38
S00154903,128,72,61
S00154904,89,49,40
S00154905,80,38,42
S00154906,94,47,47
S00154907,84,52,32
S00154908,129,64,65
S00154909,131,59,75
S00154910,115,64,52
S00154911,178,83,97
S00154912,138,74,64
S00154913,150,67,83
S00154914,140,76,66
S00154915,73,39,34
S00154916,247,135,106
S00154917,100,50,50
S00154918,124,55,69
S00154919,131,72,60
S00154920,66,32,31
S00154921,87,42,44
S00154922,62,32,30
S00154923,115,67,52
S00154924,82,40,46
S00154925,195,103,92
S00154926,106,64,42
S00154927,135,71,67
S00154928,132,65,67
S00154929,202,111,92
S00154930,120,65,55
S00154931,86,43,44
S00154932,67,38,31
S00154933,70,35,39
S00154934,122,62,60
S00154935,148,73,75
S00154936,107,52,52
S00154937,126,64,61
S00154938,117,59,58
S00154939,150,78,72
S00154940,156,84,72
S00154941,125,71,57
S00154942,92,55,39
S00154943,111,60,51
S00154944,81,53,31
S00154945,84,45,41
S00154946,74,38,36
S00154947,92,55,37
S00154948,114,56,58
S00154949,75,38,39
S00154950,122,61,61
S00154951,160,83,77
S00154952,68,34,34
S00154953,126,56,71
S00154954,64,32,32
S00154955,130,63,67
S00154956,119,61,58
S00154957,129,66,63
S00154958,88,51,37
S00154959,121,69,52
S00154960,127,75,52
S00154961,107,65,40
S00154962,84,52,36
S00154963,90,50,40
S00154964,101,55,43
S00154965,120,67,56
S00154966,101,50,48
S00154967,73,46,27
S00154968,162,82,78
S00154969,184,88,96
S00154970,64,35,29
S00154971,121,66,54
S00154972,70,43,27
S00154973,71,34,37
S00154974,145,80,65
S00154975,101,41,60
S00154976,147,72,79
S00154977,96,48,48
S00154978,108,52,56
S00154979,93,48,45
S00154980,89,46,46
S00154981,155,69,86
S00154982,132,79,54
S00154983,74,36,35
S00154984,60,32,28
S00154985,85,46,38
S00154986,120,59,61
S00154987,109,60,49
S00154988,109,57,52
S00154989,98,58,40
S00154990,95,45,50
S00154991,171,98,71
S00154992,98,41,59
S00154993,180,102,78
S00154994,131,64,67
S00154995,172,86,86
S00154996,130,73,63
S00154997,120,62,58
S00154998,103,56,43
S00154999,147,73,72
S00155000,163,90,77
S00155001,66,33,33
S00155002,109,46,63
S00155003,142,73,69
S00155004,124,67,54
S00155005,96,47,49
S00155006,110,58,52
S00155007,125,64,61
S00155008,288,139,149
S00155009,72,42,27
S00155010,93,41,52
S00155011,199,95,100
S00155012,128,67,61
S00155013,67,38,29
S00155014,88,46,42
S00155015,96,51,45
S00155016,87,46,42
S00155017,96,56,44
S00155018,171,82,91
S00155019,107,52,55
S00155020,108,49,63
S00155021,192,106,86
S00155022,160,82,78
S00155023,118,61,51
S00155024,178,85,93
S00155025,73,38,35
S00155026,178,85,93
S00155027,105,60,45
S00155028,140,67,76
S00155029,79,43,36
S00155030,180,86,94
S00155031,132,71,64
S00155032,155,83,72
S00155033,158,81,77
S00155034,126,66,60
S00155035,95,51,46
S00155036,133,73,62
S00155037,165,81,84
S00155038,137,77,63
S00155039,220,98,117
S00155040,109,56,53
S00155041,146,69,77
S00155042,105,52,50
S00155043,122,61,61
S00155044,79,45,34
S00155045,71,38,33
S00155046,192,99,96
S00155047,169,87,82
S00155048,94,47,46
S00155049,125,69,56
S00155050,146,75,71
S00155051,115,58,56
S00155052,113,59,58
S00155053,183,104,83
S00155054,212,111,104
S00155055,128,66,59
S00155056,81,42,39
S00155057,78,47,31
S00155058,127,68,59
S00155059,125,76,53
S00155060,180,89,88
S00155061,77,38,42
S00155062,118,58,60
S00155063,90,46,44
S00155064,147,74,73
S00155065,87,46,41
S00155066,94,47,47
S00155067,115,59,56
S00155068,134,66,68
S00155069,103,49,54
S00155070,79,37,42
S00155071,172,92,80
S00155072,105,51,57
S00155073,76,38,38
S00155074,98,50,48
S00155075,115,56,59
S00155076,111,56,56
S00155077,203,106,97
S00155078,116,67,49
S00155079,60,27,29
S00155080,138,71,66
S00155081,162,81,78
S00155082,101,49,52
S00155083,123,59,64
S00155084,62,30,35
S00155085,77,40,37
S00155086,120,61,59
S00155087,276,137,139
S00155088,100,51,48
S00155089,117,55,62
S00155090,175,87,88
S00155091,63,28,35
S00155092,192,102,83
S00155093,168,93,75
S00155094,117,61,55
S00155095,148,75,71
S00155096,116,57,59
S00155097,126,60,58
S00155098,112,57,57
S00155099,175,92,85
S00155100,189,110,79
S00155101,181,101,80
S00155102,117,55,60
S00155103,125,63,62
S00155104,139,67,72
S00155105,92,50,46
S00155106,95,43,52
S00155107,91,47,44
S00155108,140,63,77
S00155109,118,52,70
S00155110,77,30,43
S00155111,91,43,47
S00155112,157,77,80
S00155113,71,31,40
S00155114,134,71,63
S00155115,101,53,48
S00155116,156,86,70
S00155117,90,40,54
S00155118,125,67,58
S00155119,182,88,94
S00155120,114,58,55
S00155121,197,100,97
S00155122,134,66,71
S00155123,110,59,51
S00155124,108,53,55
S00155125,130,67,60
S00155126,96,44,50
S00155127,113,62,51
S00155128,95,52,43
S00155129,144,73,67
S00155130,72,35,37
S00155131,76,37,39
S00155132,129,67,62
S00155133,112,55,57
S00155134,98,51,42
S00155135,131,66,67
S00155136,244,115,125
S00155137,102,47,53
S00155138,137,63,74
S00155139,118,78,40
S00155140,166,95,75
S00155141,111,57,54
S00155142,121,57,64
S00155143,162,87,75
S00155144,99,49,50
S00155145,87,48,43
S00155146,99,58,41
S00155147,116,54,62
S00155148,85,49,34
S00155149,128,65,63
S00155150,86,50,39
S00155151,127,78,52
S00155152,129,69,60
S00155153,99,53,46
S00155154,74,40,31
S00155155,77,38,39
S00155156,104,54,50
S00155157,73,43,30
S00155158,98,55,48
S00155159,75,43,32
S00155160,98,51,50
S00155161,147,78,69
S00155162,108,63,45
S00155163,82,40,42
S00155164,94,48,46
S00155165,71,31,40
S00155166,76,46,30
S00155167,148,68,80
S00155168,110,51,59
S00155169,104,51,53
S00155170,121,63,58
S00155171,172,88,81
S00155172,110,51,59
S00155173,108,51,53
S00155174,112,49,63
S00155175,66,37,29
S00155176,76,43,33
S00155177,91,51,40
S00155178,61,34,27
S00155179,122,67,55
S00155180,91,37,49
S00155181,82,48,42
S00155182,74,46,28
S00155183,62,39,23
S00155184,93,53,40
S00155185,167,90,77
S00155186,78,36,42
S00155187,129,76,53
S00155188,106,55,47
S00155189,71,29,42
S00155190,74,42,32
S00155191,101,56,42
S00155192,86,42,44
S00155193,104,50,54
S00155194,136,68,68
S00155195,81,47,38
S00155196,88,53,36
S00155197,61,31,30
S00155198,119,58,61
S00155199,137,76,61
S00155200,101,53,52
S00155201,115,58,57
S00155202,108,60,52
S00155203,68,29,32
S00155204,108,52,56
S00155205,107,57,49
S00155206,94,50,44
S00155207,154,84,69
S00155208,161,82,79
S00155209,86,48,42
S00155210,133,67,66
S00155211,104,53,51
S00155212,106,48,58
S00155213,126,69,57
S00155214,114,63,51
S00155215,153,74,76
S00155216,116,60,56
S00155217,100,51,49
S00155218,131,60,71
S00155219,115,63,52
S00155220,83,39,45
S00155221,64,29,35
S00155222,82,42,40
S00155223,135,62,73
S00155224,117,71,49
S00155225,108,59,49
S00155226,141,68,76
S00155227,110,54,56
S00155228,160,80,83
S00155229,161,78,85
S00155230,67,38,28
S00155231,122,61,58
S00155232,74,38,36
S00155233,100,48,52
S00155234,88,44,44
S00155235,130,65,61
S00155236,92,53,41
S00155237,105,56,48
S00155238,58,31,29
S00155239,157,84,76
S00155240,190,109,81
S00155241,103,53,53
S00155242,124,62,63
S00155243,132,66,68
S00155244,111,51,60
S00155245,111,61,50
S00155246,118,66,55
S00155247,97,52,45
S00155248,80,35,42
S00155249,131,68,63
S00155250,156,76,80
S00155251,91,48,43
S00155252,66,35,34
S00155253,202,98,104
S00155254,123,61,60
S00155255,86,42,44
S00155256,89,46,43
S00155257,106,64,41
S00155258,74,32,42
S00155259,157,91,70
S00155260,93,44,45
S00155261,100,51,49
S00155262,127,70,57
S00155263,89,41,48
S00155264,90,50,38
S00155265,107,61,46
S00155266,114,63,51
S00155267,79,38,42
S00155268,174,94,81
S00155269,159,77,82
S00155270,146,73,73
S00155271,97,44,49
S00155272,91,46,45
S00155273,197,109,88
S00155274,102,51,49
S00155275,148,76,72
S00155276,138,78,60
S00155277,111,62,49
S00155278,126,67,59
S00155279,96,48,45
S00155280,116,54,58
S00155281,106,53,56
S00155282,85,44,41
S00155283,88,43,45
S00155284,107,60,45
S00155285,158,81,77
S00155286,122,67,55
S00155287,129,64,65
S00155288,104,47,57
S00155289,78,46,32
S00155290,134,67,67
S00155291,110,65,45
S00155292,118,62,56
S00155293,121,63,57
S00155294,163,90,76
S00155295,157,76,81
S00155296,180,95,79
S00155297,168,87,81
S00155298,73,34,43
S00155299,79,39,40
S00155300,75,44,31
S00155301,134,65,69
S00155302,76,40,36
S00155303,75,32,43
S00155304,88,49,39
S00155305,71,29,39
S00155306,133,73,56
S00155307,138,68,70
S00155308,66,25,38
S00155309,111,54,57
S00155310,117,56,61
S00155311,87,43,44
S00155312,101,50,53
S00155313,108,55,56
S00155314,152,85,65
S00155315,62,28,35
S00155316,129,61,68
S00155317,88,44,45
S00155318,214,129,85
S00155319,94,46,48
S00155320,81,38,39
S00155321,124,54,66
S00155322,100,48,49
S00155323,106,56,55
S00155324,138,68,70
S00155325,74,41,35
S00155326,95,45,47
S00155327,124,57,67
S00155328,123,74,53
S00155329,135,70,67
S00155330,95,54,45
S00155331,97,54,43
S00155332,66,35,31
S00155333,147,65,82
S00155334,131,73,58
S00155335,94,45,49
S00155336,185,93,92
S00155337,121,56,63
S00155338,104,53,51
S00155339,90,52,38
S00155340,161,74,86
S00155341,75,47,26
S00155342,82,46,34
S00155343,141,78,63
S00155344,142,73,69
S00155345,109,51,58
S00155346,86,51,37
S00155347,106,54,52
S00155348,141,68,70
S00155349,75,39,37
S00155350,145,80,65
S00155351,131,60,71
S00155352,123,62,57
S00155353,149,60,89
S00155354,62,32,33
S00155355,102,54,48
S00155356,130,62,68
S00155357,85,42,43
S00155358,88,46,42
S00155359,122,71,51
S00155360,76,35,41
S00155361,183,93,97
S00155362,82,40,42
S00155363,62,33,29
S00155364,179,95,85
S00155365,101,50,51
S00155366,161,76,85
S00155367,86,43,40
S00155368,103,55,47
S00155369,121,64,54
S00155370,71,43,28
S00155371,138,71,70
S00155372,115,62,53
S00155373,141,78,61
S00155374,89,51,41
S00155375,129,72,59
S00155376,71,30,41
S00155377,78,32,47
S00155378,104,50,54
S00155379,83,44,36
S00155380,117,56,61
S00155381,70,32,38
S00155382,110,57,46
S00155383,91,52,39
S00155384,111,59,52
S00155385,74,35,39
S00155386,151,88,63
S00155387,87,48,38
S00155388,117,65,48
S00155389,69,35,30
S00155390,101,55,46
S00155391,98,46,45
S00155392,62,33,28
S00155393,103,54,49
S00155394,69,37,32
S00155395,193,92,101
S00155396,70,32,38
S00155397,126,61,65
S00155398,113,59,53
S00155399,141,59,82
S00155400,164,87,77
S00155401,161,74,87
S00155402,97,48,49
S00155403,60,28,32
S00155404,143,67,76
S00155405,120,56,66
S00155406,125,70,55
S00155407,110,51,59
S00155408,177,77,98
S00155409,74,40,34
S00155410,91,41,52
S00155411,149,72,78
S00155412,85,48,36
S00155413,112,63,49
S00155414,79,42,37
S00155415,147,76,71
S00155416,114,64,46
S00155417,91,43,43
S00155418,155,87,68
S00155419,98,53,45
S00155420,75,37,35
S00155421,167,84,83
S00155422,121,53,69
S00155423,66,27,39
S00155424,137,67,70
S00155425,96,52,50
S00155426,112,51,61
S00155427,168,97,71
S00155428,75,42,36
S00155429,81,27,54
S00155430,149,80,69
S00155431,124,58,70
S00155432,87,41,46
S00155433,122,67,55
S00155434,70,30,40
S00155435,72,31,37
S00155436,101,57,44
S00155437,73,42,28
S00155438,167,88,79
S00155439,155,82,73
S00155440,151,80,73
S00155441,175,91,80
S00155442,106,52,54
S00155443,77,43,34
S00155444,112,53,59
S00155445,90,52,38
S00155446,205,109,97
S00155447,136,73,61
S00155448,209,114,95
S00155449,77,33,44
S00155450,217,97,120
S00155451,96,53,43
S00155452,106,54,52
S00155453,70,34,36
S00155454,115,60,56
S00155455,92,50,42
S00155456,116,55,61
S00155457,99,45,54
S00155458,108,52,56
S00155459,67,35,32
S00155460,87,47,40
S00155461,70,39,31
S00155462,144,71,73
S00155463,102,57,45
S00155464,98,47,51
S00155465,126,60,66
S00155466,110,58,52
S00155467,140,78,62
S00155468,72,42,33
S00155469,135,74,61
S00155470,207,100,106
S00155471,130,77,57
S00155472,137,68,69
S00155473,87,47,40
S00155474,181,85,93
S00155475,99,45,54
S00155476,101,49,52
S00155477,73,35,37
S00155478,60,29,33
S00155479,65,40,22
S00155480,130,58,68
S00155481,109,57,52
S00155482,181,87,94
S00155483,173,92,81
S00155484,164,92,72
S00155485,80,40,42
S00155486,155,73,79
S00155487,136,72,64
S00155488,83,43,37
S00155489,126,65,64
S00155490,87,48,39
S00155491,130,68,62
S00155492,140,68,72
S00155493,83,44,39
S00155494,145,67,73
S00155495,107,50,57
S00155496,97,44,53
S00155497,91,46,45
S00155498,84,36,48
S00155499,123,60,64
S00155500,71,31,40
S00155501,117,62,59
S00155502,98,51,47
S00155503,109,59,50
S00155504,145,76,69
S00155505,149,71,78
S00155506,95,53,46
S00155507,90,35,54
S00155508,99,52,49
S00155509,111,49,61
S00155510,139,76,67
S00155511,123,63,64
S00155512,77,41,37
S00155513,120,54,66
S00155514,102,54,48
S00155515,169,91,78
S00155516,123,65,61
S00155517,119,63,58
S00155518,65,36,29
S00155519,81,42,40
S00155520,81,42,38
S00155521,68,35,33
S00155522,137,66,71
S00155523,79,44,35
S00155524,101,60,43
S00155525,242,122,116
S00155526,147,73,74
S00155527,90,45,47
S00155528,85,44,41
S00155529,87,39,48
S00155530,127,78,49
S00155531,88,46,42
S00155532,70,40,31
S00155533,115,62,53
S00155534,157,80,77
S00155535,86,49,39
S00155536,131,62,73
S00155537,100,50,50
S00155538,141,83,61
S00155539,115,60,55
S00155540,81,36,44
S00155541,92,54,36
S00155542,117,55,59
S00155543,104,55,53
S00155544,99,45,55
S00155545,136,71,65
S00155546,96,46,46
S00155547,153,77,80
S00155548,121,63,58
S00155549,61,24,40
S00155550,102,48,54
S00155551,158,81,77
S00155552,63,35,28
S00155553,106,54,55
S00155554,79,41,37
S00155555,170,95,75
S00155556,129,65,64
S00155557,101,51,50
S00155558,175,97,78
S00155559,193,93,100
S00155560,172,101,71
S00155561,66,36,30
S00155562,82,36,46
S00155563,108,59,49
S00155564,71,37,34
S00155565,77,32,45
S00155566,76,40,36
S00155567,110,49,62
S00155568,145,70,72
S00155569,95,50,45
S00155570,111,51,57
S00155571,174,92,82
S00155572,77,43,34
S00155573,76,39,45
S00155574,81,39,45
S00155575,162,96,66
S00155576,164,78,86
S00155577,76,36,40
S00155578,166,88,78
S00155579,85,42,43
S00155580,110,63,51
S00155581,102,47,56
S00155582,86,44,41
S00155583,101,55,46
S00155584,91,55,36
S00155585,89,48,41
S00155586,190,108,82
S00155587,82,39,43
S00155588,62,30,28
S00155589,104,47,57
S00155590,80,43,37
S00155591,122,59,63
S00155592,114,65,49
S00155593,156,76,80
S00155594,152,80,71
S00155595,76,37,39
S00155596,88,43,45
S00155597,65,43,23
S00155598,172,92,75
S00155599,103,55,48
S00155600,101,51,50
S00155601,159,72,86
S00155602,84,41,42
S00155603,147,77,70
S00155604,100,48,52
S00155605,122,65,60
S00155606,90,48,42
S00155607,101,54,47
S00155608,77,38,39
S00155609,106,51,55
S00155610,73,43,35
S00155611,119,57,62
S00155612,73,45,28
S00155613,95,47,48
S00155614,75,36,35
S00155615,75,39,36
S00155616,81,44,39
S00155617,93,50,43
S00155618,70,34,36
S00155619,84,38,46
S00155620,94,54,40
S00155621,86,49,37
S00155622,149,74,75
S00155623,67,38,29
S00155624,69,32,37
S00155625,105,58,47
S00155626,110,47,63
S00155627,106,56,50
S00155628,136,62,74
S00155629,129,51,75
S00155630,78,39,39
S00155631,120,56,60
S00155632,136,66,70
S00155633,140,67,73
S00155634,75,43,32
S00155635,69,36,33
S00155636,118,57,61
S00155637,138,72,66
S00155638,68,35,36
S00155639,175,92,83
S00155640,111,61,44
S00155641,70,34,33
S00155642,64,36,28
S00155643,117,62,53
S00155644,76,35,38
S00155645,111,59,50
S00155646,86,51,35
S00155647,142,68,74
S00155648,96,65,31
S00155649,131,62,69
S00155650,97,52,44
S00155651,177,99,77
S00155652,170,94,76
S00155653,63,35,28
S00155654,71,36,35
S00155655,196,101,95
S00155656,136,67,69
S00155657,123,60,61
S00155658,104,47,53
S00155659,122,60,68
S00155660,215,122,95
S00155661,131,69,62
S00155662,107,57,52
S00155663,81,42,39
S00155664,95,54,41
S00155665,98,50,48
S00155666,146,80,66
S00155667,95,50,45
S00155668,126,62,64
S00155669,127,65,62
S00155670,129,61,68
S00155671,96,48,44
S00155672,102,54,48
S00155673,107,59,48
S00155674,147,75,68
S00155675,98,48,50
S00155676,106,58,48
S00155677,120,61,62
S00155678,140,77,60
S00155679,142,77,65
S00155680,171,84,84
S00155681,64,41,23
S00155682,74,39,37
S00155683,82,40,45
S00155684,73,39,31
S00155685,179,86,96
S00155686,76,39,37
S00155687,104,51,53
S00155688,66,35,31
S00155689,72,27,42
S00155690,145,77,72
S00155691,62,28,34
S00155692,65,37,31
S00155693,93,53,41
S00155694,102,51,51
S00155695,129,67,62
S00155696,101,55,49
S00155697,69,36,33
S00155698,135,68,71
S00155699,86,45,41
S00155700,101,34,67
S00155701,77,37,38
S00155702,72,34,38
S00155703,70,33,37
S00155704,161,83,78
S00155705,103,51,48
S00155706,111,60,51
S00155707,83,45,38
S00155708,114,60,54
S00155709,130,67,63
S00155710,112,57,55
S00155711,137,66,71
S00155712,91,45,46
S00155713,78,35,43
S00155714,62,33,29
S00155715,122,57,67
S00155716,121,65,56
S00155717,198,99,101
S00155718,138,61,75
S00155719,121,60,61
S00155720,139,74,65
S00155721,75,42,33
S00155722,93,48,44
S00155723,141,72,69
S00155724,117,54,63
S00155725,162,93,73
S00155726,68,36,32
S00155727,134,74,60
S00155728,133,61,69
S00155729,79,37,43
S00155730,120,70,50
S00155731,100,57,43
S00155732,109,59,45
S00155733,70,34,36
S00155734,208,110,96
S00155735,56,29,31
S00155736,118,60,57
S00155737,69,38,29
S00155738,139,60,79
S00155739,91,43,48
S00155740,84,44,40
S00155741,93,43,50
S00155742,115,63,52
S00155743,99,55,44
S00155744,151,78,72
S00155745,114,58,56
S00155746,115,50,65
S00155747,63,37,26
S00155748,111,59,52
S00155749,125,78,47
S00155750,164,81,87
S00155751,95,48,47
S00155752,73,36,39
S00155753,107,60,51
S00155754,208,109,99
S00155755,149,79,69
S00155756,83,41,42
S00155757,132,65,67
S00155758,73,39,32
S00155759,146,79,67
S00155760,60,41,16
S00155761,133,67,66
S00155762,132,66,66
S00155763,97,50,47
S00155764,88,48,40
S00155765,126,66,60
S00155766,91,49,48
S00155767,79,44,35
S00155768,95,52,41
S00155769,172,91,82
S00155770,174,95,79
S00155771,95,60,35
S00155772,113,57,56
S00155773,164,81,82
S00155774,175,86,89
S00155775,84,42,42
S00155776,155,83,72
S00155777,254,121,132
S00155778,106,56,50
S00155779,122,55,69
S00155780,183,89,94
S00155781,168,86,82
S00155782,151,73,78
S00155783,77,41,36
S00155784,141,89,52
S00155785,132,67,62
S00155786,114,67,47
S00155787,137,70,67
S00155788,155,77,78
S00155789,108,52,56
S00155790,130,64,66
S00155791,167,86,85
S00155792,95,45,50
S00155793,102,58,44
S00155794,148,69,76
S00155795,155,78,79
S00155796,121,66,58
S00155797,110,64,46
S00155798,93,48,49
S00155799,110,56,54
S00155800,156,81,74
S00155801,67,39,26
S00155802,79,39,37
S00155803,186,92,94
S00155804,93,47,46
S00155805,171,89,85
S00155806,120,73,47
S00155807,124,68,56
S00155808,145,77,68
S00155809,126,54,71
S00155810,147,70,74
S00155811,69,35,34
S00155812,105,56,49
S00155813,87,44,43
S00155814,132,67,65
S00155815,70,32,39
S00155816,117,59,58
S00155817,175,96,81
S00155818,187,94,91
S00155819,172,76,93
S00155820,139,72,66
S00155821,95,45,45
S00155822,127,68,59
S00155823,210,111,102
S00155824,186,95,91
S00155825,179,92,87
S00155826,159,87,72
S00155827,79,39,40
S00155828,77,41,34
S00155829,119,66,53
S00155830,109,57,52
S00155831,204,98,106
S00155832,138,72,66
S00155833,156,76,80
S00155834,181,110,72
S00155835,169,80,85
S00155836,63,32,30
S00155837,87,39,46
S00155838,108,55,53
S00155839,103,57,50
S00155840,74,42,32
S00155841,144,76,68
S00155842,97,57,40
S00155843,157,81,76
S00155844,119,58,61
S00155845,85,44,38
S00155846,98,54,44
S00155847,125,68,53
S00155848,160,93,67
S00155849,183,84,99
S00155850,92,46,46
S00155851,123,60,63
S00155852,100,49,51
S00155853,184,91,93
S00155854,68,35,33
S00155855,65,34,27
S00155856,93,52,38
S00155857,128,68,63
S00155858,131,67,64
S00155859,174,85,89
S00155860,70,33,37
S00155861,109,65,44
S00155862,155,74,81
S00155863,160,80,80
S00155864,198,97,105
S00155865,93,43,51
S00155866,142,69,73
S00155867,202,98,104
S00155868,78,46,35
S00155869,152,84,68
S00155870,87,43,41
S00155871,182,91,90
S00155872,133,63,72
S00155873,122,71,51
S00155874,107,61,46
S00155875,136,68,68
S00155876,216,115,99
S00155877,71,52,19
S00155878,145,86,59
S00155879,89,38,51
S00155880,119,63,56
S00155881,136,71,67
S00155882,152,82,70
S00155883,102,56,46
S00155884,101,54,46
S00155885,115,61,54
S00155886,133,64,65
S00155887,134,65,69
S00155888,60,29,31
S00155889,125,69,56
S00155890,193,107,89
S00155891,98,45,53
S00155892,83,41,42
S00155893,133,63,70
S00155894,88,51,41
S00155895,104,58,49
S00155896,137,82,57
S00155897,75,49,26
S00155898,124,61,63
S00155899,76,36,44
S00155900,112,56,64
S00155901,113,61,52
S00155902,113,60,49
S00155903,159,85,70
S00155904,76,44,32
S00155905,79,42,37
S00155906,168,91,77
S00155907,79,45,36
S00155908,111,59,52
S00155909,95,48,49
S00155910,80,46,36
S00155911,119,67,52
S00155912,85,45,40
S00155913,122,59,63
S00155914,123,70,53
S00155915,116,66,48
S00155916,103,44,56
S00155917,80,39,41
S00155918,103,59,44
S00155919,87,39,46
S00155920,170,91,77
S00155921,129,70,59
S00155922,72,33,42
S00155923,143,73,68
S00155924,90,50,39
S00155925,70,33,40
S00155926,94,51,43
S00155927,81,41,36
S00155928,66,29,37
S00155929,65,27,42
S00155930,109,52,55
S00155931,81,35,48
S00155932,118,65,53
S00155933,109,61,48
S00155934,114,55,59
S00155935,106,49,55
S00155936,99,43,56
S00155937,103,56,47
S00155938,123,64,59
S00155939,81,40,41
S00155940,69,47,22
S00155941,93,49,44
S00155942,113,65,46
S00155943,96,47,49
S00155944,152,73,79
S00155945,114,55,59
S00155946,86,42,44
S00155947,97,47,54
S00155948,91,40,51
S00155949,106,54,57
S00155950,98,52,46
S00155951,116,65,51
S00155952,69,34,32
S00155953,139,78,61
S00155954,80,29,51
S00155955,109,56,53
S00155956,123,60,63
S00155957,154,78,76
S00155958,115,65,50
S00155959,89,52,37
S00155960,155,78,77
S00155961,72,35,37
S00155962,120,61,57
S00155963,94,50,43
S00155964,119,67,52
S00155965,228,125,110
S00155966,105,61,44
S00155967,140,70,67
S00155968,166,92,74
S00155969,139,66,71
S00155970,148,77,71
S00155971,97,44,51
S00155972,95,57,38
S00155973,99,51,46
S00155974,112,58,51
S00155975,94,49,47
S00155976,102,51,51
S00155977,127,55,72
S00155978,157,81,73
S00155979,75,36,39
S00155980,124,62,62
S00155981,73,34,39
S00155982,196,104,92
S00155983,109,57,52
S00155984,80,44,37
S00155985,92,49,43
S00155986,169,81,88
S00155987,223,106,117
S00155988,161,81,78
S00155989,71,31,40
S00155990,138,74,64
S00155991,168,77,88
S00155992,130,63,67
S00155993,121,54,67
S00155994,141,75,66
S00155995,156,83,72
S00155996,156,69,87
S00155997,88,45,43
S00155998,164,78,86
S00155999,105,50,55
S00156000,144,71,73
S00156001,160,88,72
S00156002,77,41,38
S00156003,77,45,29
S00156004,62,37,25
S00156005,75,37,38
S00156006,98,47,51
S00156007,86,31,55
S00156008,212,111,104
S00156009,204,104,99
S00156010,75,40,35
S00156011,123,59,67
S00156012,98,45,53
S00156013,102,43,57
S00156014,100,51,49
S00156015,80,43,37
S00156016,114,58,56
S00156017,263,131,132
S00156018,113,62,51
S00156019,99,50,49
S00156020,119,68,51
S00156021,120,50,70
S00156022,86,40,50
S00156023,140,73,67
S00156024,97,36,57
S00156025,77,45,32
S00156026,155,82,76
S00156027,104,55,49
S00156028,84,47,37
S00156029,94,50,44
S00156030,105,57,49
S00156031,148,68,78
S00156032,124,58,66
S00156033,177,78,95
S00156034,107,49,58
S00156035,120,51,65
S00156036,80,41,39
S00156037,166,87,80
S00156038,109,53,54
S00156039,97,47,50
S00156040,105,51,58
S00156041,74,45,29
S00156042,104,58,46
S00156043,119,59,60
S00156044,83,33,50
S00156045,143,74,71
S00156046,87,58,29
S00156047,229,113,116
S00156048,82,43,39
S00156049,111,55,56
S00156050,162,75,87
S00156051,68,31,34
S00156052,86,44,42
S00156053,121,61,57
S00156054,138,76,62
S00156055,169,86,83
S00156056,89,42,45
S00156057,112,66,48
S00156058,230,114,116
S00156059,129,71,56
S00156060,131,66,65
S00156061,115,61,54
S00156062,219,105,110
S00156063,97,42,52
S00156064,125,71,55
S00156065,143,72,71
S00156066,143,81,62
S00156067,136,64,67
S00156068,125,65,61
S00156069,103,52,51
S00156070,65,35,30
S00156071,115,59,56
S00156072,79,46,33
S00156073,103,50,52
S00156074,158,84,75
S00156075,94,49,41
S00156076,102,59,47
S00156077,185,88,100
S00156078,161,78,78
S00156079,153,82,71
S00156080,156,77,83
S00156081,99,56,42
S00156082,115,49,69
S00156083,201,111,94
S00156084,127,67,60
S00156085,113,59,54
S00156086,134,52,82
S00156087,85,47,38
S00156088,112,54,55
S00156089,144,80,64
S00156090,168,92,76
S00156091,107,51,56
S00156092,141,66,72
S00156093,122,57,65
S00156094,117,57,61
S00156095,146,71,75
S00156096,78,32,46
S00156097,168,86,82
S00156098,96,47,48
S00156099,72,34,38
S00156100,120,62,58
S00156101,181,91,90
S00156102,94,47,47
S00156103,64,36,28
S00156104,122,55,67
S00156105,140,67,71
S00156106,83,40,43
S00156107,164,78,86
S00156108,58,34,28
S00156109,105,60,44
S00156110,160,80,81
S00156111,110,52,58
S00156112,74,34,37
S00156113,78,32,43
S00156114,112,54,58
S00156115,66,35,31
S00156116,121,68,53
S00156117,87,48,39
S00156118,128,71,59
S00156119,61,31,30
S00156120,84,48,36
S00156121,60,31,26
S00156122,139,68,71
S00156123,128,63,67
S00156124,148,72,73
S00156125,99,45,54
S00156126,206,102,104
S00156127,123,60,61
S00156128,162,84,78
S00156129,131,63,68
S00156130,83,46,38
S00156131,113,50,63
S00156132,110,61,49
S00156133,77,38,36
S00156134,112,58,54
S00156135,120,57,65
S00156136,114,53,61
S00156137,113,61,51
S00156138,124,58,63
S00156139,130,70,60
S00156140,122,57,68
S00156141,63,35,28
S00156142,159,82,75
S00156143,111,44,66
S00156144,186,100,86
S00156145,124,58,66
S00156146,146,79,67
S00156147,74,41,33
S00156148,100,47,53
S00156149,112,51,61
S00156150,100,51,49
S00156151,164,79,85
S00156152,161,76,85
S00156153,176,99,77
S00156154,89,47,42
S00156155,85,44,40
S00156156,118,67,52
S00156157,88,46,42
S00156158,90,51,40
S00156159,78,29,45
S00156160,80,47,38
S00156161,165,87,78
S00156162,114,56,58
S00156163,143,61,82
S00156164,113,58,55
S00156165,102,50,56
S00156166,105,53,52
S00156167,220,113,107
S00156168,152,82,62
S00156169,100,54,46
S00156170,119,60,59
S00156171,125,67,55
S00156172,128,64,64
S00156173,101,64,40
S00156174,195,100,95
S00156175,65,32,33
S00156176,111,59,52
S00156177,95,54,41
S00156178,68,33,35
S00156179,160,78,82
S00156180,138,64,73
S00156181,105,63,43
S00156182,132,67,65
S00156183,96,54,42
S00156184,158,77,79
S00156185,154,76,78
S00156186,83,46,33
S00156187,127,68,59
S00156188,101,47,54
S00156189,160,81,79
S00156190,106,58,48
S00156191,93,38,55
S00156192,129,63,66
S00156193,118,63,55
S00156194,98,50,47
S00156195,83,45,38
S00156196,75,37,42
S00156197,95,47,48
S00156198,142,80,62
S00156199,116,62,54
S00156200,63,30,33
S00156201,142,74,68
S00156202,108,62,46
S00156203,174,83,91
S00156204,134,69,65
S00156205,197,96,102
S00156206,98,49,49
S00156207,109,55,54
S00156208,153,79,74
S00156209,132,67,63
S00156210,116,64,55
S00156211,104,45,57
S00156212,138,73,65
S00156213,108,58,49
S00156214,61,29,32
S00156215,87,49,39
S00156216,110,56,61
S00156217,100,36,64
S00156218,89,45,44
S00156219,104,51,53
S00156220,119,55,61
S00156221,110,56,52
S00156222,132,72,60
S00156223,105,50,54
S00156224,169,88,81
S00156225,129,70,57
S00156226,115,60,55
S00156227,109,54,55
S00156228,191,96,92
S00156229,88,43,42
S00156230,87,47,40
S00156231,76,41,35
S00156232,98,45,55
S00156233,85,43,42
S00156234,173,89,84
S00156235,72,38,34
S00156236,113,64,49
S00156237,85,47,38
S00156238,132,68,60
S00156239,84,44,44
S00156240,137,77,60
S00156241,130,63,67
S00156242,98,44,54
S00156243,124,62,65
S00156244,65,30,35
S00156245,100,56,44
S00156246,73,40,33
S00156247,142,63,82
S00156248,120,69,51
S00156249,224,108,115
S00156250,72,35,37
S00156251,99,50,45
S00156252,92,47,48
S00156253,135,73,62
S00156254,123,68,55
S00156255,68,38,30
S00156256,100,55,45
S00156257,102,56,46
S00156258,135,66,66
S00156259,102,49,53
S00156260,82,44,38
S00156261,70,41,25
S00156262,119,57,62
S00156263,153,91,62
S00156264,103,56,49
S00156265,88,43,45
S00156266,156,66,90
S00156267,105,59,43
S00156268,90,50,40
S00156269,88,42,46
S00156270,133,65,64
S00156271,72,34,38
S00156272,111,57,55
S00156273,92,42,50
S00156274,133,67,64
S00156275,128,65,59
S00156276,85,43,38
S00156277,87,42,41
S00156278,86,48,38
S00156279,120,68,52
S00156280,122,54,67
S00156281,137,77,60
S00156282,97,43,54
S00156283,183,89,94
S00156284,161,84,79
S00156285,72,47,28
S00156286,128,63,65
S00156287,81,43,38
S00156288,101,53,48
S00156289,84,42,42
S00156290,147,62,85
S00156291,167,86,81
S00156292,81,45,35
S00156293,77,44,34
S00156294,181,95,83
S00156295,95,46,49
S00156296,103,56,47
S00156297,123,59,58
S00156298,127,66,66
S00156299,117,71,46
S00156300,162,83,77
S00156301,157,70,87
S00156302,115,62,53
S00156303,97,45,49
S00156304,172,86,86
S00156305,87,35,52
S00156306,76,37,39
S00156307,152,84,68
S00156308,226,115,112
S00156309,117,57,57
S00156310,165,84,78
S00156311,85,55,32
S00156312,95,46,49
S00156313,73,40,32
S00156314,72,33,39
S00156315,183,105,80
S00156316,101,57,44
S00156317,199,101,98
S00156318,112,54,58
S00156319,91,41,50
S00156320,138,84,55
S00156321,87,50,37
S00156322,192,102,90
S00156323,146,71,75
S00156324,63,34,29
S00156325,202,102,101
S00156326,101,55,49
S00156327,270,135,135
S00156328,138,67,68
S00156329,79,35,44
S00156330,239,124,115
S00156331,79,39,40
S00156332,102,58,44
S00156333,116,60,52
S00156334,77,45,30
S00156335,103,52,51
S00156336,67,35,32
S00156337,107,52,51
S00156338,163,95,68
S00156339,79,40,39
S00156340,98,56,42
S00156341,247,123,124
S00156342,249,131,118
S00156343,187,93,94
S00156344,104,56,47
S00156345,157,81,76
S00156346,152,75,78
S00156347,113,58,52
S00156348,184,95,89
S00156349,86,43,43
S00156350,142,80,62
S00156351,154,67,87
S00156352,122,65,55
S00156353,104,49,52
S00156354,105,54,51
S00156355,123,66,57
S00156356,110,61,49
S00156357,103,50,53
S00156358,157,80,77
S00156359,196,95,101
S00156360,171,84,91
S00156361,174,90,84
S00156362,113,66,50
S00156363,177,93,84
S00156364,136,72,63
S00156365,92,50,39
S00156366,91,47,44
S00156367,120,61,55
S00156368,108,54,55
S00156369,106,54,52
S00156370,163,89,75
S00156371,156,73,79
S00156372,131,72,57
S00156373,187,89,100
S00156374,149,71,78
S00156375,67,31,36
S00156376,138,67,64
S00156377,147,76,71
S00156378,93,49,44
S00156379,160,79,81
S00156380,92,57,39
S00156381,91,44,47
S00156382,106,58,45
S00156383,84,39,45
S00156384,157,73,84
S00156385,88,42,46
S00156386,113,66,47
S00156387,152,78,76
S00156388,76,40,36
S00156389,69,31,39
S00156390,161,90,71
S00156391,179,92,87
S00156392,151,80,71
S00156393,186,94,92
S00156394,188,95,93
S00156395,119,63,57
S00156396,85,42,43
S00156397,103,49,54
S00156398,71,34,37
S00156399,126,56,70
S00156400,112,58,54
S00156401,143,78,64
S00156402,125,61,66
S00156403,150,77,73
S00156404,100,35,64
S00156405,104,59,46
S00156406,107,53,54
S00156407,205,132,81
S00156408,143,75,68
S00156409,78,35,43
S00156410,99,45,54
S00156411,95,37,58
S00156412,219,112,107
S00156413,118,65,55
S00156414,170,88,85
S00156415,131,73,58
S00156416,78,34,44
S00156417,95,47,48
S00156418,255,129,126
S00156419,90,39,52
S00156420,117,51,70
S00156421,159,89,68
S00156422,186,100,86
S00156423,151,71,82
S00156424,126,73,53
S00156425,167,85,82
S00156426,133,67,66
S00156427,144,80,71
S00156428,93,39,52
S00156429,163,84,79
S00156430,214,102,112
S00156431,139,73,66
S00156432,167,77,93
S00156433,69,34,35
S00156434,142,66,76
S00156435,79,38,37
S00156436,130,61,69
S00156437,162,84,78
S00156438,149,74,75
S00156439,155,82,74
S00156440,97,50,47
S00156441,122,62,56
S00156442,63,32,31
S00156443,218,106,112
S00156444,84,47,37
S00156445,96,48,48
S00156446,96,52,43
S00156447,65,34,35
S00156448,118,60,58
S00156449,192,103,93
S00156450,97,55,39
S00156451,235,125,112
S00156452,177,89,88
S00156453,156,76,80
S00156454,180,84,94
S00156455,118,64,57
S00156456,129,72,57
S00156457,89,39,50
S00156458,140,61,80
S00156459,138,61,79
S00156460,101,56,45
S00156461,237,119,119
S00156462,85,47,38
S00156463,168,84,84
S00156464,157,86,74
S00156465,145,78,62
S00156466,130,63,67
S00156467,135,65,70
S00156468,101,58,43
S00156469,135,68,67
S00156470,74,40,38
S00156471,84,39,45
S00156472,98,52,46
S00156473,107,46,58
S00156474,183,91,94
S00156475,126,66,59
S00156476,129,73,59
S00156477,82,41,41
S00156478,136,69,61
S00156479,75,38,37
S00156480,130,68,62
S00156481,122,65,57
S00156482,84,41,43
S00156483,130,68,62
S00156484,108,55,55
S00156485,112,54,61
S00156486,114,57,53
S00156487,93,45,48
S00156488,84,47,37
S00156489,144,79,65
S00156490,153,85,72
S00156491,100,56,44
S00156492,67,35,32
S00156493,117,65,51
S00156494,128,68,60
S00156495,139,67,72
S00156496,117,58,59
S00156497,182,97,85
S00156498,110,54,56
S00156499,237,114,123
S00156500,159,83,76
S00156501,151,77,75
S00156502,65,33,32
S00156503,99,54,42
S00156504,82,41,41
S00156505,147,64,83
S00156506,146,69,77
S00156507,90,45,45
S00156508,151,80,68
S00156509,134,71,60
S00156510,129,64,65
S00156511,146,71,75
S00156512,110,55,55
S00156513,107,57,50
S00156514,84,48,40
S00156515,76,41,36
S00156516,130,67,63
S00156517,133,61,71
S00156518,75,40,33
S00156519,99,50,49
S00156520,77,37,40
S00156521,105,57,48
S00156522,91,47,44
S00156523,148,84,67
S00156524,115,59,56
S00156525,80,45,35
S00156526,134,72,62
S00156527,127,64,63
S00156528,65,32,33
S00156529,64,36,28
S00156530,90,50,41
S00156531,130,62,68
S00156532,64,36,32
S00156533,114,58,56
S00156534,97,47,49
S00156535,98,56,42
S00156536,200,92,108
S00156537,143,65,75
S00156538,165,89,76
S00156539,115,63,52
S00156540,123,67,56
S00156541,87,37,51
S00156542,108,52,52
S00156543,134,71,62
S00156544,120,56,64
S00156545,86,45,41
S00156546,166,98,68
S00156547,104,52,48
S00156548,97,45,49
S00156549,62,35,29
S00156550,100,54,46
S00156551,97,56,41
S00156552,99,49,50
S00156553,128,69,56
S00156554,132,70,62
S00156555,66,37,29
S00156556,68,31,37
S00156557,126,71,58
S00156558,134,59,75
S00156559,166,85,81
S00156560,107,56,51
S00156561,170,89,81
S00156562,119,58,61
S00156563,93,50,43
S00156564,138,65,73
S00156565,119,65,54
S00156566,232,75,157
S00156567,138,75,59
S00156568,152,82,70
S00156569,104,56,47
S00156570,97,50,47
S00156571,81,48,31
S00156572,100,49,51
S00156573,134,73,60
S00156574,61,31,31
S00156575,101,53,50
S00156576,130,69,61
S00156577,72,36,36
S00156578,87,46,42
S00156579,84,41,43
S00156580,83,42,39
S00156581,60,29,31
S00156582,96,46,42
S00156583,111,60,51
S00156584,156,82,74
S00156585,137,69,68
S00156586,130,68,64
S00156587,92,51,41
S00156588,123,61,58
S00156589,69,30,38
S00156590,117,58,55
S00156591,111,53,58
S00156592,102,48,57
S00156593,156,85,71
S00156594,66,37,29
S00156595,106,53,53
S00156596,138,70,68
S00156597,178,85,93
S00156598,105,62,43
S00156599,100,53,47
S00156600,83,38,44
S00156601,90,44,47
S00156602,75,35,40
S00156603,96,48,45
S00156604,108,59,53
S00156605,221,110,113
S00156606,138,72,66
S00156607,126,63,65
S00156608,106,60,46
S00156609,138,71,67
S00156610,118,63,59
S00156611,143,73,71
S00156612,236,118,118
S00156613,126,63,61
S00156614,85,47,35
S00156615,112,53,59
S00156616,134,71,67
S00156617,68,32,36
S00156618,139,76,63
S00156619,142,76,69
S00156620,123,62,57
S00156621,81,40,43
S00156622,121,60,61
S00156623,174,89,85
S00156624,112,52,60
S00156625,77,42,33
S00156626,84,43,41
S00156627,98,43,53
S00156628,185,89,100
S00156629,96,49,47
S00156630,82,38,44
S00156631,129,70,58
S00156632,145,77,64
S00156633,111,61,50
S00156634,93,49,44
S00156635,94,43,51
S00156636,114,61,53
S00156637,176,100,77
S00156638,107,63,44
S00156639,210,111,99
S00156640,74,43,34
S00156641,196,106,90
S00156642,116,59,57
S00156643,92,53,43
S00156644,85,42,43
S00156645,129,60,69
S00156646,152,63,87
S00156647,124,63,61
S00156648,165,76,90
S00156649,163,77,87
S00156650,166,85,81
S00156651,86,40,46
S00156652,120,65,55
S00156653,62,28,34
S00156654,67,32,35
S00156655,101,47,51
S00156656,123,63,60
S00156657,196,95,97
S00156658,153,81,72
S00156659,183,107,77
S00156660,84,41,45
S00156661,66,37,29
S00156662,102,46,56
S00156663,164,88,76
S00156664,125,59,66
S00156665,68,30,38
S00156666,90,41,49
S00156667,167,78,89
S00156668,198,93,104
S00156669,191,99,92
S00156670,128,64,60
S00156671,83,38,47
S00156672,86,42,46
S00156673,93,52,41
S00156674,99,48,50
S00156675,126,64,62
S00156676,131,61,70
S00156677,68,28,41
S00156678,96,49,47
S00156679,63,31,29
S00156680,68,30,41
S00156681,104,50,54
S00156682,95,44,51
S00156683,91,43,48
S00156684,134,67,67
S00156685,129,61,68
S00156686,110,58,56
S00156687,74,36,38
S00156688,126,68,62
S00156689,71,39,32
S00156690,102,56,46
S00156691,114,58,56
S00156692,65,37,28
S00156693,80,42,35
S00156694,226,117,109
S00156695,60,39,24
S00156696,135,74,67
S00156697,102,54,48
S00156698,115,54,61
S00156699,74,32,38
S00156700,88,45,43
S00156701,139,72,67
S00156702,100,56,41
S00156703,76,35,40
S00156704,85,48,37
S00156705,156,96,58
S00156706,143,71,72
S00156707,133,71,62
S00156708,144,76,69
S00156709,115,59,53
S00156710,121,54,67
S00156711,114,55,61
S00156712,109,56,53
S00156713,90,48,44
S00156714,148,84,64
S00156715,153,70,83
S00156716,78,42,36
S00156717,135,72,63
S00156718,80,40,40
S00156719,142,74,65
S00156720,70,38,32
S00156721,80,41,35
S00156722,142,72,70
S00156723,106,52,54
S00156724,111,63,48
S00156725,140,72,64
S00156726,195,115,80
S00156727,141,81,60
S00156728,141,73,68
S00156729,208,108,100
S00156730,112,60,49
S00156731,167,80,83
S00156732,188,106,82
S00156733,88,48,40
S00156734,74,38,36
S00156735,156,86,71
S00156736,74,41,25
S00156737,166,87,76
S00156738,97,53,48
S00156739,142,78,64
S00156740,144,75,65
S00156741,74,41,33
S00156742,152,80,71
S00156743,94,54,37
S00156744,120,67,53
S00156745,152,86,66
S00156746,121,69,52
S00156747,120,71,49
S00156748,87,48,35
S00156749,121,68,54
S00156750,158,103,59
S00156751,131,72,59
S00156752,221,115,106
S00156753,86,44,42
S00156754,85,47,38
S00156755,121,73,47
S00156756,66,38,28
S00156757,125,64,62
S00156758,67,36,31
S00156759,145,73,75
S00156760,136,76,58
S00156761,102,44,56
S00156762,88,55,33
S00156763,133,66,67
S00156764,133,80,53
S00156765,198,119,79
S00156766,85,48,37
S00156767,177,100,74
S00156768,112,50,62
S00156769,95,48,45
S00156770,85,53,35
S00156771,67,35,32
S00156772,93,43,50
S00156773,66,35,31
S00156774,82,34,45
S00156775,79,43,35
S00156776,160,92,69
S00156777,129,66,63
S00156778,119,61,58
S00156779,131,77,54
S00156780,145,87,61
S00156781,140,74,66
S00156782,128,71,57
S00156783,123,45,76
S00156784,114,58,56
S00156785,176,104,75
S00156786,99,51,48
S00156787,80,23,58
S00156788,86,46,40
S00156789,184,99,85
S00156790,116,60,56
S00156791,118,59,59
S00156792,64,21,43
S00156793,74,38,36
S00156794,104,50,57
S00156795,125,76,52
S00156796,109,59,50
S00156797,164,81,83
S00156798,66,29,33
S00156799,73,36,37
S00156800,139,75,64
S00156801,77,38,39
S00156802,115,63,52
S00156803,65,32,33
S00156804,107,51,52
S00156805,74,45,32
S00156806,85,48,36
S00156807,67,44,23
S00156808,73,39,34
S00156809,71,43,28
S00156810,147,88,59
S00156811,153,85,68
S00156812,148,85,63
S00156813,70,32,38
S00156814,97,59,38
S00156815,74,36,38
S00156816,109,57,52
S00156817,111,63,48
S00156818,131,67,64
S00156819,93,38,52
S00156820,87,49,38
S00156821,163,82,81
S00156822,150,81,73
S00156823,75,40,32
S00156824,115,61,57
S00156825,293,165,128
S00156826,114,56,58
S00156827,132,67,62
S00156828,100,54,46
S00156829,124,57,67
S00156830,108,60,48
S00156831,183,84,93
S00156832,172,95,77
S00156833,101,43,54
S00156834,112,58,54
S00156835,186,94,92
S00156836,239,127,112
S00156837,182,90,92
S00156838,158,95,63
S00156839,348,178,170
S00156840,116,65,55
S00156841,99,54,49
S00156842,87,44,43
S00156843,130,69,61
S00156844,91,47,44
S00156845,154,79,79
S00156846,155,82,74
S00156847,113,64,49
S00156848,131,63,69
S00156849,121,63,58
S00156850,158,82,76
S00156851,86,41,45
S00156852,86,44,38
S00156853,69,35,37
S00156854,98,48,50
S00156855,87,50,39
S00156856,87,41,46
S00156857,87,38,49
S00156858,114,57,57
S00156859,163,90,73
S00156860,106,57,49
S00156861,102,62,38
S00156862,67,36,32
S00156863,135,74,61
S00156864,137,61,73
S00156865,141,69,69
S00156866,105,52,53
S00156867,76,23,53
S00156868,97,52,45
S00156869,127,77,54
S00156870,133,71,59
S00156871,100,36,68
S00156872,100,55,41
S00156873,62,34,28
S00156874,63,37,26
S00156875,113,57,55
S00156876,160,79,77
S00156877,204,100,104
S00156878,64,26,38
S00156879,119,70,52
S00156880,162,85,77
S00156881,148,78,70
S00156882,99,57,42
S00156883,79,33,46
S00156884,115,65,50
S00156885,112,56,59
S00156886,94,44,50
S00156887,145,78,71
S00156888,112,64,48
S00156889,161,93,65
S00156890,86,55,35
S00156891,63,36,27
S00156892,101,51,50
S00156893,158,86,72
S00156894,141,66,75
S00156895,105,49,56
S00156896,96,55,39
S00156897,137,75,62
S00156898,113,58,57
S00156899,94,48,46
S00156900,195,102,93
S00156901,111,57,53
S00156902,94,49,45
S00156903,106,64,45
S00156904,106,52,54
S00156905,64,29,35
S00156906,126,74,48
S00156907,90,42,46
S00156908,154,88,63
S00156909,77,45,32
S00156910,91,54,41
S00156911,80,47,33
S00156912,93,45,44
S00156913,100,55,45
S00156914,117,71,46
S00156915,125,79,46
S00156916,123,57,66
S00156917,73,36,37
S00156918,85,44,41
S00156919,96,53,43
S00156920,98,47,51
S00156921,157,77,80
S00156922,93,48,43
S00156923,86,47,39
S00156924,67,44,23
S00156925,149,72,77
S00156926,138,78,60
S00156927,105,63,42
S00156928,77,42,35
S00156929,93,46,47
S00156930,78,40,37
S00156931,160,65,93
S00156932,127,65,63
S00156933,99,57,45
S00156934,103,57,46
S00156935,108,53,55
S00156936,136,73,67
S00156937,102,50,52
S00156938,126,66,58
S00156939,87,48,35
S00156940,80,27,50
S00156941,109,43,66
S00156942,102,51,47
S00156943,112,54,58
S00156944,110,66,44
S00156945,78,31,43
S00156946,140,71,68
S00156947,124,67,57
S00156948,100,52,50
S00156949,129,79,51
S00156950,142,80,62
S00156951,123,61,62
S00156952,137,77,60
S00156953,166,82,80
S00156954,95,60,35
S00156955,96,53,44
S00156956,128,70,56
S00156957,88,58,30
S00156958,107,63,44
S00156959,92,41,51
S00156960,132,62,69
S00156961,136,74,62
S00156962,161,80,81
S00156963,70,34,33
S00156964,89,26,63
S00156965,82,45,40
S00156966,145,72,73
S00156967,95,54,41
S00156968,129,66,63
S00156969,96,58,36
S00156970,110,60,49
S00156971,82,35,43
S00156972,167,86,81
S00156973,133,68,64
S00156974,90,55,35
S00156975,81,44,37
S00156976,100,57,42
S00156977,100,54,44
S00156978,123,52,71
S00156979,148,61,87
S00156980,81,46,38
S00156981,119,63,52
S00156982,106,59,48
S00156983,114,47,67
S00156984,79,38,39
S00156985,63,35,28
S00156986,133,68,66
S00156987,151,86,65
S00156988,65,38,30
S00156989,119,65,54
S00156990,116,55,58
S00156991,130,79,48
S00156992,89,50,31
S00156993,87,45,44
S00156994,86,40,46
S00156995,194,107,91
S00156996,111,63,52
S00156997,64,36,28
S00156998,121,56,65
S00156999,99,47,52
S00157000,92,46,46
S00157001,107,49,58
S00157002,117,74,43
S00157003,116,60,53
S00157004,74,35,37
S00157005,78,40,38
S00157006,101,58,46
S00157007,89,44,46
S00157008,129,67,65
S00157009,137,69,68
S00157010,114,68,52
S00157011,124,65,59
S00157012,95,45,50
S00157013,111,55,56
S00157014,163,83,80
S00157015,147,69,78
S00157016,90,56,34
S00157017,90,49,41
S00157018,163,87,75
S00157019,96,51,50
S00157020,84,49,35
S00157021,108,61,47
S00157022,124,71,52
S00157023,72,44,27
S00157024,75,43,28
S00157025,66,39,27
S00157026,93,52,41
S00157027,105,53,52
S00157028,156,69,84
S00157029,133,71,62
S00157030,170,89,81
S00157031,108,54,50
S00157032,98,57,41
S00157033,82,45,37
S00157034,115,58,53
S00157035,157,77,80
S00157036,108,49,57
S00157037,157,89,74
S00157038,93,51,42
S00157039,84,42,41
S00157040,87,34,54
S00157041,170,93,77
S00157042,130,71,59
S00157043,91,47,44
S00157044,93,49,44
S00157045,169,77,92
S00157046,99,48,54
S00157047,148,89,59
S00157048,89,50,33
S00157049,169,82,87
S00157050,78,31,47
S00157051,78,43,35
S00157052,220,114,106
S00157053,256,132,126
S00157054,175,86,92
S00157055,137,82,59
S00157056,71,25,42
S00157057,100,47,53
S00157058,90,53,37
S00157059,106,48,58
S00157060,85,43,46
S00157061,159,79,80
S00157062,80,43,37
S00157063,83,40,43
S00157064,72,35,37
S00157065,108,61,47
S00157066,125,70,55
S00157067,142,70,71
S00157068,79,36,43
S00157069,85,42,43
S00157070,108,58,50
S00157071,87,50,36
S00157072,84,48,36
S00157073,114,58,56
S00157074,183,103,80
S00157075,139,70,67
S00157076,115,67,48
S00157077,134,68,66
S00157078,144,74,69
S00157079,159,88,73
S00157080,108,57,54
S00157081,119,61,58
S00157082,87,40,47
S00157083,64,33,31
S00157084,96,49,43
S00157085,86,48,41
S00157086,87,47,40
S00157087,101,55,46
S00157088,111,58,53
S00157089,134,71,63
S00157090,74,42,32
S00157091,161,86,73
S00157092,67,42,25
S00157093,98,61,41
S00157094,121,66,54
S00157095,138,66,67
S00157096,112,70,41
S00157097,95,52,43
S00157098,82,46,33
S00157099,72,35,34
S00157100,140,69,71
S00157101,112,61,51
S00157102,86,51,35
S00157103,127,64,63
S00157104,150,81,69
S00157105,194,103,91
S00157106,209,95,114
S00157107,153,88,68
S00157108,99,51,48
S00157109,76,41,33
S00157110,194,121,80
S00157111,117,50,63
S00157112,131,66,65
S00157113,114,58,56
S00157114,143,75,68
S00157115,100,49,51
S00157116,156,78,74
S00157117,163,82,82
S00157118,147,78,69
S00157119,91,50,41
S00157120,100,47,53
S00157121,105,59,46
S00157122,179,98,81
S00157123,107,48,59
S00157124,120,62,58
S00157125,139,76,61
S00157126,88,53,34
S00157127,121,66,55
S00157128,104,43,61
S00157129,66,36,30
S00157130,123,67,56
S00157131,110,61,50
S00157132,101,54,50
S00157133,71,42,25
S00157134,93,35,55
S00157135,153,84,69
S00157136,95,42,53
S00157137,101,38,65
S00157138,81,45,36
S00157139,141,66,73
S00157140,171,84,87
S00157141,113,57,56
S00157142,77,32,45
S00157143,106,50,56
S00157144,147,81,66
S00157145,156,83,73
S00157146,148,71,75
S00157147,104,54,50
S00157148,85,52,33
S00157149,75,38,33
S00157150,134,79,57
S00157151,64,28,36
S00157152,112,60,52
S00157153,102,59,43
S00157154,87,46,41
S00157155,146,83,63
S00157156,87,48,39
S00157157,181,93,91
S00157158,103,54,49
S00157159,70,32,38
S00157160,94,47,47
S00157161,144,85,60
S00157162,94,49,46
S00157163,170,87,83
S00157164,130,66,64
S00157165,81,42,39
S00157166,141,74,67
S00157167,238,112,123
S00157168,87,41,46
S00157169,100,59,41
S00157170,134,77,59
S00157171,116,62,54
S00157172,121,60,61
S00157173,118,69,48
S00157174,114,56,61
S00157175,93,52,45
S00157176,172,86,86
S00157177,67,32,39
S00157178,101,55,45
S00157179,132,73,59
S00157180,130,76,54
S00157181,102,53,49
S00157182,138,79,59
S00157183,80,48,32
S00157184,77,42,35
S00157185,93,52,38
S00157186,61,39,22
S00157187,135,81,54
S00157188,134,69,65
S00157189,185,104,81
S00157190,81,41,44
S00157191,131,58,70
S00157192,188,115,71
S00157193,157,79,78
S00157194,98,57,41
S00157195,123,68,54
S00157196,140,62,79
S00157197,119,66,51
S00157198,153,83,67
S00157199,104,47,60
S00157200,62,34,31
S00157201,153,84,69
S00157202,224,118,106
S00157203,70,40,30
S00157204,88,48,40
S00157205,88,45,43
S00157206,61,30,34
S00157207,132,65,67
S00157208,125,58,67
S00157209,92,44,48
S00157210,104,46,58
S00157211,185,88,97
S00157212,90,50,40
S00157213,109,53,53
S00157214,111,51,60
S00157215,93,46,47
S00157216,135,60,68
S00157217,156,84,72
S00157218,104,52,52
S00157219,126,71,55
S00157220,92,53,39
S00157221,102,54,48
S00157222,94,46,48
S00157223,93,48,45
S00157224,78,41,34
S00157225,83,29,54
S00157226,161,89,72
S00157227,70,41,29
S00157228,79,45,31
S00157229,106,56,50
S00157230,124,56,68
S00157231,97,46,51
S00157232,110,64,46
S00157233,167,82,86
S00157234,77,42,35
S00157235,93,47,50
S00157236,148,78,70
S00157237,77,32,45
S00157238,145,79,70
S00157239,104,47,57
S00157240,65,36,29
S00157241,68,37,31
S00157242,117,57,56
S00157243,172,105,63
S00157244,127,64,65
S00157245,204,80,121
S00157246,81,50,31
S00157247,167,72,95
S00157248,94,45,46
S00157249,63,33,30
S00157250,135,65,73
S00157251,81,41,44
S00157252,144,64,76
S00157253,100,54,50
S00157254,145,80,65
S00157255,131,66,65
S00157256,82,42,39
S00157257,187,90,97
S00157258,164,90,70
S00157259,128,71,57
S00157260,154,86,68
S00157261,66,32,34
S00157262,292,147,145
S00157263,124,78,49
S00157264,90,45,44
S00157265,123,63,62
S00157266,161,79,82
S00157267,98,51,47
S00157268,94,47,47
S00157269,161,94,67
S00157270,86,44,42
S00157271,111,59,52
S00157272,102,51,48
S00157273,108,57,55
S00157274,107,63,44
S00157275,87,43,44
S00157276,133,73,60
S00157277,130,70,60
S00157278,95,47,45
S00157279,86,43,43
S00157280,126,58,68
S00157281,73,39,34
S00157282,141,79,66
S00157283,94,39,55
S00157284,83,46,42
S00157285,98,56,46
S00157286,74,31,36
S00157287,121,59,62
S00157288,96,51,45
S00157289,89,42,47
S00157290,122,56,60
S00157291,100,45,55
S00157292,169,89,83
S00157293,68,31,39
S00157294,95,57,36
S00157295,114,55,59
S00157296,162,85,77
S00157297,72,37,35
S00157298,117,53,64
S00157299,85,31,54
S00157300,87,49,38
S00157301,72,36,36
S00157302,78,49,33
S00157303,90,43,50
S00157304,77,28,49
S00157305,73,34,43
S00157306,193,81,112
S00157307,149,77,67
S00157308,138,73,63
S00157309,132,75,57
S00157310,76,36,40
S00157311,122,53,69
S00157312,92,44,48
S00157313,102,54,48
S00157314,68,27,41
S00157315,240,137,103
S00157316,103,50,53
S00157317,130,47,83
S00157318,227,119,105
S00157319,85,51,34
S00157320,166,92,74
S00157321,107,54,49
S00157322,104,61,42
S00157323,131,70,61
S00157324,143,78,68
S00157325,84,49,35
S00157326,86,41,45
S00157327,131,78,53
S00157328,295,150,145
S00157329,169,92,77
S00157330,103,54,49
S00157331,62,34,28
S00157332,73,36,37
S00157333,177,104,70
S00157334,80,31,49
S00157335,111,56,55
S00157336,95,57,39
S00157337,144,77,67
S00157338,113,60,53
S00157339,74,36,41
S00157340,104,56,48
S00157341,70,40,30
S00157342,99,54,45
S00157343,129,63,66
S00157344,89,40,46
S00157345,105,53,48
S00157346,145,78,65
S00157347,160,79,78
S00157348,111,67,44
S00157349,110,60,50
S00157350,118,65,57
S00157351,140,77,63
S00157352,115,54,61
S00157353,106,49,56
S00157354,160,97,63
S00157355,89,44,46
S00157356,83,37,46
S00157357,75,45,30
S00157358,82,47,35
S00157359,112,57,55
S00157360,132,78,54
S00157361,99,41,58
S00157362,135,77,58
S00157363,83,40,45
S00157364,107,63,46
S00157365,99,53,50
S00157366,188,93,95
S00157367,108,55,53
S00157368,87,46,41
S00157369,164,76,88
S00157370,130,63,69
S00157371,96,51,45
S00157372,79,44,32
S00157373,164,89,75
S00157374,133,71,64
S00157375,73,40,35
S00157376,90,32,54
S00157377,146,69,77
S00157378,109,56,53
S00157379,142,66,72
S00157380,107,59,48
S00157381,149,77,75
S00157382,81,31,50
S00157383,109,58,51
S00157384,85,45,40
S00157385,150,86,64
S00157386,133,67,65
S00157387,151,77,74
S00157388,102,55,47
S00157389,67,31,36
S00157390,186,98,88
S00157391,101,44,53
S00157392,87,39,48
S00157393,63,35,28
S00157394,67,31,33
S00157395,71,31,36
S00157396,125,64,64
S00157397,141,74,71
S00157398,196,107,89
S00157399,91,47,44
S00157400,88,45,43
S00157401,151,76,75
S00157402,94,46,46
S00157403,65,39,26
S00157404,137,61,75
S00157405,90,46,44
S00157406,91,45,46
S00157407,63,30,31
S00157408,113,63,53
S00157409,71,35,32
S00157410,97,49,45
S00157411,128,63,62
S00157412,109,53,60
S00157413,108,62,50
S00157414,94,49,45
S00157415,114,70,44
S00157416,86,45,38
S00157417,106,55,50
S00157418,122,55,67
S00157419,138,75,63
S00157420,71,36,35
S00157421,127,59,72
S00157422,104,54,50
S00157423,119,61,60
S00157424,76,38,41
S00157425,130,68,62
S00157426,67,35,32
S00157427,130,69,61
S00157428,129,67,62
S00157429,111,44,64
S00157430,114,59,55
S00157431,193,102,91
S00157432,109,67,43
S00157433,207,111,96
S00157434,151,83,68
S00157435,111,50,61
S00157436,97,45,45
S00157437,93,44,49
S00157438,93,45,44
S00157439,161,76,85
S00157440,107,59,51
S00157441,91,54,37
S00157442,68,33,35
S00157443,108,50,55
S00157444,125,69,56
S00157445,91,54,37
S00157446,125,64,61
S00157447,126,75,49
S00157448,93,52,41
S00157449,176,82,94
S00157450,67,37,30
S00157451,66,34,32
S00157452,200,99,101
S00157453,124,53,75
S00157454,132,67,63
S00157455,122,62,59
S00157456,108,61,47
S00157457,127,63,61
S00157458,102,57,45
S00157459,108,65,47
S00157460,100,51,49
S00157461,146,84,62
S00157462,103,52,51
S00157463,118,62,56
S00157464,111,59,52
S00157465,147,71,76
S00157466,122,66,56
S00157467,141,80,61
S00157468,81,43,34
S00157469,74,49,25
S00157470,175,86,89
S00157471,70,45,25
S00157472,124,67,56
S00157473,76,41,35
S00157474,65,35,34
S00157475,88,42,42
S00157476,188,101,87
S00157477,125,52,69
S00157478,101,58,43
S00157479,104,43,59
S00157480,148,79,69
S00157481,115,59,56
S00157482,84,47,37
S00157483,109,56,51
S00157484,88,43,41
S00157485,60,35,25
S00157486,136,71,68
S00157487,104,47,57
S00157488,126,60,68
S00157489,149,59,90
S00157490,141,68,73
S00157491,83,38,46
S00157492,161,86,75
S00157493,87,45,42
S00157494,84,53,31
S00157495,67,43,24
S00157496,80,41,39
S00157497,206,133,73
S00157498,170,88,79
S00157499,87,49,40
S00157500,69,37,36
S00157501,186,90,96
S00157502,116,57,59
S00157503,123,56,67
S00157504,132,73,59
S00157505,108,51,57
S00157506,97,55,43
S00157507,104,49,52
S00157508,87,39,49
S00157509,104,52,52
S00157510,87,48,38
S00157511,125,64,59
S00157512,90,36,54
S00157513,131,69,60
S00157514,119,72,54
S00157515,86,39,44
S00157516,126,67,55
S00157517,82,40,42
S00157518,125,62,59
S00157519,141,76,69
S00157520,77,39,38
S00157521,133,73,60
S00157522,133,65,68
S00157523,100,54,46
S00157524,71,32,39
S00157525,144,73,71
S00157526,213,99,112
S00157527,70,23,47
S00157528,96,53,43
S00157529,112,60,52
S00157530,100,49,51
S00157531,72,37,35
S00157532,152,76,76
S00157533,166,63,102
S00157534,115,58,61
S00157535,72,48,21
S00157536,62,32,31
S00157537,75,39,38
S00157538,147,80,67
S00157539,130,61,66
S00157540,77,42,39
S00157541,144,56,88
S00157542,101,46,58
S00157543,79,36,43
S00157544,129,51,79
S00157545,63,35,30
S00157546,111,59,52
S00157547,85,45,40
S00157548,190,97,93
S00157549,82,30,52
S00157550,154,63,91
S00157551,175,88,87
S00157552,155,78,77
S00157553,89,48,41
S00157554,85,42,43
S00157555,90,47,45
S00157556,184,92,92
S00157557,99,55,44
S00157558,93,53,40
S00157559,125,56,69
S00157560,103,23,76
S00157561,218,121,97
S00157562,102,45,54
S00157563,90,52,38
S00157564,117,65,52
S00157565,92,44,46
S00157566,70,42,28
S00157567,148,78,67
S00157568,150,70,78
S00157569,101,49,52
S00157570,141,65,74
S00157571,77,43,34
S00157572,76,42,34
S00157573,131,71,60
S00157574,97,46,50
S00157575,61,29,32
S00157576,98,49,49
S00157577,120,64,56
S00157578,64,37,31
S00157579,103,53,50
S00157580,160,89,75
S00157581,137,53,82
S00157582,138,72,66
S00157583,108,39,69
S00157584,88,46,42
S00157585,79,36,43
S00157586,156,83,73
S00157587,138,66,72
S00157588,117,68,49
S00157589,111,61,50
S00157590,74,40,34
S00157591,181,88,94
S00157592,99,49,50
S00157593,92,50,39
S00157594,92,50,42
S00157595,87,47,43
S00157596,101,51,48
S00157597,72,31,37
S00157598,90,42,52
S00157599,126,71,55
S00157600,121,31,90
S00157601,110,57,53
S00157602,66,31,35
S00157603,137,76,60
S00157604,79,40,43
S00157605,181,93,90
S00157606,174,96,78
S00157607,109,60,49
S00157608,137,72,65
S00157609,108,62,43
S00157610,90,46,44
S00157611,76,30,50
S00157612,140,62,78
S00157613,99,63,38
S00157614,120,68,52
S00157615,111,51,61
S00157616,140,67,73
S00157617,91,42,49
S00157618,104,53,56
S00157619,83,41,42
S00157620,85,47,41
S00157621,96,52,43
S00157622,71,37,34
S00157623,146,39,107
S00157624,152,76,76
S00157625,106,48,61
S00157626,97,51,43
S00157627,95,51,43
S00157628,175,99,73
S00157629,86,46,40
S00157630,122,55,64
S00157631,160,86,70
S00157632,121,61,60
S00157633,109,55,54
S00157634,94,47,45
S00157635,73,37,36
S00157636,116,64,52
S00157637,79,36,41
S00157638,112,57,55
S00157639,108,52,56
S00157640,88,35,53
S00157641,146,77,69
S00157642,123,56,64
S00157643,96,55,40
S00157644,103,63,44
S00157645,107,57,50
S00157646,111,53,58
S00157647,77,34,38
S00157648,108,54,54
S00157649,111,53,58
S00157650,81,43,38
S00157651,150,81,72
S00157652,94,39,55
S00157653,107,55,48
S00157654,100,54,43
S00157655,95,38,61
S00157656,101,55,47
S00157657,82,42,37
S00157658,91,47,44
S00157659,89,45,44
S00157660,133,59,71
S00157661,109,56,53
S00157662,58,21,41
S00157663,94,44,50
S00157664,111,49,60
S00157665,95,44,51
S00157666,97,51,45
S00157667,248,105,139
S00157668,121,72,52
S00157669,165,91,74
S00157670,114,48,62
S00157671,103,65,36
S00157672,62,29,33
S00157673,90,45,45
S00157674,126,57,69
S00157675,115,61,56
S00157676,68,37,31
S00157677,89,46,45
S00157678,131,68,64
S00157679,99,52,45
S00157680,699,443,256
S00157681,112,68,44
S00157682,63,29,38
S00157683,122,56,63
S00157684,157,73,84
S00157685,214,117,94
S00157686,264,150,114
S00157687,114,55,59
S00157688,109,50,57
S00157689,63,19,44
S00157690,128,73,56
S00157691,83,43,40
S00157692,316,137,173
S00157693,142,84,58
S00157694,122,75,48
S00157695,128,72,52
S00157696,68,39,32
S00157697,89,50,39
S00157698,119,70,49
S00157699,90,45,51
S00157700,118,61,57
S00157701,60,36,24
S00157702,88,48,40
S00157703,81,38,46
S00157704,114,61,56
S00157705,61,23,38
S00157706,107,55,51
S00157707,145,67,76
S00157708,82,24,58
S00157709,93,51,42
S00157710,131,69,62
S00157711,157,78,82
S00157712,151,76,75
S00157713,116,60,56
S00157714,133,63,69
S00157715,68,35,34
S00157716,187,95,88
S00157717,199,97,102
S00157718,158,81,71
S00157719,74,22,52
S00157720,87,42,45
S00157721,113,61,52
S00157722,76,44,36
S00157723,66,32,34
S00157724,81,45,36
S00157725,116,57,59
S00157726,89,47,39
S00157727,72,42,30
S00157728,158,83,75
S00157729,163,79,88
S00157730,151,69,79
S00157731,171,80,91
S00157732,88,47,41
S00157733,84,46,43
S00157734,160,89,71
S00157735,94,53,41
S00157736,153,88,65
S00157737,171,87,84
S00157738,103,47,55
S00157739,97,47,45
S00157740,90,51,42
S00157741,145,77,66
S00157742,82,46,36
S00157743,128,72,56
S00157744,94,46,48
S00157745,113,63,50
S00157746,78,35,43
S00157747,116,54,62
S00157748,1330,679,651
S00157749,65,34,31
S00157750,59,41,25
S00157751,118,55,62
S00157752,108,58,50
S00157753,143,68,75
S00157754,142,78,64
S00157755,103,65,40
S00157756,173,73,100
S00157757,146,78,68
S00157758,61,34,27
S00157759,113,59,52
S00157760,80,39,41
S00157761,105,65,40
S00157762,203,107,96
S00157763,146,51,95
S00157764,130,51,79
S00157765,118,49,63
S00157766,95,52,44
S00157767,115,48,67
S00157768,74,38,36
S00157769,75,36,39
S00157770,103,49,54
S00157771,170,116,54
S00157772,160,83,74
S00157773,76,44,32
S00157774,116,67,49
S00157775,72,43,33
S00157776,118,61,57
S00157777,84,49,35
S00157778,120,62,60
S00157779,61,37,27
S00157780,75,43,32
S00157781,154,87,69
S00157782,123,66,61
S00157783,109,55,51
S00157784,139,80,59
S00157785,91,48,43
S00157786,92,47,46
S00157787,125,69,56
S00157788,131,79,49
S00157789,128,53,72
S00157790,93,47,46
S00157791,71,41,30
S00157792,112,57,55
S00157793,99,55,44
S00157794,125,83,42
S00157795,131,60,65
S00157796,107,56,51
S00157797,138,59,79
S00157798,93,47,45
S00157799,120,69,51
S00157800,118,47,72
S00157801,110,67,47
S00157802,124,62,62
S00157803,102,54,48
S00157804,69,40,29
S00157805,116,58,56
S00157806,84,46,38
S00157807,103,51,52
S00157808,90,36,54
S00157809,111,54,58
S00157810,154,76,78
S00157811,82,48,34
S00157812,195,97,101
S00157813,154,88,66
S00157814,79,32,43
S00157815,135,53,82
S00157816,67,30,34
S00157817,84,48,36
S00157818,89,36,53
S00157819,91,44,47
S00157820,120,70,50
S00157821,125,67,62
S00157822,150,78,72
S00157823,117,54,63
S00157824,99,51,45
S00157825,174,88,80
S00157826,94,54,40
S00157827,67,29,38
S00157828,146,79,68
S00157829,111,56,58
S00157830,104,48,56
S00157831,181,81,103
S00157832,93,54,39
S00157833,78,43,38
S00157834,74,37,37
S00157835,81,42,35
S00157836,80,38,42
S00157837,419,206,213
S00157838,120,70,50
S00157839,139,82,57
S00157840,95,50,49
S00157841,154,78,77
S00157842,124,72,49
S00157843,98,49,49
S00157844,125,82,41
S00157845,101,54,47
S00157846,109,56,53
S00157847,145,82,63
S00157848,104,66,40
S00157849,67,36,31
S00157850,101,51,50
S00157851,115,57,58
S00157852,111,55,56
S00157853,111,61,50
S00157854,118,59,55
S00157855,118,61,56
S00157856,135,58,77
S00157857,142,81,64
S00157858,87,39,50
S00157859,160,89,78
S00157860,122,62,60
S00157861,92,54,38
S00157862,131,64,68
S00157863,113,51,62
S00157864,206,110,93
S00157865,101,48,53
S00157866,121,60,61
S00157867,81,43,38
S00157868,116,60,56
S00157869,97,47,52
S00157870,81,45,38
S00157871,116,64,52
S00157872,96,48,48
S00157873,83,36,47
S00157874,79,43,36
S00157875,91,50,41
S00157876,112,60,52
S00157877,63,32,31
S00157878,141,70,73
S00157879,83,44,43
S00157880,123,63,60
S00157881,75,38,40
S00157882,117,66,51
S00157883,86,43,45
S00157884,133,63,70
S00157885,135,64,72
S00157886,105,51,54
S00157887,107,61,45
S00157888,72,41,31
S00157889,95,50,48
S00157890,105,52,53
S00157891,117,53,62
S00157892,93,42,51
S00157893,144,68,76
S00157894,168,91,78
S00157895,138,74,61
S00157896,141,76,64
S00157897,81,44,37
S00157898,151,69,82
S00157899,106,50,52
S00157900,109,54,55
S00157901,101,54,47
S00157902,116,60,56
S00157903,143,77,66
S00157904,66,45,21
S00157905,142,68,74
S00157906,195,103,90
S00157907,102,56,46
S00157908,112,54,58
S00157909,93,49,44
S00157910,72,42,26
S00157911,99,54,45
S00157912,111,44,67
S00157913,82,51,31
S00157914,151,67,79
S00157915,68,35,33
S00157916,145,77,68
S00157917,82,45,37
S00157918,64,28,36
S00157919,105,55,47
S00157920,110,62,48
S00157921,87,43,46
S00157922,114,60,55
S00157923,121,68,53
S00157924,151,80,71
S00157925,150,80,68
S00157926,123,66,59
S00157927,105,59,46
S00157928,159,84,75
S00157929,114,57,57
S00157930,132,71,57
S00157931,105,51,54
S00157932,134,70,64
S00157933,101,50,51
S00157934,135,77,58
S00157935,85,51,37
S00157936,73,35,38
S00157937,153,81,72
S00157938,121,67,54
S00157939,100,53,47
S00157940,103,58,48
S00157941,106,59,47
S00157942,62,38,24
S00157943,107,58,49
S00157944,141,74,67
S00157945,138,67,71
S00157946,130,71,62
S00157947,88,38,50
S00157948,88,47,44
S00157949,109,64,41
S00157950,62,42,21
S00157951,123,60,62
S00157952,114,61,55
S00157953,71,20,51
S00157954,76,35,39
S00157955,84,45,38
S00157956,107,43,62
S00157957,83,46,37
S00157958,125,58,67
S00157959,107,59,46
S00157960,169,81,87
S00157961,73,40,33
S00157962,142,70,71
S00157963,107,48,63
S00157964,123,56,60
S00157965,118,60,58
S00157966,76,42,34
S00157967,108,50,59
S00157968,151,87,64
S00157969,63,33,30
S00157970,90,35,55
S00157971,97,47,50
S00157972,210,99,111
S00157973,87,42,44
S00157974,62,28,35
S00157975,95,53,44
S00157976,110,52,56
S00157977,79,44,35
S00157978,109,57,52
S00157979,66,33,30
S00157980,60,34,27
S00157981,99,56,41
S00157982,119,55,64
S00157983,62,30,30
S00157984,159,90,69
S00157985,135,66,69
S00157986,106,53,53
S00157987,91,52,39
S00157988,68,36,32
S00157989,83,41,42
S00157990,113,52,60
S00157991,124,67,57
S00157992,78,38,37
S00157993,99,56,43
S00157994,96,48,45
S00157995,94,49,45
S00157996,65,31,34
S00157997,80,43,40
S00157998,150,76,74
S00157999,96,50,46
S00158000,133,67,66
S00158001,82,43,39
S00158002,76,38,38
S00158003,109,63,46
S00158004,141,76,65
S00158005,105,53,52
S00158006,112,65,49
S00158007,117,61,56
S00158008,63,25,38
S00158009,84,37,47
S00158010,106,54,52
S00158011,161,87,74
S00158012,68,35,33
S00158013,98,51,47
S00158014,93,54,42
S00158015,97,49,49
S00158016,83,40,43
S00158017,80,38,42
S00158018,139,72,69
S00158019,99,54,45
S00158020,117,66,51
S00158021,79,42,33
S00158022,127,64,64
S00158023,111,55,58
S00158024,60,36,24
S00158025,83,34,49
S00158026,161,77,84
S00158027,59,20,39
S00158028,106,54,51
S00158029,119,65,58
S00158030,71,26,39
S00158031,127,62,65
S00158032,137,80,57
S00158033,79,46,33
S00158034,104,48,55
S00158035,91,34,57
S00158036,101,37,60
S00158037,86,40,46
S00158038,81,47,34
S00158039,89,45,44
S00158040,113,62,51
S00158041,119,64,55
S00158042,89,47,42
S00158043,76,36,40
S00158044,137,67,71
S00158045,107,57,50
S00158046,109,56,50
S00158047,69,38,34
S00158048,121,58,63
S00158049,142,79,63
S00158050,106,60,46
S00158051,139,71,68
S00158052,70,38,27
S00158053,111,60,50
S00158054,103,56,47
S00158055,123,54,69
S00158056,101,55,48
S00158057,143,67,76
S00158058,78,42,36
S00158059,95,54,45
S00158060,131,62,69
S00158061,74,32,42
S00158062,171,90,80
S00158063,64,33,31
S00158064,101,52,51
S00158065,124,65,62
S00158066,77,41,34
S00158067,88,44,44
S00158068,107,62,49
S00158069,123,65,60
S00158070,136,70,70
S00158071,105,54,51
S00158072,124,57,67
S00158073,65,31,35
S00158074,103,51,52
S00158075,126,73,53
S00158076,65,31,31
S00158077,190,93,100
S00158078,94,59,38
S00158079,71,38,33
S00158080,152,77,75
S00158081,129,64,62
S00158082,117,61,55
S00158083,96,49,47
S00158084,76,40,36
S00158085,141,80,61
S00158086,80,42,38
S00158087,120,63,61
S00158088,58,28,34
S00158089,128,59,70
S00158090,68,41,27
S00158091,62,32,30
S00158092,87,43,44
S00158093,86,51,35
S00158094,140,73,67
S00158095,90,47,46
S00158096,129,64,65
S00158097,135,69,66
S00158098,62,33,30
S00158099,251,119,132
S00158100,151,71,84
S00158101,91,50,41
S00158102,174,93,81
S00158103,81,44,38
S00158104,95,47,49
S00158105,83,44,39
S00158106,88,47,44
S00158107,85,41,46
S00158108,71,37,34
S00158109,68,37,31
S00158110,76,36,36
S00158111,127,53,74
S00158112,83,47,36
S00158113,136,72,62
S00158114,105,52,53
S00158115,79,37,39
S00158116,87,48,39
S00158117,151,83,72
S00158118,118,60,58
S00158119,100,53,47
S00158120,127,60,67
S00158121,76,36,37
S00158122,91,44,47
S00158123,125,64,61
S00158124,66,29,40
S00158125,70,38,32
S00158126,150,74,76
S00158127,75,48,27
S00158128,65,44,22
S00158129,71,36,36
S00158130,85,46,40
S00158131,75,43,32
S00158132,119,56,63
S00158133,78,35,40
S00158134,118,59,55
S00158135,116,55,62
S00158136,74,39,35
S00158137,94,44,48
S00158138,82,36,46
S00158139,89,49,42
S00158140,109,53,56
S00158141,126,56,70
S00158142,67,31,36
S00158143,131,64,64
S00158144,83,43,39
S00158145,122,68,54
S00158146,86,49,37
S00158147,98,47,51
S00158148,162,84,78
S00158149,80,40,44
S00158150,90,46,43
S00158151,91,57,34
S00158152,147,73,74
S00158153,76,35,41
S00158154,77,40,37
S00158155,108,36,72
S00158156,64,37,27
S00158157,154,73,81
S00158158,98,57,43
S00158159,67,32,35
S00158160,152,86,66
S00158161,74,37,36
S00158162,96,53,43
S00158163,94,61,33
S00158164,137,65,72
S00158165,67,39,28
S00158166,60,38,22
S00158167,111,56,59
S00158168,114,71,47
S00158169,138,79,59
S00158170,107,56,51
S00158171,101,42,59
S00158172,77,45,34
S00158173,90,44,46
S00158174,146,78,69
S00158175,83,47,37
S00158176,85,39,46
S00158177,108,62,46
S00158178,81,45,36
S00158179,90,51,38
S00158180,177,91,89
S00158181,94,47,45
S00158182,60,40,20
S00158183,229,129,100
S00158184,105,51,51
S00158185,111,51,60
S00158186,121,75,44
S00158187,73,38,35
S00158188,119,57,62
S00158189,124,73,50
S00158190,95,49,43
S00158191,147,79,71
S00158192,90,48,38
S00158193,121,70,48
S00158194,111,56,55
S00158195,152,69,80
S00158196,143,77,66
S00158197,79,37,42
S00158198,139,52,87
S00158199,100,47,53
S00158200,181,97,80
S00158201,108,51,57
S00158202,110,49,61
S00158203,103,50,53
S00158204,80,42,38
S00158205,137,86,51
S00158206,90,40,50
S00158207,98,49,49
S00158208,85,50,35
S00158209,124,63,58
S00158210,153,102,51
S00158211,191,105,86
S00158212,139,93,53
S00158213,131,56,74
S00158214,145,74,77
S00158215,64,29,38
S00158216,161,76,85
S00158217,83,30,53
S00158218,136,68,72
S00158219,127,70,57
S00158220,93,56,38
S00158221,108,59,50
S00158222,94,44,50
S00158223,158,85,76
S00158224,114,66,50
S00158225,106,53,53
S00158226,109,62,47
S00158227,221,98,126
S00158228,67,33,34
S00158229,105,54,51
S00158230,130,62,68
S00158231,91,47,44
S00158232,68,35,33
S00158233,100,54,48
S00158234,63,26,34
S00158235,82,36,43
S00158236,104,46,50
S00158237,168,90,78
S00158238,106,61,48
S00158239,122,67,55
S00158240,90,41,49
S00158241,174,92,82
S00158242,128,70,62
S00158243,75,39,35
S00158244,92,53,43
S00158245,73,39,34
S00158246,89,38,51
S00158247,162,80,82
S00158248,123,72,51
S00158249,100,60,44
S00158250,70,36,37
S00158251,115,63,52
S00158252,104,53,51
S00158253,94,48,40
S00158254,94,52,42
S00158255,81,39,42
S00158256,168,95,76
S00158257,109,56,53
S00158258,63,32,31
S00158259,65,28,37
S00158260,129,73,56
S00158261,167,81,86
S00158262,63,35,28
S00158263,80,43,36
S00158264,101,63,36
S00158265,69,45,24
S00158266,74,36,38
S00158267,119,42,77
S00158268,101,54,48
S00158269,105,45,60
S00158270,119,64,55
S00158271,100,50,54
S00158272,75,41,34
S00158273,94,57,37
S00158274,149,77,72
S00158275,114,52,65
S00158276,139,66,72
S00158277,122,63,59
S00158278,73,42,33
S00158279,170,92,78
S00158280,99,59,40
S00158281,137,81,58
S00158282,76,37,39
S00158283,113,57,56
S00158284,64,34,32
S00158285,116,60,56
S00158286,106,58,44
S00158287,61,29,32
S00158288,100,55,45
S00158289,79,47,36
S00158290,93,48,42
S00158291,156,73,83
S00158292,77,32,45
S00158293,62,24,38
S00158294,83,36,47
S00158295,95,43,52
S00158296,92,31,61
S00158297,115,58,57
S00158298,102,53,49
S00158299,182,99,83
S00158300,104,55,49
S00158301,120,56,60
S00158302,75,37,38
S00158303,86,36,46
S00158304,160,87,73
S00158305,131,67,64
S00158306,185,111,74
S00158307,124,63,58
S00158308,104,38,66
S00158309,92,53,39
S00158310,86,47,39
S00158311,138,74,64
S00158312,98,53,45
S00158313,157,76,84
S00158314,73,39,34
S00158315,109,54,55
S00158316,110,65,44
S00158317,90,53,37
S00158318,64,33,31
S00158319,84,47,37
S00158320,95,47,50
S00158321,147,66,81
S00158322,139,70,69
S00158323,105,62,44
S00158324,98,58,41
S00158325,125,71,54
S00158326,91,49,42
S00158327,81,44,37
S00158328,171,90,81
S00158329,196,110,86
S00158330,130,62,68
S00158331,184,107,77
S00158332,72,37,35
S00158333,74,32,42
S00158334,142,77,65
S00158335,211,110,97
S00158336,167,82,85
S00158337,82,52,32
S00158338,134,69,63
S00158339,161,82,79
S00158340,99,60,39
S00158341,221,105,115
S00158342,91,47,44
S00158343,144,89,55
S00158344,125,76,47
S00158345,84,47,39
S00158346,102,45,53
S00158347,86,48,39
S00158348,123,65,58
S00158349,201,106,92
S00158350,75,35,40
S00158351,95,43,52
S00158352,88,50,38
S00158353,142,66,80
S00158354,106,57,51
S00158355,90,46,44
S00158356,133,77,56
S00158357,87,40,47
S00158358,109,45,64
S00158359,84,51,33
S00158360,120,69,54
S00158361,159,81,78
S00158362,97,46,50
S00158363,127,63,64
S00158364,63,43,20
S00158365,85,49,39
S00158366,124,71,50
S00158367,93,51,39
S00158368,121,66,56
S00158369,144,76,68
S00158370,66,28,34
S00158371,125,65,61
S00158372,75,47,32
S00158373,78,34,48
S00158374,206,113,93
S00158375,126,66,60
S00158376,65,27,38
S00158377,64,27,35
S00158378,108,44,64
S00158379,198,97,95
S00158380,97,49,48
S00158381,132,72,60
S00158382,91,42,49
S00158383,145,58,87
S00158384,116,64,54
S00158385,124,73,51
S00158386,122,48,78
S00158387,114,49,65
S00158388,98,53,42
S00158389,204,102,102
S00158390,145,76,69
S00158391,96,57,39
S00158392,92,47,45
S00158393,80,35,47
S00158394,119,59,60
S00158395,174,76,95
S00158396,83,49,34
S00158397,63,35,27
S00158398,116,56,60
S00158399,68,38,34
S00158400,306,154,152
S00158401,115,73,42
S00158402,91,49,44
S00158403,81,48,34
S00158404,128,57,73
S00158405,99,46,57
S00158406,140,69,71
S00158407,119,67,52
S00158408,88,42,43
S00158409,171,97,74
S00158410,116,58,58
S00158411,60,32,28
S00158412,86,42,44
S00158413,138,72,66
S00158414,143,56,83
S00158415,124,61,66
S00158416,74,34,40
S00158417,81,40,41
S00158418,110,62,48
S00158419,60,34,27
S00158420,105,57,48
S00158421,265,137,128
S00158422,145,78,67
S00158423,93,49,44
S00158424,256,131,125
S00158425,64,37,27
S00158426,84,47,35
S00158427,87,48,39
S00158428,154,81,73
S00158429,170,92,78
S00158430,66,28,37
S00158431,81,33,48
S00158432,148,76,72
S00158433,83,41,45
S00158434,130,71,59
S00158435,113,66,47
S00158436,88,37,48
S00158437,82,38,44
S00158438,167,83,84
S00158439,91,27,64
S00158440,112,69,43
S00158441,131,70,61
S00158442,129,75,54
S00158443,118,63,59
S00158444,98,57,41
S00158445,99,19,77
S00158446,87,50,37
S00158447,62,34,28
S00158448,71,35,36
S00158449,90,43,47
S00158450,125,63,62
S00158451,116,55,61
S00158452,169,90,79
S00158453,121,58,62
S00158454,145,76,69
S00158455,97,53,44
S00158456,132,68,64
S00158457,75,35,40
S00158458,80,40,42
S00158459,106,37,63
S00158460,91,55,40
S00158461,136,70,66
S00158462,101,54,47
S00158463,91,40,51
S00158464,126,50,79
S00158465,91,42,45
S00158466,88,41,47
S00158467,102,57,45
S00158468,119,57,61
S00158469,152,77,77
S00158470,143,64,80
S00158471,141,72,69
S00158472,101,49,49
S00158473,84,47,37
S00158474,76,33,43
S00158475,103,55,48
S00158476,64,37,29
S00158477,112,52,60
S00158478,73,45,29
S00158479,142,73,69
S00158480,133,67,66
S00158481,85,52,33
S00158482,126,50,76
S00158483,81,49,32
S00158484,158,81,77
S00158485,100,54,43
S00158486,210,103,107
S00158487,68,40,28
S00158488,130,72,58
S00158489,123,69,57
S00158490,86,38,51
S00158491,111,65,46
S00158492,160,96,65
S00158493,167,103,66
S00158494,128,70,58
S00158495,63,37,26
S00158496,83,45,42
S00158497,62,24,38
S00158498,187,101,82
S00158499,125,58,66
S00158500,70,37,33
S00158501,97,48,48
S00158502,102,58,44
S00158503,99,42,54
S00158504,68,35,33
S00158505,143,87,64
S00158506,62,39,25
S00158507,67,38,29
S00158508,119,60,62
S00158509,77,44,31
S00158510,201,99,102
S00158511,110,48,62
S00158512,105,57,48
S00158513,63,30,33
S00158514,67,38,28
S00158515,259,137,125
S00158516,76,43,33
S00158517,100,55,45
S00158518,117,64,53
S00158519,78,41,37
S00158520,146,69,77
S00158521,131,63,68
S00158522,120,69,57
S00158523,69,30,37
S00158524,103,47,57
S00158525,86,46,40
S00158526,143,85,58
S00158527,122,61,61
S00158528,78,40,40
S00158529,75,40,35
S00158530,97,44,53
S00158531,186,86,97
S00158532,85,41,43
S00158533,91,38,53
S00158534,124,53,71
S00158535,94,37,57
S00158536,84,41,43
S00158537,85,50,35
S00158538,91,59,32
S00158539,182,91,91
S00158540,104,43,61
S00158541,99,48,51
S00158542,115,60,55
S00158543,70,38,31
S00158544,92,40,49
S00158545,123,71,49
S00158546,70,37,33
S00158547,77,38,43
S00158548,80,47,33
S00158549,108,49,55
S00158550,61,27,34
S00158551,67,24,40
S00158552,63,36,27
S00158553,117,63,54
S00158554,78,36,43
S00158555,97,43,57
S00158556,174,89,85
S00158557,111,51,60
S00158558,95,45,50
S00158559,97,52,45
S00158560,94,43,51
S00158561,107,45,59
S00158562,96,46,50
S00158563,105,49,59
S00158564,74,32,42
S00158565,430,206,224
S00158566,100,56,44
S00158567,123,64,59
S00158568,91,55,36
S00158569,915,61,854
S00158570,111,57,54
S00158571,302,199,103
S00158572,129,67,62
S00158573,86,41,41
S00158574,104,60,44
S00158575,214,114,100
S00158576,144,79,65
S00158577,63,23,40
S00158578,72,32,40
S00158579,107,55,52
S00158580,134,68,64
S00158581,94,45,49
S00158582,64,30,32
S00158583,124,63,61
S00158584,114,60,54
S00158585,130,69,61
S00158586,64,33,31
S00158587,117,67,52
S00158588,127,68,59
S00158589,155,80,75
S00158590,110,54,56
S00158591,79,44,35
S00158592,119,66,53
S00158593,76,40,36
S00158594,192,103,89
S00158595,92,48,47
S00158596,97,47,48
S00158597,115,54,64
S00158598,66,40,26
S00158599,114,57,57
S00158600,137,67,71
S00158601,137,61,72
S00158602,201,100,101
S00158603,127,78,49
S00158604,105,50,55
S00158605,71,33,35
S00158606,80,41,39
S00158607,540,313,231
S00158608,108,61,48
S00158609,95,45,49
S00158610,89,52,37
S00158611,96,42,54
S00158612,271,160,111
S00158613,86,42,44
S00158614,69,29,40
S00158615,111,56,55
S00158616,84,39,45
S00158617,113,62,51
S00158618,85,44,41
S00158619,102,60,41
S00158620,107,52,52
S00158621,76,35,41
S00158622,106,53,57
S00158623,129,69,60
S00158624,62,39,23
S00158625,126,57,69
S00158626,92,59,35
S00158627,191,110,81
S00158628,118,64,54
S00158629,121,51,70
S00158630,87,59,28
S00158631,71,39,32
S00158632,121,65,56
S00158633,100,54,46
S00158634,1317,662,651
S00158635,74,37,37
S00158636,195,87,106
S00158637,91,42,50
S00158638,109,59,48
S00158639,123,65,58
S00158640,94,51,43
S00158641,96,48,52
S00158642,113,57,56
S00158643,71,34,37
S00158644,113,58,51
S00158645,128,60,68
S00158646,79,41,38
S00158647,103,45,55
S00158648,123,54,66
S00158649,136,63,73
S00158650,136,69,67
S00158651,151,75,76
S00158652,86,47,41
S00158653,133,76,57
S00158654,104,51,53
S00158655,165,79,86
S00158656,1037,670,367
S00158657,77,42,35
S00158658,111,48,63
S00158659,138,75,63
S00158660,217,94,123
S00158661,130,63,67
S00158662,98,44,54
S00158663,120,64,59
S00158664,104,51,53
S00158665,116,53,63
S00158666,148,61,87
S00158667,172,78,94
S00158668,121,63,58
S00158669,113,64,49
S00158670,142,70,72
S00158671,118,66,52
S00158672,147,82,65
S00158673,69,22,42
S00158674,899,496,401
S00158675,130,73,54
S00158676,91,34,57
S00158677,98,38,62
S00158678,148,69,79
S00158679,73,43,30
S00158680,137,71,66
S00158681,278,170,108
S00158682,86,47,39
S00158683,64,14,47
S00158684,96,46,49
S00158685,896,486,410
S00158686,103,49,54
S00158687,96,49,44
S00158688,90,44,46
S00158689,119,53,66
S00158690,183,97,84
S00158691,137,61,75
S00158692,2705,1280,1425
S00158693,117,57,60
S00158694,79,48,28
S00158695,100,37,67
S00158696,125,62,62
S00158697,98,34,64
S00158698,119,59,57
S00158699,152,66,86
S00158700,94,48,46
S00158701,136,67,69
S00158702,121,52,73
S00158703,60,24,30
S00158704,102,46,56
S00158705,167,100,67
S00158706,66,36,27
S00158707,137,72,62
S00158708,161,74,84
S00158709,156,78,77
S00158710,71,40,31
S00158711,76,42,34
S00158712,77,39,38
S00158713,153,86,67
S00158714,79,44,35
S00158715,118,55,60
S00158716,121,66,59
S00158717,126,61,65
S00158718,142,71,71
S00158719,171,98,73
S00158720,126,58,68
S00158721,89,35,54
S00158722,97,40,57
S00158723,64,27,37
S00158724,92,43,49
S00158725,82,35,41
S00158726,163,84,79
S00158727,103,44,59
S00158728,91,35,55
S00158729,82,42,39
S00158730,100,41,59
S00158731,69,34,35
S00158732,99,51,46
S00158733,63,20,43
S00158734,107,52,55
S00158735,113,67,46
S00158736,87,44,43
S00158737,160,77,83
S00158738,57,26,34
S00158739,80,47,34
S00158740,167,85,82
S00158741,153,76,77
S00158742,90,55,34
S00158743,99,47,52
S00158744,85,37,51
S00158745,128,63,62
S00158746,65,32,39
S00158747,122,69,50
S00158748,91,46,45
S00158749,108,53,56
S00158750,122,64,58
S00158751,107,52,55
S00158752,60,31,29
S00158753,73,28,45
S00158754,113,61,50
S00158755,134,66,72
S00158756,141,63,78
S00158757,61,28,33
S00158758,84,40,44
S00158759,115,51,64
S00158760,79,32,46
S00158761,114,61,53
S00158762,261,144,117
S00158763,70,26,44
S00158764,91,53,38
S00158765,104,57,50
S00158766,122,55,67
S00158767,114,66,46
S00158768,108,56,52
S00158769,160,78,82
S00158770,78,33,45
S00158771,79,46,31
S00158772,87,52,32
S00158773,110,63,49
S00158774,95,49,46
S00158775,138,61,79
S00158776,82,38,45
S00158777,134,74,60
S00158778,91,41,50
S00158779,68,36,30
S00158780,90,38,51
S00158781,93,47,46
S00158782,161,89,72
S00158783,123,62,61
S00158784,138,61,73
S00158785,533,248,285
S00158786,110,66,44
S00158787,81,44,37
S00158788,486,203,283
S00158789,63,37,26
S00158790,78,38,40
S00158791,127,50,70
S00158792,176,108,75
S00158793,143,70,73
S00158794,76,35,40
S00158795,93,46,47
S00158796,88,32,56
S00158797,108,50,61
S00158798,83,50,36
S00158799,97,53,44
S00158800,70,25,45
S00158801,132,72,63
S00158802,127,70,57
S00158803,128,68,61
S00158804,190,104,86
S00158805,109,68,41
S00158806,103,55,48
S00158807,78,36,39
S00158808,138,73,68
S00158809,140,58,87
S00158810,124,60,64
S00158811,145,75,72
S00158812,92,43,53
S00158813,132,67,65
S00158814,205,114,89
S00158815,104,55,49
S00158816,58,32,32
S00158817,141,75,69
S00158818,111,56,56
S00158819,77,39,38
S00158820,138,65,74
S00158821,99,57,42
S00158822,134,62,76
S00158823,545,310,235
S00158824,142,77,69
S00158825,78,39,39
S00158826,227,101,126
S00158827,98,52,43
S00158828,146,80,66
S00158829,95,47,49
S00158830,79,48,27
S00158831,93,54,39
S00158832,106,47,59
S00158833,137,95,42
S00158834,87,53,34
S00158835,104,60,40
S00158836,113,53,63
S00158837,81,35,46
S00158838,109,67,39
S00158839,203,114,89
S00158840,164,76,88
S00158841,66,31,35
S00158842,112,66,48
S00158843,109,52,54
S00158844,226,117,102
S00158845,101,56,46
S00158846,83,49,34
S00158847,136,66,70
S00158848,91,50,41
S00158849,80,49,31
S00158850,69,32,37
S00158851,69,41,28
S00158852,109,45,64
S00158853,136,70,63
S00158854,129,67,62
S00158855,64,34,30
S00158856,86,37,51
S00158857,132,65,67
S00158858,233,110,123
S00158859,71,40,31
S00158860,63,33,30
S00158861,114,55,59
S00158862,82,41,41
S00158863,170,88,84
S00158864,363,173,189
S00158865,113,50,63
S00158866,149,76,78
S00158867,103,59,44
S00158868,87,42,45
S00158869,117,53,60
S00158870,117,66,51
S00158871,102,53,52
S00158872,124,68,56
S00158873,123,67,56
S00158874,94,56,36
S00158875,107,49,58
S00158876,87,43,42
S00158877,150,79,71
S00158878,183,89,93
S00158879,110,60,50
S00158880,163,78,85
S00158881,94,43,50
S00158882,161,68,91
S00158883,83,44,39
S00158884,105,48,57
S00158885,156,59,97
S00158886,72,40,34
S00158887,133,74,59
S00158888,114,65,49
S00158889,83,39,44
S00158890,83,35,48
S00158891,91,45,47
S00158892,231,107,124
S00158893,120,54,66
S00158894,83,51,30
S00158895,108,53,55
S00158896,123,44,81
S00158897,84,39,45
S00158898,108,55,50
S00158899,163,86,78
S00158900,79,24,55
S00158901,59,36,29
S00158902,101,32,71
S00158903,121,50,71
S00158904,147,76,71
S00158905,140,78,62
S00158906,211,118,93
S00158907,89,45,44
S00158908,64,30,26
S00158909,112,55,57
S00158910,72,39,36
S00158911,137,86,51
S00158912,77,36,41
S00158913,118,59,59
S00158914,135,70,64
S00158915,105,44,56
S00158916,95,48,47
S00158917,84,45,39
S00158918,69,33,36
S00158919,100,38,62
S00158920,103,56,51
S00158921,136,68,68
S00158922,165,52,110
S00158923,152,54,101
S00158924,106,49,57
S00158925,68,40,30
S00158926,115,60,55
S00158927,73,32,41
S00158928,96,53,44
S00158929,111,56,55
S00158930,143,81,64
S00158931,89,47,45
S00158932,694,327,367
S00158933,114,57,55
S00158934,74,35,39
S00158935,120,59,61
S00158936,116,65,51
S00158937,104,37,70
S00158938,101,45,53
S00158939,82,44,39
S00158940,126,67,63
S00158941,83,38,42
S00158942,148,85,63
S00158943,86,37,45
S00158944,140,74,63
S00158945,350,188,165
S00158946,65,30,35
S00158947,99,36,66
S00158948,116,54,62
S00158949,104,53,51
S00158950,74,40,34
S00158951,96,53,43
S00158952,145,82,67
S00158953,112,63,49
S00158954,71,42,29
S00158955,307,113,192
S00158956,193,94,96
S00158957,107,55,52
S00158958,121,61,63
S00158959,117,66,51
S00158960,87,51,36
S00158961,73,39,34
S00158962,73,37,37
S00158963,126,69,57
S00158964,100,52,54
S00158965,111,63,48
S00158966,94,60,34
S00158967,81,42,41
S00158968,109,56,53
S00158969,104,51,54
S00158970,116,50,62
S00158971,102,58,48
S00158972,117,62,55
S00158973,155,91,70
S00158974,141,73,66
S00158975,127,64,66
S00158976,80,45,35
S00158977,97,58,39
S00158978,130,71,62
S00158979,169,88,82
S00158980,100,52,48
S00158981,61,32,29
S00158982,77,43,34
S00158983,95,57,38
S00158984,84,42,41
S00158985,221,126,95
S00158986,166,94,72
S00158987,124,53,69
S00158988,90,50,35
S00158989,1324,754,571
S00158990,62,17,45
S00158991,66,34,32
S00158992,135,63,64
S00158993,960,428,534
S00158994,107,49,61
S00158995,73,41,32
S00158996,60,37,27
S00158997,72,34,37
S00158998,183,104,79
S00158999,63,31,32
S00159000,83,43,40
S00159001,119,55,64
S00159002,89,49,40
S00159003,115,57,60
S00159004,111,54,57
S00159005,132,65,63
S00159006,136,68,68
S00159007,76,32,44
S00159008,87,35,52
S00159009,98,51,51
S00159010,106,50,52
S00159011,106,59,47
S00159012,99,56,46
S00159013,76,46,30
S00159014,90,47,36
S00159015,84,38,46
S00159016,110,55,55
S00159017,105,56,53
S00159018,523,231,288
S00159019,100,43,66
S00159020,91,39,52
S00159021,64,23,43
S00159022,133,72,61
S00159023,102,50,56
S00159024,82,30,52
S00159025,80,43,37
S00159026,139,66,73
S00159027,65,30,35
S00159028,86,42,49
S00159029,95,50,49
S00159030,126,62,64
S00159031,76,46,34
S00159032,60,32,28
S00159033,91,49,44
S00159034,69,34,32
S00159035,134,72,66
S00159036,129,55,74
S00159037,71,29,42
S00159038,130,71,63
S00159039,89,36,53
S00159040,143,76,67
S00159041,80,39,41
S00159042,107,52,55
S00159043,99,50,46
S00159044,81,37,47
S00159045,91,39,52
S00159046,92,31,65
S00159047,111,51,60
S00159048,88,41,47
S00159049,78,42,36
S00159050,149,85,65
S00159051,110,56,54
S00159052,151,80,71
S00159053,196,99,96
S00159054,125,67,61
S00159055,106,55,51
S00159056,61,34,27
S00159057,82,41,41
S00159058,97,48,53
S00159059,156,90,63
S00159060,93,49,41
S00159061,104,52,52
S00159062,74,47,27
S00159063,97,35,62
S00159064,87,48,38
S00159065,62,33,29
S00159066,86,46,40
S00159067,89,57,36
S00159068,111,59,52
S00159069,166,90,76
S00159070,75,30,42
S00159071,79,35,40
S00159072,76,38,38
S00159073,91,39,52
S00159074,60,26,34
S00159075,74,36,34
S00159076,94,51,43
S00159077,136,73,66
S00159078,138,65,76
S00159079,127,51,73
S00159080,122,57,65
S00159081,128,66,62
S00159082,69,31,38
S00159083,90,35,54
S00159084,83,42,41
S00159085,153,78,72
S00159086,127,71,56
S00159087,135,71,64
S00159088,179,100,80
S00159089,109,57,52
S00159090,72,35,37
S00159091,137,80,55
S00159092,100,52,44
S00159093,133,71,64
S00159094,99,45,51
S00159095,145,85,65
S00159096,105,58,47
S00159097,141,78,63
S00159098,96,44,52
S00159099,185,92,93
S00159100,187,100,83
S00159101,84,48,36
S00159102,136,71,65
S00159103,225,107,119
S00159104,159,86,73
S00159105,108,65,43
S00159106,120,64,56
S00159107,100,40,60
S00159108,82,51,31
S00159109,70,36,34
S00159110,74,36,35
S00159111,151,81,70
S00159112,138,68,70
S00159113,193,104,89
S00159114,108,56,52
S00159115,82,40,40
S00159116,65,25,39
S00159117,63,36,27
S00159118,89,52,34
S00159119,90,46,44
S00159120,68,36,32
S00159121,96,45,51
S00159122,102,49,53
S00159123,73,35,36
S00159124,117,53,64
S00159125,110,62,48
S00159126,161,87,71
S00159127,121,62,57
S00159128,101,54,49
S00159129,84,47,41
S00159130,83,44,39
S00159131,138,66,72
S00159132,96,50,45
S00159133,112,65,47
S00159134,97,37,60
S00159135,128,67,61
S00159136,127,59,68
S00159137,153,65,85
S00159138,146,78,68
S00159139,151,74,74
S00159140,68,33,35
S00159141,107,53,55
S00159142,103,55,48
S00159143,95,53,42
S00159144,647,318,330
S00159145,90,35,55
S00159146,72,36,36
S00159147,110,63,44
S00159148,125,61,64
S00159149,111,45,70
S00159150,84,49,35
S00159151,121,65,56
S00159152,77,24,52
S00159153,104,55,46
S00159154,93,47,46
S00159155,101,51,50
S00159156,114,58,56
S00159157,80,39,41
S00159158,96,55,41
S00159159,77,36,41
S00159160,66,35,31
S00159161,152,64,88
S00159162,98,40,58
S00159163,76,45,31
S00159164,77,30,47
S00159165,73,44,29
S00159166,130,70,60
S00159167,70,35,35
S00159168,115,55,60
S00159169,127,67,60
S00159170,126,72,54
S00159171,156,83,74
S00159172,88,44,44
S00159173,217,130,87
S00159174,89,41,45
S00159175,85,36,49
S00159176,152,68,84
S00159177,78,37,41
S00159178,105,51,54
S00159179,141,69,75
S00159180,77,44,33
S00159181,136,56,82
S00159182,112,61,51
S00159183,110,63,47
S00159184,132,69,63
S00159185,119,55,67
S00159186,83,43,36
S00159187,112,62,50
S00159188,92,50,42
S00159189,164,88,76
S00159190,123,62,57
S00159191,124,73,51
S00159192,118,61,53
S00159193,137,74,63
S00159194,78,38,40
S00159195,170,93,77
S00159196,162,76,86
S00159197,98,49,49
S00159198,123,61,62
S00159199,71,37,33
S00159200,144,74,66
S00159201,116,57,54
S00159202,127,48,76
S00159203,90,47,41
S00159204,105,45,57
S00159205,151,79,72
S00159206,101,51,51
S00159207,62,28,37
S00159208,97,48,49
S00159209,71,49,25
S00159210,124,58,63
S00159211,91,51,40
S00159212,97,49,45
S00159213,101,55,46
S00159214,108,64,46
S00159215,102,54,48
S00159216,62,26,36
S00159217,68,27,41
S00159218,86,33,56
S00159219,94,47,47
S00159220,156,92,64
S00159221,79,47,32
S00159222,70,36,34
S00159223,88,48,41
S00159224,130,77,53
S00159225,67,42,25
S00159226,103,51,52
S00159227,79,34,45
S00159228,71,34,37
S00159229,110,66,43
S00159230,126,64,60
S00159231,67,39,28
S00159232,123,68,54
S00159233,147,77,74
S00159234,72,42,30
S00159235,114,62,56
S00159236,104,49,58
S00159237,96,54,39
S00159238,86,44,42
S00159239,152,84,68
S00159240,90,48,42
S00159241,85,45,42
S00159242,88,47,42
S00159243,148,74,78
S00159244,95,38,60
S00159245,90,55,35
S00159246,75,48,28
S00159247,111,64,47
S00159248,105,42,63
S00159249,126,51,72
S00159250,125,75,52
S00159251,115,63,55
S00159252,100,51,46
S00159253,84,54,32
S00159254,74,40,36
S00159255,127,66,59
S00159256,103,47,57
S00159257,162,93,71
S00159258,96,44,52
S00159259,94,50,44
S00159260,142,79,63
S00159261,101,45,55
S00159262,69,41,28
S00159263,79,49,30
S00159264,118,50,68
S00159265,154,86,68
S00159266,79,23,56
S00159267,129,69,56
S00159268,142,78,64
S00159269,84,36,49
S00159270,125,51,74
S00159271,91,43,48
S00159272,146,90,57
S00159273,77,34,45
S00159274,71,32,39
S00159275,132,71,61
S00159276,101,40,57
S00159277,114,55,60
S00159278,106,53,57
S00159279,88,44,44
S00159280,92,41,51
S00159281,109,58,54
S00159282,125,64,57
S00159283,79,42,37
S00159284,84,48,36
S00159285,125,64,61
S00159286,87,46,41
S00159287,69,26,36
S00159288,101,65,32
S00159289,115,58,56
S00159290,99,64,39
S00159291,150,86,64
S00159292,156,77,79
S00159293,125,63,66
S00159294,92,42,50
S00159295,120,66,54
S00159296,117,57,60
S00159297,97,61,38
S00159298,143,64,78
S00159299,129,66,60
S00159300,136,61,78
S00159301,97,38,59
S00159302,94,45,48
S00159303,78,35,43
S00159304,115,59,56
S00159305,104,44,57
S00159306,124,60,64
S00159307,73,42,35
S00159308,83,34,49
S00159309,113,55,60
S00159310,127,73,54
S00159311,169,81,88
S00159312,89,43,44
S00159313,83,33,50
S00159314,67,31,36
S00159315,211,116,96
S00159316,81,38,43
S00159317,96,33,61
S00159318,99,45,50
S00159319,97,48,47
S00159320,83,45,42
S00159321,85,37,48
S00159322,100,55,44
S00159323,130,61,67
S00159324,77,46,34
S00159325,72,30,43
S00159326,163,64,99
S00159327,65,37,28
S00159328,133,71,62
S00159329,150,81,72
S00159330,136,84,48
S00159331,67,36,35
S00159332,114,64,47
S00159333,79,32,47
S00159334,68,33,35
S00159335,95,51,44
S00159336,105,44,61
S00159337,84,37,47
S00159338,103,63,39
S00159339,187,101,86
S00159340,104,43,65
S00159341,97,36,61
S00159342,151,64,88
S00159343,87,45,41
S00159344,1439,683,756
S00159345,62,28,34
S00159346,80,40,40
S00159347,253,109,143
S00159348,111,52,59
S00159349,61,28,33
S00159350,77,34,43
S00159351,135,90,49
S00159352,89,46,41
S00159353,147,90,54
S00159354,111,53,58
S00159355,90,44,42
S00159356,142,74,68
S00159357,66,25,44
S00159358,71,26,47
S00159359,127,65,58
S00159360,120,55,61
S00159361,132,57,77
S00159362,117,57,60
S00159363,94,55,39
S00159364,104,45,59
S00159365,97,45,52
S00159366,151,69,82
S00159367,102,58,40
S00159368,82,39,44
S00159369,92,47,43
S00159370,88,35,50
S00159371,86,32,54
S00159372,135,64,71
S00159373,77,43,34
S00159374,95,57,38
S00159375,111,48,65
S00159376,131,74,54
S00159377,103,37,66
S00159378,91,51,40
S00159379,180,94,78
S00159380,94,48,46
S00159381,156,75,82
S00159382,62,30,30
S00159383,122,62,56
S00159384,67,19,47
S00159385,97,42,58
S00159386,67,30,36
S00159387,166,84,74
S00159388,63,29,34
S00159389,114,45,69
S00159390,92,44,48
S00159391,91,40,54
S00159392,105,42,63
S00159393,79,45,34
S00159394,86,45,41
S00159395,67,37,30
S00159396,87,39,48
S00159397,112,64,48
S00159398,79,43,41
S00159399,84,45,39
S00159400,79,43,36
S00159401,150,89,60
S00159402,82,41,43
S00159403,154,87,71
S00159404,88,47,41
S00159405,88,35,53
S00159406,140,73,67
S00159407,153,73,80
S00159408,109,61,44
S00159409,112,59,56
S00159410,113,56,57
S00159411,115,61,54
S00159412,149,64,81
S00159413,75,36,39
S00159414,83,38,48
S00159415,163,88,75
S00159416,86,49,37
S00159417,94,45,51
S00159418,96,48,48
S00159419,92,42,47
S00159420,67,36,34
S00159421,95,56,39
S00159422,61,25,35
S00159423,79,35,44
S00159424,73,31,42
S00159425,72,32,40
S00159426,100,58,43
S00159427,139,78,61
S00159428,69,24,45
S00159429,122,62,59
S00159430,186,89,97
S00159431,118,66,52
S00159432,78,45,32
S00159433,118,55,63
S00159434,842,361,481
S00159435,111,57,55
S00159436,87,39,48
S00159437,81,44,37
S00159438,97,50,47
S00159439,92,45,47
S00159440,75,36,39
S00159441,100,37,64
S00159442,131,67,64
S00159443,104,47,57
S00159444,100,55,50
S00159445,62,34,30
S00159446,90,54,36
S00159447,167,78,89
S00159448,77,31,46
S00159449,514,247,267
S00159450,111,57,54
S00159451,87,44,40
S00159452,68,41,27
S00159453,174,88,86
S00159454,130,59,71
S00159455,72,31,37
S00159456,90,50,40
S00159457,226,122,104
S00159458,97,37,59
S00159459,98,43,53
S00159460,86,43,43
S00159461,77,47,30
S00159462,79,42,37
S00159463,213,117,98
S00159464,107,53,54
S00159465,126,70,56
S00159466,81,45,43
S00159467,86,53,35
S00159468,153,75,78
S00159469,65,30,33
S00159470,122,50,72
S00159471,114,57,57
S00159472,92,41,51
S00159473,83,42,41
S00159474,145,73,72
S00159475,78,46,32
S00159476,96,53,43
S00159477,156,89,67
S00159478,83,50,33
S00159479,128,63,61
S00159480,66,24,42
S00159481,138,72,65
S00159482,145,80,65
S00159483,171,93,78
S00159484,176,95,81
S00159485,99,56,43
S00159486,67,27,40
S00159487,126,67,59
S00159488,85,37,49
S00159489,94,38,56
S00159490,64,34,33
S00159491,60,19,38
S00159492,122,62,60
S00159493,145,71,71
S00159494,70,40,30
S00159495,64,36,28
S00159496,76,43,39
S00159497,93,46,47
S00159498,80,49,30
S00159499,168,90,77
S00159500,95,48,47
S00159501,114,45,72
S00159502,104,36,64
S00159503,179,70,109
S00159504,106,40,70
S00159505,181,96,82
S00159506,71,39,35
S00159507,103,51,52
S00159508,74,36,38
S00159509,60,38,26
S00159510,105,49,56
S00159511,126,62,64
S00159512,87,45,42
S00159513,119,55,61
S00159514,70,39,34
S00159515,101,43,57
S00159516,104,63,41
S00159517,75,35,37
S00159518,85,42,43
S00159519,115,64,51
S00159520,93,47,46
S00159521,112,61,49
S00159522,117,53,64
S00159523,135,77,60
S00159524,146,84,67
S00159525,113,56,53
S00159526,112,57,55
S00159527,140,63,77
S00159528,124,71,50
S00159529,86,38,48
S00159530,86,38,48
S00159531,104,57,47
S00159532,73,40,33
S00159533,64,33,31
S00159534,121,70,51
S00159535,89,47,42
S00159536,118,61,57
S00159537,71,30,39
S00159538,113,65,48
S00159539,114,78,40
S00159540,115,64,48
S00159541,89,47,42
S00159542,100,36,64
S00159543,98,39,59
S00159544,94,46,48
S00159545,64,34,30
S00159546,72,36,33
S00159547,157,59,98
S00159548,77,30,46
S00159549,70,29,41
S00159550,107,48,63
S00159551,89,37,52
S00159552,91,51,40
S00159553,164,83,81
S00159554,111,58,53
S00159555,110,58,52
S00159556,116,57,61
S00159557,119,62,56
S00159558,70,39,31
S00159559,133,77,56
S00159560,91,38,53
S00159561,129,72,56
S00159562,116,62,54
S00159563,87,34,53
S00159564,101,49,52
S00159565,104,55,49
S00159566,127,63,60
S00159567,95,41,54
S00159568,164,80,82
S00159569,125,73,51
S00159570,73,37,36
S00159571,71,33,38
S00159572,71,28,40
S00159573,68,38,30
S00159574,109,53,56
S00159575,84,25,59
S00159576,104,55,46
S00159577,137,71,69
S00159578,95,53,42
S00159579,70,31,39
S00159580,121,63,58
S00159581,110,42,68
S00159582,101,49,52
S00159583,75,26,50
S00159584,93,47,46
S00159585,72,40,35
S00159586,95,44,49
S00159587,68,29,39
S00159588,86,55,31
S00159589,115,64,51
S00159590,145,73,72
S00159591,115,64,51
S00159592,76,35,44
S00159593,65,26,39
S00159594,153,83,74
S00159595,142,49,93
S00159596,208,83,125
S00159597,116,56,59
S00159598,151,77,75
S00159599,120,50,67
S00159600,188,92,96
S00159601,102,47,56
S00159602,262,60,202
S00159603,292,167,125
S00159604,94,57,37
S00159605,187,97,91
S00159606,87,35,52
S00159607,122,69,54
S00159608,80,34,42
S00159609,143,63,78
S00159610,99,49,50
S00159611,103,52,51
S00159612,175,91,80
S00159613,113,61,52
S00159614,86,47,39
S00159615,130,75,55
S00159616,180,98,82
S00159617,168,89,75
S00159618,103,56,47
S00159619,70,41,25
S00159620,127,66,57
S00159621,100,48,52
S00159622,99,57,42
S00159623,87,40,47
S00159624,84,48,36
S00159625,72,35,40
S00159626,138,83,59
S00159627,84,37,51
S00159628,119,55,62
S00159629,167,88,79
S00159630,78,32,50
S00159631,105,59,46
S00159632,108,60,51
S00159633,119,73,46
S00159634,166,92,70
S00159635,118,63,56
S00159636,76,44,32
S00159637,80,32,48
S00159638,156,84,70
S00159639,111,58,53
S00159640,139,63,76
S00159641,66,30,36
S00159642,108,54,52
S00159643,119,58,61
S00159644,75,46,29
S00159645,199,96,103
S00159646,82,31,51
S00159647,179,100,82
S00159648,135,64,72
S00159649,115,64,52
S00159650,74,45,29
S00159651,207,105,98
S00159652,92,37,59
S00159653,190,97,93
S00159654,177,91,86
S00159655,177,93,84
S00159656,127,74,49
S00159657,102,50,52
S00159658,117,68,49
S00159659,130,64,65
S00159660,86,47,40
S00159661,63,22,44
S00159662,125,65,60
S00159663,104,41,61
S00159664,106,45,61
S00159665,94,35,55
S00159666,154,86,68
S00159667,63,22,41
S00159668,122,54,64
S00159669,121,49,68
S00159670,94,44,50
S00159671,81,49,36
S00159672,66,28,36
S00159673,81,46,38
S00159674,152,81,71
S00159675,125,58,67
S00159676,98,54,44
S00159677,117,59,58
S00159678,80,43,37
S00159679,140,72,68
S00159680,115,39,76
S00159681,102,49,53
S00159682,99,60,39
S00159683,114,53,55
S00159684,124,64,65
S00159685,104,50,54
S00159686,161,78,84
S00159687,78,34,46
S00159688,102,49,53
S00159689,159,70,89
S00159690,74,37,37
S00159691,79,47,35
S00159692,77,44,33
S00159693,131,76,55
S00159694,114,51,63
S00159695,97,36,57
S00159696,138,77,64
S00159697,79,36,43
S00159698,123,61,62
S00159699,150,76,74
S00159700,140,70,70
S00159701,164,79,85
S00159702,91,43,48
S00159703,136,71,65
S00159704,65,36,32
S00159705,103,52,51
S00159706,78,40,38
S00159707,145,69,76
S00159708,159,76,83
S00159709,85,45,40
S00159710,143,72,73
S00159711,106,53,53
S00159712,133,60,73
S00159713,310,95,218
S00159714,127,63,61
S00159715,165,83,82
S00159716,95,58,40
S00159717,120,63,57
S00159718,156,79,77
S00159719,77,52,27
S00159720,146,70,76
S00159721,145,78,67
S00159722,89,50,39
S00159723,106,59,50
S00159724,107,52,58
S00159725,57,23,38
S00159726,146,71,79
S00159727,128,69,59
S00159728,94,52,42
S00159729,188,70,118
S00159730,121,69,52
S00159731,131,62,65
S00159732,83,23,59
S00159733,95,45,50
S00159734,162,89,73
S00159735,95,41,54
S00159736,76,39,39
S00159737,103,50,53
S00159738,202,100,102
S00159739,94,42,52
S00159740,82,45,37
S00159741,174,91,85
S00159742,62,24,42
S00159743,92,53,39
S00159744,111,58,56
S00159745,64,36,32
S00159746,101,40,62
S00159747,154,84,70
S00159748,69,44,25
S00159749,123,56,66
S00159750,143,91,48
S00159751,102,50,52
S00159752,163,85,78
S00159753,122,68,54
S00159754,167,84,83
S00159755,114,52,62
S00159756,96,44,52
S00159757,102,43,61
S00159758,121,63,56
S00159759,93,30,63
S00159760,151,78,73
S00159761,71,30,41
S00159762,91,50,38
S00159763,68,36,32
S00159764,91,44,47
S00159765,111,65,46
S00159766,81,39,43
S00159767,86,35,51
S00159768,116,44,72
S00159769,96,45,51
S00159770,94,45,49
S00159771,92,50,42
S00159772,140,75,65
S00159773,155,76,76
S00159774,212,118,90
S00159775,65,33,32
S00159776,83,49,38
S00159777,144,70,74
S00159778,113,71,42
S00159779,94,50,44
S00159780,124,65,59
S00159781,100,44,56
S00159782,120,54,65
S00159783,66,37,29
S00159784,137,67,70
S00159785,104,44,60
S00159786,203,99,104
S00159787,122,51,71
S00159788,91,41,50
S00159789,103,53,50
S00159790,61,28,33
S00159791,110,40,70
S00159792,93,48,45
S00159793,120,54,64
S00159794,162,73,89
S00159795,91,44,47
S00159796,85,27,58
S00159797,75,42,33
S00159798,68,37,31
S00159799,77,41,37
S00159800,67,35,32
S00159801,153,87,66
S00159802,103,43,60
S00159803,79,36,43
S00159804,103,43,64
S00159805,78,35,40
S00159806,152,83,69
S00159807,95,35,60
S00159808,171,81,90
S00159809,155,91,64
S00159810,122,53,69
S00159811,82,39,49
S00159812,77,39,38
S00159813,97,52,49
S00159814,74,36,38
S00159815,77,39,36
S00159816,113,60,56
S00159817,71,36,36
S00159818,122,66,54
S00159819,153,72,81
S00159820,100,40,56
S00159821,86,42,44
S00159822,191,104,87
S00159823,114,65,49
S00159824,89,49,40
S00159825,128,60,68
S00159826,174,94,80
S00159827,110,53,57
S00159828,126,67,59
S00159829,74,38,35
S00159830,88,44,40
S00159831,85,42,41
S00159832,155,74,81
S00159833,84,42,39
S00159834,107,61,46
S00159835,151,69,82
S00159836,136,68,68
S00159837,64,27,37
S00159838,111,56,55
S00159839,96,41,55
S00159840,159,96,63
S00159841,134,70,61
S00159842,88,50,40
S00159843,126,65,61
S00159844,128,62,70
S00159845,78,45,33
S00159846,87,40,49
S00159847,150,69,81
S00159848,78,47,30
S00159849,97,40,56
S00159850,82,37,45
S00159851,70,37,33
S00159852,208,83,122
S00159853,64,27,35
S00159854,108,56,49
S00159855,82,36,39
S00159856,129,68,61
S00159857,93,44,49
S00159858,93,35,58
S00159859,106,53,53
S00159860,81,43,38
S00159861,69,36,37
S00159862,88,48,42
S00159863,77,31,46
S00159864,161,87,71
S00159865,74,31,43
S00159866,105,37,68
S00159867,117,55,62
S00159868,79,45,34
S00159869,66,25,42
S00159870,81,33,48
S00159871,124,60,64
S00159872,165,82,80
S00159873,157,77,81
S00159874,90,59,31
S00159875,115,64,51
S00159876,83,48,35
S00159877,64,25,36
S00159878,96,48,48
S00159879,70,30,40
S00159880,69,27,43
S00159881,134,67,66
S00159882,125,61,61
S00159883,96,44,52
S00159884,98,46,52
S00159885,119,62,57
S00159886,110,59,51
S00159887,128,67,58
S00159888,61,31,30
S00159889,85,48,37
S00159890,139,72,65
S00159891,96,48,48
S00159892,69,31,38
S00159893,118,61,57
S00159894,100,52,44
S00159895,104,56,48
S00159896,104,55,49
S00159897,180,86,94
S00159898,65,33,32
S00159899,127,65,62
S00159900,86,50,44
S00159901,152,82,70
S00159902,100,59,41
S00159903,106,61,45
S00159904,71,31,40
S00159905,92,51,41
S00159906,166,82,84
S00159907,82,47,35
S00159908,88,40,44
S00159909,125,71,54
S00159910,75,42,34
S00159911,126,68,58
S00159912,126,76,50
S00159913,126,60,65
S00159914,153,72,81
S00159915,116,66,50
S00159916,84,47,40
S00159917,159,85,74
S00159918,110,54,56
S00159919,131,68,63
S00159920,61,32,26
S00159921,120,60,60
S00159922,129,65,63
S00159923,70,28,41
S00159924,81,45,37
S00159925,71,33,41
S00159926,64,34,30
S00159927,104,66,38
S00159928,66,37,29
S00159929,187,98,84
S00159930,113,57,52
S00159931,158,75,87
S00159932,130,65,65
S00159933,104,59,42
S00159934,193,102,91
S00159935,131,76,55
S00159936,83,47,36
S00159937,74,20,54
S00159938,110,45,65
S00159939,143,70,70
S00159940,73,44,29
S00159941,113,64,53
S00159942,96,51,45
S00159943,61,36,25
S00159944,112,53,59
S00159945,155,83,73
S00159946,72,42,30
S00159947,84,46,38
S00159948,80,34,46
S00159949,128,75,53
S00159950,127,64,60
S00159951,128,59,69
S00159952,97,54,40
S00159953,108,62,46
S00159954,105,51,54
S00159955,132,69,66
S00159956,86,46,36
S00159957,154,87,67
S00159958,196,105,92
S00159959,129,73,60
S00159960,89,36,53
S00159961,118,66,52
S00159962,95,33,58
S00159963,86,42,38
S00159964,118,59,59
S00159965,90,44,46
S00159966,159,77,79
S00159967,95,50,45
S00159968,130,60,70
S00159969,191,104,90
S00159970,76,40,36
S00159971,76,41,35
S00159972,106,54,48
S00159973,96,49,50
S00159974,100,31,69
S00159975,92,40,55
S00159976,179,67,112
S00159977,98,55,43
S00159978,110,49,61
S00159979,105,62,44
S00159980,120,47,73
S00159981,129,83,46
S00159982,129,64,68
S00159983,139,83,56
S00159984,112,55,54
S00159985,91,44,47
S00159986,92,43,49
S00159987,92,46,50
S00159988,70,50,23
S00159989,98,49,49
S00159990,111,55,56
S00159991,112,56,56
S00159992,100,54,46
S00159993,100,56,45
S00159994,85,46,42
S00159995,124,69,55
S00159996,138,55,83
S00159997,162,90,71
S00159998,89,46,43
S00159999,82,47,35
S00160000,124,62,59
S00160001,91,52,39
S00160002,84,48,36
S00160003,80,36,44
S00160004,119,58,61
S00160005,112,64,55
S00160006,115,59,52
S00160007,97,51,46
S00160008,87,39,48
S00160009,99,52,51
S00160010,117,56,61
S00160011,147,66,81
S00160012,112,60,51
S00160013,95,46,50
S00160014,83,53,30
S00160015,87,48,39
S00160016,92,45,44
S00160017,167,88,79
S00160018,149,86,63
S00160019,71,38,33
S00160020,80,48,32
S00160021,119,64,55
S00160022,106,51,55
S00160023,132,69,63
S00160024,109,59,47
S00160025,101,45,55
S00160026,108,53,52
S00160027,96,54,44
S00160028,84,40,44
S00160029,95,43,52
S00160030,204,109,95
S00160031,101,42,59
S00160032,85,41,44
S00160033,98,51,47
S00160034,119,63,56
S00160035,175,91,84
S00160036,147,67,76
S00160037,135,63,72
S00160038,91,39,49
S00160039,124,62,62
S00160040,197,107,88
S00160041,132,69,67
S00160042,161,83,78
S00160043,150,67,86
S00160044,110,57,57
S00160045,141,74,67
S00160046,92,48,44
S00160047,61,28,33
S00160048,144,70,77
S00160049,182,104,78
S00160050,117,66,51
S00160051,122,66,56
S00160052,93,52,41
S00160053,169,95,74
S00160054,68,36,35
S00160055,116,62,54
S00160056,199,120,75
S00160057,130,69,60
S00160058,67,30,37
S00160059,126,66,60
S00160060,85,40,45
S00160061,126,65,59
S00160062,68,37,28
S00160063,112,59,53
S00160064,84,43,41
S00160065,157,80,79
S00160066,76,43,33
S00160067,90,49,41
S00160068,133,71,62
S00160069,85,48,39
S00160070,135,68,67
S00160071,124,48,76
S00160072,137,74,63
S00160073,69,31,38
S00160074,107,49,58
S00160075,98,44,54
S00160076,139,75,67
S00160077,123,60,65
S00160078,80,39,41
S00160079,138,68,70
S00160080,89,41,51
S00160081,124,63,64
S00160082,151,74,77
S00160083,75,34,41
S00160084,85,45,40
S00160085,127,70,57
S00160086,124,74,50
S00160087,167,92,75
S00160088,70,38,32
S00160089,89,50,39
S00160090,98,56,43
S00160091,127,74,56
S00160092,132,65,67
S00160093,111,56,55
S00160094,113,58,55
S00160095,77,43,34
S00160096,110,63,47
S00160097,137,56,81
S00160098,135,72,63
S00160099,73,37,36
S00160100,120,61,59
S00160101,64,31,33
S00160102,96,43,52
S00160103,151,72,82
S00160104,100,58,42
S00160105,115,62,53
S00160106,98,51,51
S00160107,147,88,61
S00160108,132,71,63
S00160109,83,42,41
S00160110,126,66,63
S00160111,71,42,31
S00160112,74,37,37
S00160113,129,62,67
S00160114,92,42,50
S00160115,148,65,83
S00160116,91,56,38
S00160117,81,42,32
S00160118,114,62,56
S00160119,208,113,95
S00160120,81,45,36
S00160121,71,46,21
S00160122,71,30,40
S00160123,104,54,50
S00160124,134,57,72
S00160125,117,55,62
S00160126,155,68,83
S00160127,99,48,51
S00160128,97,45,49
S00160129,106,52,54
S00160130,122,65,57
S00160131,70,43,27
S00160132,124,67,57
S00160133,134,68,66
S00160134,177,89,84
S00160135,113,54,59
S00160136,115,57,58
S00160137,125,59,66
S00160138,106,54,52
S00160139,173,91,84
S00160140,68,35,36
S00160141,117,64,52
S00160142,116,35,77
S00160143,118,59,59
S00160144,84,44,40
S00160145,164,106,58
S00160146,130,59,71
S00160147,73,34,35
S00160148,80,36,43
S00160149,61,31,30
S00160150,174,96,78
S00160151,88,52,35
S00160152,132,56,76
S00160153,125,71,54
S00160154,158,86,72
S00160155,100,41,57
S00160156,128,67,62
S00160157,104,56,49
S00160158,98,45,53
S00160159,155,89,65
S00160160,89,40,49
S00160161,175,102,74
S00160162,138,69,71
S00160163,151,70,81
S00160164,71,30,38
S00160165,153,79,74
S00160166,107,49,57
S00160167,97,50,45
S00160168,138,74,64
S00160169,65,25,40
S00160170,98,49,49
S00160171,91,48,43
S00160172,76,36,37
S00160173,63,30,33
S00160174,71,37,34
S00160175,107,57,50
S00160176,88,45,36
S00160177,95,43,52
S00160178,132,66,61
S00160179,97,42,55
S00160180,187,92,95
S00160181,85,49,36
S00160182,119,60,59
S00160183,135,66,65
S00160184,93,51,42
S00160185,117,64,53
S00160186,62,28,36
S00160187,88,45,36
S00160188,124,61,63
S00160189,84,39,45
S00160190,122,66,56
S00160191,78,32,46
S00160192,129,53,76
S00160193,213,116,93
S00160194,97,47,50
S00160195,239,128,111
S00160196,87,37,50
S00160197,131,76,56
S00160198,94,51,44
S00160199,81,38,43
S00160200,141,80,61
S00160201,116,57,59
S00160202,147,72,75
S00160203,92,53,39
S00160204,66,26,36
S00160205,109,51,58
S00160206,127,59,68
S00160207,70,38,32
S00160208,114,58,55
S00160209,110,59,51
S00160210,104,54,50
S00160211,143,69,74
S00160212,86,51,35
S00160213,105,61,47
S00160214,81,41,43
S00160215,162,88,74
S00160216,128,62,63
S00160217,104,49,55
S00160218,130,63,67
S00160219,148,70,78
S00160220,80,44,40
S00160221,132,57,75
S00160222,113,60,53
S00160223,205,116,88
S00160224,114,55,60
S00160225,104,53,53
S00160226,65,32,33
S00160227,73,38,35
S00160228,98,47,50
S00160229,96,53,43
S00160230,141,81,64
S00160231,114,55,60
S00160232,141,70,71
S00160233,62,29,33
S00160234,96,48,48
S00160235,113,52,61
S00160236,98,50,48
S00160237,101,62,37
S00160238,68,26,42
S00160239,154,82,72
S00160240,198,115,85
S00160241,80,42,38
S00160242,120,51,69
S00160243,88,52,36
S00160244,128,70,62
S00160245,118,68,47
S00160246,117,67,50
S00160247,133,67,70
S00160248,86,49,38
S00160249,127,74,57
S00160250,64,30,34
S00160251,84,42,42
S00160252,115,61,57
S00160253,129,71,58
S00160254,127,82,45
S00160255,93,54,42
S00160256,104,53,51
S00160257,73,34,41
S00160258,137,77,56
S00160259,60,27,35
S00160260,102,57,45
S00160261,72,40,32
S00160262,82,42,40
S00160263,76,37,39
S00160264,79,45,34
S00160265,102,57,47
S00160266,236,121,118
S00160267,134,60,77
S00160268,65,42,23
S00160269,122,65,54
S00160270,85,45,40
S00160271,96,43,57
S00160272,97,48,51
S00160273,86,46,37
S00160274,120,67,51
S00160275,104,54,50
S00160276,85,41,44
S00160277,88,39,49
S00160278,133,71,62
S00160279,128,60,68
S00160280,90,49,41
S00160281,123,63,60
S00160282,154,85,69
S00160283,75,33,42
S00160284,93,41,52
S00160285,94,56,38
S00160286,66,36,31
S00160287,172,87,85
S00160288,74,39,35
S00160289,215,130,85
S00160290,140,69,69
S00160291,72,38,34
S00160292,86,36,50
S00160293,97,53,44
S00160294,68,33,35
S00160295,111,45,66
S00160296,104,63,41
S00160297,138,74,65
S00160298,154,73,81
S00160299,163,82,77
S00160300,89,46,44
S00160301,107,53,53
S00160302,183,93,90
S00160303,69,36,33
S00160304,114,64,50
S00160305,70,41,29
S00160306,123,68,55
S00160307,107,47,60
S00160308,122,63,56
S00160309,113,56,57
S00160310,95,60,34
S00160311,109,50,61
S00160312,117,62,55
S00160313,92,50,42
S00160314,162,93,69
S00160315,160,90,74
S00160316,380,235,145
S00160317,82,50,28
S00160318,205,100,105
S00160319,86,44,42
S00160320,71,32,36
S00160321,144,74,70
S00160322,102,51,51
S00160323,78,44,34
S00160324,98,52,46
S00160325,82,52,34
S00160326,95,46,49
S00160327,80,38,42
S00160328,92,50,42
S00160329,144,55,89
S00160330,87,42,45
S00160331,68,31,37
S00160332,65,34,28
S00160333,105,52,56
S00160334,115,52,58
S00160335,136,69,67
S00160336,68,37,31
S00160337,206,123,83
S00160338,95,48,48
S00160339,146,83,63
S00160340,107,53,56
S00160341,96,57,40
S00160342,93,51,42
S00160343,140,59,77
S00160344,83,37,43
S00160345,120,72,48
S00160346,68,34,37
S00160347,87,43,44
S00160348,102,48,54
S00160349,91,43,48
S00160350,137,73,67
S00160351,111,55,55
S00160352,77,32,45
S00160353,130,66,64
S00160354,109,62,47
S00160355,97,40,54
S00160356,77,41,36
S00160357,152,80,76
S00160358,87,42,45
S00160359,89,45,48
S00160360,92,44,54
S00160361,106,49,57
S00160362,185,98,83
S00160363,126,66,60
S00160364,102,46,56
S00160365,95,51,44
S00160366,128,63,65
S00160367,206,94,112
S00160368,98,49,46
S00160369,112,53,55
S00160370,85,46,39
S00160371,91,49,42
S00160372,204,116,88
S00160373,166,89,80
S00160374,64,24,43
S00160375,123,49,73
S00160376,111,58,54
S00160377,148,85,63
S00160378,132,63,67
S00160379,184,93,91
S00160380,136,75,61
S00160381,95,46,49
S00160382,138,63,72
S00160383,138,74,64
S00160384,156,79,77
S00160385,70,40,28
S00160386,86,52,37
S00160387,130,49,81
S00160388,222,117,104
S00160389,172,75,97
S00160390,88,45,43
S00160391,99,52,50
S00160392,96,49,47
S00160393,175,84,91
S00160394,82,40,42
S00160395,76,37,39
S00160396,73,37,36
S00160397,172,85,86
S00160398,151,72,78
S00160399,76,41,38
S00160400,90,44,46
S00160401,83,41,41
S00160402,91,51,43
S00160403,228,119,108
S00160404,142,77,67
S00160405,79,30,49
S00160406,132,73,63
S00160407,146,83,67
S00160408,157,80,77
S00160409,150,78,72
S00160410,106,59,50
S00160411,126,70,56
S00160412,138,69,69
S00160413,147,68,79
S00160414,129,68,61
S00160415,122,66,56
S00160416,94,49,45
S00160417,64,21,43
S00160418,77,36,41
S00160419,86,46,39
S00160420,250,136,116
S00160421,68,17,51
S00160422,174,94,80
S00160423,82,43,39
S00160424,155,86,76
S00160425,112,58,54
S00160426,212,112,100
S00160427,105,57,48
S00160428,64,33,31
S00160429,112,57,47
S00160430,97,56,41
S00160431,67,34,33
S00160432,132,70,62
S00160433,233,116,116
S00160434,90,50,40
S00160435,67,44,23
S00160436,68,30,38
S00160437,112,63,53
S00160438,127,70,57
S00160439,62,31,31
S00160440,76,40,36
S00160441,84,46,38
S00160442,115,50,63
S00160443,127,68,59
S00160444,76,25,47
S00160445,130,72,58
S00160446,71,38,29
S00160447,104,62,43
S00160448,65,36,29
S00160449,149,77,72
S00160450,74,44,28
S00160451,77,47,34
S00160452,105,56,49
S00160453,201,107,94
S00160454,77,23,54
S00160455,137,74,64
S00160456,127,76,50
S00160457,88,41,47
S00160458,124,57,67
S00160459,123,71,53
S00160460,70,36,34
S00160461,58,30,31
S00160462,71,37,34
S00160463,109,65,44
S00160464,118,58,64
S00160465,130,65,58
S00160466,121,54,65
S00160467,109,60,45
S00160468,121,68,53
S00160469,80,40,37
S00160470,112,59,53
S00160471,91,49,44
S00160472,102,46,55
S00160473,97,56,41
S00160474,90,46,44
S00160475,81,48,33
S00160476,106,51,52
S00160477,85,43,43
S00160478,146,63,83
S00160479,128,57,71
S00160480,58,31,30
S00160481,129,70,59
S00160482,83,42,41
S00160483,134,61,73
S00160484,113,52,61
S00160485,93,48,45
S00160486,150,75,75
S00160487,90,32,55
S00160488,163,82,81
S00160489,61,28,33
S00160490,81,30,47
S00160491,131,59,72
S00160492,111,62,46
S00160493,173,82,91
S00160494,174,94,84
S00160495,75,43,33
S00160496,96,50,46
S00160497,176,86,90
S00160498,86,45,41
S00160499,167,87,78
S00160500,194,85,107
S00160501,112,58,54
S00160502,93,47,46
S00160503,147,69,75
S00160504,120,27,93
S00160505,97,46,51
S00160506,162,83,79
S00160507,104,54,50
S00160508,85,44,36
S00160509,94,50,44
S00160510,122,64,58
S00160511,138,46,97
S00160512,112,66,50
S00160513,123,65,58
S00160514,232,112,118
S00160515,70,39,36
S00160516,119,62,57
S00160517,86,48,41
S00160518,133,68,65
S00160519,62,29,33
S00160520,103,52,51
S00160521,116,54,62
S00160522,75,43,32
S00160523,111,66,45
S00160524,165,93,76
S00160525,112,36,76
S00160526,157,73,87
S00160527,113,60,49
S00160528,160,73,87
S00160529,130,62,65
S00160530,220,109,114
S00160531,131,58,66
S00160532,122,66,56
S00160533,169,89,80
S00160534,117,79,40
S00160535,117,55,62
S00160536,74,37,39
S00160537,157,77,80
S00160538,84,39,45
S00160539,120,67,53
S00160540,63,31,32
S00160541,71,37,34
S00160542,74,39,35
S00160543,169,83,86
S00160544,66,33,33
S00160545,170,84,86
S00160546,79,39,40
S00160547,117,37,80
S00160548,66,32,38
S00160549,167,88,79
S00160550,91,55,36
S00160551,90,44,46
S00160552,139,75,69
S00160553,223,113,109
S00160554,121,67,54
S00160555,76,34,42
S00160556,170,96,74
S00160557,99,58,41
S00160558,117,64,56
S00160559,86,37,52
S00160560,92,46,46
S00160561,79,48,31
S00160562,80,28,52
S00160563,105,55,50
S00160564,101,55,46
S00160565,127,56,71
S00160566,118,52,66
S00160567,98,53,47
S00160568,107,58,49
S00160569,162,91,74
S00160570,169,87,82
S00160571,177,86,91
S00160572,72,35,37
S00160573,101,52,49
S00160574,124,63,61
S00160575,156,80,76
S00160576,95,48,47
S00160577,62,32,30
S00160578,86,44,42
S00160579,69,38,30
S00160580,106,53,53
S00160581,160,74,86
S00160582,87,42,41
S00160583,86,34,52
S00160584,137,72,68
S00160585,197,98,98
S00160586,82,45,34
S00160587,118,68,50
S00160588,102,52,50
S00160589,87,46,41
S00160590,86,44,42
S00160591,89,48,41
S00160592,161,76,85
S00160593,89,46,47
S00160594,148,71,80
S00160595,69,35,38
S00160596,116,63,53
S00160597,122,57,65
S00160598,135,53,82
S00160599,145,80,66
S00160600,75,33,42
S00160601,115,64,55
S00160602,86,45,41
S00160603,167,84,83
S00160604,92,49,47
S00160605,226,114,113
S00160606,129,58,68
S00160607,150,75,75
S00160608,103,49,54
S00160609,108,60,48
S00160610,143,85,60
S00160611,139,65,73
S00160612,117,69,48
S00160613,94,49,45
S00160614,77,39,38
S00160615,153,76,77
S00160616,75,40,39
S00160617,86,43,41
S00160618,68,36,36
S00160619,139,70,73
S00160620,125,55,70
S00160621,160,89,71
S00160622,149,83,65
S00160623,137,71,69
S00160624,123,56,65
S00160625,119,58,57
S00160626,115,63,53
S00160627,98,47,54
S00160628,113,49,60
S00160629,86,45,39
S00160630,71,34,37
S00160631,94,42,52
S00160632,135,69,65
S00160633,134,70,64
S00160634,170,92,78
S00160635,205,97,108
S00160636,98,49,49
S00160637,100,57,43
S00160638,136,62,74
S00160639,159,81,78
S00160640,113,61,52
S00160641,108,57,54
S00160642,112,69,42
S00160643,102,53,47
S00160644,151,68,80
S00160645,111,49,60
S00160646,88,41,47
S00160647,106,56,50
S00160648,186,96,90
S00160649,151,80,75
S00160650,92,49,43
S00160651,80,47,33
S00160652,168,89,79
S00160653,88,48,41
S00160654,124,67,58
S00160655,66,26,40
S00160656,211,115,92
S00160657,80,47,33
S00160658,82,48,37
S00160659,105,58,51
S00160660,111,50,61
S00160661,103,52,51
S00160662,121,64,56
S00160663,136,58,78
S00160664,242,123,119
S00160665,114,58,56
S00160666,122,56,66
S00160667,119,66,53
S00160668,80,40,42
S00160669,227,119,114
S00160670,175,87,88
S00160671,128,71,60
S00160672,122,76,50
S00160673,111,52,55
S00160674,124,58,66
S00160675,89,47,45
S00160676,80,46,30
S00160677,146,81,65
S00160678,120,62,58
S00160679,63,29,34
S00160680,103,53,50
S00160681,121,62,61
S00160682,63,34,29
S00160683,130,54,76
S00160684,154,77,74
S00160685,137,74,63
S00160686,200,100,100
S00160687,100,47,51
S00160688,105,48,54
S00160689,95,54,41
S00160690,304,151,153
S00160691,89,38,52
S00160692,61,28,33
S00160693,110,52,58
S00160694,124,62,62
S00160695,113,60,57
S00160696,183,88,96
S00160697,155,83,76
S00160698,133,71,62
S00160699,65,37,28
S00160700,168,89,80
S00160701,152,101,51
S00160702,78,33,43
S00160703,168,50,118
S00160704,106,47,59
S00160705,78,40,38
S00160706,235,120,118
S00160707,119,62,57
S00160708,202,102,102
S00160709,110,60,51
S00160710,79,46,33
S00160711,120,66,51
S00160712,139,78,63
S00160713,96,55,38
S00160714,118,64,54
S00160715,89,42,47
S00160716,166,81,81
S00160717,118,62,59
S00160718,80,34,42
S00160719,121,66,55
S00160720,94,39,55
S00160721,121,63,58
S00160722,60,30,30
S00160723,110,56,52
S00160724,160,78,85
S00160725,132,64,66
S00160726,100,47,53
S00160727,72,41,31
S00160728,251,152,99
S00160729,145,76,73
S00160730,60,29,31
S00160731,151,75,76
S00160732,144,71,71
S00160733,91,33,55
S00160734,120,65,55
S00160735,152,85,71
S00160736,110,55,55
S00160737,133,65,68
S00160738,118,65,53
S00160739,114,43,71
S00160740,135,67,62
S00160741,68,34,34
S00160742,118,58,60
S00160743,103,56,43
S00160744,105,58,55
S00160745,123,53,70
S00160746,184,88,95
S00160747,116,67,45
S00160748,144,76,68
S00160749,94,56,42
S00160750,110,56,58
S00160751,83,42,41
S00160752,125,59,66
S00160753,194,108,86
S00160754,152,64,84
S00160755,154,78,76
S00160756,88,49,39
S00160757,112,58,52
S00160758,167,84,83
S00160759,171,103,71
S00160760,87,38,45
S00160761,84,53,30
S00160762,137,65,74
S00160763,140,66,74
S00160764,72,33,42
S00160765,179,91,88
S00160766,162,95,67
S00160767,78,32,46
S00160768,170,80,90
S00160769,94,51,43
S00160770,230,110,120
S00160771,75,43,33
S00160772,86,33,53
S00160773,62,27,35
S00160774,136,65,71
S00160775,116,52,64
S00160776,95,54,41
S00160777,152,71,80
S00160778,127,69,58
S00160779,125,69,59
S00160780,106,61,48
S00160781,112,62,46
S00160782,85,40,48
S00160783,171,82,88
S00160784,88,38,51
S00160785,146,78,68
S00160786,127,68,59
S00160787,72,33,39
S00160788,128,61,67
S00160789,69,37,34
S00160790,146,71,76
S00160791,159,65,94
S00160792,75,36,39
S00160793,154,89,65
S00160794,140,82,58
S00160795,190,102,88
S00160796,57,31,30
S00160797,87,35,53
S00160798,82,34,51
S00160799,110,51,59
S00160800,85,41,44
S00160801,64,29,35
S00160802,64,30,34
S00160803,153,78,72
S00160804,69,33,41
S00160805,87,36,51
S00160806,132,64,68
S00160807,123,53,70
S00160808,117,66,57
S00160809,136,75,61
S00160810,94,56,35
S00160811,107,56,51
S00160812,116,57,55
S00160813,128,63,61
S00160814,105,58,47
S00160815,185,93,92
S00160816,133,66,67
S00160817,62,21,40
S00160818,121,60,62
S00160819,74,40,34
S00160820,70,37,33
S00160821,85,42,44
S00160822,168,87,80
S00160823,67,32,35
S00160824,114,53,57
S00160825,119,58,61
S00160826,91,39,52
S00160827,124,64,60
S00160828,155,89,67
S00160829,132,59,73
S00160830,95,45,50
S00160831,73,32,38
S00160832,71,35,36
S00160833,88,35,50
S00160834,81,39,42
S00160835,208,103,105
S00160836,69,32,37
S00160837,121,55,63
S00160838,61,29,32
S00160839,88,37,48
S00160840,141,82,62
S00160841,133,68,65
S00160842,107,59,49
S00160843,76,36,40
S00160844,158,84,74
S00160845,94,53,40
S00160846,92,48,44
S00160847,150,66,85
S00160848,96,48,48
S00160849,169,86,83
S00160850,87,47,47
S00160851,121,55,66
S00160852,226,113,117
S00160853,134,61,73
S00160854,116,67,53
S00160855,159,71,85
S00160856,129,73,57
S00160857,190,85,107
S00160858,173,92,81
S00160859,69,39,31
S00160860,88,46,42
S00160861,206,104,102
S00160862,71,37,31
S00160863,176,104,74
S00160864,200,96,104
S00160865,136,49,87
S00160866,135,67,66
S00160867,101,42,59
S00160868,94,42,52
S00160869,97,46,52
S00160870,271,131,140
S00160871,131,71,64
S00160872,168,89,77
S00160873,91,48,43
S00160874,83,35,48
S00160875,110,42,68
S00160876,122,62,60
S00160877,147,73,74
S00160878,144,71,73
S00160879,143,77,66
S00160880,135,58,77
S00160881,122,64,58
S00160882,95,45,50
S00160883,74,39,37
S00160884,96,47,49
S00160885,116,61,55
S00160886,164,72,88
S00160887,144,60,80
S00160888,60,24,34
S00160889,93,42,51
S00160890,124,53,69
S00160891,69,32,36
S00160892,120,58,65
S00160893,90,46,44
S00160894,115,60,55
S00160895,157,83,74
S00160896,103,58,41
S00160897,71,29,42
S00160898,149,78,71
S00160899,125,69,55
S00160900,120,59,61
S00160901,153,77,76
S00160902,109,53,54
S00160903,147,80,70
S00160904,113,57,57
S00160905,102,48,54
S00160906,82,46,36
S00160907,79,43,36
S00160908,118,60,58
S00160909,120,65,57
S00160910,104,58,43
S00160911,145,73,72
S00160912,152,67,85
S00160913,199,104,91
S00160914,119,62,57
S00160915,136,59,76
S00160916,94,46,48
S00160917,86,35,51
S00160918,146,62,84
S00160919,131,78,53
S00160920,90,44,46
S00160921,98,51,49
S00160922,92,39,49
S00160923,100,53,48
S00160924,131,64,67
S00160925,81,45,37
S00160926,265,137,131
S00160927,310,166,147
S00160928,113,57,56
S00160929,147,62,85
S00160930,207,105,98
S00160931,138,71,69
S00160932,92,49,44
S00160933,137,74,63
S00160934,98,35,63
S00160935,145,55,88
S00160936,74,33,41
S00160937,133,60,69
S00160938,159,86,73
S00160939,169,81,88
S00160940,68,42,29
S00160941,118,46,72
S00160942,176,93,83
S00160943,84,36,48
S00160944,127,55,72
S00160945,107,42,64
S00160946,100,49,51
S00160947,194,105,89
S00160948,183,99,84
S00160949,65,32,31
S00160950,74,40,34
S00160951,118,56,61
S00160952,66,29,37
S00160953,257,124,133
S00160954,130,58,68
S00160955,182,90,95
S00160956,74,41,33
S00160957,170,86,84
S00160958,155,83,72
S00160959,105,57,51
S00160960,101,46,52
S00160961,141,74,67
S00160962,87,47,40
S00160963,133,60,71
S00160964,213,105,114
S00160965,143,67,76
S00160966,127,74,53
S00160967,124,65,59
S00160968,135,77,58
S00160969,199,99,100
S00160970,115,61,54
S00160971,121,59,62
S00160972,90,42,44
S00160973,83,35,48
S00160974,111,67,44
S00160975,101,48,55
S00160976,87,36,51
S00160977,86,48,38
S00160978,161,88,75
S00160979,83,35,48
S00160980,138,63,75
S00160981,100,47,49
S00160982,69,24,49
S00160983,171,94,77
S00160984,108,56,51
S00160985,79,32,43
S00160986,183,93,90
S00160987,142,78,62
S00160988,123,62,58
S00160989,108,58,50
S00160990,134,68,66
S00160991,66,39,27
S00160992,69,40,29
S00160993,92,42,50
S00160994,83,33,50
S00160995,86,46,44
S00160996,78,39,36
S00160997,122,58,64
S00160998,110,53,58
S00160999,121,56,63
S00161000,87,49,44
S00161001,95,41,54
S00161002,112,61,51
S00161003,97,51,46
S00161004,99,46,50
S00161005,127,65,62
S00161006,110,56,54
S00161007,89,43,46
S00161008,86,44,42
S00161009,231,117,112
S00161010,165,86,77
S00161011,70,38,32
S00161012,212,116,93
S00161013,96,54,42
S00161014,111,57,54
S00161015,103,52,54
S00161016,163,83,81
S00161017,135,70,64
S00161018,97,53,44
S00161019,131,66,65
S00161020,85,43,45
S00161021,155,77,78
S00161022,198,92,106
S00161023,115,59,56
S00161024,186,94,89
S00161025,172,88,84
S00161026,90,49,47
S00161027,101,54,47
S00161028,128,63,61
S00161029,177,92,85
S00161030,92,56,36
S00161031,127,64,64
S00161032,128,70,58
S00161033,124,64,60
S00161034,70,35,33
S00161035,81,43,42
S00161036,171,91,80
S00161037,70,38,32
S00161038,104,53,51
S00161039,95,47,48
S00161040,174,92,85
S00161041,104,51,53
S00161042,161,75,82
S00161043,128,73,55
S00161044,82,35,47
S00161045,60,32,28
S00161046,120,57,63
S00161047,77,38,38
S00161048,148,77,71
S00161049,190,93,98
S00161050,92,55,37
S00161051,180,95,85
S00161052,235,120,118
S00161053,201,127,74
S00161054,137,64,68
S00161055,97,58,39
S00161056,140,71,69
S00161057,183,95,88
S00161058,104,53,51
S00161059,81,40,37
S00161060,68,32,36
S00161061,87,41,46
S00161062,122,61,61
S00161063,82,40,39
S00161064,173,97,76
S00161065,116,55,57
S00161066,116,63,53
S00161067,149,81,67
S00161068,158,73,85
S00161069,127,64,63
S00161070,125,67,58
S00161071,129,62,67
S00161072,161,85,72
S00161073,115,61,54
S00161074,126,70,57
S00161075,101,54,47
S00161076,193,107,86
S00161077,108,60,50
S00161078,166,84,82
S00161079,135,73,65
S00161080,63,28,33
S00161081,81,36,45
S00161082,100,44,56
S00161083,101,49,54
S00161084,97,59,34
S00161085,130,77,52
S00161086,171,83,88
S00161087,97,52,45
S00161088,114,52,59
S00161089,110,52,55
S00161090,94,48,46
S00161091,119,54,65
S00161092,97,47,47
S00161093,176,95,81
S00161094,126,55,71
S00161095,116,58,58
S00161096,85,44,41
S00161097,92,46,44
S00161098,88,49,39
S00161099,104,54,50
S00161100,140,71,66
S00161101,125,73,52
S00161102,78,43,36
S00161103,217,120,97
S00161104,104,60,47
S00161105,103,51,51
S00161106,152,77,75
S00161107,78,43,39
S00161108,138,70,68
S00161109,129,69,60
S00161110,124,58,65
S00161111,92,51,37
S00161112,91,43,47
S00161113,119,57,62
S00161114,101,60,44
S00161115,109,53,56
S00161116,116,65,52
S00161117,104,54,50
S00161118,73,38,35
S00161119,116,46,70
S00161120,76,42,34
S00161121,101,45,56
S00161122,145,74,64
S00161123,69,25,43
S00161124,109,64,45
S00161125,120,68,52
S00161126,161,81,77
S00161127,82,45,41
S00161128,103,55,49
S00161129,87,44,43
S00161130,86,50,39
S00161131,120,69,51
S00161132,91,50,40
S00161133,84,32,55
S00161134,116,59,57
S00161135,79,38,41
S00161136,154,90,64
S00161137,99,57,42
S00161138,89,44,45
S00161139,186,97,89
S00161140,114,55,59
S00161141,126,61,65
S00161142,125,64,61
S00161143,103,46,57
S00161144,115,55,59
S00161145,119,56,63
S00161146,92,48,44
S00161147,89,38,51
S00161148,113,55,58
S00161149,113,63,50
S00161150,69,29,40
S00161151,105,56,49
S00161152,91,42,51
S00161153,87,46,41
S00161154,83,44,39
S00161155,142,73,68
S00161156,232,121,111
S00161157,112,53,59
S00161158,74,35,39
S00161159,132,69,67
S00161160,91,43,48
S00161161,74,34,40
S00161162,79,46,32
S00161163,76,36,43
S00161164,68,35,33
S00161165,174,78,93
S00161166,109,61,46
S00161167,61,30,31
S00161168,82,44,41
S00161169,107,57,50
S00161170,118,66,52
S00161171,65,32,33
S00161172,151,75,76
S00161173,86,41,45
S00161174,248,131,117
S00161175,121,63,58
S00161176,102,46,54
S00161177,113,74,47
S00161178,192,99,93
S00161179,144,70,74
S00161180,110,55,55
S00161181,73,37,36
S00161182,85,46,35
S00161183,134,65,69
S00161184,78,35,43
S00161185,120,50,71
S00161186,122,64,58
S00161187,111,54,57
S00161188,213,112,97
S00161189,138,71,67
S00161190,106,55,53
S00161191,85,29,56
S00161192,145,70,76
S00161193,114,59,51
S00161194,129,77,55
S00161195,115,55,60
S00161196,92,49,46
S00161197,170,97,75
S00161198,84,40,44
S00161199,79,44,35
S00161200,71,31,40
S00161201,98,42,53
S00161202,100,53,47
S00161203,79,46,33
S00161204,76,28,51
S00161205,157,91,67
S00161206,77,40,34
S00161207,137,60,73
S00161208,154,75,79
S00161209,117,55,62
S00161210,97,53,44
S00161211,90,46,44
S00161212,99,57,42
S00161213,89,42,47
S00161214,109,64,45
S00161215,67,39,25
S00161216,126,63,63
S00161217,154,85,69
S00161218,195,106,89
S00161219,83,36,47
S00161220,80,38,42
S00161221,76,42,34
S00161222,90,32,56
S00161223,84,37,47
S00161224,116,61,54
S00161225,177,97,84
S00161226,132,68,62
S00161227,85,44,41
S00161228,114,61,53
S00161229,136,71,62
S00161230,107,56,51
S00161231,70,32,38
S00161232,104,50,54
S00161233,99,32,67
S00161234,97,47,50
S00161235,118,57,62
S00161236,63,35,28
S00161237,92,52,40
S00161238,145,75,67
S00161239,112,53,59
S00161240,119,64,54
S00161241,125,64,61
S00161242,99,52,47
S00161243,126,52,74
S00161244,106,56,50
S00161245,70,40,29
S00161246,61,34,34
S00161247,118,68,50
S00161248,103,48,55
S00161249,94,52,43
S00161250,80,47,33
S00161251,113,65,51
S00161252,68,20,51
S00161253,90,41,43
S00161254,122,67,55
S00161255,150,49,102
S00161256,132,67,62
S00161257,108,53,55
S00161258,73,35,38
S00161259,194,102,96
S00161260,90,49,41
S00161261,69,31,38
S00161262,86,37,45
S00161263,153,85,68
S00161264,97,60,37
S00161265,118,61,59
S00161266,135,69,73
S00161267,69,31,38
S00161268,85,45,40
S00161269,107,49,56
S00161270,106,63,43
S00161271,173,97,77
S00161272,109,57,52
S00161273,142,69,73
S00161274,78,48,30
S00161275,113,59,54
S00161276,99,54,42
S00161277,147,73,72
S00161278,129,68,61
S00161279,96,54,46
S00161280,96,54,46
S00161281,78,47,35
S00161282,76,36,40
S00161283,110,55,56
S00161284,82,41,41
S00161285,127,60,63
S00161286,77,37,40
S00161287,88,42,46
S00161288,81,43,38
S00161289,132,73,59
S00161290,105,44,61
S00161291,125,67,59
S00161292,100,52,48
S00161293,83,45,40
S00161294,140,65,76
S00161295,154,76,77
S00161296,134,76,58
S00161297,123,66,59
S00161298,108,62,46
S00161299,219,118,101
S00161300,148,78,69
S00161301,81,43,39
S00161302,69,38,31
S00161303,81,39,40
S00161304,99,59,40
S00161305,88,47,45
S00161306,76,40,36
S00161307,75,36,38
S00161308,101,56,45
S00161309,155,85,70
S00161310,76,44,32
S00161311,87,46,41
S00161312,92,42,50
S00161313,96,57,39
S00161314,67,37,28
S00161315,184,93,91
S00161316,186,104,80
S00161317,93,45,45
S00161318,114,64,51
S00161319,121,64,59
S00161320,89,48,42
S00161321,63,24,35
S00161322,87,44,43
S00161323,116,68,44
S00161324,114,63,51
S00161325,107,54,53
S00161326,121,65,59
S00161327,87,45,42
S00161328,125,61,65
S00161329,77,46,30
S00161330,159,92,67
S00161331,137,73,62
S00161332,116,63,54
S00161333,75,39,36
S00161334,102,51,51
S00161335,75,46,32
S00161336,161,91,73
S00161337,89,46,43
S00161338,85,44,41
S00161339,64,29,35
S00161340,74,33,41
S00161341,66,38,30
S00161342,132,63,66
S00161343,90,47,44
S00161344,108,55,53
S00161345,97,41,49
S00161346,74,42,32
S00161347,208,110,97
S00161348,93,46,47
S00161349,109,56,53
S00161350,72,35,37
S00161351,70,27,43
S00161352,126,70,56
S00161353,98,38,63
S00161354,65,36,29
S00161355,72,36,36
S00161356,179,92,86
S00161357,162,83,81
S00161358,78,40,38
S00161359,78,39,38
S00161360,70,37,35
S00161361,113,53,64
S00161362,142,78,65
S00161363,155,82,75
S00161364,140,66,78
S00161365,157,81,76
S00161366,64,43,25
S00161367,74,39,35
S00161368,107,55,52
S00161369,145,73,72
S00161370,63,35,28
S00161371,162,83,80
S00161372,119,67,52
S00161373,101,49,49
S00161374,103,54,49
S00161375,100,48,52
S00161376,127,62,65
S00161377,120,63,57
S00161378,96,46,48
S00161379,118,63,55
S00161380,61,29,32
S00161381,154,78,76
S00161382,93,48,45
S00161383,138,66,68
S00161384,90,50,40
S00161385,140,69,71
S00161386,66,38,28
S00161387,168,98,72
S00161388,75,36,39
S00161389,145,83,58
S00161390,70,43,27
S00161391,149,75,74
S00161392,105,68,37
S00161393,79,37,42
S00161394,149,76,73
S00161395,68,27,41
S00161396,108,57,51
S00161397,96,51,42
S00161398,81,25,56
S00161399,64,36,25
S00161400,158,90,68
S00161401,83,43,40
S00161402,137,80,53
S00161403,79,34,49
S00161404,159,83,76
S00161405,68,39,29
S00161406,205,108,100
S00161407,169,90,79
S00161408,142,80,63
S00161409,83,39,44
S00161410,106,56,50
S00161411,214,122,96
S00161412,76,42,34
S00161413,107,55,52
S00161414,123,58,65
S00161415,89,47,41
S00161416,113,57,56
S00161417,90,47,43
S00161418,113,69,50
S00161419,110,52,58
S00161420,167,85,82
S00161421,113,61,52
S00161422,96,47,49
S00161423,76,35,42
S00161424,143,65,79
S00161425,90,46,40
S00161426,122,72,50
S00161427,165,94,71
S00161428,104,51,49
S00161429,112,60,52
S00161430,218,109,106
S00161431,91,44,47
S00161432,120,63,57
S00161433,132,71,61
S00161434,151,77,78
S00161435,85,44,45
S00161436,146,83,63
S00161437,99,54,45
S00161438,69,37,32
S00161439,103,54,49
S00161440,74,41,36
S00161441,107,53,54
S00161442,141,73,68
S00161443,95,59,39
S00161444,239,114,122
S00161445,128,63,65
S00161446,96,36,60
S00161447,107,55,52
S00161448,72,27,45
S00161449,83,49,34
S00161450,108,40,68
S00161451,116,56,60
S00161452,130,65,65
S00161453,105,58,47
S00161454,131,75,56
S00161455,164,89,75
S00161456,98,58,40
S00161457,121,61,60
S00161458,124,62,62
S00161459,171,87,84
S00161460,83,47,35
S00161461,104,48,55
S00161462,72,28,43
S00161463,139,69,74
S00161464,108,55,53
S00161465,171,99,74
S00161466,75,32,43
S00161467,126,73,55
S00161468,61,31,29
S00161469,80,40,40
S00161470,151,81,74
S00161471,99,54,45
S00161472,107,54,53
S00161473,111,60,51
S00161474,99,60,39
S00161475,151,71,83
S00161476,102,47,55
S00161477,202,123,79
S00161478,77,39,35
S00161479,77,41,36
S00161480,148,75,73
S00161481,82,43,36
S00161482,115,72,43
S00161483,114,55,61
S00161484,118,56,59
S00161485,115,55,62
S00161486,162,83,79
S00161487,163,84,79
S00161488,150,76,78
S00161489,144,82,62
S00161490,119,69,50
S00161491,111,66,44
S00161492,168,82,82
S00161493,124,55,64
S00161494,193,96,100
S00161495,112,56,56
S00161496,86,42,44
S00161497,66,30,37
S00161498,141,79,59
S00161499,79,37,39
S00161500,76,38,38
S00161501,104,56,45
S00161502,74,39,35
S00161503,190,89,101
S00161504,71,32,41
S00161505,93,32,61
S00161506,82,35,47
S00161507,170,91,79
S00161508,179,91,88
S00161509,88,50,38
S00161510,131,76,58
S00161511,107,70,40
S00161512,158,87,71
S00161513,83,41,42
S00161514,171,91,80
S00161515,185,102,88
S00161516,132,67,65
S00161517,162,85,76
S00161518,102,44,58
S00161519,67,35,32
S00161520,129,68,61
S00161521,141,65,80
S00161522,108,50,58
S00161523,70,42,28
S00161524,114,57,59
S00161525,96,52,44
S00161526,127,67,60
S00161527,163,76,87
S00161528,113,65,48
S00161529,97,53,44
S00161530,127,53,71
S00161531,145,67,78
S00161532,151,74,73
S00161533,71,37,37
S00161534,112,60,52
S00161535,143,73,70
S00161536,120,66,50
S00161537,66,36,32
S00161538,113,53,60
S00161539,112,51,63
S00161540,77,48,27
S00161541,76,35,44
S00161542,141,79,62
S00161543,157,98,58
S00161544,120,65,55
S00161545,116,65,51
S00161546,139,67,71
S00161547,143,82,61
S00161548,160,78,80
S00161549,130,74,58
S00161550,73,39,32
S00161551,91,44,47
S00161552,82,42,42
S00161553,129,65,66
S00161554,109,48,61
S00161555,104,55,49
S00161556,65,33,32
S00161557,159,87,72
S00161558,86,49,40
S00161559,180,95,84
S00161560,134,66,68
S00161561,105,38,70
S00161562,80,36,52
S00161563,368,180,188
S00161564,141,67,74
S00161565,87,48,39
S00161566,96,46,50
S00161567,91,31,60
S00161568,181,93,88
S00161569,64,37,27
S00161570,79,32,47
S00161571,131,79,51
S00161572,86,51,32
S00161573,145,67,78
S00161574,92,52,44
S00161575,136,73,64
S00161576,134,63,75
S00161577,81,35,46
S00161578,146,67,79
S00161579,134,74,60
S00161580,124,67,57
S00161581,73,36,37
S00161582,103,43,56
S00161583,114,61,53
S00161584,144,60,84
S00161585,81,42,39
S00161586,112,67,45
S00161587,74,35,34
S00161588,71,31,37
S00161589,113,54,61
S00161590,197,100,97
S00161591,74,36,38
S00161592,133,76,57
S00161593,157,79,78
S00161594,162,78,83
S00161595,210,111,99
S00161596,192,103,88
S00161597,111,51,60
S00161598,115,61,54
S00161599,100,34,66
S00161600,235,122,113
S00161601,157,76,77
S00161602,121,66,55
S00161603,168,84,82
S00161604,107,50,57
S00161605,131,71,64
S00161606,94,54,42
S00161607,131,67,66
S00161608,200,96,104
S00161609,102,62,40
S00161610,143,72,71
S00161611,95,46,53
S00161612,215,108,107
S00161613,105,54,51
S00161614,136,70,66
S00161615,117,64,54
S00161616,105,53,50
S00161617,134,62,72
S00161618,76,42,34
S00161619,101,50,51
S00161620,183,96,87
S00161621,156,75,81
S00161622,113,54,56
S00161623,137,65,72
S00161624,74,42,31
S00161625,149,81,69
S00161626,125,63,63
S00161627,122,64,56
S00161628,90,47,43
S00161629,165,96,65
S00161630,76,41,38
S00161631,63,31,34
S00161632,116,75,41
S00161633,62,36,26
S00161634,115,62,53
S00161635,121,70,54
S00161636,102,57,45
S00161637,152,80,72
S00161638,130,62,68
S00161639,105,60,45
S00161640,122,65,57
S00161641,125,51,75
S00161642,64,37,29
S00161643,215,96,119
S00161644,138,81,57
S00161645,102,46,56
S00161646,114,63,48
S00161647,76,41,35
S00161648,134,68,66
S00161649,147,79,68
S00161650,179,90,89
S00161651,66,28,41
S00161652,121,61,63
S00161653,77,30,47
S00161654,146,76,74
S00161655,130,80,50
S00161656,113,58,53
S00161657,161,64,98
S00161658,93,37,55
S00161659,99,51,49
S00161660,176,83,93
S00161661,99,57,41
S00161662,100,60,40
S00161663,71,35,39
S00161664,88,46,38
S00161665,126,71,59
S00161666,83,43,43
S00161667,97,57,39
S00161668,116,60,53
S00161669,177,80,97
S00161670,85,43,42
S00161671,75,35,40
S00161672,156,83,73
S00161673,157,87,70
S00161674,137,69,71
S00161675,106,62,44
S00161676,90,37,51
S00161677,88,48,41
S00161678,106,66,40
S00161679,109,59,50
S00161680,77,44,29
S00161681,85,41,44
S00161682,94,53,41
S00161683,203,101,102
S00161684,119,72,51
S00161685,143,71,72
S00161686,98,53,42
S00161687,112,59,53
S00161688,107,54,53
S00161689,183,97,85
S00161690,152,85,67
S00161691,184,91,93
S00161692,142,70,69
S00161693,177,88,86
S00161694,74,35,36
S00161695,65,41,28
S00161696,133,67,66
S00161697,75,40,38
S00161698,122,68,54
S00161699,97,40,57
S00161700,175,71,104
S00161701,116,49,67
S00161702,87,45,42
S00161703,71,38,33
S00161704,118,53,65
S00161705,94,51,43
S00161706,100,57,46
S00161707,137,79,58
S00161708,106,59,47
S00161709,77,40,39
S00161710,76,41,35
S00161711,123,64,62
S00161712,110,58,52
S00161713,109,54,56
S00161714,106,50,59
S00161715,133,77,60
S00161716,100,57,43
S00161717,125,64,61
S00161718,92,43,45
S00161719,138,73,65
S00161720,152,83,72
S00161721,188,96,96
S00161722,99,55,44
S00161723,66,40,26
S00161724,81,39,42
S00161725,111,64,47
S00161726,168,84,80
S00161727,123,60,63
S00161728,189,93,94
S00161729,155,88,64
S00161730,109,58,51
S00161731,182,97,85
S00161732,123,68,57
S00161733,182,106,72
S00161734,170,91,79
S00161735,140,63,77
S00161736,110,61,49
S00161737,140,79,63
S00161738,93,51,42
S00161739,162,89,75
S00161740,75,35,40
S00161741,131,72,58
S00161742,118,57,61
S00161743,118,63,55
S00161744,87,54,33
S00161745,105,59,50
S00161746,142,66,72
S00161747,62,28,34
S00161748,94,52,46
S00161749,88,39,44
S00161750,119,61,58
S00161751,80,48,32
S00161752,159,85,74
S00161753,113,61,52
S00161754,84,47,36
S00161755,121,64,59
S00161756,93,38,55
S00161757,82,51,31
S00161758,66,33,33
S00161759,125,75,53
S00161760,95,37,58
S00161761,100,44,58
S00161762,80,41,39
S00161763,126,60,62
S00161764,111,55,55
S00161765,79,36,39
S00161766,74,44,33
S00161767,112,59,53
S00161768,77,41,32
S00161769,107,54,53
S00161770,166,90,76
S00161771,63,38,27
S00161772,82,34,48
S00161773,164,84,80
S00161774,182,90,92
S00161775,180,98,81
S00161776,84,49,33
S00161777,106,58,48
S00161778,89,46,43
S00161779,113,52,61
S00161780,97,59,37
S00161781,134,70,64
S00161782,141,81,57
S00161783,76,46,30
S00161784,145,74,71
S00161785,100,55,45
S00161786,97,49,48
S00161787,98,46,52
S00161788,97,56,42
S00161789,134,77,57
S00161790,85,46,39
S00161791,118,57,62
S00161792,193,97,96
S00161793,157,75,86
S00161794,86,47,39
S00161795,81,35,49
S00161796,191,97,94
S00161797,82,41,44
S00161798,102,52,50
S00161799,60,33,25
S00161800,224,121,105
S00161801,98,51,44
S00161802,92,45,47
S00161803,105,60,47
S00161804,107,48,59
S00161805,68,29,39
S00161806,140,75,67
S00161807,155,78,73
S00161808,68,43,25
S00161809,96,51,45
S00161810,84,44,36
S00161811,98,51,47
S00161812,121,68,51
S00161813,89,50,39
S00161814,149,75,74
S00161815,293,157,140
S00161816,129,58,71
S00161817,105,61,44
S00161818,105,47,58
S00161819,187,99,88
S00161820,76,34,46
S00161821,74,41,37
S00161822,84,45,39
S00161823,91,52,39
S00161824,86,48,38
S00161825,73,33,40
S00161826,138,76,62
S00161827,102,43,63
S00161828,87,44,43
S00161829,163,92,71
S00161830,73,44,31
S00161831,240,122,123
S00161832,74,43,31
S00161833,145,84,62
S00161834,93,45,45
S00161835,137,72,65
S00161836,204,126,78
S00161837,99,64,39
S00161838,190,109,81
S00161839,93,56,37
S00161840,89,41,48
S00161841,101,55,46
S00161842,102,55,47
S00161843,74,48,33
S00161844,116,55,61
S00161845,90,45,45
S00161846,104,40,61
S00161847,135,68,68
S00161848,135,69,69
S00161849,108,58,50
S00161850,117,60,54
S00161851,101,54,47
S00161852,101,50,51
S00161853,140,64,76
S00161854,100,47,49
S00161855,132,72,64
S00161856,89,46,43
S00161857,142,74,65
S00161858,132,68,60
S00161859,129,59,70
S00161860,187,104,83
S00161861,123,58,67
S00161862,130,64,64
S00161863,254,126,128
S00161864,102,46,56
S00161865,62,35,27
S00161866,84,50,34
S00161867,146,81,65
S00161868,145,85,57
S00161869,105,56,50
S00161870,80,43,37
S00161871,123,66,57
S00161872,94,58,36
S00161873,127,65,62
S00161874,128,80,48
S00161875,112,57,55
S00161876,139,78,62
S00161877,88,44,46
S00161878,75,43,32
S00161879,127,64,63
S00161880,62,39,23
S00161881,75,44,28
S00161882,133,67,66
S00161883,228,106,122
S00161884,120,58,62
S00161885,130,60,70
S00161886,142,80,62
S00161887,130,68,62
S00161888,113,56,54
S00161889,81,47,34
S00161890,73,38,39
S00161891,79,45,34
S00161892,115,63,52
S00161893,174,97,77
S00161894,99,55,44
S00161895,158,93,64
S00161896,179,92,87
S00161897,152,81,71
S00161898,118,67,51
S00161899,65,32,33
S00161900,146,73,70
S00161901,127,62,65
S00161902,108,59,49
S00161903,204,96,108
S00161904,140,71,69
S00161905,99,49,50
S00161906,145,66,79
S00161907,181,103,77
S00161908,122,62,57
S00161909,133,74,59
S00161910,145,67,78
S00161911,103,55,48
S00161912,92,55,37
S00161913,124,71,54
S00161914,65,27,38
S00161915,113,55,62
S00161916,138,67,71
S00161917,108,54,55
S00161918,181,93,88
S00161919,115,64,54
S00161920,77,36,41
S00161921,177,94,86
S00161922,122,59,60
S00161923,228,110,118
S00161924,80,44,37
S00161925,65,35,34
S00161926,114,60,54
S00161927,67,34,30
S00161928,101,49,53
S00161929,140,83,57
S00161930,144,82,66
S00161931,124,69,55
S00161932,63,30,33
S00161933,112,62,50
S00161934,66,28,37
S00161935,153,77,76
S00161936,88,40,48
S00161937,96,60,36
S00161938,82,45,38
S00161939,107,58,49
S00161940,210,100,110
S00161941,65,39,27
S00161942,113,55,58
S00161943,65,9,57
S00161944,110,54,56
S00161945,75,31,46
S00161946,106,61,52
S00161947,95,47,47
S00161948,130,68,64
S00161949,97,51,45
S00161950,91,33,58
S00161951,101,52,44
S00161952,93,45,44
S00161953,281,139,142
S00161954,89,40,49
S00161955,219,102,115
S00161956,130,65,65
S00161957,118,62,56
S00161958,162,86,72
S00161959,154,84,70
S00161960,91,45,42
S00161961,75,42,31
S00161962,88,48,40
S00161963,153,86,67
S00161964,111,60,51
S00161965,172,91,81
S00161966,71,37,34
S00161967,85,50,35
S00161968,72,42,30
S00161969,159,75,84
S00161970,78,49,29
S00161971,71,34,37
S00161972,95,52,39
S00161973,62,30,35
S00161974,62,35,27
S00161975,151,91,60
S00161976,89,53,36
S00161977,74,42,32
S00161978,132,72,64
S00161979,94,49,48
S00161980,138,60,75
S00161981,112,65,47
S00161982,129,77,52
S00161983,78,53,25
S00161984,99,51,48
S00161985,169,96,73
S00161986,147,79,68
S00161987,111,70,42
S00161988,107,58,50
S00161989,132,68,63
S00161990,162,81,78
S00161991,163,88,75
S00161992,158,87,71
S00161993,131,68,63
S00161994,191,105,80
S00161995,250,118,132
S00161996,154,84,71
S00161997,214,124,90
S00161998,82,44,34
S00161999,140,74,66
S00162000,91,50,41
S00162001,108,65,47
S00162002,62,32,30
S00162003,165,78,87
S00162004,124,61,66
S00162005,137,78,59
S00162006,128,69,59
S00162007,74,41,33
S00162008,125,73,56
S00162009,211,115,96
S00162010,198,116,82
S00162011,74,38,36
S00162012,149,81,68
S00162013,106,53,52
S00162014,104,56,48
S00162015,154,79,75
S00162016,125,68,57
S00162017,148,81,65
S00162018,117,66,51
S00162019,209,117,92
S00162020,82,43,39
S00162021,127,63,67
S00162022,142,80,62
S00162023,204,85,118
S00162024,63,32,31
S00162025,138,74,56
S00162026,62,34,29
S00162027,96,51,47
S00162028,101,56,42
S00162029,108,56,55
S00162030,141,70,71
S00162031,129,71,58
S00162032,127,63,64
S00162033,193,103,87
S00162034,141,77,68
S00162035,121,62,66
S00162036,89,48,42
S00162037,163,73,90
S00162038,89,44,43
S00162039,94,44,50
S00162040,174,91,83
S00162041,106,50,56
S00162042,101,57,41
S00162043,119,56,62
S00162044,107,53,57
S00162045,151,79,72
S00162046,89,43,46
S00162047,126,67,59
S00162048,135,68,67
S00162049,85,52,33
S00162050,192,94,96
S00162051,136,81,55
S00162052,134,67,68
S00162053,100,45,55
S00162054,90,42,49
S00162055,90,43,45
S00162056,159,87,72
S00162057,76,38,38
S00162058,64,30,31
S00162059,161,81,80
S00162060,122,67,54
S00162061,127,62,65
S00162062,86,42,48
S00162063,100,44,56
S00162064,122,58,64
S00162065,121,63,58
S00162066,169,88,85
S00162067,132,65,66
S00162068,132,62,70
S00162069,70,41,29
S00162070,121,66,55
S00162071,87,38,45
S00162072,86,43,42
S00162073,129,61,68
S00162074,84,47,37
S00162075,61,36,25
S00162076,130,67,63
S00162077,77,40,37
S00162078,85,47,38
S00162079,147,74,71
S00162080,107,57,50
S00162081,73,45,29
S00162082,81,38,42
S00162083,153,73,77
S00162084,84,43,41
S00162085,88,41,47
S00162086,104,54,48
S00162087,126,61,62
S00162088,89,47,42
S00162089,121,60,59
S00162090,102,44,61
S00162091,73,37,36
S00162092,80,41,37
S00162093,77,41,36
S00162094,97,44,53
S00162095,82,28,51
S00162096,100,57,40
S00162097,84,35,46
S00162098,121,54,67
S00162099,135,73,61
S00162100,126,61,65
S00162101,75,43,32
S00162102,143,68,76
S00162103,88,45,43
S00162104,92,49,43
S00162105,111,50,61
S00162106,141,72,69
S00162107,58,34,25
S00162108,122,57,65
S00162109,85,44,40
S00162110,122,61,61
S00162111,121,57,64
S00162112,71,30,40
S00162113,104,52,52
S00162114,126,66,60
S00162115,103,46,57
S00162116,110,46,64
S00162117,91,40,51
S00162118,152,80,69
S00162119,73,35,38
S00162120,155,83,76
S00162121,122,64,55
S00162122,111,55,57
S00162123,127,67,61
S00162124,98,48,50
S00162125,109,57,52
S00162126,90,46,44
S00162127,140,76,64
S00162128,105,52,53
S00162129,129,66,63
S00162130,83,50,33
S00162131,66,35,31
S00162132,95,50,45
S00162133,109,48,61
S00162134,66,36,30
S00162135,147,70,75
S00162136,110,50,60
S00162137,89,49,40
S00162138,101,50,51
S00162139,96,47,49
S00162140,83,41,38
S00162141,119,57,62
S00162142,95,48,47
S00162143,81,40,41
S00162144,201,101,100
S00162145,129,55,74
S00162146,123,71,52
S00162147,165,78,87
S00162148,142,65,77
S00162149,116,54,62
S00162150,122,54,67
S00162151,131,66,65
S00162152,107,59,48
S00162153,128,71,63
S00162154,97,53,46
S00162155,76,39,37
S00162156,75,37,36
S00162157,118,62,56
S00162158,144,78,65
S00162159,163,82,81
S00162160,138,71,67
S00162161,118,59,59
S00162162,103,50,53
S00162163,114,52,62
S00162164,109,55,51
S00162165,97,42,55
S00162166,78,40,42
S00162167,112,55,60
S00162168,124,59,65
S00162169,153,79,74
S00162170,93,46,47
S00162171,115,58,57
S00162172,83,39,42
S00162173,71,31,35
S00162174,161,77,81
S00162175,98,48,50
S00162176,127,62,64
S00162177,165,82,83
S00162178,145,75,70
S00162179,140,66,74
S00162180,78,39,43
S00162181,175,86,89
S00162182,69,30,38
S00162183,95,42,51
S00162184,160,76,84
S00162185,153,73,80
S00162186,148,71,81
S00162187,151,79,72
S00162188,105,53,54
S00162189,110,57,56
S00162190,144,72,72
S00162191,97,47,50
S00162192,112,49,63
S00162193,154,78,76
S00162194,173,84,89
S00162195,141,73,68
S00162196,97,41,56
S00162197,191,97,94
S00162198,117,58,59
S00162199,97,55,42
S00162200,89,49,40
S00162201,89,50,39
S00162202,125,54,71
S00162203,64,32,32
S00162204,111,57,54
S00162205,109,74,34
S00162206,96,49,51
S00162207,122,67,56
S00162208,100,49,51
S00162209,156,84,72
S00162210,105,49,53
S00162211,92,43,49
S00162212,116,62,51
S00162213,98,49,49
S00162214,119,60,59
S00162215,86,42,44
S00162216,78,40,38
S00162217,139,73,66
S00162218,125,66,63
S00162219,154,73,81
S00162220,126,75,50
S00162221,72,33,39
S00162222,144,70,74
S00162223,182,90,93
S00162224,98,46,49
S00162225,68,33,35
S00162226,76,38,38
S00162227,156,76,80
S00162228,64,30,34
S00162229,83,43,40
S00162230,100,54,53
S00162231,139,70,70
S00162232,101,58,43
S00162233,96,50,46
S00162234,124,63,65
S00162235,122,58,64
S00162236,72,36,37
S00162237,80,43,37
S00162238,118,66,52
S00162239,87,40,47
S00162240,60,35,28
S00162241,99,52,51
S00162242,120,70,50
S00162243,175,92,80
S00162244,125,64,61
S00162245,63,36,25
S00162246,98,45,53
S00162247,67,38,29
S00162248,156,79,77
S00162249,100,47,53
S00162250,78,38,40
S00162251,184,99,85
S00162252,112,56,56
S00162253,110,57,53
S00162254,125,61,66
S00162255,136,72,62
S00162256,93,46,47
S00162257,104,54,50
S00162258,148,69,76
S00162259,111,61,50
S00162260,124,53,71
S00162261,147,70,77
S00162262,112,58,54
S00162263,118,59,60
S00162264,90,43,44
S00162265,111,58,53
S00162266,71,33,35
S00162267,149,83,66
S00162268,74,35,39
S00162269,98,48,54
S00162270,159,78,81
S00162271,158,81,77
S00162272,146,75,71
S00162273,121,61,60
S00162274,91,42,45
S00162275,91,48,46
S00162276,74,36,38
S00162277,82,41,41
S00162278,125,57,68
S00162279,103,56,49
S00162280,155,76,79
S00162281,118,61,54
S00162282,150,79,71
S00162283,122,58,64
S00162284,149,78,69
S00162285,151,72,79
S00162286,111,51,61
S00162287,124,59,65
S00162288,118,65,53
S00162289,80,41,39
S00162290,62,30,35
S00162291,130,53,77
S00162292,95,48,47
S00162293,110,57,53
S00162294,100,45,55
S00162295,163,82,81
S00162296,71,33,38
S00162297,160,77,83
S00162298,132,70,61
S00162299,122,58,64
S00162300,125,66,59
S00162301,82,43,39
S00162302,157,76,81
S00162303,83,43,38
S00162304,117,61,56
S00162305,131,67,64
S00162306,104,58,46
S00162307,161,78,86
S00162308,133,79,54
S00162309,118,53,65
S00162310,138,77,61
S00162311,150,74,74
S00162312,121,62,59
S00162313,78,41,37
S00162314,127,62,68
S00162315,109,58,51
S00162316,98,45,49
S00162317,107,56,51
S00162318,74,35,39
S00162319,70,43,31
S00162320,86,48,38
S00162321,135,67,66
S00162322,75,41,34
S00162323,135,71,64
S00162324,122,62,55
S00162325,97,50,47
S00162326,76,42,34
S00162327,145,68,77
S00162328,72,31,41
S00162329,77,36,41
S00162330,131,65,66
S00162331,119,60,56
S00162332,90,44,46
S00162333,96,51,44
S00162334,161,86,72
S00162335,128,65,63
S00162336,131,69,62
S00162337,82,42,37
S00162338,112,61,50
S00162339,121,59,62
S00162340,113,69,44
S00162341,169,86,83
S00162342,123,62,61
S00162343,106,61,44
S00162344,156,70,86
S00162345,123,57,66
S00162346,113,53,61
S00162347,59,27,33
S00162348,111,59,55
S00162349,133,70,63
S00162350,119,55,64
S00162351,134,72,62
S00162352,68,34,34
S00162353,85,47,38
S00162354,139,71,68
S00162355,104,45,55
S00162356,65,31,37
S00162357,81,42,41
S00162358,99,56,44
S00162359,95,43,50
S00162360,106,57,49
S00162361,133,68,65
S00162362,107,59,49
S00162363,93,48,42
S00162364,126,58,68
S00162365,111,67,44
S00162366,119,68,51
S00162367,139,72,67
S00162368,70,30,40
S00162369,81,42,40
S00162370,128,61,68
S00162371,166,72,94
S00162372,96,53,51
S00162373,149,72,77
S00162374,136,75,61
S00162375,149,73,80
S00162376,64,32,30
S00162377,115,62,54
S00162378,100,51,49
S00162379,71,38,33
S00162380,67,31,36
S00162381,70,27,43
S00162382,109,56,53
S00162383,122,69,54
S00162384,102,53,49
S00162385,81,46,35
S00162386,112,57,58
S00162387,134,74,60
S00162388,106,54,52
S00162389,110,60,53
S00162390,108,54,54
S00162391,63,35,24
S00162392,117,65,52
S00162393,72,36,36
S00162394,120,52,65
S00162395,87,51,40
S00162396,67,41,26
S00162397,106,59,51
S00162398,146,77,69
S00162399,134,68,66
S00162400,99,45,51
S00162401,112,56,56
S00162402,82,45,37
S00162403,178,90,89
S00162404,77,41,40
S00162405,100,53,47
S00162406,133,68,65
S00162407,158,79,79
S00162408,61,32,30
S00162409,95,41,53
S00162410,133,67,66
S00162411,141,76,71
S00162412,88,46,42
S00162413,155,78,77
S00162414,157,80,77
S00162415,113,56,53
S00162416,138,65,73
S00162417,179,93,88
S00162418,131,67,67
S00162419,97,47,50
S00162420,92,52,40
S00162421,129,67,62
S00162422,137,70,68
S00162423,112,58,58
S00162424,96,52,44
S00162425,101,51,46
S00162426,161,78,81
S00162427,100,50,50
S00162428,113,66,47
S00162429,201,104,97
S00162430,98,51,47
S00162431,118,63,55
S00162432,72,39,33
S00162433,77,44,33
S00162434,123,61,62
S00162435,124,59,65
S00162436,149,81,72
S00162437,143,79,64
S00162438,72,31,41
S00162439,86,43,43
S00162440,128,73,55
S00162441,85,48,41
S00162442,157,88,73
S00162443,97,50,54
S00162444,91,35,59
S00162445,65,36,31
S00162446,135,63,72
S00162447,129,61,68
S00162448,93,49,44
S00162449,127,55,69
S00162450,118,63,56
S00162451,85,45,40
S00162452,89,47,46
S00162453,102,63,42
S00162454,197,98,97
S00162455,86,47,36
S00162456,82,52,32
S00162457,168,93,75
S00162458,79,40,39
S00162459,83,38,45
S00162460,88,45,43
S00162461,140,68,72
S00162462,95,47,48
S00162463,144,77,67
S00162464,164,83,82
S00162465,156,76,80
S00162466,84,44,43
S00162467,103,50,57
S00162468,65,31,34
S00162469,114,55,59
S00162470,86,40,42
S00162471,123,61,62
S00162472,109,51,58
S00162473,96,44,52
S00162474,97,45,52
S00162475,100,60,40
S00162476,84,45,39
S00162477,115,55,57
S00162478,79,36,40
S00162479,105,49,57
S00162480,66,39,27
S00162481,154,86,72
S00162482,127,68,59
S00162483,144,68,76
S00162484,115,61,54
S00162485,100,47,53
S00162486,139,64,75
S00162487,98,45,50
S00162488,165,92,76
S00162489,70,41,25
S00162490,101,56,43
S00162491,118,65,53
S00162492,93,53,40
S00162493,133,62,71
S00162494,86,43,43
S00162495,91,47,44
S00162496,162,78,80
S00162497,135,63,72
S00162498,73,32,41
S00162499,137,69,68
S00162500,127,61,66
S00162501,117,59,54
S00162502,168,93,73
S00162503,132,66,66
S00162504,114,63,47
S00162505,104,63,49
S00162506,112,57,56
S00162507,148,85,63
S00162508,106,49,57
S00162509,141,68,73
S00162510,152,72,80
S00162511,96,53,43
S00162512,104,49,51
S00162513,73,37,35
S00162514,118,56,62
S00162515,127,67,60
S00162516,80,40,44
S00162517,143,69,77
S00162518,138,74,64
S00162519,113,73,40
S00162520,123,51,72
S00162521,95,49,50
S00162522,122,63,57
S00162523,170,87,84
S00162524,104,49,55
S00162525,98,52,42
S00162526,135,63,72
S00162527,99,50,49
S00162528,104,56,48
S00162529,90,49,41
S00162530,141,76,69
S00162531,76,49,30
S00162532,86,43,43
S00162533,157,82,75
S00162534,153,75,82
S00162535,127,66,61
S00162536,144,72,72
S00162537,122,61,62
S00162538,130,70,59
S00162539,144,75,70
S00162540,129,68,58
S00162541,94,54,43
S00162542,93,48,45
S00162543,81,48,33
S00162544,105,53,52
S00162545,188,94,94
S00162546,83,48,35
S00162547,126,70,60
S00162548,126,60,66
S00162549,141,75,66
S00162550,122,65,59
S00162551,126,63,61
S00162552,81,43,38
S00162553,121,64,55
S00162554,146,75,70
S00162555,73,37,36
S00162556,96,45,51
S00162557,110,55,48
S00162558,113,63,50
S00162559,87,44,39
S00162560,122,70,53
S00162561,101,52,46
S00162562,138,65,73
S00162563,101,51,52
S00162564,103,57,46
S00162565,106,55,51
S00162566,103,54,49
S00162567,123,59,64
S00162568,74,37,37
S00162569,160,89,68
S00162570,139,65,70
S00162571,198,102,100
S00162572,157,87,70
S00162573,128,72,57
S00162574,119,66,53
S00162575,63,33,30
S00162576,124,65,66
S00162577,125,57,68
S00162578,94,54,43
S00162579,101,54,47
S00162580,90,51,38
S00162581,88,34,54
S00162582,88,45,43
S00162583,96,45,51
S00162584,77,42,37
S00162585,158,78,80
S00162586,181,89,90
S00162587,62,36,25
S00162588,139,74,65
S00162589,83,37,46
S00162590,112,56,56
S00162591,189,97,96
S00162592,108,54,54
S00162593,83,45,41
S00162594,121,63,58
S00162595,82,35,44
S00162596,99,47,52
S00162597,69,40,32
S00162598,130,56,67
S00162599,160,77,83
S00162600,98,52,50
S00162601,127,68,59
S00162602,68,31,37
S00162603,69,32,39
S00162604,97,39,55
S00162605,96,53,43
S00162606,129,59,67
S00162607,103,52,51
S00162608,115,63,52
S00162609,73,39,34
S00162610,115,62,53
S00162611,111,51,55
S00162612,156,78,78
S00162613,172,87,85
S00162614,127,53,71
S00162615,123,67,56
S00162616,68,32,36
S00162617,89,47,43
S00162618,98,45,53
S00162619,131,65,66
S00162620,93,46,47
S00162621,149,64,85
S00162622,105,49,56
S00162623,77,38,39
S00162624,141,72,69
S00162625,75,35,41
S00162626,75,42,36
S00162627,72,34,38
S00162628,133,75,58
S00162629,107,56,51
S00162630,73,42,34
S00162631,98,49,50
S00162632,212,112,104
S00162633,152,74,78
S00162634,122,56,66
S00162635,120,62,58
S00162636,111,53,55
S00162637,99,54,43
S00162638,93,50,43
S00162639,89,47,42
S00162640,114,49,65
S00162641,98,50,47
S00162642,96,49,47
S00162643,125,62,63
S00162644,87,45,42
S00162645,70,38,34
S00162646,140,73,68
S00162647,163,87,76
S00162648,162,86,76
S00162649,79,39,40
S00162650,118,60,57
S00162651,132,70,62
S00162652,164,84,80
S00162653,114,58,56
S00162654,120,60,60
S00162655,112,50,62
S00162656,106,51,55
S00162657,190,90,100
S00162658,113,57,56
S00162659,142,74,62
S00162660,95,44,51
S00162661,204,113,91
S00162662,131,67,64
S00162663,148,76,73
S00162664,160,79,80
S00162665,94,45,49
S00162666,182,94,88
S00162667,172,89,84
S00162668,69,36,34
S00162669,108,64,44
S00162670,71,29,46
S00162671,87,49,40
S00162672,201,109,92
S00162673,67,34,33
S00162674,71,42,28
S00162675,111,48,63
S00162676,89,44,51
S00162677,68,35,29
S00162678,157,86,71
S00162679,142,70,72
S00162680,137,70,68
S00162681,169,94,78
S00162682,184,103,81
S00162683,131,64,67
S00162684,102,55,47
S00162685,145,68,77
S00162686,71,40,31
S00162687,67,34,34
S00162688,169,93,76
S00162689,91,47,44
S00162690,143,78,68
S00162691,88,38,50
S00162692,83,32,48
S00162693,123,63,60
S00162694,125,59,66
S00162695,90,49,42
S00162696,72,34,38
S00162697,115,62,53
S00162698,76,37,39
S00162699,68,33,35
S00162700,72,37,37
S00162701,85,38,50
S00162702,123,67,56
S00162703,121,53,68
S00162704,115,65,54
S00162705,150,78,72
S00162706,80,46,34
S00162707,130,63,63
S00162708,61,35,26
S00162709,87,42,41
S00162710,313,57,256
S00162711,93,42,51
S00162712,122,61,61
S00162713,124,61,63
S00162714,86,46,40
S00162715,114,56,55
S00162716,69,26,43
S00162717,100,49,53
S00162718,116,61,55
S00162719,117,57,61
S00162720,164,79,85
S00162721,82,42,40
S00162722,80,42,38
S00162723,149,72,77
S00162724,92,42,50
S00162725,180,92,88
S00162726,79,40,38
S00162727,90,39,51
S00162728,68,36,35
S00162729,146,78,68
S00162730,95,50,45
S00162731,157,82,75
S00162732,110,57,53
S00162733,85,35,50
S00162734,187,96,91
S00162735,187,97,93
S00162736,126,67,59
S00162737,76,37,43
S00162738,142,73,69
S00162739,142,86,55
S00162740,102,49,52
S00162741,87,49,37
S00162742,130,64,66
S00162743,135,69,67
S00162744,107,57,50
S00162745,84,41,43
S00162746,68,40,28
S00162747,156,85,74
S00162748,135,62,73
S00162749,127,70,61
S00162750,72,34,38
S00162751,63,35,28
S00162752,74,42,32
S00162753,98,44,58
S00162754,113,57,56
S00162755,122,61,61
S00162756,152,76,76
S00162757,157,84,74
S00162758,130,73,60
S00162759,146,72,74
S00162760,87,46,43
S00162761,99,50,49
S00162762,93,51,42
S00162763,154,79,78
S00162764,106,56,50
S00162765,110,58,52
S00162766,72,39,33
S00162767,73,37,36
S00162768,119,54,65
S00162769,143,71,69
S00162770,116,58,58
S00162771,134,65,69
S00162772,78,45,33
S00162773,80,42,38
S00162774,112,59,51
S00162775,121,63,58
S00162776,87,51,38
S00162777,140,74,66
S00162778,167,82,85
S00162779,116,71,45
S00162780,97,45,52
S00162781,136,69,71
S00162782,121,66,54
S00162783,128,66,62
S00162784,120,63,60
S00162785,72,36,40
S00162786,73,38,35
S00162787,82,44,35
S00162788,182,98,84
S00162789,65,32,29
S00162790,68,32,36
S00162791,85,38,45
S00162792,131,64,67
S00162793,75,41,33
S00162794,120,59,61
S00162795,122,66,55
S00162796,125,69,53
S00162797,72,32,43
S00162798,121,64,57
S00162799,121,61,60
S00162800,111,53,58
S00162801,161,84,77
S00162802,153,80,73
S00162803,163,91,72
S00162804,71,37,34
S00162805,67,34,33
S00162806,73,38,39
S00162807,147,71,72
S00162808,137,61,72
S00162809,65,36,29
S00162810,133,75,58
S00162811,129,61,68
S00162812,103,53,50
S00162813,200,99,103
S00162814,82,44,42
S00162815,103,52,51
S00162816,179,99,80
S00162817,130,65,66
S00162818,64,41,26
S00162819,104,51,53
S00162820,65,33,32
S00162821,98,51,47
S00162822,136,77,59
S00162823,92,50,42
S00162824,114,58,56
S00162825,105,52,53
S00162826,169,95,78
S00162827,88,52,37
S00162828,80,35,41
S00162829,91,47,44
S00162830,105,57,48
S00162831,101,52,49
S00162832,117,67,46
S00162833,103,48,55
S00162834,95,68,27
S00162835,80,50,34
S00162836,155,80,78
S00162837,60,34,26
S00162838,113,61,52
S00162839,99,45,54
S00162840,96,50,46
S00162841,114,64,50
S00162842,109,57,48
S00162843,157,82,75
S00162844,105,51,54
S00162845,115,61,52
S00162846,92,49,43
S00162847,124,67,57
S00162848,121,67,54
S00162849,76,37,39
S00162850,95,46,49
S00162851,152,75,77
S00162852,120,68,56
S00162853,154,78,76
S00162854,165,89,76
S00162855,77,41,33
S00162856,105,52,53
S00162857,98,59,39
S00162858,139,73,66
S00162859,89,44,41
S00162860,125,68,57
S00162861,94,42,52
S00162862,86,45,41
S00162863,108,60,48
S00162864,89,48,41
S00162865,111,57,54
S00162866,202,110,92
S00162867,113,53,60
S00162868,129,69,60
S00162869,159,71,88
S00162870,69,33,36
S00162871,90,41,49
S00162872,159,77,82
S00162873,143,70,73
S00162874,98,49,49
S00162875,182,89,93
S00162876,88,49,43
S00162877,131,68,63
S00162878,161,84,77
S00162879,70,26,44
S00162880,86,46,44
S00162881,87,43,44
S00162882,90,47,43
S00162883,84,43,39
S00162884,114,50,64
S00162885,64,33,31
S00162886,163,79,78
S00162887,101,57,44
S00162888,82,36,50
S00162889,164,89,75
S00162890,130,65,65
S00162891,68,36,32
S00162892,117,59,62
S00162893,92,44,45
S00162894,184,85,103
S00162895,196,101,95
S00162896,126,65,61
S00162897,112,52,60
S00162898,141,60,80
S00162899,195,109,86
S00162900,87,44,46
S00162901,65,35,31
S00162902,122,53,67
S00162903,112,70,42
S00162904,182,100,82
S00162905,104,51,53
S00162906,104,54,45
S00162907,88,49,42
S00162908,70,34,36
S00162909,124,60,64
S00162910,94,43,51
S00162911,63,34,29
S00162912,95,54,41
S00162913,133,63,73
S00162914,68,40,28
S00162915,74,37,37
S00162916,109,57,52
S00162917,77,35,42
S00162918,123,56,69
S00162919,113,61,52
S00162920,100,58,42
S00162921,186,93,93
S00162922,127,54,73
S00162923,167,84,83
S00162924,177,88,89
S00162925,128,64,64
S00162926,153,73,77
S00162927,187,98,89
S00162928,125,60,63
S00162929,160,81,81
S00162930,79,43,36
S00162931,130,69,64
S00162932,91,43,48
S00162933,115,58,57
S00162934,182,96,86
S00162935,103,42,58
S00162936,95,53,42
S00162937,96,46,50
S00162938,78,38,40
S00162939,74,42,32
S00162940,64,38,26
S00162941,157,77,80
S00162942,81,38,43
S00162943,98,46,52
S00162944,109,55,57
S00162945,172,89,83
S00162946,185,103,86
S00162947,84,44,36
S00162948,78,42,36
S00162949,115,56,59
S00162950,159,79,80
S00162951,106,54,52
S00162952,73,39,34
S00162953,73,39,34
S00162954,131,67,64
S00162955,121,59,62
S00162956,158,78,80
S00162957,76,38,38
S00162958,174,85,89
S00162959,68,38,30
S00162960,81,46,38
S00162961,87,49,38
S00162962,65,31,34
S00162963,129,65,64
S00162964,71,35,32
S00162965,83,40,43
S00162966,138,67,71
S00162967,72,38,34
S00162968,177,88,92
S00162969,117,55,62
S00162970,78,36,42
S00162971,115,53,62
S00162972,117,61,56
S00162973,124,56,65
S00162974,103,48,55
S00162975,67,33,34
S00162976,100,45,55
S00162977,126,62,64
S00162978,124,63,61
S00162979,72,32,39
S00162980,191,93,98
S00162981,128,75,52
S00162982,88,48,40
S00162983,109,44,63
S00162984,108,49,57
S00162985,85,46,39
S00162986,129,63,63
S00162987,144,74,67
S00162988,97,57,40
S00162989,122,65,57
S00162990,157,79,78
S00162991,122,65,57
S00162992,83,42,41
S00162993,118,57,62
S00162994,107,53,50
S00162995,102,54,51
S00162996,115,62,53
S00162997,124,67,61
S00162998,186,103,87
S00162999,194,109,86
S00163000,78,41,37
S00163001,121,57,64
S00163002,80,40,40
S00163003,105,52,50
S00163004,101,52,48
S00163005,135,67,67
S00163006,92,43,49
S00163007,89,45,45
S00163008,176,80,96
S00163009,180,93,87
S00163010,186,90,95
S00163011,189,89,102
S00163012,141,70,76
S00163013,214,113,104
S00163014,165,79,86
S00163015,66,29,37
S00163016,134,71,63
S00163017,78,39,39
S00163018,145,68,76
S00163019,179,94,84
S00163020,155,83,72
S00163021,125,69,56
S00163022,78,36,42
S00163023,82,42,40
S00163024,171,83,92
S00163025,149,81,68
S00163026,99,53,46
S00163027,125,66,59
S00163028,96,46,50
S00163029,90,51,39
S00163030,141,87,54
S00163031,75,43,32
S00163032,101,50,49
S00163033,79,40,39
S00163034,92,46,46
S00163035,124,64,60
S00163036,144,77,67
S00163037,179,83,93
S00163038,116,51,66
S00163039,107,59,48
S00163040,87,42,44
S00163041,96,48,48
S00163042,125,69,56
S00163043,117,60,55
S00163044,91,47,48
S00163045,120,63,56
S00163046,102,54,47
S00163047,195,100,95
S00163048,108,54,54
S00163049,71,33,41
S00163050,116,61,55
S00163051,123,66,57
S00163052,172,85,91
S00163053,107,57,50
S00163054,160,85,75
S00163055,131,67,64
S00163056,201,106,97
S00163057,108,58,51
S00163058,119,59,63
S00163059,139,73,66
S00163060,97,47,50
S00163061,152,77,75
S00163062,87,43,42
S00163063,124,68,56
S00163064,97,47,50
S00163065,117,70,47
S00163066,60,28,33
S00163067,124,69,58
S00163068,114,62,52
S00163069,123,66,58
S00163070,79,45,37
S00163071,102,48,54
S00163072,98,46,48
S00163073,89,49,38
S00163074,128,70,58
S00163075,167,84,83
S00163076,78,41,37
S00163077,69,30,37
S00163078,91,56,35
S00163079,140,74,69
S00163080,72,32,40
S00163081,89,48,41
S00163082,77,39,34
S00163083,178,89,86
S00163084,127,56,71
S00163085,158,77,81
S00163086,97,47,50
S00163087,148,67,81
S00163088,94,46,48
S00163089,101,56,42
S00163090,71,32,41
S00163091,99,56,43
S00163092,161,80,79
S00163093,137,78,59
S00163094,60,31,26
S00163095,105,40,65
S00163096,164,82,82
S00163097,122,56,66
S00163098,129,70,61
S00163099,100,43,57
S00163100,180,91,82
S00163101,141,65,76
S00163102,174,90,84
S00163103,173,89,85
S00163104,80,45,31
S00163105,119,66,54
S00163106,79,36,43
S00163107,94,44,50
S00163108,177,91,86
S00163109,82,35,47
S00163110,111,53,58
S00163111,126,67,59
S00163112,153,80,72
S00163113,157,81,76
S00163114,70,31,39
S00163115,125,73,50
S00163116,129,64,65
S00163117,65,34,31
S00163118,121,58,63
S00163119,110,50,60
S00163120,155,82,73
S00163121,87,52,35
S00163122,71,27,44
S00163123,156,86,72
S00163124,144,70,74
S00163125,121,69,48
S00163126,81,42,39
S00163127,130,55,75
S00163128,81,40,41
S00163129,125,58,67
S00163130,110,44,66
S00163131,84,40,44
S00163132,149,73,80
S00163133,121,65,59
S00163134,102,50,55
S00163135,69,35,37
S00163136,104,57,47
S00163137,119,63,55
S00163138,120,56,64
S00163139,115,63,52
S00163140,107,40,65
S00163141,148,72,71
S00163142,93,43,50
S00163143,85,46,42
S00163144,62,48,14
S00163145,65,30,39
S00163146,186,101,85
S00163147,149,79,72
S00163148,132,64,68
S00163149,119,64,55
S00163150,120,57,63
S00163151,64,31,33
S00163152,142,74,68
S00163153,154,68,82
S00163154,148,91,61
S00163155,65,35,30
S00163156,77,32,44
S00163157,124,72,52
S00163158,126,71,55
S00163159,122,60,61
S00163160,115,59,56
S00163161,144,77,71
S00163162,109,50,59
S00163163,61,27,34
S00163164,172,92,77
S00163165,106,54,53
S00163166,83,42,41
S00163167,81,47,34
S00163168,132,67,65
S00163169,69,28,38
S00163170,91,57,35
S00163171,153,83,71
S00163172,85,41,40
S00163173,173,91,86
S00163174,98,54,44
S00163175,114,58,56
S00163176,79,31,48
S00163177,192,112,82
S00163178,108,52,59
S00163179,107,48,59
S00163180,96,47,46
S00163181,129,83,46
S00163182,104,54,50
S00163183,154,73,81
S00163184,147,78,69
S00163185,130,67,63
S00163186,76,38,35
S00163187,129,72,55
S00163188,118,53,67
S00163189,70,21,49
S00163190,89,36,53
S00163191,120,63,57
S00163192,77,35,42
S00163193,90,42,48
S00163194,108,61,49
S00163195,68,36,32
S00163196,136,65,71
S00163197,90,34,56
S00163198,136,71,63
S00163199,96,46,50
S00163200,66,32,34
S00163201,109,53,56
S00163202,110,69,41
S00163203,80,38,42
S00163204,93,42,54
S00163205,102,45,57
S00163206,161,73,88
S00163207,123,64,59
S00163208,116,62,54
S00163209,118,59,59
S00163210,76,45,32
S00163211,67,29,38
S00163212,121,71,50
S00163213,106,49,57
S00163214,127,63,64
S00163215,104,56,45
S00163216,95,49,46
S00163217,73,33,40
S00163218,82,33,49
S00163219,124,64,60
S00163220,761,452,309
S00163221,83,45,39
S00163222,136,75,60
S00163223,77,53,20
S00163224,119,56,63
S00163225,126,59,66
S00163226,96,54,46
S00163227,71,32,39
S00163228,120,62,58
S00163229,94,41,55
S00163230,79,38,41
S00163231,109,55,54
S00163232,126,62,63
S00163233,104,53,51
S00163234,100,57,43
S00163235,131,52,72
S00163236,82,34,45
S00163237,103,49,56
S00163238,102,53,49
S00163239,76,26,50
S00163240,70,29,42
S00163241,72,43,29
S00163242,103,56,43
S00163243,109,52,60
S00163244,159,81,72
S00163245,92,34,56
S00163246,86,41,42
S00163247,76,26,54
S00163248,155,79,74
S00163249,132,75,60
S00163250,93,46,47
S00163251,81,40,40
S00163252,114,63,54
S00163253,106,49,57
S00163254,89,54,35
S00163255,94,48,46
S00163256,86,45,41
S00163257,139,78,61
S00163258,121,65,55
S00163259,88,50,41
S00163260,258,133,128
S00163261,71,33,38
S00163262,125,66,60
S00163263,126,71,55
S00163264,74,39,32
S00163265,92,57,33
S00163266,131,59,75
S00163267,134,76,58
S00163268,88,44,44
S00163269,61,24,34
S00163270,146,82,60
S00163271,154,79,72
S00163272,106,57,50
S00163273,90,38,54
S00163274,152,76,79
S00163275,137,75,62
S00163276,77,41,35
S00163277,74,34,37
S00163278,167,86,81
S00163279,140,74,66
S00163280,85,44,41
S00163281,81,37,44
S00163282,136,77,59
S00163283,82,37,43
S00163284,123,61,61
S00163285,92,48,44
S00163286,104,54,50
S00163287,90,41,49
S00163288,126,72,54
S00163289,70,42,28
S00163290,125,62,60
S00163291,107,51,56
S00163292,145,78,67
S00163293,125,65,60
S00163294,126,63,63
S00163295,80,44,36
S00163296,133,66,67
S00163297,73,31,42
S00163298,91,39,52
S00163299,90,49,39
S00163300,62,36,26
S00163301,115,56,59
S00163302,117,65,52
S00163303,172,83,85
S00163304,73,37,36
S00163305,140,67,73
S00163306,83,47,36
S00163307,114,57,57
S00163308,80,42,35
S00163309,108,54,57
S00163310,124,57,70
S00163311,142,76,66
S00163312,142,80,62
S00163313,97,41,52
S00163314,199,108,91
S00163315,152,82,70
S00163316,140,79,61
S00163317,174,63,107
S00163318,76,37,39
S00163319,132,67,65
S00163320,151,79,69
S00163321,167,83,84
S00163322,138,77,61
S00163323,143,68,75
S00163324,154,84,68
S00163325,94,47,47
S00163326,93,49,44
S00163327,148,70,78
S00163328,111,68,43
S00163329,64,42,26
S00163330,153,77,76
S00163331,128,72,56
S00163332,105,57,49
S00163333,71,38,32
S00163334,62,31,29
S00163335,94,47,47
S00163336,89,50,39
S00163337,165,91,74
S00163338,80,38,38
S00163339,161,86,73
S00163340,141,69,72
S00163341,97,49,50
S00163342,81,39,42
S00163343,155,69,86
S00163344,100,53,47
S00163345,137,73,66
S00163346,106,49,57
S00163347,120,65,56
S00163348,169,100,70
S00163349,84,47,37
S00163350,123,69,54
S00163351,78,44,34
S00163352,91,49,42
S00163353,100,55,45
S00163354,106,51,55
S00163355,78,49,29
S00163356,81,36,45
S00163357,99,46,53
S00163358,109,55,55
S00163359,120,65,55
S00163360,113,70,43
S00163361,77,36,41
S00163362,75,35,36
S00163363,182,87,95
S00163364,134,76,56
S00163365,166,84,82
S00163366,126,55,71
S00163367,122,67,55
S00163368,101,40,61
S00163369,221,137,80
S00163370,146,72,68
S00163371,128,74,54
S00163372,133,65,68
S00163373,92,53,39
S00163374,90,46,44
S00163375,135,68,67
S00163376,93,45,48
S00163377,73,42,35
S00163378,60,29,31
S00163379,105,57,45
S00163380,143,79,66
S00163381,105,51,54
S00163382,88,50,35
S00163383,106,55,51
S00163384,138,77,61
S00163385,109,62,47
S00163386,90,46,40
S00163387,75,37,38
S00163388,109,64,45
S00163389,89,50,41
S00163390,139,73,67
S00163391,82,39,43
S00163392,166,75,91
S00163393,100,52,48
S00163394,122,68,58
S00163395,140,65,78
S00163396,159,77,82
S00163397,175,89,89
S00163398,96,56,40
S00163399,95,49,46
S00163400,169,89,80
S00163401,85,45,40
S00163402,102,55,47
S00163403,93,51,44
S00163404,118,61,57
S00163405,86,47,39
S00163406,88,44,45
S00163407,182,92,90
S00163408,128,71,59
S00163409,128,61,68
S00163410,93,49,48
S00163411,149,87,62
S00163412,127,69,58
S00163413,124,65,60
S00163414,116,61,60
S00163415,142,76,66
S00163416,71,35,40
S00163417,112,59,53
S00163418,156,74,81
S00163419,93,51,41
S00163420,126,63,63
S00163421,70,34,36
S00163422,90,51,38
S00163423,104,59,45
S00163424,156,81,75
S00163425,91,44,47
S00163426,82,44,40
S00163427,156,73,82
S00163428,119,73,46
S00163429,131,65,65
S00163430,62,33,32
S00163431,74,36,38
S00163432,90,50,44
S00163433,127,71,56
S00163434,143,82,65
S00163435,144,72,72
S00163436,77,43,34
S00163437,86,44,40
S00163438,151,80,71
S00163439,66,38,24
S00163440,143,78,63
S00163441,114,60,54
S00163442,161,86,73
S00163443,69,33,36
S00163444,108,51,57
S00163445,102,50,47
S00163446,149,82,66
S00163447,65,27,38
S00163448,150,75,76
S00163449,79,37,42
S00163450,91,53,38
S00163451,98,48,50
S00163452,120,63,57
S00163453,69,37,32
S00163454,58,33,27
S00163455,100,59,41
S00163456,62,34,28
S00163457,159,81,78
S00163458,83,41,40
S00163459,75,50,28
S00163460,90,46,44
S00163461,79,39,40
S00163462,104,48,56
S00163463,115,59,54
S00163464,87,42,45
S00163465,98,56,42
S00163466,122,68,58
S00163467,62,36,26
S00163468,102,53,49
S00163469,126,63,60
S00163470,169,87,83
S00163471,80,34,46
S00163472,105,50,55
S00163473,109,54,55
S00163474,85,40,45
S00163475,72,30,42
S00163476,101,52,49
S00163477,105,57,48
S00163478,151,67,81
S00163479,164,91,73
S00163480,111,57,58
S00163481,72,38,34
S00163482,120,69,51
S00163483,122,55,67
S00163484,122,65,53
S00163485,77,41,35
S00163486,124,64,60
S00163487,102,51,47
S00163488,96,50,47
S00163489,89,51,38
S00163490,145,81,67
S00163491,147,71,74
S00163492,110,61,53
S00163493,89,51,37
S00163494,78,40,38
S00163495,83,42,41
S00163496,112,56,56
S00163497,106,58,48
S00163498,83,44,39
S00163499,81,39,42
S00163500,84,43,41
S00163501,109,58,51
S00163502,161,79,82
S00163503,119,65,54
S00163504,92,52,36
S00163505,73,37,33
S00163506,76,41,35
S00163507,106,55,49
S00163508,119,63,56
S00163509,123,67,56
S00163510,117,52,60
S00163511,106,59,47
S00163512,131,69,62
S00163513,149,78,71
S00163514,74,37,37
S00163515,100,55,45
S00163516,60,29,31
S00163517,173,90,83
S00163518,90,43,46
S00163519,144,62,82
S00163520,85,44,43
S00163521,123,60,63
S00163522,114,55,55
S00163523,85,43,40
S00163524,82,35,44
S00163525,103,50,49
S00163526,160,83,77
S00163527,173,87,86
S00163528,130,67,63
S00163529,144,83,61
S00163530,90,48,42
S00163531,152,81,65
S00163532,139,71,65
S00163533,95,49,46
S00163534,85,49,36
S00163535,81,45,36
S00163536,130,70,60
S00163537,125,73,52
S00163538,83,52,35
S00163539,131,67,67
S00163540,85,35,47
S00163541,65,36,29
S00163542,90,45,45
S00163543,63,39,24
S00163544,119,54,69
S00163545,88,50,38
S00163546,150,83,68
S00163547,71,33,38
S00163548,158,87,71
S00163549,165,87,78
S00163550,136,63,73
S00163551,156,84,72
S00163552,89,57,35
S00163553,96,58,38
S00163554,80,39,39
S00163555,100,48,52
S00163556,88,49,40
S00163557,127,64,63
S00163558,79,51,30
S00163559,102,51,49
S00163560,98,49,47
S00163561,125,68,61
S00163562,63,19,44
S00163563,84,43,41
S00163564,72,36,36
S00163565,121,64,57
S00163566,87,50,41
S00163567,76,45,31
S00163568,143,76,67
S00163569,86,51,35
S00163570,139,75,64
S00163571,81,43,38
S00163572,156,79,77
S00163573,84,52,32
S00163574,95,50,45
S00163575,150,71,79
S00163576,76,44,36
S00163577,148,81,67
S00163578,129,75,54
S00163579,123,66,60
S00163580,100,57,46
S00163581,171,88,83
S00163582,97,51,47
S00163583,141,73,64
S00163584,139,61,77
S00163585,106,52,58
S00163586,99,48,51
S00163587,192,101,91
S00163588,102,52,52
S00163589,81,41,46
S00163590,170,89,81
S00163591,71,35,40
S00163592,120,70,50
S00163593,94,48,46
S00163594,69,38,31
S00163595,104,53,51
S00163596,81,48,33
S00163597,119,58,60
S00163598,125,63,62
S00163599,93,53,36
S00163600,84,41,39
S00163601,148,87,61
S00163602,117,66,51
S00163603,115,64,54
S00163604,100,45,55
S00163605,146,73,73
S00163606,124,65,60
S00163607,110,56,54
S00163608,61,34,28
S00163609,65,37,28
S00163610,127,68,59
S00163611,146,73,73
S00163612,95,52,43
S00163613,104,58,46
S00163614,155,88,64
S00163615,74,33,38
S00163616,98,52,43
S00163617,80,35,42
S00163618,91,48,43
S00163619,78,42,36
S00163620,153,79,77
S00163621,96,52,44
S00163622,184,91,93
S00163623,111,59,52
S00163624,134,68,63
S00163625,137,63,77
S00163626,178,85,92
S00163627,71,37,34
S00163628,112,56,56
S00163629,84,43,41
S00163630,143,76,67
S00163631,143,68,73
S00163632,173,88,84
S00163633,80,45,35
S00163634,146,69,78
S00163635,124,59,65
S00163636,187,96,91
S00163637,70,31,39
S00163638,124,67,60
S00163639,123,64,59
S00163640,133,64,69
S00163641,97,46,52
S00163642,118,57,60
S00163643,115,55,60
S00163644,91,45,46
S00163645,165,79,86
S00163646,98,52,46
S00163647,108,55,46
S00163648,213,116,97
S00163649,187,101,87
S00163650,145,79,66
S00163651,152,93,62
S00163652,91,60,31
S00163653,151,76,80
S00163654,204,106,98
S00163655,122,59,63
S00163656,91,48,43
S00163657,172,78,94
S00163658,131,72,59
S00163659,87,55,32
S00163660,96,46,46
S00163661,83,43,40
S00163662,81,36,45
S00163663,212,104,109
S00163664,160,84,75
S00163665,229,116,113
S00163666,153,86,67
S00163667,100,52,48
S00163668,153,77,75
S00163669,185,93,92
S00163670,202,103,99
S00163671,173,88,85
S00163672,67,32,37
S00163673,219,125,94
S00163674,178,92,86
S00163675,151,74,77
S00163676,176,89,87
S00163677,65,27,34
S00163678,198,101,97
S00163679,86,46,40
S00163680,109,52,59
S00163681,66,31,35
S00163682,114,59,55
S00163683,109,53,56
S00163684,142,70,72
S00163685,144,70,74
S00163686,109,53,56
S00163687,118,63,63
S00163688,113,57,56
S00163689,135,65,73
S00163690,112,54,58
S00163691,107,54,53
S00163692,197,104,96
S00163693,133,60,73
S00163694,70,40,30
S00163695,122,67,55
S00163696,184,98,86
S00163697,76,39,37
S00163698,113,56,57
S00163699,82,45,41
S00163700,104,50,50
S00163701,160,79,81
S00163702,192,92,100
S00163703,122,62,60
S00163704,176,82,96
S00163705,126,66,63
S00163706,207,97,107
S00163707,83,42,41
S00163708,146,70,76
S00163709,193,94,99
S00163710,115,54,61
S00163711,87,45,42
S00163712,65,35,30
S00163713,119,57,66
S00163714,90,46,44
S00163715,131,64,67
S00163716,111,58,54
S00163717,69,37,32
S00163718,132,70,62
S00163719,165,75,90
S00163720,119,56,63
S00163721,95,51,45
S00163722,126,58,72
S00163723,172,81,91
S00163724,104,62,48
S00163725,130,66,68
S00163726,68,37,31
S00163727,68,36,34
S00163728,67,35,32
S00163729,182,87,95
S00163730,154,82,72
S00163731,76,41,35
S00163732,152,84,68
S00163733,149,70,79
S00163734,180,88,91
S00163735,144,80,64
S00163736,132,69,64
S00163737,104,48,56
S00163738,97,51,46
S00163739,142,62,80
S00163740,143,73,70
S00163741,111,51,60
S00163742,96,43,53
S00163743,117,48,65
S00163744,142,74,68
S00163745,171,88,83
S00163746,65,34,31
S00163747,89,53,35
S00163748,72,38,34
S00163749,101,53,51
S00163750,117,62,55
S00163751,191,94,97
S00163752,117,58,59
S00163753,146,72,70
S00163754,169,82,87
S00163755,96,45,51
S00163756,95,44,51
S00163757,119,59,60
S00163758,140,80,60
S00163759,155,81,70
S00163760,151,85,66
S00163761,100,51,49
S00163762,121,63,58
S00163763,108,55,51
S00163764,129,69,60
S00163765,121,53,68
S00163766,73,40,36
S00163767,61,31,30
S00163768,79,42,38
S00163769,59,38,22
S00163770,112,56,53
S00163771,103,46,57
S00163772,99,54,45
S00163773,99,48,51
S00163774,88,51,41
S00163775,112,56,56
S00163776,144,68,76
S00163777,68,37,31
S00163778,112,52,60
S00163779,105,50,55
S00163780,119,61,58
S00163781,67,38,29
S00163782,113,57,56
S00163783,109,46,61
S00163784,75,45,33
S00163785,67,34,33
S00163786,138,65,70
S00163787,185,97,88
S00163788,119,60,59
S00163789,121,60,57
S00163790,101,49,51
S00163791,157,75,78
S00163792,143,71,72
S00163793,84,45,37
S00163794,116,60,62
S00163795,84,38,53
S00163796,133,67,66
S00163797,96,46,50
S00163798,140,71,69
S00163799,170,88,82
S00163800,120,54,70
S00163801,88,42,46
S00163802,108,46,62
S00163803,148,74,76
S00163804,136,69,67
S00163805,154,71,81
S00163806,137,61,79
S00163807,175,82,93
S00163808,107,46,61
S00163809,105,49,56
S00163810,123,60,66
S00163811,65,27,35
S00163812,149,78,71
S00163813,116,52,61
S00163814,85,43,45
S00163815,108,52,55
S00163816,110,52,58
S00163817,70,42,28
S00163818,93,46,47
S00163819,98,49,46
S00163820,113,54,59
S00163821,81,48,33
S00163822,84,39,45
S00163823,103,57,43
S00163824,85,39,46
S00163825,140,73,67
S00163826,78,41,37
S00163827,139,66,69
S00163828,120,68,52
S00163829,65,34,31
S00163830,71,33,38
S00163831,88,49,39
S00163832,94,45,52
S00163833,75,38,37
S00163834,72,37,33
S00163835,62,26,36
S00163836,123,64,59
S00163837,168,81,87
S00163838,110,48,62
S00163839,115,55,63
S00163840,97,43,54
S00163841,167,85,78
S00163842,85,42,40
S00163843,107,55,52
S00163844,109,59,50
S00163845,152,82,70
S00163846,78,43,39
S00163847,69,32,36
S00163848,117,66,51
S00163849,126,65,61
S00163850,121,66,55
S00163851,104,54,53
S00163852,107,52,53
S00163853,87,44,43
S00163854,163,79,86
S00163855,104,48,58
S00163856,160,90,71
S00163857,71,41,30
S00163858,62,31,35
S00163859,146,76,66
S00163860,70,33,33
S00163861,132,61,71
S00163862,128,70,58
S00163863,109,58,51
S00163864,139,70,68
S00163865,129,61,67
S00163866,71,38,35
S00163867,69,41,28
S00163868,66,34,32
S00163869,145,72,73
S00163870,81,45,36
S00163871,68,38,27
S00163872,182,83,99
S00163873,143,80,69
S00163874,119,55,67
S00163875,142,77,65
S00163876,66,34,32
S00163877,129,64,65
S00163878,110,55,55
S00163879,69,32,40
S00163880,70,34,36
S00163881,145,77,68
S00163882,102,61,41
S00163883,101,51,54
S00163884,100,49,51
S00163885,165,103,61
S00163886,71,34,37
S00163887,124,71,53
S00163888,67,35,36
S00163889,64,31,33
S00163890,164,72,92
S00163891,170,89,84
S00163892,94,47,47
S00163893,89,48,41
S00163894,121,58,57
S00163895,141,71,66
S00163896,164,77,87
S00163897,136,62,74
S00163898,114,53,65
S00163899,151,74,77
S00163900,131,63,68
S00163901,107,50,57
S00163902,143,72,71
S00163903,95,49,46
S00163904,139,74,62
S00163905,87,44,43
S00163906,95,46,49
S00163907,112,58,54
S00163908,130,68,63
S00163909,107,55,50
S00163910,153,76,77
S00163911,63,40,27
S00163912,95,44,51
S00163913,126,66,62
S00163914,96,55,45
S00163915,145,83,66
S00163916,93,48,47
S00163917,146,82,64
S00163918,64,36,24
S00163919,99,50,48
S00163920,81,48,35
S00163921,142,77,68
S00163922,127,67,62
S00163923,84,41,43
S00163924,109,57,52
S00163925,135,68,67
S00163926,86,43,43
S00163927,146,73,74
S00163928,113,56,57
S00163929,84,40,44
S00163930,81,44,37
S00163931,72,30,42
S00163932,130,71,55
S00163933,125,68,57
S00163934,82,38,35
S00163935,185,96,93
S00163936,78,35,39
S00163937,123,64,59
S00163938,116,58,56
S00163939,129,68,61
S00163940,134,68,66
S00163941,141,62,79
S00163942,195,96,99
S00163943,83,46,37
S00163944,157,77,80
S00163945,80,45,35
S00163946,159,83,76
S00163947,180,94,86
S00163948,191,95,99
S00163949,151,79,72
S00163950,131,76,55
S00163951,158,76,82
S00163952,90,49,41
S00163953,116,57,59
S00163954,139,67,69
S00163955,119,61,58
S00163956,113,55,57
S00163957,189,94,92
S00163958,101,53,46
S00163959,200,95,106
S00163960,119,58,61
S00163961,103,59,44
S00163962,117,58,59
S00163963,151,89,62
S00163964,125,66,59
S00163965,178,94,84
S00163966,64,35,29
S00163967,91,47,44
S00163968,161,84,77
S00163969,120,67,56
S00163970,80,40,40
S00163971,80,38,42
S00163972,101,51,53
S00163973,71,40,31
S00163974,104,59,45
S00163975,89,42,47
S00163976,122,60,63
S00163977,118,58,60
S00163978,100,51,49
S00163979,151,77,74
S00163980,126,67,55
S00163981,78,38,40
S00163982,72,37,35
S00163983,99,56,43
S00163984,125,64,61
S00163985,120,67,53
S00163986,127,62,65
S00163987,100,48,52
S00163988,164,84,77
S00163989,74,37,33
S00163990,109,60,49
S00163991,177,96,75
S00163992,79,42,38
S00163993,96,52,44
S00163994,92,52,44
S00163995,109,50,60
S00163996,123,57,69
S00163997,118,68,50
S00163998,108,59,49
S00163999,124,68,56
S00164000,119,62,57
S00164001,120,57,63
S00164002,259,144,115
S00164003,175,96,79
S00164004,71,40,31
S00164005,94,48,46
S00164006,77,36,40
S00164007,130,70,55
S00164008,162,75,87
S00164009,119,56,61
S00164010,110,54,58
S00164011,161,76,85
S00164012,124,55,69
S00164013,117,80,40
S00164014,72,36,33
S00164015,79,39,40
S00164016,97,40,59
S00164017,84,43,39
S00164018,130,63,67
S00164019,123,65,55
S00164020,134,78,56
S00164021,106,45,57
S00164022,109,54,55
S00164023,106,59,47
S00164024,77,40,36
S00164025,113,61,52
S00164026,114,62,52
S00164027,118,66,52
S00164028,84,40,44
S00164029,99,51,45
S00164030,107,52,55
S00164031,79,39,43
S00164032,181,91,90
S00164033,96,49,48
S00164034,83,42,41
S00164035,102,44,54
S00164036,82,48,36
S00164037,94,46,45
S00164038,132,71,61
S00164039,149,74,71
S00164040,104,54,50
S00164041,111,63,48
S00164042,97,45,53
S00164043,101,57,43
S00164044,187,95,92
S00164045,117,64,53
S00164046,120,62,55
S00164047,169,78,91
S00164048,112,61,51
S00164049,93,48,45
S00164050,102,53,48
S00164051,91,41,50
S00164052,146,74,70
S00164053,186,87,99
S00164054,130,71,58
S00164055,201,102,99
S00164056,172,87,85
S00164057,88,43,45
S00164058,62,36,30
S00164059,137,52,85
S00164060,81,52,26
S00164061,123,61,62
S00164062,75,48,30
S00164063,100,59,41
S00164064,107,56,52
S00164065,92,41,51
S00164066,67,31,36
S00164067,72,34,38
S00164068,80,40,41
S00164069,87,43,44
S00164070,83,41,42
S00164071,87,37,50
S00164072,191,99,92
S00164073,81,44,41
S00164074,108,52,56
S00164075,176,84,91
S00164076,115,55,60
S00164077,186,85,97
S00164078,139,71,68
S00164079,100,51,49
S00164080,132,60,72
S00164081,134,61,73
S00164082,98,49,49
S00164083,113,61,52
S00164084,69,42,27
S00164085,113,57,58
S00164086,148,72,76
S00164087,68,34,34
S00164088,95,45,46
S00164089,99,52,47
S00164090,94,53,41
S00164091,140,61,79
S00164092,75,41,38
S00164093,89,53,36
S00164094,159,83,76
S00164095,158,95,63
S00164096,127,63,64
S00164097,65,32,33
S00164098,88,52,39
S00164099,72,41,33
S00164100,81,52,32
S00164101,106,53,53
S00164102,117,72,46
S00164103,124,55,68
S00164104,80,43,37
S00164105,87,42,45
S00164106,108,63,48
S00164107,69,38,31
S00164108,61,30,31
S00164109,99,53,46
S00164110,71,34,37
S00164111,105,47,58
S00164112,87,46,41
S00164113,122,65,57
S00164114,101,61,40
S00164115,124,67,55
S00164116,127,70,56
S00164117,127,58,69
S00164118,68,32,36
S00164119,71,46,28
S00164120,84,33,50
S00164121,119,57,58
S00164122,130,71,62
S00164123,83,40,43
S00164124,113,57,56
S00164125,109,49,60
S00164126,64,30,38
S00164127,106,54,52
S00164128,114,50,64
S00164129,84,45,39
S00164130,102,56,46
S00164131,66,34,32
S00164132,88,42,43
S00164133,94,48,46
S00164134,103,58,42
S00164135,116,62,54
S00164136,199,116,83
S00164137,98,48,51
S00164138,113,63,53
S00164139,145,84,62
S00164140,123,64,50
S00164141,140,73,67
S00164142,103,51,52
S00164143,85,49,36
S00164144,61,36,30
S00164145,77,37,36
S00164146,102,51,53
S00164147,97,47,50
S00164148,127,66,61
S00164149,62,31,31
S00164150,130,67,61
S00164151,108,62,50
S00164152,102,55,47
S00164153,68,25,43
S00164154,61,34,30
S00164155,121,64,57
S00164156,84,42,44
S00164157,121,58,65
S00164158,104,61,43
S00164159,102,56,46
S00164160,138,78,60
S00164161,115,61,53
S00164162,131,72,59
S00164163,61,30,31
S00164164,77,38,40
S00164165,154,71,83
S00164166,115,55,59
S00164167,135,72,63
S00164168,107,56,48
S00164169,111,61,51
S00164170,97,46,51
S00164171,140,76,64
S00164172,79,40,38
S00164173,198,95,103
S00164174,168,88,80
S00164175,70,40,31
S00164176,105,52,54
S00164177,140,70,70
S00164178,85,45,39
S00164179,102,50,52
S00164180,123,70,53
S00164181,103,50,53
S00164182,73,37,36
S00164183,188,115,76
S00164184,109,60,49
S00164185,130,70,63
S00164186,136,69,67
S00164187,122,54,68
S00164188,78,40,35
S00164189,173,87,86
S00164190,117,58,67
S00164191,89,44,45
S00164192,89,44,45
S00164193,78,47,31
S00164194,96,49,47
S00164195,104,50,53
S00164196,124,64,60
S00164197,101,52,49
S00164198,92,49,39
S00164199,138,71,67
S00164200,143,71,72
S00164201,145,73,72
S00164202,96,52,44
S00164203,181,105,79
S00164204,90,42,51
S00164205,113,57,56
S00164206,133,71,60
S00164207,78,42,36
S00164208,139,74,62
S00164209,139,67,72
S00164210,115,50,65
S00164211,99,55,44
S00164212,110,65,45
S00164213,83,42,41
S00164214,133,65,68
S00164215,86,46,40
S00164216,108,58,50
S00164217,153,72,81
S00164218,130,67,63
S00164219,153,70,82
S00164220,156,90,66
S00164221,101,54,47
S00164222,181,90,88
S00164223,133,66,67
S00164224,93,50,41
S00164225,81,40,41
S00164226,127,67,60
S00164227,125,60,64
S00164228,98,48,50
S00164229,135,61,74
S00164230,140,70,70
S00164231,71,32,39
S00164232,165,87,78
S00164233,83,32,47
S00164234,83,27,54
S00164235,69,42,27
S00164236,115,50,64
S00164237,73,37,36
S00164238,166,86,80
S00164239,108,54,55
S00164240,137,62,75
S00164241,159,84,75
S00164242,82,41,41
S00164243,82,42,43
S00164244,61,33,26
S00164245,73,40,35
S00164246,70,32,38
S00164247,112,56,56
S00164248,107,57,46
S00164249,152,72,80
S00164250,92,47,45
S00164251,61,30,31
S00164252,140,73,70
S00164253,74,49,25
S00164254,106,52,54
S00164255,128,75,53
S00164256,120,65,52
S00164257,111,56,55
S00164258,138,75,65
S00164259,81,36,45
S00164260,72,28,44
S00164261,113,65,52
S00164262,85,38,44
S00164263,163,84,79
S00164264,105,61,44
S00164265,98,43,55
S00164266,76,30,47
S00164267,133,74,60
S00164268,64,31,33
S00164269,76,40,36
S00164270,64,32,32
S00164271,134,60,74
S00164272,102,51,51
S00164273,115,62,53
S00164274,87,47,40
S00164275,67,32,35
S00164276,93,43,50
S00164277,108,54,54
S00164278,82,49,33
S00164279,126,70,56
S00164280,150,75,73
S00164281,182,93,89
S00164282,89,41,46
S00164283,114,52,61
S00164284,101,56,45
S00164285,141,68,73
S00164286,92,51,41
S00164287,118,57,62
S00164288,90,47,46
S00164289,214,124,90
S00164290,84,50,34
S00164291,101,55,45
S00164292,126,65,61
S00164293,155,86,69
S00164294,81,41,40
S00164295,99,39,60
S00164296,117,57,60
S00164297,102,59,43
S00164298,99,49,47
S00164299,73,37,37
S00164300,100,50,49
S00164301,243,116,130
S00164302,96,46,50
S00164303,90,43,47
S00164304,78,33,47
S00164305,124,77,47
S00164306,88,38,50
S00164307,104,49,55
S00164308,202,112,87
S00164309,142,76,66
S00164310,128,72,59
S00164311,108,65,43
S00164312,129,65,61
S00164313,99,47,52
S00164314,104,55,49
S00164315,83,43,40
S00164316,122,73,49
S00164317,165,87,75
S00164318,80,43,33
S00164319,83,49,34
S00164320,105,53,55
S00164321,99,52,44
S00164322,178,76,102
S00164323,145,77,71
S00164324,151,83,66
S00164325,80,29,51
S00164326,133,70,62
S00164327,120,63,57
S00164328,77,40,37
S00164329,99,48,51
S00164330,61,34,27
S00164331,91,49,45
S00164332,109,54,52
S00164333,105,57,48
S00164334,83,43,40
S00164335,72,32,40
S00164336,116,60,53
S00164337,88,43,49
S00164338,61,29,35
S00164339,173,88,85
S00164340,84,45,35
S00164341,115,43,75
S00164342,96,57,41
S00164343,103,58,48
S00164344,72,47,25
S00164345,97,47,48
S00164346,144,75,69
S00164347,151,86,65
S00164348,114,64,47
S00164349,107,59,50
S00164350,102,53,53
S00164351,98,50,44
S00164352,187,89,95
S00164353,110,54,56
S00164354,151,82,69
S00164355,75,37,38
S00164356,119,65,54
S00164357,96,44,52
S00164358,83,41,42
S00164359,115,62,53
S00164360,80,34,42
S00164361,175,88,87
S00164362,76,43,30
S00164363,68,29,40
S00164364,123,64,59
S00164365,130,68,65
S00164366,104,56,54
S00164367,110,62,48
S00164368,66,33,33
S00164369,77,42,35
S00164370,110,60,51
S00164371,112,59,53
S00164372,110,63,47
S00164373,133,62,71
S00164374,81,42,37
S00164375,120,60,60
S00164376,151,74,78
S00164377,139,71,61
S00164378,76,41,32
S00164379,65,37,24
S00164380,80,35,45
S00164381,113,40,73
S00164382,101,49,52
S00164383,72,38,34
S00164384,92,47,45
S00164385,126,71,55
S00164386,137,71,66
S00164387,160,89,74
S00164388,101,61,40
S00164389,137,83,58
S00164390,78,37,45
S00164391,85,45,40
S00164392,128,69,61
S00164393,225,87,142
S00164394,180,92,88
S00164395,119,67,52
S00164396,90,49,41
S00164397,108,60,48
S00164398,96,56,41
S00164399,87,46,36
S00164400,106,55,51
S00164401,73,35,35
S00164402,129,72,57
S00164403,92,52,40
S00164404,128,67,61
S00164405,154,71,83
S00164406,104,52,52
S00164407,146,74,76
S00164408,133,72,61
S00164409,88,41,47
S00164410,185,108,81
S00164411,96,50,46
S00164412,126,59,67
S00164413,64,31,30
S00164414,110,59,55
S00164415,96,57,39
S00164416,80,37,43
S00164417,98,49,46
S00164418,71,34,37
S00164419,139,68,71
S00164420,110,49,61
S00164421,127,65,62
S00164422,150,82,72
S00164423,143,74,68
S00164424,111,55,56
S00164425,82,44,37
S00164426,117,62,55
S00164427,80,49,31
S00164428,130,67,59
S00164429,85,46,39
S00164430,67,38,28
S00164431,81,31,50
S00164432,116,64,54
S00164433,136,71,65
S00164434,97,48,45
S00164435,88,44,48
S00164436,149,84,65
S00164437,108,53,52
S00164438,84,45,39
S00164439,73,36,37
S00164440,132,71,61
S00164441,76,48,28
S00164442,122,72,50
S00164443,135,71,64
S00164444,118,63,57
S00164445,89,50,43
S00164446,102,53,48
S00164447,96,61,33
S00164448,67,34,33
S00164449,97,51,47
S00164450,120,70,50
S00164451,121,63,61
S00164452,143,69,76
S00164453,92,47,47
S00164454,236,116,120
S00164455,122,65,57
S00164456,97,52,45
S00164457,67,37,30
S00164458,105,52,52
S00164459,96,51,46
S00164460,108,57,51
S00164461,94,55,39
S00164462,203,102,101
S00164463,159,80,79
S00164464,120,59,61
S00164465,241,124,114
S00164466,117,69,48
S00164467,74,39,35
S00164468,99,51,45
S00164469,114,53,64
S00164470,94,49,45
S00164471,163,89,73
S00164472,148,72,72
S00164473,117,64,53
S00164474,124,66,57
S00164475,169,91,78
S00164476,113,53,60
S00164477,88,48,43
S00164478,97,47,51
S00164479,110,62,48
S00164480,164,92,72
S00164481,192,107,86
S00164482,132,70,62
S00164483,127,75,52
S00164484,76,38,39
S00164485,153,79,74
S00164486,137,77,57
S00164487,140,77,64
S00164488,156,82,71
S00164489,75,46,32
S00164490,141,71,70
S00164491,142,71,71
S00164492,98,56,42
S00164493,104,54,49
S00164494,133,68,65
S00164495,124,66,56
S00164496,148,82,70
S00164497,149,81,65
S00164498,66,40,26
S00164499,126,64,62
S00164500,66,31,35
S00164501,181,94,87
S00164502,102,53,49
S00164503,106,51,55
S00164504,135,66,69
S00164505,67,32,37
S00164506,81,38,39
S00164507,157,89,68
S00164508,117,63,54
S00164509,194,91,103
S00164510,93,50,43
S00164511,128,59,69
S00164512,79,38,41
S00164513,170,88,82
S00164514,109,61,48
S00164515,130,77,53
S00164516,64,34,30
S00164517,115,64,51
S00164518,72,28,44
S00164519,121,67,54
S00164520,121,58,63
S00164521,165,89,76
S00164522,139,73,65
S00164523,61,28,33
S00164524,143,70,73
S00164525,66,35,31
S00164526,81,42,36
S00164527,115,64,51
S00164528,128,74,57
S00164529,127,70,56
S00164530,80,39,41
S00164531,134,70,64
S00164532,165,97,69
S00164533,133,74,61
S00164534,88,44,44
S00164535,150,83,65
S00164536,152,79,74
S00164537,110,55,54
S00164538,158,88,67
S00164539,156,83,73
S00164540,186,98,90
S00164541,140,64,76
S00164542,78,47,31
S00164543,70,37,33
S00164544,133,72,61
S00164545,61,30,31
S00164546,113,63,53
S00164547,92,47,45
S00164548,103,55,48
S00164549,103,53,54
S00164550,158,86,72
S00164551,159,86,73
S00164552,115,63,57
S00164553,78,44,38
S00164554,139,75,61
S00164555,119,59,60
S00164556,70,40,30
S00164557,150,74,76
S00164558,119,52,63
S00164559,116,60,52
S00164560,84,42,42
S00164561,140,66,74
S00164562,62,27,35
S00164563,134,66,67
S00164564,76,41,35
S00164565,118,69,49
S00164566,94,44,50
S00164567,100,45,52
S00164568,73,41,37
S00164569,101,44,53
S00164570,100,53,47
S00164571,79,36,45
S00164572,143,68,75
S00164573,76,39,37
S00164574,177,95,78
S00164575,140,68,72
S00164576,152,85,67
S00164577,92,47,45
S00164578,166,87,82
S00164579,95,45,46
S00164580,71,34,37
S00164581,134,51,80
S00164582,90,44,43
S00164583,94,52,39
S00164584,103,51,54
S00164585,68,42,26
S00164586,146,90,59
S00164587,134,71,63
S00164588,144,79,65
S00164589,63,33,29
S00164590,159,80,79
S00164591,67,24,43
S00164592,65,31,34
S00164593,111,56,57
S00164594,97,47,50
S00164595,141,69,72
S00164596,146,81,66
S00164597,149,85,69
S00164598,115,57,58
S00164599,74,32,40
S00164600,124,65,62
S00164601,107,56,51
S00164602,91,47,44
S00164603,79,33,44
S00164604,61,42,19
S00164605,78,44,34
S00164606,117,59,61
S00164607,78,41,37
S00164608,113,64,53
S00164609,130,72,60
S00164610,108,48,56
S00164611,85,46,40
S00164612,88,47,44
S00164613,117,66,51
S00164614,93,52,41
S00164615,160,89,71
S00164616,102,55,50
S00164617,121,60,65
S00164618,164,81,83
S00164619,91,46,42
S00164620,78,45,33
S00164621,101,50,48
S00164622,83,52,32
S00164623,68,28,41
S00164624,157,80,77
S00164625,100,53,47
S00164626,92,47,37
S00164627,139,84,55
S00164628,146,75,71
S00164629,183,105,82
S00164630,102,49,53
S00164631,156,88,72
S00164632,89,41,45
S00164633,136,76,60
S00164634,166,78,84
S00164635,131,74,57
S00164636,80,36,45
S00164637,121,64,57
S00164638,127,61,66
S00164639,124,56,65
S00164640,129,70,59
S00164641,109,58,50
S00164642,117,60,57
S00164643,91,44,48
S00164644,69,47,22
S00164645,84,54,28
S00164646,119,71,48
S00164647,130,68,57
S00164648,114,56,58
S00164649,178,94,87
S00164650,183,94,89
S00164651,111,67,44
S00164652,154,90,64
S00164653,128,67,61
S00164654,106,53,52
S00164655,117,56,62
S00164656,148,74,74
S00164657,95,55,43
S00164658,111,64,47
S00164659,114,59,57
S00164660,129,65,64
S00164661,153,81,72
S00164662,117,55,62
S00164663,94,51,43
S00164664,114,60,54
S00164665,72,37,32
S00164666,136,72,64
S00164667,92,53,39
S00164668,107,55,52
S00164669,68,34,34
S00164670,109,52,57
S00164671,136,74,62
S00164672,135,62,76
S00164673,142,75,67
S00164674,66,33,38
S00164675,109,55,54
S00164676,110,60,50
S00164677,80,42,38
S00164678,104,52,52
S00164679,124,62,64
S00164680,118,68,50
S00164681,119,62,57
S00164682,171,91,78
S00164683,75,32,39
S00164684,93,47,46
S00164685,79,44,35
S00164686,73,37,37
S00164687,67,37,34
S00164688,138,84,54
S00164689,105,51,54
S00164690,60,30,29
S00164691,80,39,41
S00164692,99,39,55
S00164693,89,47,43
S00164694,106,52,54
S00164695,191,100,91
S00164696,175,88,87
S00164697,66,33,33
S00164698,65,39,30
S00164699,89,46,43
S00164700,100,48,54
S00164701,149,81,72
S00164702,151,74,77
S00164703,120,67,53
S00164704,92,55,37
S00164705,87,44,43
S00164706,119,64,55
S00164707,88,50,38
S00164708,137,75,62
S00164709,101,48,53
S00164710,93,49,46
S00164711,100,57,42
S00164712,156,84,72
S00164713,72,34,38
S00164714,145,71,74
S00164715,107,59,48
S00164716,93,51,48
S00164717,109,52,57
S00164718,286,144,138
S00164719,81,41,40
S00164720,158,75,83
S00164721,134,62,69
S00164722,120,65,55
S00164723,92,53,39
S00164724,163,78,85
S00164725,121,63,56
S00164726,146,69,76
S00164727,218,108,106
S00164728,126,60,66
S00164729,141,74,67
S00164730,122,62,60
S00164731,182,88,94
S00164732,167,82,78
S00164733,143,64,79
S00164734,91,54,37
S00164735,66,38,31
S00164736,129,67,64
S00164737,132,63,69
S00164738,100,54,46
S00164739,139,81,58
S00164740,66,37,29
S00164741,99,54,45
S00164742,151,78,73
S00164743,177,94,79
S00164744,190,83,100
S00164745,108,58,52
S00164746,148,77,71
S00164747,111,54,57
S00164748,97,47,50
S00164749,98,49,49
S00164750,105,53,52
S00164751,173,96,77
S00164752,68,31,31
S00164753,85,46,39
S00164754,80,39,41
S00164755,140,68,69
S00164756,150,78,76
S00164757,136,74,62
S00164758,63,31,32
S00164759,201,109,95
S00164760,83,50,37
S00164761,73,48,25
S00164762,58,34,28
S00164763,133,63,70
S00164764,81,45,37
S00164765,103,54,49
S00164766,77,40,37
S00164767,134,60,66
S00164768,98,54,44
S00164769,84,43,40
S00164770,144,72,74
S00164771,156,77,79
S00164772,88,45,43
S00164773,114,59,55
S00164774,165,87,77
S00164775,118,67,51
S00164776,82,42,40
S00164777,87,47,40
S00164778,130,61,69
S00164779,107,55,50
S00164780,149,82,67
S00164781,139,73,66
S00164782,111,60,51
S00164783,124,62,62
S00164784,92,55,38
S00164785,130,65,67
S00164786,196,94,102
S00164787,108,54,54
S00164788,75,44,32
S00164789,125,66,62
S00164790,73,40,33
S00164791,168,90,78
S00164792,92,50,42
S00164793,129,71,58
S00164794,96,49,47
S00164795,115,56,61
S00164796,117,60,57
S00164797,82,42,38
S00164798,126,69,57
S00164799,169,86,80
S00164800,147,73,72
S00164801,94,56,42
S00164802,200,95,99
S00164803,110,54,53
S00164804,104,53,54
S00164805,148,74,74
S00164806,69,39,30
S00164807,160,78,79
S00164808,115,60,55
S00164809,111,56,55
S00164810,161,87,74
S00164811,131,73,58
S00164812,133,59,74
S00164813,207,104,101
S00164814,173,90,83
S00164815,159,87,72
S00164816,107,53,54
S00164817,71,38,33
S00164818,91,49,42
S00164819,90,54,41
S00164820,215,115,100
S00164821,108,60,48
S00164822,100,53,47
S00164823,91,49,46
S00164824,87,44,46
S00164825,162,80,82
S00164826,226,121,103
S00164827,176,90,86
S00164828,208,100,108
S00164829,192,93,99
S00164830,104,55,45
S00164831,152,79,73
S00164832,201,106,91
S00164833,143,66,77
S00164834,96,47,48
S00164835,132,65,63
S00164836,208,100,108
S00164837,109,60,48
S00164838,141,74,67
S00164839,86,42,46
S00164840,183,92,91
S00164841,220,111,106
S00164842,163,86,77
S00164843,101,56,45
S00164844,112,56,58
S00164845,157,73,84
S00164846,94,56,38
S00164847,140,76,64
S00164848,205,109,96
S00164849,156,90,66
S00164850,84,49,35
S00164851,174,89,85
S00164852,106,49,55
S00164853,78,40,42
S00164854,88,49,35
S00164855,60,31,29
S00164856,141,72,69
S00164857,132,62,70
S00164858,146,77,69
S00164859,116,57,56
S00164860,149,86,63
S00164861,81,38,40
S00164862,118,60,58
S00164863,159,85,74
S00164864,86,40,42
S00164865,106,61,51
S00164866,90,57,33
S00164867,111,59,51
S00164868,130,60,72
S00164869,82,40,42
S00164870,179,87,92
S00164871,91,52,39
S00164872,87,44,45
S00164873,123,63,60
S00164874,86,46,44
S00164875,119,61,58
S00164876,147,74,71
S00164877,100,49,51
S00164878,98,51,47
S00164879,139,64,77
S00164880,129,55,74
S00164881,182,95,87
S00164882,133,67,66
S00164883,114,62,52
S00164884,238,116,119
S00164885,117,59,56
S00164886,136,70,66
S00164887,105,50,55
S00164888,76,45,34
S00164889,140,72,68
S00164890,99,53,52
S00164891,121,59,62
S00164892,110,55,55
S00164893,179,128,51
S00164894,135,66,69
S00164895,83,46,40
S00164896,184,90,92
S00164897,86,48,34
S00164898,94,45,49
S00164899,104,56,48
S00164900,73,34,36
S00164901,180,91,89
S00164902,174,82,92
S00164903,95,48,47
S00164904,70,34,38
S00164905,127,63,64
S00164906,117,64,51
S00164907,130,66,64
S00164908,65,40,28
S00164909,101,57,44
S00164910,132,70,62
S00164911,63,32,31
S00164912,101,49,52
S00164913,83,36,44
S00164914,105,53,51
S00164915,120,66,54
S00164916,94,52,42
S00164917,93,48,45
S00164918,61,38,23
S00164919,86,42,44
S00164920,148,79,73
S00164921,146,74,72
S00164922,139,74,63
S00164923,135,79,56
S00164924,84,47,33
S00164925,112,61,51
S00164926,79,39,40
S00164927,127,71,56
S00164928,85,49,36
S00164929,114,57,57
S00164930,97,45,55
S00164931,76,39,37
S00164932,77,40,37
S00164933,128,68,60
S00164934,174,92,79
S00164935,105,58,50
S00164936,132,68,64
S00164937,169,89,80
S00164938,109,57,55
S00164939,126,61,65
S00164940,224,112,112
S00164941,127,64,63
S00164942,123,68,55
S00164943,124,67,61
S00164944,98,48,50
S00164945,101,57,41
S00164946,103,62,44
S00164947,111,57,54
S00164948,110,56,54
S00164949,117,53,63
S00164950,93,52,41
S00164951,134,68,66
S00164952,95,51,42
S00164953,158,79,79
S00164954,97,44,50
S00164955,99,52,47
S00164956,169,82,87
S00164957,153,78,75
S00164958,111,66,48
S00164959,113,59,54
S00164960,87,41,46
S00164961,128,70,58
S00164962,126,63,63
S00164963,217,118,99
S00164964,95,45,53
S00164965,136,79,57
S00164966,198,103,95
S00164967,204,101,103
S00164968,129,64,61
S00164969,112,65,47
S00164970,74,38,40
S00164971,180,93,84
S00164972,174,94,80
S00164973,159,72,90
S00164974,120,62,58
S00164975,122,68,54
S00164976,89,45,44
S00164977,142,73,70
S00164978,186,84,102
S00164979,90,47,43
S00164980,112,56,57
S00164981,126,73,57
S00164982,98,49,47
S00164983,133,67,65
S00164984,117,48,69
S00164985,145,76,70
S00164986,114,59,55
S00164987,129,63,66
S00164988,182,83,99
S00164989,131,73,58
S00164990,66,36,30
S00164991,146,72,74
S00164992,67,34,33
S00164993,191,108,86
S00164994,149,69,80
S00164995,149,68,77
S00164996,107,53,54
S00164997,153,79,74
S00164998,114,63,47
S00164999,109,62,47
S00165000,116,59,64
S00165001,181,102,77
S00165002,133,72,61
S00165003,100,52,48
S00165004,79,44,35
S00165005,129,63,66
S00165006,95,56,39
S00165007,109,60,49
S00165008,105,52,52
S00165009,116,52,60
S00165010,94,53,41
S00165011,65,33,36
S00165012,120,58,62
S00165013,101,47,52
S00165014,169,86,82
S00165015,196,103,93
S00165016,98,53,45
S00165017,116,58,58
S00165018,84,46,35
S00165019,108,55,50
S00165020,153,80,73
S00165021,66,30,39
S00165022,155,76,80
S00165023,160,86,74
S00165024,156,73,87
S00165025,174,101,73
S00165026,102,54,48
S00165027,200,107,95
S00165028,72,39,32
S00165029,131,68,59
S00165030,72,34,38
S00165031,103,56,47
S00165032,140,67,76
S00165033,79,37,42
S00165034,176,88,88
S00165035,81,45,36
S00165036,105,61,44
S00165037,127,64,63
S00165038,94,53,38
S00165039,128,79,46
S00165040,149,77,69
S00165041,169,83,88
S00165042,81,39,41
S00165043,154,86,68
S00165044,73,38,35
S00165045,61,28,29
S00165046,189,97,91
S00165047,160,93,67
S00165048,70,40,30
S00165049,116,64,52
S00165050,133,67,66
S00165051,93,58,35
S00165052,91,49,42
S00165053,93,48,45
S00165054,133,79,54
S00165055,71,38,33
S00165056,93,52,43
S00165057,127,73,54
S00165058,178,93,85
S00165059,255,128,127
S00165060,90,53,41
S00165061,123,72,55
S00165062,126,66,60
S00165063,99,52,47
S00165064,84,44,41
S00165065,104,62,46
S00165066,124,63,61
S00165067,108,66,43
S00165068,103,49,54
S00165069,158,81,73
S00165070,137,70,67
S00165071,145,71,74
S00165072,179,96,80
S00165073,129,68,59
S00165074,213,107,106
S00165075,110,54,52
S00165076,88,54,34
S00165077,117,61,52
S00165078,127,62,65
S00165079,105,57,44
S00165080,120,61,59
S00165081,189,100,88
S00165082,149,75,74
S00165083,62,33,25
S00165084,149,72,77
S00165085,86,45,41
S00165086,103,47,56
S00165087,97,44,53
S00165088,168,86,82
S00165089,183,93,90
S00165090,101,49,53
S00165091,114,58,53
S00165092,197,89,112
S00165093,157,84,77
S00165094,67,35,32
S00165095,207,98,110
S00165096,115,68,50
S00165097,152,71,81
S00165098,123,64,63
S00165099,75,41,34
S00165100,179,90,85
S00165101,129,64,65
S00165102,231,124,107
S00165103,85,49,36
S00165104,80,38,42
S00165105,77,40,37
S00165106,82,49,33
S00165107,153,74,75
S00165108,82,48,40
S00165109,127,65,62
S00165110,112,57,55
S00165111,116,69,47
S00165112,95,49,46
S00165113,106,51,55
S00165114,116,59,57
S00165115,64,39,25
S00165116,85,42,43
S00165117,111,59,50
S00165118,73,40,33
S00165119,207,108,95
S00165120,130,73,57
S00165121,159,83,76
S00165122,135,70,65
S00165123,107,53,54
S00165124,98,50,48
S00165125,149,80,69
S00165126,176,94,80
S00165127,71,40,35
S00165128,108,55,53
S00165129,164,85,79
S00165130,72,38,34
S00165131,138,66,71
S00165132,75,39,33
S00165133,85,43,42
S00165134,89,50,39
S00165135,103,51,52
S00165136,94,47,47
S00165137,145,76,69
S00165138,181,94,87
S00165139,107,58,47
S00165140,71,42,29
S00165141,152,85,67
S00165142,111,55,58
S00165143,144,77,67
S00165144,82,44,34
S00165145,115,59,54
S00165146,119,65,57
S00165147,96,47,45
S00165148,77,39,40
S00165149,145,68,77
S00165150,149,70,80
S00165151,97,56,41
S00165152,123,63,60
S00165153,71,42,30
S00165154,156,80,79
S00165155,118,66,56
S00165156,74,39,35
S00165157,106,52,54
S00165158,159,82,74
S00165159,164,82,82
S00165160,110,55,56
S00165161,111,62,49
S00165162,111,59,52
S00165163,111,54,56
S00165164,107,53,54
S00165165,88,47,45
S00165166,120,61,57
S00165167,121,67,54
S00165168,77,46,35
S00165169,85,47,40
S00165170,118,55,63
S00165171,109,56,54
S00165172,100,53,47
S00165173,102,58,44
S00165174,137,74,63
S00165175,127,62,65
S00165176,126,69,57
S00165177,73,38,37
S00165178,116,62,54
S00165179,157,85,72
S00165180,111,54,57
S00165181,106,55,51
S00165182,103,56,47
S00165183,111,60,51
S00165184,152,79,73
S00165185,100,50,50
S00165186,120,66,54
S00165187,92,47,45
S00165188,78,40,38
S00165189,150,79,72
S00165190,124,62,63
S00165191,89,60,32
S00165192,139,81,58
S00165193,125,66,59
S00165194,148,73,73
S00165195,100,52,48
S00165196,105,52,53
S00165197,73,39,33
S00165198,138,74,60
S00165199,120,63,56
S00165200,92,45,47
S00165201,135,63,72
S00165202,143,84,59
S00165203,106,59,47
S00165204,122,66,56
S00165205,183,89,94
S00165206,163,86,77
S00165207,119,59,60
S00165208,230,111,117
S00165209,152,77,75
S00165210,97,47,50
S00165211,161,88,71
S00165212,143,75,68
S00165213,147,73,73
S00165214,104,53,51
S00165215,97,47,50
S00165216,185,95,91
S00165217,76,40,36
S00165218,77,43,34
S00165219,175,91,84
S00165220,167,79,90
S00165221,128,70,58
S00165222,145,81,64
S00165223,91,55,33
S00165224,99,54,45
S00165225,212,115,96
S00165226,114,57,57
S00165227,103,53,50
S00165228,95,47,48
S00165229,108,53,55
S00165230,78,41,37
S00165231,174,88,86
S00165232,104,53,46
S00165233,203,106,97
S00165234,86,46,40
S00165235,106,53,53
S00165236,111,59,55
S00165237,76,39,37
S00165238,89,52,37
S00165239,158,81,77
S00165240,110,58,52
S00165241,100,56,46
S00165242,105,51,54
S00165243,136,76,64
S00165244,130,71,59
S00165245,75,34,41
S00165246,159,75,82
S00165247,152,74,78
S00165248,104,54,50
S00165249,81,43,38
S00165250,84,40,51
S00165251,132,70,63
S00165252,94,51,45
S00165253,134,68,66
S00165254,114,57,57
S00165255,129,66,64
S00165256,125,61,64
S00165257,192,97,92
S00165258,109,54,55
S00165259,95,46,43
S00165260,165,79,86
S00165261,152,73,80
S00165262,211,107,103
S00165263,64,29,35
S00165264,92,50,38
S00165265,120,58,62
S00165266,137,74,67
S00165267,91,45,49
S00165268,129,65,64
S00165269,211,108,100
S00165270,152,77,75
S00165271,106,53,57
S00165272,100,51,50
S00165273,107,52,55
S00165274,124,64,59
S00165275,158,74,84
S00165276,124,64,60
S00165277,91,45,43
S00165278,123,64,59
S00165279,144,76,72
S00165280,86,41,48
S00165281,83,37,46
S00165282,157,82,80
S00165283,127,62,65
S00165284,98,48,55
S00165285,145,88,58
S00165286,110,61,52
S00165287,82,45,37
S00165288,69,35,34
S00165289,108,61,47
S00165290,163,90,75
S00165291,176,92,84
S00165292,78,36,46
S00165293,225,110,115
S00165294,138,68,70
S00165295,191,96,94
S00165296,115,58,59
S00165297,110,63,47
S00165298,77,40,37
S00165299,181,101,80
S00165300,148,80,68
S00165301,91,47,48
S00165302,116,64,52
S00165303,179,91,88
S00165304,63,32,35
S00165305,142,78,64
S00165306,88,48,40
S00165307,161,78,80
S00165308,97,54,47
S00165309,134,77,56
S00165310,92,45,47
S00165311,110,56,54
S00165312,84,44,38
S00165313,97,44,53
S00165314,76,41,33
S00165315,100,60,40
S00165316,173,95,78
S00165317,95,51,44
S00165318,123,65,58
S00165319,197,105,92
S00165320,126,66,60
S00165321,134,71,63
S00165322,99,52,47
S00165323,116,56,57
S00165324,171,88,86
S00165325,123,63,60
S00165326,153,84,69
S00165327,94,52,48
S00165328,172,92,77
S00165329,222,110,112
S00165330,126,69,57
S00165331,128,67,60
S00165332,129,54,75
S00165333,226,118,108
S00165334,184,90,97
S00165335,96,57,39
S00165336,235,113,122
S00165337,101,59,42
S00165338,225,117,108
S00165339,175,92,83
S00165340,70,31,37
S00165341,162,87,75
S00165342,182,90,92
S00165343,94,52,38
S00165344,104,49,55
S00165345,234,111,125
S00165346,117,63,55
S00165347,89,47,42
S00165348,246,120,126
S00165349,102,54,48
S00165350,114,64,50
S00165351,137,73,60
S00165352,164,84,80
S00165353,195,88,107
S00165354,151,72,79
S00165355,137,74,63
S00165356,96,52,44
S00165357,122,62,61
S00165358,91,37,54
S00165359,168,88,80
S00165360,142,76,66
S00165361,110,59,52
S00165362,223,106,116
S00165363,167,83,84
S00165364,206,100,108
S00165365,171,85,83
S00165366,128,70,58
S00165367,229,113,116
S00165368,95,46,46
S00165369,136,82,54
S00165370,148,79,69
S00165371,67,42,28
S00165372,98,59,39
S00165373,143,77,66
S00165374,139,66,73
S00165375,87,48,39
S00165376,139,72,65
S00165377,149,68,81
S00165378,64,35,29
S00165379,213,114,101
S00165380,82,42,36
S00165381,84,37,47
S00165382,111,59,56
S00165383,112,59,49
S00165384,403,80,326
S00165385,206,132,74
S00165386,156,79,77
S00165387,115,52,60
S00165388,80,44,36
S00165389,140,66,67
S00165390,163,78,86
S00165391,164,81,83
S00165392,132,72,60
S00165393,113,62,51
S00165394,124,64,60
S00165395,140,73,66
S00165396,107,51,60
S00165397,140,70,73
S00165398,72,32,40
S00165399,102,48,54
S00165400,101,54,45
S00165401,166,86,80
S00165402,203,99,104
S00165403,183,91,92
S00165404,125,68,64
S00165405,190,91,99
S00165406,102,57,49
S00165407,151,81,70
S00165408,126,61,65
S00165409,186,107,79
S00165410,169,92,77
S00165411,201,103,99
S00165412,138,75,63
S00165413,140,75,65
S00165414,64,35,33
S00165415,240,120,123
S00165416,129,73,56
S00165417,133,65,68
S00165418,95,54,44
S00165419,98,48,50
S00165420,77,43,34
S00165421,143,71,75
S00165422,143,73,70
S00165423,147,75,72
S00165424,141,74,67
S00165425,128,64,67
S00165426,124,63,58
S00165427,64,24,43
S00165428,76,43,33
S00165429,86,44,42
S00165430,158,87,74
S00165431,142,71,71
S00165432,123,63,60
S00165433,111,56,55
S00165434,201,105,92
S00165435,145,82,63
S00165436,72,37,35
S00165437,149,80,69
S00165438,208,103,98
S00165439,166,90,76
S00165440,82,46,35
S00165441,109,54,55
S00165442,73,39,34
S00165443,76,39,37
S00165444,79,43,36
S00165445,142,78,64
S00165446,152,80,70
S00165447,117,62,56
S00165448,161,83,78
S00165449,173,88,80
S00165450,131,74,57
S00165451,123,66,53
S00165452,83,48,35
S00165453,122,70,52
S00165454,77,35,42
S00165455,88,38,47
S00165456,83,39,44
S00165457,114,61,53
S00165458,82,44,38
S00165459,101,54,47
S00165460,68,37,31
S00165461,92,50,46
S00165462,142,72,70
S00165463,103,56,47
S00165464,115,53,62
S00165465,90,50,40
S00165466,173,81,92
S00165467,151,80,71
S00165468,97,51,46
S00165469,73,39,34
S00165470,100,54,45
S00165471,114,60,54
S00165472,151,82,66
S00165473,142,79,67
S00165474,119,60,59
S00165475,110,64,46
S00165476,95,45,50
S00165477,106,59,47
S00165478,87,48,39
S00165479,88,55,40
S00165480,127,65,62
S00165481,134,57,74
S00165482,130,64,66
S00165483,123,59,62
S00165484,138,63,72
S00165485,71,37,35
S00165486,111,57,54
S00165487,171,86,85
S00165488,89,48,41
S00165489,133,80,50
S00165490,124,64,60
S00165491,102,58,44
S00165492,128,65,63
S00165493,136,61,76
S00165494,125,67,58
S00165495,172,82,90
S00165496,140,80,59
S00165497,65,33,35
S00165498,93,52,41
S00165499,121,64,57
S00165500,74,37,37
S00165501,116,53,60
S00165502,159,83,76
S00165503,142,69,73
S00165504,189,88,98
S00165505,97,48,49
S00165506,129,70,59
S00165507,83,45,38
S00165508,97,49,51
S00165509,92,45,47
S00165510,114,57,57
S00165511,82,41,41
S00165512,92,54,39
S00165513,131,65,66
S00165514,74,39,35
S00165515,125,68,61
S00165516,164,89,75
S00165517,166,96,70
S00165518,200,103,94
S00165519,109,53,56
S00165520,138,70,68
S00165521,121,62,49
S00165522,107,44,55
S00165523,97,44,49
S00165524,126,62,61
S00165525,89,45,40
S00165526,60,41,22
S00165527,131,64,67
S00165528,86,40,46
S00165529,101,56,49
S00165530,111,57,54
S00165531,90,36,49
S00165532,90,46,40
S00165533,136,75,61
S00165534,117,61,56
S00165535,71,31,36
S00165536,74,37,33
S00165537,75,40,33
S00165538,89,47,42
S00165539,132,59,70
S00165540,100,55,41
S00165541,80,40,40
S00165542,131,71,60
S00165543,174,75,99
S00165544,109,61,49
S00165545,176,90,86
S00165546,84,45,36
S00165547,87,43,50
S00165548,122,68,54
S00165549,87,46,37
S00165550,99,51,48
S00165551,125,56,69
S00165552,115,54,60
S00165553,108,57,53
S00165554,162,77,85
S00165555,115,56,59
S00165556,120,52,65
S00165557,87,44,44
S00165558,74,36,42
S00165559,711,130,580
S00165560,134,66,68
S00165561,114,61,61
S00165562,81,42,39
S00165563,88,45,46
S00165564,101,48,53
S00165565,97,47,51
S00165566,128,63,65
S00165567,142,75,67
S00165568,156,83,73
S00165569,108,54,54
S00165570,138,68,70
S00165571,67,41,29
S00165572,121,57,64
S00165573,90,51,38
S00165574,122,69,53
S00165575,156,92,64
S00165576,101,56,45
S00165577,73,43,30
S00165578,72,39,34
S00165579,127,61,66
S00165580,518,214,308
S00165581,143,69,74
S00165582,84,46,35
S00165583,112,54,58
S00165584,77,43,33
S00165585,83,47,36
S00165586,200,119,81
S00165587,124,64,60
S00165588,74,42,32
S00165589,66,34,28
S00165590,115,57,58
S00165591,131,79,52
S00165592,77,38,39
S00165593,174,83,91
S00165594,76,35,43
S00165595,70,35,37
S00165596,99,52,47
S00165597,63,30,31
S00165598,122,69,53
S00165599,122,68,54
S00165600,115,63,53
S00165601,207,97,110
S00165602,88,50,38
S00165603,163,80,83
S00165604,69,30,41
S00165605,173,86,87
S00165606,72,35,37
S00165607,67,34,36
S00165608,87,50,37
S00165609,103,50,49
S00165610,121,64,57
S00165611,86,48,38
S00165612,75,35,41
S00165613,162,88,75
S00165614,115,59,56
S00165615,93,45,48
S00165616,105,60,45
S00165617,74,39,35
S00165618,117,65,52
S00165619,125,63,60
S00165620,90,48,44
S00165621,113,55,58
S00165622,92,48,38
S00165623,146,72,74
S00165624,91,43,48
S00165625,129,74,55
S00165626,106,54,52
S00165627,185,98,89
S00165628,184,96,91
S00165629,103,53,46
S00165630,131,67,64
S00165631,61,34,27
S00165632,98,50,51
S00165633,105,53,52
S00165634,106,56,53
S00165635,146,78,68
S00165636,63,29,34
S00165637,121,65,52
S00165638,98,51,41
S00165639,136,60,74
S00165640,150,81,71
S00165641,147,72,75
S00165642,119,58,66
S00165643,88,40,48
S00165644,140,73,67
S00165645,146,69,77
S00165646,159,80,81
S00165647,68,40,28
S00165648,101,52,49
S00165649,83,44,40
S00165650,114,58,59
S00165651,64,33,37
S00165652,74,41,33
S00165653,95,46,49
S00165654,108,53,56
S00165655,90,41,49
S00165656,93,49,44
S00165657,92,55,37
S00165658,138,72,66
S00165659,111,54,57
S00165660,127,62,65
S00165661,96,52,45
S00165662,110,54,57
S00165663,88,46,42
S00165664,126,61,61
S00165665,96,49,47
S00165666,108,55,57
S00165667,99,49,50
S00165668,87,44,43
S00165669,91,50,38
S00165670,82,44,38
S00165671,75,39,36
S00165672,125,63,63
S00165673,97,54,43
S00165674,81,40,43
S00165675,72,38,34
S00165676,140,68,72
S00165677,178,88,90
S00165678,171,92,80
S00165679,73,36,37
S00165680,161,91,70
S00165681,79,44,34
S00165682,103,51,52
S00165683,172,85,88
S00165684,180,100,80
S00165685,131,68,63
S00165686,136,70,66
S00165687,68,42,27
S00165688,76,42,34
S00165689,70,42,29
S00165690,118,51,67
S00165691,84,47,33
S00165692,113,55,58
S00165693,112,53,59
S00165694,134,64,70
S00165695,143,82,61
S00165696,81,36,48
S00165697,161,70,91
S00165698,131,66,65
S00165699,104,51,53
S00165700,107,54,53
S00165701,93,46,46
S00165702,101,48,53
S00165703,136,70,66
S00165704,93,47,46
S00165705,68,33,35
S00165706,117,65,54
S00165707,104,58,50
S00165708,101,54,46
S00165709,86,43,47
S00165710,125,58,67
S00165711,84,49,34
S00165712,77,40,37
S00165713,73,42,30
S00165714,93,55,38
S00165715,71,32,39
S00165716,191,99,92
S00165717,152,77,75
S00165718,114,62,52
S00165719,88,48,40
S00165720,90,48,42
S00165721,131,65,66
S00165722,104,56,51
S00165723,145,72,75
S00165724,109,57,52
S00165725,150,75,82
S00165726,90,47,43
S00165727,89,45,44
S00165728,119,62,57
S00165729,89,43,42
S00165730,170,92,74
S00165731,91,47,45
S00165732,170,94,76
S00165733,84,43,41
S00165734,123,56,67
S00165735,105,49,56
S00165736,71,31,40
S00165737,61,25,37
S00165738,99,49,50
S00165739,104,48,57
S00165740,104,52,52
S00165741,107,52,55
S00165742,122,59,63
S00165743,144,67,80
S00165744,93,50,43
S00165745,140,71,69
S00165746,121,64,57
S00165747,175,93,83
S00165748,120,62,55
S00165749,91,46,47
S00165750,75,31,44
S00165751,451,88,363
S00165752,155,82,73
S00165753,116,65,51
S00165754,81,44,40
S00165755,109,55,54
S00165756,97,54,43
S00165757,154,93,61
S00165758,192,98,94
S00165759,75,37,34
S00165760,72,39,33
S00165761,75,36,39
S00165762,146,84,66
S00165763,118,56,66
S00165764,115,50,69
S00165765,114,63,51
S00165766,149,85,64
S00165767,86,39,47
S00165768,127,58,65
S00165769,112,56,56
S00165770,101,52,49
S00165771,113,59,54
S00165772,115,46,69
S00165773,114,61,56
S00165774,110,67,43
S00165775,80,50,27
S00165776,103,64,39
S00165777,89,43,46
S00165778,135,69,70
S00165779,88,45,43
S00165780,88,52,36
S00165781,90,45,43
S00165782,93,48,41
S00165783,74,44,30
S00165784,121,63,58
S00165785,116,61,55
S00165786,148,71,76
S00165787,90,49,43
S00165788,177,82,95
S00165789,140,67,73
S00165790,152,83,70
S00165791,170,88,80
S00165792,87,46,41
S00165793,146,64,79
S00165794,186,100,86
S00165795,112,49,63
S00165796,219,121,94
S00165797,146,76,67
S00165798,95,57,39
S00165799,177,87,92
S00165800,222,108,113
S00165801,139,72,70
S00165802,96,58,42
S00165803,223,113,109
S00165804,121,60,61
S00165805,161,70,91
S00165806,102,45,57
S00165807,65,39,28
S00165808,73,40,33
S00165809,117,64,57
S00165810,122,51,71
S00165811,136,66,71
S00165812,145,69,76
S00165813,185,102,83
S00165814,186,97,87
S00165815,94,54,40
S00165816,89,47,42
S00165817,134,69,65
S00165818,172,81,91
S00165819,133,71,63
S00165820,64,35,29
S00165821,84,43,41
S00165822,76,43,31
S00165823,111,56,55
S00165824,106,63,50
S00165825,186,77,109
S00165826,121,58,59
S00165827,125,69,57
S00165828,92,49,39
S00165829,143,68,72
S00165830,178,91,83
S00165831,71,24,48
S00165832,89,40,52
S00165833,101,51,50
S00165834,131,68,63
S00165835,91,47,44
S00165836,206,104,102
S00165837,89,47,39
S00165838,107,58,49
S00165839,115,50,65
S00165840,144,81,60
S00165841,112,62,52
S00165842,97,51,46
S00165843,99,58,41
S00165844,183,93,90
S00165845,153,80,77
S00165846,89,49,40
S00165847,172,88,84
S00165848,153,76,77
S00165849,82,45,37
S00165850,172,77,95
S00165851,113,52,61
S00165852,103,54,49
S00165853,80,41,39
S00165854,76,41,35
S00165855,94,50,44
S00165856,138,79,59
S00165857,76,35,38
S00165858,74,38,36
S00165859,121,62,59
S00165860,125,65,61
S00165861,99,52,47
S00165862,169,99,70
S00165863,100,52,46
S00165864,79,51,28
S00165865,97,44,49
S00165866,74,49,28
S00165867,86,41,45
S00165868,101,47,56
S00165869,67,37,33
S00165870,76,40,36
S00165871,134,67,69
S00165872,87,43,47
S00165873,150,81,69
S00165874,132,74,58
S00165875,139,74,65
S00165876,97,47,53
S00165877,112,56,56
S00165878,89,45,39
S00165879,64,34,30
S00165880,105,56,53
S00165881,93,49,44
S00165882,91,54,37
S00165883,79,41,38
S00165884,86,45,41
S00165885,121,61,60
S00165886,128,74,54
S00165887,80,41,39
S00165888,80,42,38
S00165889,85,39,43
S00165890,113,59,49
S00165891,97,49,47
S00165892,122,61,61
S00165893,92,46,42
S00165894,106,54,52
S00165895,120,69,51
S00165896,114,52,64
S00165897,60,32,24
S00165898,92,39,48
S00165899,94,42,52
S00165900,127,57,70
S00165901,80,40,40
S00165902,103,49,54
S00165903,98,49,54
S00165904,83,42,41
S00165905,103,50,53
S00165906,117,61,56
S00165907,80,36,44
S00165908,82,41,41
S00165909,83,42,39
S00165910,99,44,55
S00165911,76,34,42
S00165912,61,35,26
S00165913,72,35,35
S00165914,121,57,65
S00165915,124,70,54
S00165916,65,34,31
S00165917,106,44,62
S00165918,124,66,62
S00165919,81,48,33
S00165920,82,42,40
S00165921,110,69,41
S00165922,60,30,33
S00165923,60,31,29
S00165924,78,42,36
S00165925,117,58,59
S00165926,62,30,32
S00165927,72,32,40
S00165928,110,55,55
S00165929,68,36,32
S00165930,169,86,86
S00165931,65,29,36
S00165932,184,79,101
S00165933,97,57,40
S00165934,119,65,56
S00165935,174,88,86
S00165936,116,61,55
S00165937,100,48,52
S00165938,102,53,49
S00165939,134,66,70
S00165940,147,82,63
S00165941,77,50,29
S00165942,162,76,86
S00165943,123,62,61
S00165944,98,54,44
S00165945,153,89,65
S00165946,104,52,52
S00165947,101,50,51
S00165948,86,42,44
S00165949,148,74,78
S00165950,85,45,38
S00165951,70,34,35
S00165952,84,45,43
S00165953,132,69,63
S00165954,119,59,60
S00165955,104,65,39
S00165956,106,54,52
S00165957,133,66,68
S00165958,170,91,79
S00165959,87,45,42
S00165960,205,110,95
S00165961,88,44,44
S00165962,84,46,34
S00165963,76,37,44
S00165964,96,53,43
S00165965,86,48,41
S00165966,134,66,68
S00165967,61,34,27
S00165968,109,55,51
S00165969,144,71,79
S00165970,190,86,104
S00165971,140,68,76
S00165972,93,44,51
S00165973,70,32,37
S00165974,141,62,79
S00165975,125,54,68
S00165976,122,54,63
S00165977,149,82,70
S00165978,115,60,55
S00165979,89,50,39
S00165980,128,69,56
S00165981,118,63,55
S00165982,105,55,50
S00165983,148,85,63
S00165984,78,41,40
S00165985,132,71,61
S00165986,131,68,63
S00165987,106,57,49
S00165988,181,96,85
S00165989,167,93,78
S00165990,65,36,29
S00165991,146,74,72
S00165992,101,52,51
S00165993,75,32,43
S00165994,171,86,85
S00165995,134,61,70
S00165996,218,115,103
S00165997,92,41,51
S00165998,82,46,36
S00165999,137,71,66
S00166000,89,52,40
S00166001,133,76,57
S00166002,124,60,64
S00166003,169,83,86
S00166004,73,37,35
S00166005,82,38,41
S00166006,61,16,41
S00166007,142,70,68
S00166008,230,118,112
S00166009,84,45,39
S00166010,80,44,36
S00166011,109,58,51
S00166012,86,47,39
S00166013,113,47,66
S00166014,138,77,61
S00166015,88,44,44
S00166016,211,102,111
S00166017,105,56,49
S00166018,136,64,72
S00166019,141,76,65
S00166020,106,57,49
S00166021,123,61,62
S00166022,144,80,68
S00166023,147,83,64
S00166024,241,122,119
S00166025,131,67,64
S00166026,108,53,55
S00166027,94,46,46
S00166028,181,94,87
S00166029,104,49,52
S00166030,134,79,59
S00166031,96,49,47
S00166032,79,41,38
S00166033,71,41,32
S00166034,137,70,66
S00166035,160,75,85
S00166036,93,55,44
S00166037,215,115,98
S00166038,136,73,69
S00166039,85,45,40
S00166040,90,42,48
S00166041,98,51,47
S00166042,77,41,35
S00166043,169,75,94
S00166044,100,53,47
S00166045,166,88,75
S00166046,62,32,30
S00166047,98,53,45
S00166048,129,57,72
S00166049,68,39,26
S00166050,75,39,40
S00166051,108,60,52
S00166052,128,65,63
S00166053,122,55,71
S00166054,102,50,52
S00166055,77,40,37
S00166056,144,68,72
S00166057,65,31,34
S00166058,115,58,57
S00166059,135,73,62
S00166060,116,58,62
S00166061,158,79,80
S00166062,145,71,74
S00166063,187,96,91
S00166064,67,32,35
S00166065,64,32,32
S00166066,128,64,64
S00166067,111,57,58
S00166068,110,52,57
S00166069,69,38,31
S00166070,120,63,53
S00166071,93,41,52
S00166072,153,78,77
S00166073,138,75,66
S00166074,158,80,78
S00166075,135,74,61
S00166076,142,72,70
S00166077,140,73,67
S00166078,98,54,45
S00166079,167,92,73
S00166080,207,100,107
S00166081,193,98,95
S00166082,181,86,98
S00166083,113,59,54
S00166084,148,82,66
S00166085,110,59,53
S00166086,151,76,75
S00166087,93,54,39
S00166088,189,104,85
S00166089,170,91,78
S00166090,85,46,39
S00166091,132,68,62
S00166092,169,83,91
S00166093,147,70,77
S00166094,63,30,30
S00166095,114,64,50
S00166096,79,42,37
S00166097,135,65,70
S00166098,133,68,65
S00166099,116,60,56
S00166100,174,89,89
S00166101,185,96,91
S00166102,115,57,55
S00166103,123,65,58
S00166104,140,68,72
S00166105,65,33,34
S00166106,123,63,60
S00166107,74,39,33
S00166108,148,71,77
S00166109,113,58,55
S00166110,120,65,56
S00166111,155,75,80
S00166112,71,36,37
S00166113,153,78,75
S00166114,77,35,38
S00166115,66,38,28
S00166116,136,71,66
S00166117,74,31,46
S00166118,118,51,67
S00166119,184,86,102
S00166120,137,72,65
S00166121,69,36,36
S00166122,97,52,45
S00166123,75,41,37
S00166124,86,46,39
S00166125,62,30,30
S00166126,88,55,38
S00166127,141,79,65
S00166128,71,40,31
S00166129,68,41,27
S00166130,70,39,29
S00166131,72,32,36
S00166132,69,32,37
S00166133,120,56,64
S00166134,156,80,76
S00166135,98,53,45
S00166136,91,46,43
S00166137,81,43,38
S00166138,81,46,35
S00166139,72,39,33
S00166140,121,65,56
S00166141,147,85,62
S00166142,93,52,41
S00166143,124,63,61
S00166144,149,74,79
S00166145,158,82,76
S00166146,89,52,40
S00166147,120,73,47
S00166148,134,67,67
S00166149,107,53,54
S00166150,147,79,68
S00166151,114,59,56
S00166152,100,47,50
S00166153,110,49,61
S00166154,107,57,50
S00166155,73,41,35
S00166156,97,45,50
S00166157,107,54,53
S00166158,153,75,78
S00166159,170,81,89
S00166160,89,49,40
S00166161,95,58,41
S00166162,112,67,49
S00166163,94,54,44
S00166164,117,57,60
S00166165,98,56,45
S00166166,129,66,60
S00166167,75,38,37
S00166168,123,66,57
S00166169,89,44,48
S00166170,149,77,72
S00166171,128,60,68
S00166172,63,35,31
S00166173,67,34,29
S00166174,156,73,83
S00166175,121,70,51
S00166176,118,64,56
S00166177,93,49,44
S00166178,125,65,60
S00166179,132,69,63
S00166180,110,52,58
S00166181,93,55,44
S00166182,159,84,75
S00166183,86,47,39
S00166184,94,50,44
S00166185,69,36,33
S00166186,64,30,34
S00166187,110,69,44
S00166188,66,37,29
S00166189,83,35,48
S00166190,75,43,32
S00166191,122,61,61
S00166192,104,57,47
S00166193,105,53,52
S00166194,83,44,43
S00166195,136,79,62
S00166196,153,72,83
S00166197,105,61,48
S00166198,112,61,51
S00166199,132,65,65
S00166200,64,30,34
S00166201,208,108,97
S00166202,81,44,43
S00166203,188,97,87
S00166204,173,87,86
S00166205,95,45,48
S00166206,69,40,30
S00166207,97,48,49
S00166208,109,54,56
S00166209,83,45,38
S00166210,185,93,92
S00166211,69,36,33
S00166212,101,51,48
S00166213,106,56,50
S00166214,63,29,34
S00166215,218,110,109
S00166216,195,87,109
S00166217,223,115,107
S00166218,81,44,37
S00166219,168,83,85
S00166220,60,33,27
S00166221,119,66,53
S00166222,141,77,63
S00166223,165,86,79
S00166224,101,56,45
S00166225,70,39,31
S00166226,192,106,85
S00166227,65,27,32
S00166228,96,51,45
S00166229,153,76,77
S00166230,156,81,75
S00166231,105,56,49
S00166232,146,73,71
S00166233,79,41,38
S00166234,102,49,53
S00166235,84,39,42
S00166236,117,60,57
S00166237,175,90,88
S00166238,154,79,75
S00166239,139,64,75
S00166240,163,83,80
S00166241,89,44,49
S00166242,136,71,65
S00166243,184,93,91
S00166244,122,60,58
S00166245,150,77,73
S00166246,156,80,83
S00166247,149,67,79
S00166248,115,50,64
S00166249,129,62,66
S00166250,100,54,50
S00166251,96,50,46
S00166252,118,55,63
S00166253,143,68,75
S00166254,95,54,42
S00166255,148,72,76
S00166256,95,54,44
S00166257,101,42,56
S00166258,68,27,41
S00166259,154,99,55
S00166260,110,48,62
S00166261,101,53,48
S00166262,142,69,73
S00166263,112,62,50
S00166264,72,37,39
S00166265,115,59,55
S00166266,132,70,66
S00166267,75,37,34
S00166268,106,59,47
S00166269,109,49,57
S00166270,116,66,46
S00166271,139,68,71
S00166272,121,59,62
S00166273,96,52,44
S00166274,72,35,40
S00166275,75,42,36
S00166276,154,89,68
S00166277,96,55,40
S00166278,66,38,36
S00166279,122,62,60
S00166280,102,57,45
S00166281,122,65,57
S00166282,100,56,44
S00166283,101,57,44
S00166284,145,76,69
S00166285,150,83,67
S00166286,77,43,32
S00166287,128,62,63
S00166288,147,68,79
S00166289,96,54,49
S00166290,141,72,69
S00166291,79,50,25
S00166292,112,53,59
S00166293,89,40,49
S00166294,120,60,57
S00166295,130,64,66
S00166296,96,52,44
S00166297,132,73,59
S00166298,137,81,56
S00166299,97,51,46
S00166300,87,45,42
S00166301,146,77,71
S00166302,90,39,49
S00166303,70,37,33
S00166304,153,76,77
S00166305,127,60,67
S00166306,111,60,51
S00166307,85,50,32
S00166308,96,51,41
S00166309,104,47,57
S00166310,111,54,57
S00166311,70,36,34
S00166312,183,86,93
S00166313,163,85,78
S00166314,136,70,66
S00166315,95,46,49
S00166316,106,57,49
S00166317,74,40,34
S00166318,120,52,68
S00166319,132,70,64
S00166320,73,39,34
S00166321,101,54,47
S00166322,115,53,58
S00166323,161,73,88
S00166324,120,71,49
S00166325,67,34,31
S00166326,129,57,69
S00166327,60,28,32
S00166328,120,60,57
S00166329,124,65,59
S00166330,123,66,57
S00166331,80,41,39
S00166332,100,49,51
S00166333,154,77,77
S00166334,88,42,49
S00166335,172,76,96
S00166336,121,63,58
S00166337,66,29,37
S00166338,133,65,68
S00166339,111,54,59
S00166340,83,45,38
S00166341,153,88,65
S00166342,139,69,74
S00166343,86,48,41
S00166344,83,43,40
S00166345,81,46,34
S00166346,170,88,82
S00166347,75,41,34
S00166348,162,70,92
S00166349,85,53,32
S00166350,94,49,45
S00166351,70,35,35
S00166352,123,64,62
S00166353,76,36,40
S00166354,143,78,65
S00166355,89,43,48
S00166356,143,69,73
S00166357,139,64,75
S00166358,87,39,48
S00166359,142,69,76
S00166360,139,63,76
S00166361,123,59,64
S00166362,80,38,42
S00166363,83,43,40
S00166364,99,60,43
S00166365,67,35,32
S00166366,98,43,51
S00166367,148,69,76
S00166368,92,44,44
S00166369,129,62,63
S00166370,105,52,50
S00166371,93,44,50
S00166372,190,93,97
S00166373,99,41,55
S00166374,136,65,71
S00166375,113,56,56
S00166376,76,33,43
S00166377,128,57,71
S00166378,140,73,67
S00166379,120,65,54
S00166380,131,65,65
S00166381,107,50,57
S00166382,184,94,90
S00166383,100,47,53
S00166384,145,71,74
S00166385,126,60,66
S00166386,168,83,86
S00166387,120,57,63
S00166388,144,66,78
S00166389,94,48,45
S00166390,73,39,34
S00166391,101,52,49
S00166392,110,56,57
S00166393,156,87,69
S00166394,89,43,48
S00166395,184,91,93
S00166396,106,50,56
S00166397,77,36,41
S00166398,101,48,54
S00166399,85,45,39
S00166400,117,51,66
S00166401,61,27,34
S00166402,200,95,105
S00166403,120,54,67
S00166404,93,47,46
S00166405,96,50,47
S00166406,112,51,61
S00166407,155,89,66
S00166408,71,31,39
S00166409,87,45,43
S00166410,128,59,65
S00166411,132,68,64
S00166412,200,110,90
S00166413,92,42,50
S00166414,124,68,56
S00166415,128,66,62
S00166416,137,70,70
S00166417,82,35,47
S00166418,77,36,41
S00166419,92,47,45
S00166420,136,69,63
S00166421,220,109,111
S00166422,168,74,94
S00166423,101,61,40
S00166424,105,57,48
S00166425,172,78,94
S00166426,92,46,46
S00166427,149,82,67
S00166428,154,89,65
S00166429,131,63,68
S00166430,94,51,47
S00166431,141,68,73
S00166432,186,91,92
S00166433,109,58,51
S00166434,145,64,81
S00166435,151,74,77
S00166436,86,40,45
S00166437,205,98,107
S00166438,93,49,40
S00166439,86,47,39
S00166440,104,59,45
S00166441,106,55,51
S00166442,116,59,57
S00166443,70,32,35
S00166444,95,42,53
S00166445,123,69,54
S00166446,75,31,40
S00166447,171,80,91
S00166448,105,49,56
S00166449,106,56,51
S00166450,118,58,63
S00166451,65,28,37
S00166452,72,37,35
S00166453,164,87,79
S00166454,145,71,72
S00166455,106,51,56
S00166456,106,66,40
S00166457,96,57,43
S00166458,124,61,64
S00166459,138,64,74
S00166460,107,61,49
S00166461,127,68,59
S00166462,151,85,64
S00166463,118,65,53
S00166464,76,39,38
S00166465,160,81,79
S00166466,98,53,48
S00166467,156,75,81
S00166468,102,57,48
S00166469,124,76,48
S00166470,104,55,48
S00166471,65,35,30
S00166472,116,62,54
S00166473,76,40,42
S00166474,90,48,45
S00166475,127,73,54
S00166476,80,37,43
S00166477,86,50,36
S00166478,149,80,73
S00166479,63,33,26
S00166480,81,40,35
S00166481,86,45,40
S00166482,133,68,65
S00166483,85,42,43
S00166484,165,97,68
S00166485,105,46,59
S00166486,74,45,28
S00166487,82,36,46
S00166488,72,39,29
S00166489,81,35,49
S00166490,76,42,34
S00166491,188,101,87
S00166492,64,34,30
S00166493,102,51,52
S00166494,77,39,38
S00166495,86,40,46
S00166496,81,38,43
S00166497,60,32,24
S00166498,104,54,50
S00166499,137,77,63
S00166500,130,59,71
S00166501,76,41,35
S00166502,102,63,37
S00166503,70,33,35
S00166504,92,46,46
S00166505,151,87,64
S00166506,167,82,85
S00166507,158,77,81
S00166508,66,30,37
S00166509,165,82,83
S00166510,115,65,50
S00166511,97,43,54
S00166512,132,67,61
S00166513,94,43,51
S00166514,131,60,71
S00166515,94,47,53
S00166516,108,51,57
S00166517,58,30,30
S00166518,172,76,93
S00166519,64,33,31
S00166520,120,65,55
S00166521,110,51,59
S00166522,141,71,70
S00166523,138,66,72
S00166524,154,75,79
S00166525,75,28,43
S00166526,66,28,38
S00166527,131,60,71
S00166528,132,63,69
S00166529,90,44,46
S00166530,119,57,62
S00166531,71,34,37
S00166532,91,46,44
S00166533,148,74,74
S00166534,130,70,60
S00166535,87,40,47
S00166536,66,30,36
S00166537,110,61,50
S00166538,106,49,60
S00166539,77,41,37
S00166540,67,37,30
S00166541,65,32,33
S00166542,60,29,30
S00166543,61,32,29
S00166544,95,52,45
S00166545,85,50,34
S00166546,71,40,33
S00166547,93,51,42
S00166548,75,43,33
S00166549,110,55,55
S00166550,92,54,38
S00166551,129,65,64
S00166552,128,58,70
S00166553,65,34,31
S00166554,84,40,43
S00166555,69,38,31
S00166556,124,60,61
S00166557,132,68,67
S00166558,107,59,48
S00166559,86,42,44
S00166560,85,39,46
S00166561,150,71,79
S00166562,142,72,67
S00166563,124,68,59
S00166564,84,47,37
S00166565,154,87,71
S00166566,155,79,76
S00166567,126,68,61
S00166568,70,38,31
S00166569,113,54,58
S00166570,82,39,43
S00166571,115,61,50
S00166572,120,56,64
S00166573,87,42,40
S00166574,128,67,61
S00166575,120,61,59
S00166576,81,29,50
S00166577,89,42,47
S00166578,117,58,59
S00166579,143,65,78
S00166580,78,36,42
S00166581,102,58,42
S00166582,99,52,47
S00166583,144,77,67
S00166584,69,37,32
S00166585,75,41,38
S00166586,81,41,40
S00166587,84,35,47
S00166588,158,79,79
S00166589,110,57,53
S00166590,65,32,33
S00166591,139,63,76
S00166592,138,77,63
S00166593,131,73,57
S00166594,158,78,80
S00166595,121,59,66
S00166596,100,50,50
S00166597,150,72,77
S00166598,105,56,49
S00166599,83,44,38
S00166600,190,101,86
S00166601,134,68,65
S00166602,137,73,64
S00166603,67,36,27
S00166604,103,53,50
S00166605,109,57,53
S00166606,100,51,46
S00166607,120,56,64
S00166608,167,86,85
S00166609,85,34,47
S00166610,102,48,54
S00166611,195,98,97
S00166612,132,72,60
S00166613,106,52,54
S00166614,85,43,42
S00166615,156,72,84
S00166616,124,66,58
S00166617,155,80,71
S00166618,108,60,48
S00166619,113,59,54
S00166620,140,78,62
S00166621,140,73,67
S00166622,163,81,82
S00166623,121,62,59
S00166624,68,41,29
S00166625,136,73,63
S00166626,236,115,118
S00166627,112,57,51
S00166628,172,87,81
S00166629,81,48,29
S00166630,111,66,45
S00166631,132,68,68
S00166632,85,46,39
S00166633,156,79,77
S00166634,89,44,45
S00166635,102,56,46
S00166636,144,75,65
S00166637,118,58,59
S00166638,90,44,46
S00166639,127,70,58
S00166640,118,57,61
S00166641,133,64,72
S00166642,143,84,61
S00166643,171,92,79
S00166644,116,73,40
S00166645,111,52,59
S00166646,98,50,49
S00166647,177,95,81
S00166648,143,70,73
S00166649,113,58,55
S00166650,169,80,85
S00166651,168,86,78
S00166652,104,54,50
S00166653,139,76,60
S00166654,137,74,61
S00166655,109,53,56
S00166656,96,61,35
S00166657,117,61,56
S00166658,168,89,80
S00166659,146,69,77
S00166660,72,36,36
S00166661,132,64,65
S00166662,96,50,46
S00166663,118,61,57
S00166664,136,75,61
S00166665,170,88,86
S00166666,58,36,25
S00166667,110,53,53
S00166668,67,41,26
S00166669,84,39,45
S00166670,64,40,27
S00166671,76,40,40
S00166672,108,51,57
S00166673,123,74,49
S00166674,97,48,51
S00166675,178,94,84
S00166676,90,48,42
S00166677,133,74,59
S00166678,114,67,47
S00166679,84,35,53
S00166680,71,37,37
S00166681,127,65,62
S00166682,127,59,67
S00166683,79,32,43
S00166684,74,34,40
S00166685,115,52,63
S00166686,146,69,77
S00166687,119,63,56
S00166688,125,68,57
S00166689,89,48,41
S00166690,73,44,33
S00166691,64,34,31
S00166692,120,63,60
S00166693,100,59,41
S00166694,80,41,38
S00166695,149,89,63
S00166696,98,52,46
S00166697,170,94,80
S00166698,93,51,42
S00166699,96,51,45
S00166700,92,48,44
S00166701,98,54,44
S00166702,141,73,65
S00166703,123,59,64
S00166704,65,33,29
S00166705,124,75,49
S00166706,96,48,51
S00166707,62,37,25
S00166708,125,67,58
S00166709,87,50,37
S00166710,85,47,42
S00166711,172,97,75
S00166712,82,41,41
S00166713,116,59,57
S00166714,104,53,51
S00166715,95,48,47
S00166716,105,56,53
S00166717,148,74,74
S00166718,133,65,68
S00166719,142,75,67
S00166720,87,46,44
S00166721,160,77,83
S00166722,78,40,38
S00166723,75,41,31
S00166724,168,86,82
S00166725,186,100,86
S00166726,132,67,66
S00166727,167,92,75
S00166728,134,77,57
S00166729,154,72,79
S00166730,103,49,54
S00166731,115,58,55
S00166732,163,89,71
S00166733,92,46,46
S00166734,100,58,42
S00166735,103,51,52
S00166736,87,39,45
S00166737,102,54,48
S00166738,101,52,45
S00166739,101,54,48
S00166740,89,41,48
S00166741,119,62,57
S00166742,78,41,37
S00166743,82,42,40
S00166744,155,74,81
S00166745,67,34,33
S00166746,168,96,72
S00166747,74,39,35
S00166748,92,51,41
S00166749,66,29,37
S00166750,104,47,53
S00166751,97,51,45
S00166752,83,44,39
S00166753,88,50,37
S00166754,90,45,45
S00166755,153,72,77
S00166756,61,38,20
S00166757,97,39,54
S00166758,94,56,38
S00166759,124,64,60
S00166760,90,47,43
S00166761,95,43,55
S00166762,171,83,92
S00166763,124,61,63
S00166764,126,64,62
S00166765,112,64,52
S00166766,124,58,66
S00166767,113,53,60
S00166768,63,35,28
S00166769,137,77,61
S00166770,131,70,61
S00166771,62,33,33
S00166772,100,43,57
S00166773,159,74,91
S00166774,152,78,75
S00166775,147,77,69
S00166776,158,75,83
S00166777,157,92,68
S00166778,90,44,43
S00166779,74,40,38
S00166780,195,103,92
S00166781,163,83,80
S00166782,93,48,42
S00166783,60,28,32
S00166784,173,83,90
S00166785,113,57,56
S00166786,116,68,48
S00166787,126,60,66
S00166788,132,57,75
S00166789,177,84,93
S00166790,145,74,71
S00166791,82,37,44
S00166792,116,51,65
S00166793,63,35,24
S00166794,64,36,28
S00166795,98,49,49
S00166796,132,63,69
S00166797,131,74,54
S00166798,99,34,65
S00166799,109,56,49
S00166800,80,38,46
S00166801,146,78,67
S00166802,99,55,43
S00166803,67,37,30
S00166804,112,47,65
S00166805,135,68,66
S00166806,107,59,48
S00166807,101,53,47
S00166808,89,49,39
S00166809,98,47,51
S00166810,120,63,57
S00166811,93,51,42
S00166812,91,53,35
S00166813,109,48,61
S00166814,81,39,42
S00166815,107,58,49
S00166816,95,50,45
S00166817,95,53,42
S00166818,94,44,51
S00166819,94,54,40
S00166820,74,37,37
S00166821,66,35,31
S00166822,101,51,50
S00166823,107,54,53
S00166824,188,98,90
S00166825,96,51,42
S00166826,66,33,33
S00166827,77,38,37
S00166828,121,61,60
S00166829,67,39,29
S00166830,106,54,49
S00166831,70,34,35
S00166832,101,37,64
S00166833,102,48,54
S00166834,73,39,34
S00166835,93,46,47
S00166836,113,59,52
S00166837,151,75,76
S00166838,148,79,69
S00166839,165,79,86
S00166840,131,73,62
S00166841,102,53,49
S00166842,66,38,28
S00166843,196,92,101
S00166844,86,42,44
S00166845,122,68,52
S00166846,71,38,33
S00166847,138,68,70
S00166848,148,80,61
S00166849,67,34,34
S00166850,93,49,43
S00166851,95,43,48
S00166852,170,81,89
S00166853,140,70,71
S00166854,87,47,44
S00166855,62,34,28
S00166856,148,87,61
S00166857,118,70,48
S00166858,72,41,31
S00166859,113,61,52
S00166860,186,88,95
S00166861,134,65,68
S00166862,78,43,35
S00166863,102,54,48
S00166864,93,44,48
S00166865,121,60,61
S00166866,122,55,67
S00166867,173,90,81
S00166868,72,37,35
S00166869,91,39,48
S00166870,121,63,58
S00166871,83,35,48
S00166872,84,46,38
S00166873,66,36,30
S00166874,155,78,76
S00166875,86,43,39
S00166876,121,62,59
S00166877,102,53,49
S00166878,119,68,51
S00166879,124,62,65
S00166880,109,57,50
S00166881,161,84,74
S00166882,125,61,61
S00166883,149,78,71
S00166884,125,64,61
S00166885,88,46,42
S00166886,129,64,62
S00166887,173,93,80
S00166888,67,37,30
S00166889,101,52,49
S00166890,119,59,62
S00166891,176,99,77
S00166892,106,56,50
S00166893,152,73,79
S00166894,214,109,105
S00166895,78,44,38
S00166896,116,57,55
S00166897,100,58,42
S00166898,86,46,40
S00166899,63,31,32
S00166900,75,35,40
S00166901,137,67,70
S00166902,84,43,41
S00166903,97,47,50
S00166904,136,61,71
S00166905,129,64,65
S00166906,227,109,116
S00166907,85,47,35
S00166908,122,75,47
S00166909,64,39,25
S00166910,129,70,63
S00166911,104,61,40
S00166912,157,79,78
S00166913,80,48,36
S00166914,71,32,40
S00166915,106,56,53
S00166916,87,51,36
S00166917,144,73,71
S00166918,85,41,47
S00166919,125,63,62
S00166920,89,51,38
S00166921,93,49,44
S00166922,123,75,48
S00166923,115,60,51
S00166924,147,71,76
S00166925,138,75,67
S00166926,124,65,56
S00166927,124,69,58
S00166928,152,72,80
S00166929,108,54,52
S00166930,105,49,56
S00166931,128,65,63
S00166932,78,40,38
S00166933,86,43,43
S00166934,112,60,56
S00166935,123,62,61
S00166936,87,45,38
S00166937,123,71,50
S00166938,102,58,43
S00166939,86,47,33
S00166940,106,60,46
S00166941,90,51,39
S00166942,114,59,50
S00166943,87,47,40
S00166944,90,46,45
S00166945,77,41,38
S00166946,69,41,30
S00166947,86,43,43
S00166948,63,42,25
S00166949,73,38,35
S00166950,92,52,40
S00166951,93,49,44
S00166952,103,51,52
S00166953,115,59,56
S00166954,118,61,58
S00166955,157,76,84
S00166956,73,53,20
S00166957,179,106,76
S00166958,67,36,30
S00166959,185,98,87
S00166960,130,62,67
S00166961,160,88,72
S00166962,88,49,41
S00166963,151,84,66
S00166964,119,65,54
S00166965,126,66,60
S00166966,150,90,63
S00166967,101,52,49
S00166968,160,78,82
S00166969,129,71,58
S00166970,110,67,45
S00166971,181,91,90
S00166972,97,47,50
S00166973,253,125,128
S00166974,115,52,66
S00166975,105,56,49
S00166976,200,97,103
S00166977,135,78,61
S00166978,115,57,58
S00166979,122,62,64
S00166980,253,127,123
S00166981,187,80,107
S00166982,72,36,36
S00166983,127,59,67
S00166984,162,80,79
S00166985,147,77,72
S00166986,112,58,54
S00166987,120,63,54
S00166988,152,78,77
S00166989,96,49,50
S00166990,161,86,75
S00166991,145,76,69
S00166992,139,77,62
S00166993,131,67,64
S00166994,131,73,55
S00166995,99,58,41
S00166996,80,41,35
S00166997,146,94,56
S00166998,131,68,63
S00166999,107,56,51
S00167000,127,68,59
S00167001,161,78,83
S00167002,163,83,74
S00167003,119,57,62
S00167004,137,68,69
S00167005,137,79,61
S00167006,148,86,60
S00167007,90,59,34
S00167008,98,57,44
S00167009,128,63,65
S00167010,137,66,71
S00167011,126,64,62
S00167012,122,61,61
S00167013,111,53,56
S00167014,141,75,66
S00167015,201,102,103
S00167016,95,49,49
S00167017,128,65,63
S00167018,104,49,55
S00167019,102,61,41
S00167020,98,48,47
S00167021,98,51,50
S00167022,169,100,69
S00167023,84,49,35
S00167024,110,60,50
S00167025,93,49,44
S00167026,160,75,81
S00167027,103,54,48
S00167028,117,60,54
S00167029,82,39,43
S00167030,86,49,40
S00167031,108,66,42
S00167032,127,67,60
S00167033,109,57,52
S00167034,79,35,40
S00167035,126,64,62
S00167036,146,70,76
S00167037,109,59,46
S00167038,87,46,41
S00167039,153,81,69
S00167040,183,95,87
S00167041,161,90,71
S00167042,78,43,36
S00167043,90,51,39
S00167044,86,46,40
S00167045,88,49,39
S00167046,113,59,58
S00167047,152,95,61
S00167048,113,73,40
S00167049,122,62,60
S00167050,88,45,43
S00167051,75,40,35
S00167052,154,85,70
S00167053,80,46,34
S00167054,163,78,83
S00167055,99,45,52
S00167056,131,65,66
S00167057,125,66,59
S00167058,192,102,90
S00167059,96,52,48
S00167060,179,93,95
S00167061,159,87,72
S00167062,114,60,54
S00167063,141,73,67
S00167064,150,74,77
S00167065,136,71,65
S00167066,72,39,33
S00167067,148,84,64
S00167068,109,57,52
S00167069,82,54,28
S00167070,99,43,57
S00167071,68,34,34
S00167072,137,66,72
S00167073,99,47,51
S00167074,86,43,43
S00167075,95,44,51
S00167076,164,83,81
S00167077,196,93,103
S00167078,79,48,34
S00167079,97,54,43
S00167080,172,79,97
S00167081,125,62,60
S00167082,84,45,39
S00167083,67,36,25
S00167084,90,49,41
S00167085,74,32,42
S00167086,74,37,37
S00167087,109,54,50
S00167088,88,40,47
S00167089,138,72,66
S00167090,91,51,37
S00167091,101,51,48
S00167092,98,52,46
S00167093,103,58,45
S00167094,72,36,36
S00167095,64,28,36
S00167096,138,77,61
S00167097,175,91,84
S00167098,158,79,79
S00167099,67,36,32
S00167100,112,62,50
S00167101,136,62,70
S00167102,78,33,45
S00167103,89,48,38
S00167104,81,45,36
S00167105,165,85,80
S00167106,154,73,81
S00167107,93,53,38
S00167108,126,66,60
S00167109,125,67,54
S00167110,133,72,62
S00167111,137,70,67
S00167112,86,48,38
S00167113,116,59,57
S00167114,99,57,38
S00167115,120,61,59
S00167116,184,94,90
S00167117,87,44,47
S00167118,157,106,51
S00167119,147,84,63
S00167120,106,56,50
S00167121,155,82,74
S00167122,155,84,71
S00167123,121,59,62
S00167124,68,35,32
S00167125,139,74,65
S00167126,162,97,63
S00167127,75,36,39
S00167128,69,35,30
S00167129,116,70,46
S00167130,109,56,53
S00167131,158,77,81
S00167132,127,70,59
S00167133,106,62,42
S00167134,132,59,69
S00167135,93,55,37
S00167136,154,88,66
S00167137,91,49,42
S00167138,94,52,42
S00167139,85,46,40
S00167140,81,41,41
S00167141,84,39,44
S00167142,111,59,52
S00167143,65,36,29
S00167144,141,69,72
S00167145,110,55,55
S00167146,93,46,43
S00167147,207,102,106
S00167148,165,88,77
S00167149,97,62,35
S00167150,111,57,54
S00167151,98,45,54
S00167152,122,65,61
S00167153,84,50,34
S00167154,243,120,119
S00167155,176,105,71
S00167156,109,52,57
S00167157,83,40,43
S00167158,113,64,49
S00167159,147,76,70
S00167160,99,49,48
S00167161,86,44,42
S00167162,99,57,42
S00167163,99,45,51
S00167164,142,75,64
S00167165,108,55,53
S00167166,138,77,61
S00167167,98,52,43
S00167168,105,64,41
S00167169,125,60,65
S00167170,90,44,46
S00167171,75,36,37
S00167172,94,52,41
S00167173,145,84,61
S00167174,138,70,69
S00167175,86,50,36
S00167176,78,42,36
S00167177,108,54,54
S00167178,149,89,61
S00167179,128,75,53
S00167180,98,49,49
S00167181,102,60,42
S00167182,145,85,60
S00167183,141,76,65
S00167184,141,87,54
S00167185,88,46,42
S00167186,115,49,66
S00167187,102,47,53
S00167188,128,71,57
S00167189,76,44,32
S00167190,142,76,64
S00167191,105,55,50
S00167192,134,74,60
S00167193,110,66,45
S00167194,109,55,51
S00167195,127,70,57
S00167196,73,41,29
S00167197,114,62,52
S00167198,122,65,57
S00167199,100,52,48
S00167200,132,74,62
S00167201,56,34,26
S00167202,126,57,69
S00167203,95,46,49
S00167204,155,74,81
S00167205,148,72,73
S00167206,165,83,82
S00167207,148,79,69
S00167208,86,45,41
S00167209,90,54,36
S00167210,163,81,83
S00167211,116,73,46
S00167212,77,43,37
S00167213,87,43,44
S00167214,140,73,70
S00167215,115,65,50
S00167216,126,65,65
S00167217,98,54,44
S00167218,63,36,27
S00167219,95,49,46
S00167220,84,54,34
S00167221,80,42,38
S00167222,77,41,36
S00167223,65,32,33
S00167224,75,44,31
S00167225,112,57,58
S00167226,141,81,60
S00167227,123,59,64
S00167228,92,53,39
S00167229,77,42,35
S00167230,154,81,74
S00167231,113,60,53
S00167232,203,114,89
S00167233,108,58,50
S00167234,129,67,62
S00167235,142,74,67
S00167236,95,51,44
S00167237,142,75,63
S00167238,87,43,44
S00167239,127,67,60
S00167240,86,45,38
S00167241,65,33,32
S00167242,84,47,37
S00167243,104,41,63
S00167244,130,75,55
S00167245,95,48,47
S00167246,129,74,55
S00167247,172,89,85
S00167248,84,46,35
S00167249,82,55,27
S00167250,95,41,53
S00167251,126,59,64
S00167252,100,58,45
S00167253,75,31,44
S00167254,139,68,73
S00167255,69,39,30
S00167256,151,83,68
S00167257,66,29,37
S00167258,88,46,44
S00167259,95,47,48
S00167260,143,68,73
S00167261,116,51,65
S00167262,102,44,58
S00167263,118,58,60
S00167264,123,70,56
S00167265,157,82,75
S00167266,97,50,47
S00167267,80,41,39
S00167268,100,50,50
S00167269,82,47,35
S00167270,160,86,73
S00167271,115,58,57
S00167272,122,57,65
S00167273,82,45,37
S00167274,105,59,43
S00167275,72,36,36
S00167276,121,64,57
S00167277,108,54,53
S00167278,132,71,61
S00167279,65,36,33
S00167280,105,58,47
S00167281,134,72,62
S00167282,150,77,73
S00167283,84,44,38
S00167284,72,39,33
S00167285,116,63,54
S00167286,69,40,29
S00167287,76,37,39
S00167288,131,68,62
S00167289,69,39,30
S00167290,87,50,37
S00167291,94,52,42
S00167292,144,74,70
S00167293,88,50,38
S00167294,139,67,69
S00167295,71,37,33
S00167296,84,43,41
S00167297,118,57,61
S00167298,89,45,43
S00167299,90,46,43
S00167300,92,39,53
S00167301,169,86,81
S00167302,123,68,55
S00167303,96,49,49
S00167304,135,67,68
S00167305,98,52,46
S00167306,131,66,65
S00167307,96,53,43
S00167308,164,85,82
S00167309,121,56,65
S00167310,127,60,65
S00167311,155,109,46
S00167312,100,46,51
S00167313,142,68,74
S00167314,98,52,47
S00167315,97,47,50
S00167316,170,86,84
S00167317,72,46,23
S00167318,140,60,80
S00167319,71,36,35
S00167320,126,71,55
S00167321,97,46,51
S00167322,64,41,26
S00167323,123,63,63
S00167324,146,72,74
S00167325,132,73,59
S00167326,97,50,47
S00167327,75,37,38
S00167328,97,45,52
S00167329,104,63,43
S00167330,172,93,78
S00167331,145,74,71
S00167332,97,52,45
S00167333,106,50,56
S00167334,83,46,37
S00167335,101,61,40
S00167336,188,101,90
S00167337,115,61,54
S00167338,106,59,49
S00167339,104,55,49
S00167340,97,61,39
S00167341,63,29,34
S00167342,116,60,52
S00167343,157,85,72
S00167344,80,42,38
S00167345,106,59,47
S00167346,102,56,46
S00167347,121,77,42
S00167348,120,69,51
S00167349,113,65,49
S00167350,68,35,33
S00167351,95,50,47
S00167352,88,50,38
S00167353,111,59,52
S00167354,153,85,68
S00167355,69,44,28
S00167356,121,71,50
S00167357,83,32,51
S00167358,95,42,53
S00167359,98,46,52
S00167360,117,61,58
S00167361,103,55,48
S00167362,105,55,50
S00167363,106,48,59
S00167364,119,59,60
S00167365,102,45,57
S00167366,146,70,72
S00167367,62,31,31
S00167368,191,88,103
S00167369,86,43,43
S00167370,155,81,79
S00167371,135,74,61
S00167372,72,38,34
S00167373,104,50,55
S00167374,78,40,38
S00167375,124,59,65
S00167376,165,85,80
S00167377,82,37,45
S00167378,62,25,36
S00167379,77,40,37
S00167380,150,102,48
S00167381,86,43,43
S00167382,119,58,61
S00167383,175,85,88
S00167384,75,25,54
S00167385,95,50,45
S00167386,191,88,103
S00167387,93,50,43
S00167388,105,54,51
S00167389,58,36,26
S00167390,119,56,63
S00167391,120,61,56
S00167392,101,56,45
S00167393,153,79,74
S00167394,114,63,51
S00167395,126,66,60
S00167396,141,70,71
S00167397,116,65,49
S00167398,181,94,87
S00167399,162,79,83
S00167400,116,56,58
S00167401,64,35,30
S00167402,97,42,55
S00167403,249,124,123
S00167404,99,55,44
S00167405,185,103,83
S00167406,202,101,101
S00167407,165,95,70
S00167408,119,60,59
S00167409,130,66,65
S00167410,201,102,96
S00167411,132,74,62
S00167412,72,32,32
S00167413,191,99,92
S00167414,94,56,42
S00167415,137,66,71
S00167416,76,35,41
S00167417,114,61,48
S00167418,151,79,72
S00167419,137,83,58
S00167420,159,88,71
S00167421,134,64,67
S00167422,90,41,49
S00167423,68,37,31
S00167424,162,78,84
S00167425,101,62,39
S00167426,102,52,50
S00167427,91,53,38
S00167428,189,99,90
S00167429,98,51,50
S00167430,164,85,79
S00167431,98,52,46
S00167432,109,63,46
S00167433,100,52,48
S00167434,134,71,63
S00167435,125,66,63
S00167436,112,49,63
S00167437,169,77,91
S00167438,241,110,131
S00167439,124,71,53
S00167440,206,98,108
S00167441,167,94,77
S00167442,61,36,25
S00167443,169,93,76
S00167444,106,48,52
S00167445,123,68,55
S00167446,128,78,50
S00167447,126,67,64
S00167448,108,49,56
S00167449,81,37,44
S00167450,161,79,82
S00167451,152,77,75
S00167452,117,50,67
S00167453,119,55,64
S00167454,83,45,41
S00167455,111,61,50
S00167456,91,47,42
S00167457,133,67,66
S00167458,111,58,53
S00167459,95,56,39
S00167460,138,65,73
S00167461,194,100,94
S00167462,131,69,66
S00167463,201,95,106
S00167464,153,83,70
S00167465,113,57,53
S00167466,169,81,88
S00167467,169,92,77
S00167468,106,59,48
S00167469,121,61,56
S00167470,116,65,53
S00167471,99,47,52
S00167472,141,82,59
S00167473,96,59,37
S00167474,87,44,46
S00167475,70,37,35
S00167476,86,49,37
S00167477,94,43,51
S00167478,88,52,36
S00167479,75,41,39
S00167480,99,53,46
S00167481,92,45,49
S00167482,135,74,61
S00167483,119,57,60
S00167484,72,35,37
S00167485,115,62,53
S00167486,148,85,64
S00167487,109,54,55
S00167488,67,32,35
S00167489,91,54,38
S00167490,204,104,97
S00167491,83,42,41
S00167492,115,68,47
S00167493,100,47,52
S00167494,87,44,43
S00167495,114,59,55
S00167496,73,35,40
S00167497,113,64,49
S00167498,140,82,58
S00167499,88,45,43
S00167500,97,50,47
S00167501,156,82,74
S00167502,212,117,95
S00167503,98,49,49
S00167504,149,91,58
S00167505,112,56,56
S00167506,92,54,41
S00167507,113,61,52
S00167508,110,58,49
S00167509,136,66,73
S00167510,114,62,49
S00167511,103,53,50
S00167512,119,61,62
S00167513,90,45,48
S00167514,182,108,74
S00167515,92,59,36
S00167516,183,97,88
S00167517,134,69,65
S00167518,147,73,71
S00167519,112,58,58
S00167520,87,47,40
S00167521,111,56,55
S00167522,104,60,43
S00167523,71,39,32
S00167524,118,61,57
S00167525,187,90,93
S00167526,98,56,42
S00167527,132,64,64
S00167528,135,77,58
S00167529,84,47,37
S00167530,86,46,43
S00167531,134,74,60
S00167532,136,63,73
S00167533,143,77,66
S00167534,164,98,68
S00167535,112,55,54
S00167536,180,89,91
S00167537,80,37,40
S00167538,85,41,44
S00167539,97,42,52
S00167540,162,85,77
S00167541,142,73,72
S00167542,138,74,64
S00167543,94,50,44
S00167544,93,66,31
S00167545,106,57,49
S00167546,199,109,90
S00167547,96,47,49
S00167548,109,72,39
S00167549,108,59,53
S00167550,106,54,52
S00167551,114,57,57
S00167552,124,69,55
S00167553,153,80,74
S00167554,66,37,31
S00167555,87,46,41
S00167556,96,54,42
S00167557,138,75,66
S00167558,141,77,64
S00167559,122,56,64
S00167560,125,69,56
S00167561,83,41,40
S00167562,142,79,67
S00167563,99,53,46
S00167564,60,28,27
S00167565,91,48,47
S00167566,129,75,54
S00167567,148,83,65
S00167568,92,51,37
S00167569,142,81,61
S00167570,137,61,73
S00167571,88,46,43
S00167572,61,31,30
S00167573,150,87,61
S00167574,85,38,47
S00167575,72,40,32
S00167576,85,47,42
S00167577,107,56,47
S00167578,124,53,71
S00167579,166,84,82
S00167580,90,46,40
S00167581,154,78,76
S00167582,86,43,43
S00167583,103,52,48
S00167584,64,35,33
S00167585,73,32,37
S00167586,123,56,67
S00167587,135,76,63
S00167588,128,70,58
S00167589,82,49,34
S00167590,129,64,65
S00167591,153,83,70
S00167592,78,38,40
S00167593,103,51,54
S00167594,105,63,42
S00167595,186,101,85
S00167596,119,60,60
S00167597,165,92,73
S00167598,98,56,42
S00167599,81,44,37
S00167600,95,51,44
S00167601,146,74,69
S00167602,80,38,42
S00167603,188,96,91
S00167604,66,28,38
S00167605,163,93,71
S00167606,93,42,51
S00167607,182,92,90
S00167608,139,74,65
S00167609,87,38,43
S00167610,138,74,61
S00167611,75,33,42
S00167612,117,63,54
S00167613,76,48,28
S00167614,115,62,53
S00167615,93,53,39
S00167616,138,68,70
S00167617,117,56,59
S00167618,165,90,74
S00167619,106,61,45
S00167620,104,49,55
S00167621,94,53,41
S00167622,90,56,34
S00167623,81,34,43
S00167624,100,53,47
S00167625,83,41,42
S00167626,165,89,71
S00167627,100,36,61
S00167628,125,60,65
S00167629,125,58,67
S00167630,105,51,54
S00167631,109,55,54
S00167632,153,80,71
S00167633,115,63,56
S00167634,84,40,44
S00167635,91,45,46
S00167636,105,56,50
S00167637,71,33,38
S00167638,157,77,80
S00167639,110,64,50
S00167640,129,71,58
S00167641,88,43,45
S00167642,114,56,62
S00167643,117,57,62
S00167644,92,38,54
S00167645,86,45,38
S00167646,87,41,47
S00167647,109,61,47
S00167648,137,70,67
S00167649,143,78,67
S00167650,189,87,102
S00167651,98,46,52
S00167652,99,57,42
S00167653,118,61,57
S00167654,147,87,60
S00167655,66,37,29
S00167656,64,35,29
S00167657,72,35,37
S00167658,96,47,49
S00167659,101,56,45
S00167660,114,65,46
S00167661,106,58,48
S00167662,102,56,38
S00167663,72,38,34
S00167664,135,69,66
S00167665,74,36,38
S00167666,182,94,88
S00167667,94,43,51
S00167668,163,87,79
S00167669,131,68,60
S00167670,117,60,57
S00167671,132,78,56
S00167672,165,87,78
S00167673,141,69,72
S00167674,96,51,44
S00167675,70,33,40
S00167676,116,60,59
S00167677,71,37,34
S00167678,124,60,64
S00167679,67,36,31
S00167680,115,59,53
S00167681,120,60,60
S00167682,125,70,59
S00167683,123,54,69
S00167684,76,42,34
S00167685,72,30,41
S00167686,66,32,29
S00167687,105,55,47
S00167688,200,117,85
S00167689,99,49,47
S00167690,73,38,41
S00167691,81,39,42
S00167692,126,67,59
S00167693,96,58,38
S00167694,95,44,47
S00167695,111,59,56
S00167696,124,73,53
S00167697,158,79,80
S00167698,125,61,64
S00167699,166,84,82
S00167700,95,48,47
S00167701,119,65,54
S00167702,164,86,76
S00167703,77,43,34
S00167704,106,61,45
S00167705,138,76,63
S00167706,149,79,68
S00167707,159,83,77
S00167708,85,46,42
S00167709,118,64,54
S00167710,61,34,27
S00167711,107,47,61
S00167712,87,45,42
S00167713,195,92,103
S00167714,160,85,79
S00167715,272,163,110
S00167716,187,89,98
S00167717,155,76,75
S00167718,85,42,43
S00167719,141,71,70
S00167720,158,83,72
S00167721,170,95,75
S00167722,61,37,24
S00167723,70,32,38
S00167724,163,90,70
S00167725,64,32,32
S00167726,140,75,65
S00167727,93,51,46
S00167728,132,80,60
S00167729,161,89,70
S00167730,85,43,39
S00167731,69,37,32
S00167732,123,68,53
S00167733,157,83,74
S00167734,106,57,50
S00167735,136,64,72
S00167736,102,47,55
S00167737,103,55,48
S00167738,96,48,48
S00167739,66,36,33
S00167740,109,54,55
S00167741,173,87,84
S00167742,98,48,49
S00167743,73,49,25
S00167744,110,55,55
S00167745,124,67,58
S00167746,106,55,52
S00167747,125,66,55
S00167748,70,41,29
S00167749,99,52,49
S00167750,72,36,36
S00167751,121,66,55
S00167752,65,32,37
S00167753,128,54,74
S00167754,83,40,43
S00167755,125,60,65
S00167756,111,62,53
S00167757,154,84,71
S00167758,81,42,39
S00167759,121,59,62
S00167760,86,49,37
S00167761,180,106,74
S00167762,176,84,92
S00167763,102,48,54
S00167764,144,76,68
S00167765,148,77,71
S00167766,140,67,73
S00167767,130,61,68
S00167768,180,91,92
S00167769,90,40,50
S00167770,109,59,50
S00167771,60,26,34
S00167772,241,124,117
S00167773,189,92,97
S00167774,128,66,62
S00167775,86,40,46
S00167776,74,37,37
S00167777,157,74,83
S00167778,78,40,38
S00167779,139,71,63
S00167780,151,78,73
S00167781,143,65,81
S00167782,150,70,80
S00167783,167,91,76
S00167784,156,84,72
S00167785,118,53,68
S00167786,159,84,75
S00167787,132,70,62
S00167788,86,35,47
S00167789,142,71,68
S00167790,60,35,25
S00167791,61,36,28
S00167792,134,84,54
S00167793,85,38,43
S00167794,75,39,33
S00167795,65,32,35
S00167796,99,40,57
S00167797,148,81,67
S00167798,94,49,45
S00167799,190,89,101
S00167800,98,58,44
S00167801,129,73,59
S00167802,76,36,37
S00167803,168,85,83
S00167804,106,46,60
S00167805,138,68,72
S00167806,73,39,30
S00167807,103,52,51
S00167808,60,30,32
S00167809,90,48,41
S00167810,210,108,101
S00167811,71,28,40
S00167812,163,86,78
S00167813,142,64,75
S00167814,145,73,72
S00167815,164,80,84
S00167816,114,72,42
S00167817,64,33,34
S00167818,75,40,35
S00167819,192,104,84
S00167820,121,61,60
S00167821,123,73,53
S00167822,127,68,63
S00167823,113,57,58
S00167824,93,44,49
S00167825,81,44,40
S00167826,131,67,62
S00167827,174,101,75
S00167828,81,34,47
S00167829,101,48,51
S00167830,163,90,70
S00167831,114,64,51
S00167832,122,52,67
S00167833,96,52,44
S00167834,92,48,44
S00167835,121,68,49
S00167836,184,96,88
S00167837,63,33,30
S00167838,140,77,61
S00167839,62,35,27
S00167840,189,101,88
S00167841,152,86,66
S00167842,116,58,58
S00167843,117,63,54
S00167844,79,42,37
S00167845,72,41,37
S00167846,78,45,30
S00167847,121,59,62
S00167848,83,48,35
S00167849,65,31,40
S00167850,118,60,55
S00167851,92,41,51
S00167852,80,43,37
S00167853,103,52,49
S00167854,76,38,38
S00167855,124,53,71
S00167856,104,53,51
S00167857,88,41,46
S00167858,111,57,53
S00167859,121,67,56
S00167860,233,115,118
S00167861,176,89,84
S00167862,77,40,37
S00167863,129,68,57
S00167864,200,90,104
S00167865,142,59,80
S00167866,107,56,51
S00167867,119,58,59
S00167868,145,73,75
S00167869,141,70,71
S00167870,148,76,72
S00167871,123,61,62
S00167872,182,92,90
S00167873,87,47,42
S00167874,106,58,48
S00167875,131,64,70
S00167876,68,28,36
S00167877,136,68,68
S00167878,71,31,44
S00167879,75,46,29
S00167880,161,76,85
S00167881,159,78,81
S00167882,198,97,101
S00167883,116,65,51
S00167884,191,97,92
S00167885,173,92,81
S00167886,237,143,89
S00167887,87,48,35
S00167888,97,53,44
S00167889,95,48,45
S00167890,123,54,69
S00167891,127,65,62
S00167892,121,64,57
S00167893,129,66,57
S00167894,67,35,32
S00167895,248,112,136
S00167896,108,59,49
S00167897,92,49,43
S00167898,147,78,69
S00167899,87,42,41
S00167900,106,57,49
S00167901,113,48,69
S00167902,175,92,83
S00167903,127,56,67
S00167904,98,46,49
S00167905,151,75,76
S00167906,257,134,123
S00167907,157,85,72
S00167908,117,57,60
S00167909,157,74,82
S00167910,142,73,71
S00167911,207,114,91
S00167912,243,125,116
S00167913,129,73,55
S00167914,96,53,43
S00167915,148,85,63
S00167916,153,81,71
S00167917,69,35,37
S00167918,89,44,41
S00167919,105,58,47
S00167920,146,79,70
S00167921,135,63,72
S00167922,60,39,19
S00167923,132,66,67
S00167924,190,95,95
S00167925,94,51,47
S00167926,147,72,75
S00167927,143,73,69
S00167928,142,70,72
S00167929,98,47,51
S00167930,154,80,74
S00167931,61,27,34
S00167932,116,54,61
S00167933,204,94,110
S00167934,91,45,46
S00167935,72,33,39
S00167936,65,27,34
S00167937,103,54,49
S00167938,160,78,82
S00167939,71,44,27
S00167940,168,80,86
S00167941,144,81,63
S00167942,142,74,66
S00167943,133,68,61
S00167944,147,78,69
S00167945,109,56,53
S00167946,71,36,35
S00167947,147,75,72
S00167948,94,48,46
S00167949,130,68,62
S00167950,164,97,67
S00167951,153,80,73
S00167952,101,62,39
S00167953,61,27,30
S00167954,92,44,49
S00167955,182,96,83
S00167956,95,45,47
S00167957,217,109,107
S00167958,81,46,35
S00167959,121,61,62
S00167960,134,62,68
S00167961,167,86,81
S00167962,71,34,37
S00167963,109,49,60
S00167964,74,54,20
S00167965,130,53,77
S00167966,140,69,71
S00167967,111,59,57
S00167968,170,92,78
S00167969,178,102,75
S00167970,136,81,56
S00167971,192,103,89
S00167972,175,89,82
S00167973,136,72,64
S00167974,128,77,53
S00167975,104,53,51
S00167976,127,70,60
S00167977,135,66,69
S00167978,83,42,37
S00167979,100,50,54
S00167980,154,81,73
S00167981,83,40,43
S00167982,69,30,42
S00167983,103,54,49
S00167984,141,70,71
S00167985,141,81,60
S00167986,76,35,41
S00167987,77,38,39
S00167988,70,30,40
S00167989,202,92,103
S00167990,190,97,96
S00167991,89,47,38
S00167992,124,72,52
S00167993,142,65,74
S00167994,88,47,38
S00167995,84,36,48
S00167996,69,26,43
S00167997,107,62,45
S00167998,172,92,81
S00167999,85,40,45
S00168000,92,49,43
S00168001,79,36,41
S00168002,128,69,61
S00168003,125,69,60
S00168004,156,89,67
S00168005,138,74,64
S00168006,162,89,76
S00168007,139,70,68
S00168008,76,35,39
S00168009,140,68,68
S00168010,98,53,48
S00168011,83,54,33
S00168012,80,44,36
S00168013,189,92,97
S00168014,119,61,58
S00168015,113,52,61
S00168016,191,98,94
S00168017,145,73,68
S00168018,108,62,46
S00168019,88,45,42
S00168020,69,33,36
S00168021,97,57,40
S00168022,114,52,62
S00168023,79,45,34
S00168024,82,47,36
S00168025,278,148,127
S00168026,171,90,81
S00168027,182,91,91
S00168028,106,61,45
S00168029,76,44,32
S00168030,177,89,88
S00168031,126,68,58
S00168032,70,34,35
S00168033,96,53,43
S00168034,66,38,23
S00168035,68,37,31
S00168036,120,63,54
S00168037,84,43,41
S00168038,210,103,110
S00168039,158,78,80
S00168040,99,47,56
S00168041,170,85,86
S00168042,113,64,51
S00168043,164,79,85
S00168044,183,91,88
S00168045,102,48,54
S00168046,100,47,50
S00168047,88,57,32
S00168048,76,36,40
S00168049,157,77,80
S00168050,161,96,65
S00168051,145,73,72
S00168052,120,77,45
S00168053,148,71,77
S00168054,83,52,31
S00168055,173,98,75
S00168056,141,69,72
S00168057,84,39,42
S00168058,104,53,51
S00168059,113,61,50
S00168060,114,54,60
S00168061,124,56,67
S00168062,180,87,95
S00168063,90,40,50
S00168064,96,52,44
S00168065,97,53,47
S00168066,114,59,55
S00168067,254,135,122
S00168068,140,75,62
S00168069,114,56,57
S00168070,97,51,46
S00168071,141,79,62
S00168072,159,77,82
S00168073,72,44,28
S00168074,87,47,40
S00168075,70,30,40
S00168076,102,46,56
S00168077,106,50,52
S00168078,128,66,58
S00168079,140,73,70
S00168080,94,51,43
S00168081,110,54,56
S00168082,123,62,61
S00168083,184,85,99
S00168084,78,39,39
S00168085,119,70,49
S00168086,114,57,55
S00168087,80,40,40
S00168088,89,47,42
S00168089,156,71,85
S00168090,166,81,81
S00168091,74,46,28
S00168092,82,39,45
S00168093,75,34,41
S00168094,110,67,43
S00168095,111,51,61
S00168096,133,65,64
S00168097,163,87,76
S00168098,109,62,47
S00168099,103,56,47
S00168100,84,52,32
S00168101,173,85,90
S00168102,99,50,49
S00168103,127,70,59
S00168104,129,60,69
S00168105,131,72,58
S00168106,116,70,46
S00168107,124,73,51
S00168108,115,45,72
S00168109,95,50,45
S00168110,163,94,69
S00168111,134,63,71
S00168112,184,90,94
S00168113,216,108,108
S00168114,134,72,64
S00168115,154,83,71
S00168116,168,98,70
S00168117,91,43,48
S00168118,79,39,40
S00168119,77,40,37
S00168120,62,32,32
S00168121,80,48,33
S00168122,173,84,89
S00168123,109,53,56
S00168124,214,103,111
S00168125,63,33,30
S00168126,104,60,44
S00168127,102,51,51
S00168128,88,46,42
S00168129,161,75,84
S00168130,76,51,25
S00168131,121,64,55
S00168132,146,76,70
S00168133,164,88,76
S00168134,99,47,55
S00168135,175,93,81
S00168136,168,91,74
S00168137,87,38,48
S00168138,78,36,40
S00168139,130,68,67
S00168140,97,52,45
S00168141,105,52,53
S00168142,158,85,73
S00168143,161,84,74
S00168144,125,62,63
S00168145,159,89,70
S00168146,165,88,77
S00168147,99,52,49
S00168148,91,47,44
S00168149,124,58,70
S00168150,129,68,61
S00168151,208,107,105
S00168152,86,47,39
S00168153,80,43,36
S00168154,136,71,65
S00168155,141,64,77
S00168156,152,87,65
S00168157,69,40,28
S00168158,159,85,73
S00168159,149,77,70
S00168160,96,47,49
S00168161,78,41,37
S00168162,125,61,68
S00168163,145,71,74
S00168164,114,56,58
S00168165,141,73,64
S00168166,107,54,50
S00168167,101,56,48
S00168168,222,113,107
S00168169,150,76,74
S00168170,104,58,46
S00168171,114,61,53
S00168172,74,45,29
S00168173,75,35,37
S00168174,91,50,41
S00168175,64,33,31
S00168176,133,72,61
S00168177,124,66,58
S00168178,155,85,70
S00168179,99,48,51
S00168180,109,55,53
S00168181,163,84,79
S00168182,63,37,26
S00168183,136,56,78
S00168184,117,60,61
S00168185,154,79,74
S00168186,78,48,33
S00168187,164,75,88
S00168188,91,43,50
S00168189,160,87,73
S00168190,86,43,43
S00168191,120,76,44
S00168192,127,66,57
S00168193,106,53,51
S00168194,89,49,38
S00168195,85,38,47
S00168196,118,50,68
S00168197,157,84,73
S00168198,141,71,69
S00168199,132,69,57
S00168200,90,46,44
S00168201,104,53,51
S00168202,83,45,38
S00168203,183,92,92
S00168204,149,79,68
S00168205,96,52,44
S00168206,132,72,62
S00168207,132,73,59
S00168208,166,79,83
S00168209,61,31,24
S00168210,149,80,69
S00168211,110,62,48
S00168212,104,48,56
S00168213,122,62,54
S00168214,120,71,49
S00168215,155,74,81
S00168216,117,62,55
S00168217,173,91,79
S00168218,115,54,60
S00168219,117,56,64
S00168220,140,75,64
S00168221,95,48,47
S00168222,127,70,54
S00168223,115,61,55
S00168224,121,60,64
S00168225,174,88,86
S00168226,94,50,41
S00168227,66,40,26
S00168228,165,88,77
S00168229,119,58,61
S00168230,127,62,65
S00168231,126,64,62
S00168232,102,55,47
S00168233,75,45,30
S00168234,79,40,42
S00168235,86,54,37
S00168236,125,62,63
S00168237,172,93,79
S00168238,194,97,100
S00168239,148,81,67
S00168240,105,45,57
S00168241,79,35,44
S00168242,60,32,28
S00168243,142,72,70
S00168244,132,67,65
S00168245,147,76,71
S00168246,166,78,88
S00168247,103,55,51
S00168248,154,74,85
S00168249,90,44,46
S00168250,132,72,60
S00168251,73,40,33
S00168252,144,76,68
S00168253,93,46,47
S00168254,124,65,52
S00168255,72,35,37
S00168256,112,68,44
S00168257,129,66,63
S00168258,142,75,71
S00168259,191,107,85
S00168260,119,66,54
S00168261,82,41,41
S00168262,79,39,44
S00168263,241,116,122
S00168264,132,77,57
S00168265,111,54,58
S00168266,80,43,37
S00168267,95,52,45
S00168268,248,117,131
S00168269,71,38,33
S00168270,69,33,36
S00168271,113,53,59
S00168272,116,64,52
S00168273,93,51,42
S00168274,179,95,83
S00168275,102,52,50
S00168276,125,61,64
S00168277,122,69,53
S00168278,90,47,46
S00168279,138,73,62
S00168280,131,73,59
S00168281,81,42,40
S00168282,90,45,46
S00168283,120,54,69
S00168284,84,42,38
S00168285,180,95,85
S00168286,180,96,84
S00168287,88,51,35
S00168288,130,69,61
S00168289,89,49,43
S00168290,144,69,75
S00168291,89,48,41
S00168292,107,57,54
S00168293,82,41,41
S00168294,111,61,50
S00168295,73,40,33
S00168296,151,80,72
S00168297,151,78,73
S00168298,169,79,90
S00168299,147,69,78
S00168300,116,58,58
S00168301,145,78,67
S00168302,138,75,63
S00168303,224,114,110
S00168304,131,71,63
S00168305,139,63,74
S00168306,85,43,42
S00168307,85,40,45
S00168308,108,59,49
S00168309,109,64,45
S00168310,170,84,86
S00168311,97,51,46
S00168312,131,56,75
S00168313,132,67,62
S00168314,121,59,59
S00168315,104,54,50
S00168316,88,45,47
S00168317,118,52,63
S00168318,189,96,93
S00168319,134,75,59
S00168320,85,40,41
S00168321,99,46,53
S00168322,66,34,36
S00168323,89,49,40
S00168324,80,44,29
S00168325,129,68,64
S00168326,129,74,58
S00168327,134,71,67
S00168328,215,111,104
S00168329,131,66,62
S00168330,164,75,89
S00168331,161,90,71
S00168332,113,66,47
S00168333,84,44,43
S00168334,105,60,45
S00168335,128,64,64
S00168336,63,38,25
S00168337,83,47,36
S00168338,227,114,117
S00168339,92,50,42
S00168340,182,88,92
S00168341,78,47,35
S00168342,92,43,52
S00168343,167,98,69
S00168344,85,37,48
S00168345,108,53,58
S00168346,142,66,76
S00168347,114,57,58
S00168348,118,63,52
S00168349,104,54,50
S00168350,141,70,71
S00168351,84,54,30
S00168352,80,43,37
S00168353,129,70,55
S00168354,99,43,56
S00168355,100,53,47
S00168356,123,62,61
S00168357,65,35,30
S00168358,109,60,49
S00168359,90,52,42
S00168360,141,71,69
S00168361,102,50,52
S00168362,94,41,52
S00168363,102,55,47
S00168364,84,40,41
S00168365,179,91,88
S00168366,148,80,68
S00168367,198,100,105
S00168368,73,40,33
S00168369,159,78,81
S00168370,114,56,58
S00168371,120,66,54
S00168372,141,80,60
S00168373,68,35,33
S00168374,111,59,51
S00168375,113,52,61
S00168376,168,80,88
S00168377,105,56,49
S00168378,107,61,49
S00168379,105,61,44
S00168380,108,56,52
S00168381,125,58,65
S00168382,89,46,43
S00168383,96,55,45
S00168384,82,40,41
S00168385,103,53,50
S00168386,79,44,37
S00168387,117,55,62
S00168388,94,48,47
S00168389,164,86,78
S00168390,106,57,49
S00168391,179,94,85
S00168392,71,34,38
S00168393,159,76,86
S00168394,98,50,45
S00168395,95,46,45
S00168396,90,49,41
S00168397,106,59,47
S00168398,65,33,28
S00168399,91,41,46
S00168400,127,63,58
S00168401,154,79,73
S00168402,74,40,31
S00168403,213,117,96
S00168404,65,32,34
S00168405,206,96,107
S00168406,164,78,86
S00168407,102,50,52
S00168408,106,56,52
S00168409,103,55,46
S00168410,139,73,70
S00168411,97,47,50
S00168412,185,87,95
S00168413,119,60,59
S00168414,107,60,47
S00168415,199,98,101
S00168416,137,72,67
S00168417,101,45,56
S00168418,213,110,104
S00168419,151,73,76
S00168420,101,46,55
S00168421,205,105,98
S00168422,186,88,98
S00168423,99,50,49
S00168424,61,41,20
S00168425,141,77,68
S00168426,178,91,87
S00168427,105,53,52
S00168428,131,73,58
S00168429,87,40,47
S00168430,150,73,77
S00168431,115,60,55
S00168432,78,35,43
S00168433,132,70,62
S00168434,230,124,109
S00168435,99,53,45
S00168436,143,74,71
S00168437,143,76,67
S00168438,78,37,41
S00168439,163,72,91
S00168440,75,40,35
S00168441,112,49,63
S00168442,104,48,56
S00168443,87,42,48
S00168444,119,61,58
S00168445,115,58,57
S00168446,87,55,32
S00168447,115,56,59
S00168448,133,70,63
S00168449,108,60,48
S00168450,100,51,49
S00168451,120,66,54
S00168452,212,97,115
S00168453,152,66,86
S00168454,175,81,94
S00168455,143,72,71
S00168456,105,57,51
S00168457,115,56,57
S00168458,171,88,81
S00168459,97,44,54
S00168460,224,109,115
S00168461,122,59,63
S00168462,171,84,84
S00168463,166,80,85
S00168464,109,57,52
S00168465,97,49,48
S00168466,116,62,54
S00168467,85,45,40
S00168468,119,58,63
S00168469,160,83,81
S00168470,241,118,123
S00168471,120,61,59
S00168472,197,102,95
S00168473,168,83,83
S00168474,183,89,93
S00168475,171,80,88
S00168476,176,97,81
S00168477,78,41,40
S00168478,133,63,70
S00168479,69,37,32
S00168480,163,79,84
S00168481,99,51,46
S00168482,60,34,29
S00168483,158,78,81
S00168484,124,68,53
S00168485,127,67,58
S00168486,170,93,77
S00168487,85,53,29
S00168488,179,95,84
S00168489,81,34,45
S00168490,74,38,36
S00168491,104,60,43
S00168492,128,64,64
S00168493,167,85,84
S00168494,107,58,49
S00168495,155,76,81
S00168496,129,65,60
S00168497,87,48,39
S00168498,92,44,48
S00168499,181,96,83
S00168500,124,62,62
S00168501,146,73,70
S00168502,139,69,70
S00168503,98,46,49
S00168504,128,73,55
S00168505,115,60,52
S00168506,247,120,127
S00168507,116,54,64
S00168508,127,70,60
S00168509,66,34,31
S00168510,234,123,108
S00168511,113,51,62
S00168512,115,60,57
S00168513,106,53,53
S00168514,70,34,30
S00168515,276,139,137
S00168516,76,43,29
S00168517,95,54,41
S00168518,104,57,50
S00168519,136,60,76
S00168520,106,56,52
S00168521,80,43,37
S00168522,190,101,89
S00168523,101,50,49
S00168524,108,58,50
S00168525,150,79,71
S00168526,67,36,31
S00168527,113,63,50
S00168528,143,79,64
S00168529,101,50,51
S00168530,219,110,109
S00168531,183,90,93
S00168532,133,68,65
S00168533,127,65,58
S00168534,127,67,57
S00168535,122,61,61
S00168536,67,34,33
S00168537,184,108,79
S00168538,138,67,67
S00168539,73,44,29
S00168540,86,39,51
S00168541,115,59,56
S00168542,80,42,38
S00168543,89,48,41
S00168544,203,103,100
S00168545,132,65,67
S00168546,129,61,71
S00168547,80,45,35
S00168548,237,124,115
S00168549,111,59,56
S00168550,88,53,35
S00168551,100,40,62
S00168552,110,62,48
S00168553,67,25,42
S00168554,143,64,79
S00168555,137,66,71
S00168556,139,69,70
S00168557,147,76,67
S00168558,156,77,78
S00168559,141,66,74
S00168560,155,74,81
S00168561,194,101,93
S00168562,130,76,54
S00168563,145,64,81
S00168564,96,51,45
S00168565,106,56,50
S00168566,113,51,60
S00168567,169,89,80
S00168568,129,66,63
S00168569,74,37,37
S00168570,253,133,123
S00168571,109,50,55
S00168572,141,74,69
S00168573,190,95,97
S00168574,135,71,64
S00168575,144,79,65
S00168576,167,118,49
S00168577,98,54,44
S00168578,79,38,43
S00168579,110,59,51
S00168580,130,60,69
S00168581,155,73,82
S00168582,105,54,55
S00168583,144,77,69
S00168584,95,56,40
S00168585,175,89,84
S00168586,192,93,99
S00168587,131,64,67
S00168588,167,87,78
S00168589,81,37,44
S00168590,98,51,47
S00168591,89,45,48
S00168592,124,64,64
S00168593,96,52,44
S00168594,111,64,45
S00168595,84,42,43
S00168596,152,81,71
S00168597,86,44,42
S00168598,161,81,80
S00168599,113,62,51
S00168600,82,46,36
S00168601,81,39,43
S00168602,95,52,47
S00168603,154,77,73
S00168604,138,77,61
S00168605,193,103,90
S00168606,127,63,64
S00168607,115,69,48
S00168608,151,88,62
S00168609,139,91,48
S00168610,73,38,32
S00168611,84,40,44
S00168612,95,51,43
S00168613,127,44,80
S00168614,82,42,40
S00168615,113,62,51
S00168616,93,41,52
S00168617,96,43,53
S00168618,122,57,65
S00168619,141,74,67
S00168620,152,69,83
S00168621,131,87,44
S00168622,129,61,68
S00168623,162,85,79
S00168624,132,63,67
S00168625,103,55,48
S00168626,143,79,66
S00168627,188,99,89
S00168628,133,67,66
S00168629,119,62,57
S00168630,91,43,48
S00168631,117,64,53
S00168632,123,60,63
S00168633,174,92,82
S00168634,172,84,88
S00168635,98,51,47
S00168636,101,50,51
S00168637,121,61,60
S00168638,66,30,36
S00168639,113,57,56
S00168640,203,95,108
S00168641,158,87,71
S00168642,169,85,84
S00168643,108,63,45
S00168644,130,70,63
S00168645,78,38,36
S00168646,161,83,72
S00168647,67,35,33
S00168648,247,114,133
S00168649,115,67,48
S00168650,128,64,66
S00168651,96,52,44
S00168652,130,57,73
S00168653,128,67,61
S00168654,93,52,45
S00168655,83,43,40
S00168656,92,61,31
S00168657,107,59,48
S00168658,154,76,78
S00168659,152,77,75
S00168660,93,52,41
S00168661,67,40,27
S00168662,174,93,81
S00168663,132,71,61
S00168664,171,97,74
S00168665,102,48,52
S00168666,131,72,65
S00168667,120,63,57
S00168668,74,39,35
S00168669,75,29,46
S00168670,124,65,59
S00168671,105,58,47
S00168672,121,57,68
S00168673,88,36,48
S00168674,151,84,67
S00168675,138,73,65
S00168676,227,120,107
S00168677,189,101,88
S00168678,152,72,77
S00168679,75,41,34
S00168680,100,45,55
S00168681,144,86,58
S00168682,63,33,30
S00168683,182,87,95
S00168684,83,40,42
S00168685,145,77,68
S00168686,101,46,51
S00168687,66,25,37
S00168688,99,50,51
S00168689,102,53,49
S00168690,145,76,68
S00168691,167,90,77
S00168692,88,44,42
S00168693,102,62,40
S00168694,103,61,42
S00168695,172,86,86
S00168696,61,32,29
S00168697,82,43,39
S00168698,71,33,35
S00168699,95,45,50
S00168700,73,36,37
S00168701,119,58,61
S00168702,112,55,57
S00168703,102,56,46
S00168704,79,45,34
S00168705,171,91,80
S00168706,89,40,49
S00168707,102,57,45
S00168708,98,56,42
S00168709,60,27,29
S00168710,138,75,66
S00168711,127,58,69
S00168712,147,81,70
S00168713,163,75,89
S00168714,134,69,65
S00168715,122,59,63
S00168716,146,76,70
S00168717,80,35,45
S00168718,72,29,47
S00168719,87,42,45
S00168720,108,60,48
S00168721,70,35,35
S00168722,86,48,42
S00168723,63,33,27
S00168724,83,37,42
S00168725,176,92,83
S00168726,139,67,72
S00168727,134,71,62
S00168728,79,46,33
S00168729,87,44,43
S00168730,77,36,41
S00168731,65,34,31
S00168732,166,78,89
S00168733,136,78,58
S00168734,79,41,38
S00168735,64,33,32
S00168736,81,44,40
S00168737,92,49,43
S00168738,74,37,37
S00168739,101,55,46
S00168740,95,53,44
S00168741,102,54,48
S00168742,127,66,61
S00168743,90,55,35
S00168744,62,34,28
S00168745,98,52,45
S00168746,137,81,52
S00168747,108,48,60
S00168748,105,56,49
S00168749,127,63,64
S00168750,142,75,70
S00168751,99,55,44
S00168752,128,55,73
S00168753,67,41,26
S00168754,67,27,40
S00168755,103,51,52
S00168756,157,87,71
S00168757,80,38,42
S00168758,105,54,51
S00168759,139,69,70
S00168760,131,66,65
S00168761,135,59,73
S00168762,135,71,64
S00168763,155,75,80
S00168764,129,64,65
S00168765,111,56,55
S00168766,82,46,36
S00168767,133,64,69
S00168768,102,58,41
S00168769,103,47,56
S00168770,117,72,48
S00168771,95,53,42
S00168772,91,43,45
S00168773,124,68,54
S00168774,82,48,36
S00168775,154,71,83
S00168776,73,35,37
S00168777,94,47,44
S00168778,143,68,72
S00168779,90,41,50
S00168780,61,33,26
S00168781,140,69,71
S00168782,110,58,52
S00168783,87,39,41
S00168784,76,35,41
S00168785,102,55,45
S00168786,85,42,40
S00168787,121,71,50
S00168788,142,75,67
S00168789,195,115,83
S00168790,130,71,59
S00168791,99,50,46
S00168792,134,59,75
S00168793,66,36,34
S00168794,136,71,65
S00168795,126,60,63
S00168796,83,51,32
S00168797,114,55,65
S00168798,88,47,41
S00168799,144,68,76
S00168800,90,46,44
S00168801,68,42,26
S00168802,182,88,94
S00168803,151,75,76
S00168804,104,49,55
S00168805,66,32,38
S00168806,84,51,36
S00168807,71,35,34
S00168808,71,36,35
S00168809,76,45,31
S00168810,149,77,72
S00168811,137,67,70
S00168812,71,37,34
S00168813,79,49,29
S00168814,105,55,50
S00168815,135,61,74
S00168816,124,60,64
S00168817,125,70,55
S00168818,150,79,71
S00168819,63,27,36
S00168820,99,59,40
S00168821,88,45,43
S00168822,78,37,42
S00168823,61,36,25
S00168824,101,50,51
S00168825,167,82,85
S00168826,128,56,72
S00168827,135,64,71
S00168828,121,52,69
S00168829,157,90,67
S00168830,80,40,40
S00168831,116,63,57
S00168832,208,114,94
S00168833,95,48,48
S00168834,89,42,47
S00168835,103,57,47
S00168836,157,79,78
S00168837,97,53,44
S00168838,115,58,57
S00168839,141,79,62
S00168840,75,38,40
S00168841,164,77,84
S00168842,146,79,67
S00168843,126,52,72
S00168844,98,53,45
S00168845,204,103,97
S00168846,89,52,37
S00168847,78,41,37
S00168848,116,61,53
S00168849,77,43,34
S00168850,92,52,40
S00168851,92,43,47
S00168852,139,68,71
S00168853,142,78,64
S00168854,134,74,58
S00168855,139,61,78
S00168856,177,97,80
S00168857,99,50,46
S00168858,129,66,61
S00168859,112,53,59
S00168860,125,72,53
S00168861,121,68,54
S00168862,152,77,75
S00168863,173,92,81
S00168864,156,74,82
S00168865,75,42,33
S00168866,190,102,88
S00168867,221,76,145
S00168868,75,38,40
S00168869,127,61,64
S00168870,147,75,72
S00168871,65,32,33
S00168872,85,40,42
S00168873,148,76,72
S00168874,102,56,46
S00168875,97,50,47
S00168876,112,59,53
S00168877,121,59,62
S00168878,76,41,35
S00168879,70,38,32
S00168880,99,56,47
S00168881,164,81,83
S00168882,124,60,64
S00168883,69,39,30
S00168884,107,63,44
S00168885,188,91,97
S00168886,168,81,84
S00168887,148,78,70
S00168888,176,83,93
S00168889,102,52,55
S00168890,89,41,48
S00168891,118,61,57
S00168892,124,62,62
S00168893,149,81,67
S00168894,101,53,48
S00168895,96,52,44
S00168896,128,60,68
S00168897,140,75,65
S00168898,131,70,61
S00168899,114,53,61
S00168900,90,45,42
S00168901,74,45,29
S00168902,102,56,42
S00168903,210,109,101
S00168904,131,69,62
S00168905,136,64,71
S00168906,89,49,40
S00168907,86,47,39
S00168908,107,61,46
S00168909,206,113,93
S00168910,126,61,67
S00168911,107,51,53
S00168912,118,70,48
S00168913,98,54,44
S00168914,140,72,68
S00168915,251,116,138
S00168916,83,37,42
S00168917,146,55,87
S00168918,79,41,38
S00168919,62,25,38
S00168920,104,51,53
S00168921,96,45,50
S00168922,77,48,29
S00168923,83,49,38
S00168924,130,63,67
S00168925,123,66,57
S00168926,130,68,58
S00168927,91,48,41
S00168928,185,95,89
S00168929,76,42,34
S00168930,127,61,66
S00168931,102,48,54
S00168932,118,60,55
S00168933,86,44,45
S00168934,60,31,29
S00168935,140,73,67
S00168936,135,70,65
S00168937,178,88,90
S00168938,94,51,43
S00168939,65,29,36
S00168940,123,58,65
S00168941,74,42,32
S00168942,102,46,56
S00168943,215,112,104
S00168944,140,79,63
S00168945,206,101,105
S00168946,167,91,76
S00168947,170,90,80
S00168948,175,87,85
S00168949,170,89,81
S00168950,122,68,54
S00168951,107,58,49
S00168952,71,32,39
S00168953,81,36,43
S00168954,117,61,55
S00168955,95,49,45
S00168956,129,66,63
S00168957,125,67,58
S00168958,103,55,46
S00168959,185,105,80
S00168960,168,85,83
S00168961,250,129,121
S00168962,140,69,75
S00168963,115,65,49
S00168964,82,46,36
S00168965,105,61,44
S00168966,94,55,43
S00168967,71,31,40
S00168968,107,59,49
S00168969,65,33,31
S00168970,210,109,103
S00168971,94,59,34
S00168972,114,59,57
S00168973,131,63,64
S00168974,79,35,44
S00168975,135,58,76
S00168976,152,74,78
S00168977,170,79,91
S00168978,151,80,71
S00168979,63,33,30
S00168980,85,40,48
S00168981,130,75,59
S00168982,110,51,60
S00168983,69,38,30
S00168984,240,118,122
S00168985,133,75,58
S00168986,131,63,68
S00168987,99,49,50
S00168988,106,59,47
S00168989,108,54,57
S00168990,178,87,93
S00168991,173,95,74
S00168992,66,38,28
S00168993,64,31,33
S00168994,123,61,62
S00168995,127,71,56
S00168996,192,101,88
S00168997,66,37,29
S00168998,84,48,36
S00168999,94,48,50
S00169000,117,64,53
S00169001,108,60,49
S00169002,117,64,53
S00169003,67,33,34
S00169004,206,106,100
S00169005,107,56,47
S00169006,93,38,55
S00169007,110,59,51
S00169008,70,37,33
S00169009,113,56,56
S00169010,151,73,80
S00169011,90,48,42
S00169012,106,58,51
S00169013,131,63,68
S00169014,94,52,42
S00169015,151,81,71
S00169016,85,53,32
S00169017,75,42,33
S00169018,106,54,52
S00169019,205,99,110
S00169020,76,38,38
S00169021,74,33,38
S00169022,103,52,51
S00169023,79,40,39
S00169024,102,46,56
S00169025,95,53,42
S00169026,106,58,48
S00169027,71,40,31
S00169028,100,53,47
S00169029,116,58,58
S00169030,75,37,38
S00169031,143,77,66
S00169032,196,101,95
S00169033,89,46,43
S00169034,102,57,45
S00169035,79,46,33
S00169036,74,40,35
S00169037,100,50,50
S00169038,146,80,66
S00169039,90,56,39
S00169040,77,40,37
S00169041,149,72,73
S00169042,89,50,37
S00169043,99,56,42
S00169044,104,55,49
S00169045,96,52,44
S00169046,159,82,77
S00169047,93,48,44
S00169048,123,65,58
S00169049,67,35,30
S00169050,187,94,93
S00169051,89,46,44
S00169052,145,78,67
S00169053,78,38,40
S00169054,147,79,69
S00169055,149,71,78
S00169056,77,40,40
S00169057,216,123,93
S00169058,101,56,47
S00169059,105,53,56
S00169060,158,82,76
S00169061,117,62,53
S00169062,84,40,44
S00169063,129,60,69
S00169064,96,51,48
S00169065,95,42,53
S00169066,119,53,66
S00169067,142,78,67
S00169068,115,56,58
S00169069,100,47,53
S00169070,82,31,48
S00169071,146,82,61
S00169072,97,51,46
S00169073,92,43,49
S00169074,219,112,107
S00169075,84,39,45
S00169076,120,65,55
S00169077,76,37,42
S00169078,105,51,54
S00169079,90,46,44
S00169080,122,65,57
S00169081,80,48,36
S00169082,107,59,48
S00169083,128,63,65
S00169084,104,54,50
S00169085,85,45,42
S00169086,211,98,113
S00169087,73,34,39
S00169088,106,50,57
S00169089,105,58,47
S00169090,122,61,58
S00169091,93,44,49
S00169092,126,66,63
S00169093,138,78,60
S00169094,102,49,53
S00169095,139,80,59
S00169096,64,32,33
S00169097,89,36,53
S00169098,92,51,44
S00169099,94,52,42
S00169100,88,35,52
S00169101,113,61,52
S00169102,122,66,56
S00169103,205,114,91
S00169104,103,48,55
S00169105,66,28,37
S00169106,136,66,70
S00169107,82,51,33
S00169108,110,53,59
S00169109,152,72,78
S00169110,174,91,86
S00169111,120,57,63
S00169112,67,27,37
S00169113,109,60,49
S00169114,88,46,42
S00169115,123,59,64
S00169116,130,71,59
S00169117,113,46,65
S00169118,86,47,39
S00169119,140,75,65
S00169120,138,74,64
S00169121,66,29,37
S00169122,89,42,47
S00169123,172,95,77
S00169124,84,43,41
S00169125,61,32,29
S00169126,94,49,45
S00169127,61,29,32
S00169128,164,80,84
S00169129,76,39,34
S00169130,143,77,65
S00169131,200,86,110
S00169132,75,39,35
S00169133,180,100,80
S00169134,151,85,62
S00169135,99,58,41
S00169136,172,81,91
S00169137,126,69,54
S00169138,121,71,49
S00169139,124,62,66
S00169140,232,115,117
S00169141,158,80,78
S00169142,85,44,47
S00169143,95,41,51
S00169144,119,59,63
S00169145,110,66,46
S00169146,124,61,58
S00169147,173,94,79
S00169148,110,57,53
S00169149,149,75,74
S00169150,125,68,57
S00169151,150,72,78
S00169152,152,83,65
S00169153,119,61,55
S00169154,154,98,56
S00169155,121,59,58
S00169156,140,82,58
S00169157,75,46,29
S00169158,165,81,80
S00169159,124,63,59
S00169160,109,51,58
S00169161,85,47,35
S00169162,94,43,51
S00169163,111,59,52
S00169164,150,82,68
S00169165,104,54,50
S00169166,136,72,65
S00169167,163,81,86
S00169168,89,49,36
S00169169,103,52,51
S00169170,98,47,55
S00169171,197,95,102
S00169172,81,42,43
S00169173,118,72,46
S00169174,108,57,50
S00169175,78,44,35
S00169176,69,33,36
S00169177,76,35,41
S00169178,77,43,34
S00169179,102,49,53
S00169180,122,66,55
S00169181,99,51,46
S00169182,97,45,52
S00169183,127,77,50
S00169184,105,48,53
S00169185,131,65,64
S00169186,149,72,77
S00169187,110,55,55
S00169188,96,50,47
S00169189,124,61,63
S00169190,213,109,104
S00169191,108,61,50
S00169192,106,59,47
S00169193,139,76,67
S00169194,122,61,59
S00169195,103,53,49
S00169196,99,52,47
S00169197,199,95,99
S00169198,102,55,48
S00169199,187,100,85
S00169200,193,103,90
S00169201,111,60,51
S00169202,115,60,54
S00169203,118,59,59
S00169204,148,78,70
S00169205,134,64,70
S00169206,96,46,52
S00169207,157,77,83
S00169208,128,61,67
S00169209,61,33,29
S00169210,187,95,92
S00169211,158,93,65
S00169212,101,53,44
S00169213,150,87,63
S00169214,97,50,47
S00169215,132,74,58
S00169216,134,70,64
S00169217,71,42,31
S00169218,82,43,36
S00169219,133,75,62
S00169220,137,68,69
S00169221,149,87,62
S00169222,183,94,89
S00169223,104,53,49
S00169224,84,46,38
S00169225,185,98,86
S00169226,69,35,34
S00169227,137,66,72
S00169228,120,55,62
S00169229,89,42,47
S00169230,120,58,61
S00169231,99,53,42
S00169232,146,76,69
S00169233,110,68,42
S00169234,99,52,47
S00169235,90,51,39
S00169236,282,138,138
S00169237,76,31,43
S00169238,98,53,45
S00169239,94,47,50
S00169240,111,56,55
S00169241,99,51,48
S00169242,121,63,52
S00169243,93,48,45
S00169244,128,62,66
S00169245,176,102,78
S00169246,104,58,46
S00169247,102,60,47
S00169248,62,38,24
S00169249,114,60,54
S00169250,158,76,82
S00169251,84,45,39
S00169252,111,56,55
S00169253,164,87,77
S00169254,105,53,56
S00169255,208,96,112
S00169256,94,53,41
S00169257,93,50,43
S00169258,121,59,62
S00169259,117,63,55
S00169260,91,47,44
S00169261,127,48,79
S00169262,150,79,71
S00169263,99,48,47
S00169264,101,48,53
S00169265,126,65,61
S00169266,87,45,42
S00169267,108,58,51
S00169268,118,58,59
S00169269,109,59,50
S00169270,138,65,69
S00169271,70,32,38
S00169272,152,87,68
S00169273,253,135,120
S00169274,132,70,60
S00169275,178,86,88
S00169276,254,139,115
S00169277,62,35,31
S00169278,121,55,66
S00169279,142,75,71
S00169280,113,57,56
S00169281,238,122,118
S00169282,97,46,51
S00169283,228,109,119
S00169284,101,51,53
S00169285,66,37,29
S00169286,167,93,74
S00169287,158,87,71
S00169288,161,79,81
S00169289,124,63,61
S00169290,152,74,78
S00169291,142,76,66
S00169292,172,88,84
S00169293,96,44,52
S00169294,103,63,40
S00169295,179,99,77
S00169296,123,64,59
S00169297,81,41,37
S00169298,152,81,74
S00169299,107,56,51
S00169300,90,45,45
S00169301,125,67,58
S00169302,80,47,33
S00169303,162,90,72
S00169304,89,56,34
S00169305,99,49,47
S00169306,152,83,68
S00169307,111,53,55
S00169308,162,78,84
S00169309,76,38,38
S00169310,132,64,68
S00169311,115,59,56
S00169312,91,42,46
S00169313,129,65,64
S00169314,120,64,56
S00169315,89,51,38
S00169316,141,76,62
S00169317,87,46,41
S00169318,135,72,67
S00169319,250,133,119
S00169320,102,54,48
S00169321,112,53,59
S00169322,171,95,76
S00169323,83,35,42
S00169324,115,57,58
S00169325,87,42,45
S00169326,192,99,89
S00169327,93,52,41
S00169328,179,93,90
S00169329,93,49,44
S00169330,86,37,48
S00169331,137,66,66
S00169332,130,72,55
S00169333,86,47,39
S00169334,174,88,86
S00169335,85,51,35
S00169336,78,38,40
S00169337,84,43,41
S00169338,130,76,54
S00169339,198,106,96
S00169340,104,54,50
S00169341,70,38,36
S00169342,100,51,46
S00169343,186,92,93
S00169344,122,62,62
S00169345,105,55,50
S00169346,94,48,46
S00169347,108,56,52
S00169348,133,72,61
S00169349,155,76,79
S00169350,119,56,63
S00169351,68,34,34
S00169352,129,62,66
S00169353,240,136,105
S00169354,108,49,59
S00169355,163,75,88
S00169356,159,80,81
S00169357,89,50,39
S00169358,136,71,61
S00169359,103,56,45
S00169360,108,53,55
S00169361,152,80,72
S00169362,95,51,44
S00169363,106,47,58
S00169364,95,52,43
S00169365,110,63,51
S00169366,152,77,74
S00169367,189,93,96
S00169368,123,67,56
S00169369,182,100,82
S00169370,147,72,74
S00169371,239,125,117
S00169372,149,72,77
S00169373,166,88,78
S00169374,147,69,78
S00169375,83,45,38
S00169376,193,98,99
S00169377,180,101,82
S00169378,73,41,31
S00169379,116,60,56
S00169380,119,58,61
S00169381,141,84,57
S00169382,188,87,101
S00169383,160,77,83
S00169384,154,78,76
S00169385,115,61,54
S00169386,123,66,57
S00169387,107,58,49
S00169388,123,64,59
S00169389,138,72,66
S00169390,74,36,34
S00169391,96,49,47
S00169392,105,57,45
S00169393,159,79,76
S00169394,103,49,54
S00169395,132,69,64
S00169396,146,77,69
S00169397,132,66,66
S00169398,120,67,53
S00169399,86,41,43
S00169400,127,65,62
S00169401,132,63,69
S00169402,75,44,31
S00169403,116,64,52
S00169404,142,72,69
S00169405,89,44,46
S00169406,159,95,67
S00169407,130,66,64
S00169408,166,80,82
S00169409,99,46,53
S00169410,100,48,49
S00169411,122,62,60
S00169412,156,95,61
S00169413,89,51,38
S00169414,108,61,43
S00169415,133,71,62
S00169416,133,67,66
S00169417,71,33,38
S00169418,170,96,74
S00169419,145,72,73
S00169420,120,70,50
S00169421,113,56,59
S00169422,133,82,53
S00169423,115,55,60
S00169424,167,82,86
S00169425,156,85,67
S00169426,106,57,49
S00169427,85,43,40
S00169428,103,51,52
S00169429,82,39,35
S00169430,96,49,47
S00169431,124,67,57
S00169432,156,77,79
S00169433,111,60,51
S00169434,97,54,43
S00169435,111,57,57
S00169436,206,106,100
S00169437,152,76,71
S00169438,81,42,39
S00169439,89,38,51
S00169440,114,60,54
S00169441,115,54,61
S00169442,111,48,63
S00169443,162,74,88
S00169444,130,65,67
S00169445,99,44,55
S00169446,108,58,49
S00169447,107,58,49
S00169448,163,92,72
S00169449,114,64,50
S00169450,102,56,46
S00169451,130,69,62
S00169452,163,83,80
S00169453,76,36,36
S00169454,113,57,56
S00169455,153,95,54
S00169456,96,57,39
S00169457,96,57,39
S00169458,142,73,69
S00169459,170,80,93
S00169460,101,47,54
S00169461,90,48,45
S00169462,79,40,39
S00169463,98,48,50
S00169464,123,68,54
S00169465,153,76,77
S00169466,117,59,57
S00169467,110,62,48
S00169468,167,77,91
S00169469,140,66,70
S00169470,95,52,43
S00169471,112,58,54
S00169472,112,61,51
S00169473,131,65,65
S00169474,205,97,108
S00169475,124,64,60
S00169476,151,81,70
S00169477,107,61,48
S00169478,135,68,67
S00169479,82,44,38
S00169480,127,63,66
S00169481,256,125,131
S00169482,121,70,51
S00169483,124,71,53
S00169484,123,54,69
S00169485,110,54,48
S00169486,112,59,53
S00169487,74,35,39
S00169488,120,63,57
S00169489,131,66,65
S00169490,94,54,40
S00169491,105,61,42
S00169492,119,64,55
S00169493,196,102,94
S00169494,82,34,48
S00169495,140,74,66
S00169496,74,35,39
S00169497,131,69,62
S00169498,157,89,68
S00169499,104,44,56
S00169500,99,53,49
S00169501,98,47,50
S00169502,80,38,42
S00169503,74,31,42
S00169504,76,36,41
S00169505,644,53,588
S00169506,106,51,53
S00169507,112,66,46
S00169508,195,98,95
S00169509,96,54,42
S00169510,180,104,75
S00169511,157,76,78
S00169512,60,28,36
S00169513,106,58,48
S00169514,156,69,88
S00169515,77,38,39
S00169516,118,68,54
S00169517,76,43,31
S00169518,107,50,59
S00169519,151,82,69
S00169520,109,58,51
S00169521,220,107,114
S00169522,88,29,59
S00169523,62,29,37
S00169524,193,95,98
S00169525,103,48,55
S00169526,91,48,43
S00169527,94,45,49
S00169528,154,75,76
S00169529,87,39,47
S00169530,119,65,56
S00169531,121,63,58
S00169532,139,74,67
S00169533,127,65,62
S00169534,122,62,60
S00169535,78,38,38
S00169536,160,87,73
S00169537,147,76,71
S00169538,102,48,54
S00169539,102,47,55
S00169540,88,49,39
S00169541,77,40,37
S00169542,116,61,55
S00169543,73,39,34
S00169544,128,73,55
S00169545,79,41,38
S00169546,70,31,39
S00169547,113,53,60
S00169548,107,50,54
S00169549,66,32,34
S00169550,108,57,48
S00169551,113,52,61
S00169552,100,44,56
S00169553,163,71,92
S00169554,81,48,37
S00169555,188,89,99
S00169556,94,50,44
S00169557,120,57,63
S00169558,140,79,65
S00169559,93,48,45
S00169560,75,39,43
S00169561,110,65,45
S00169562,103,52,51
S00169563,60,33,30
S00169564,104,60,44
S00169565,105,57,48
S00169566,78,38,41
S00169567,109,64,45
S00169568,129,60,67
S00169569,84,44,43
S00169570,76,40,36
S00169571,88,40,49
S00169572,109,62,47
S00169573,81,41,40
S00169574,134,81,53
S00169575,122,57,65
S00169576,119,65,50
S00169577,94,45,49
S00169578,127,77,48
S00169579,60,31,29
S00169580,99,51,48
S00169581,68,33,35
S00169582,102,47,57
S00169583,118,64,54
S00169584,110,59,52
S00169585,133,73,60
S00169586,112,54,57
S00169587,150,75,75
S00169588,135,72,63
S00169589,79,40,42
S00169590,115,61,55
S00169591,183,94,89
S00169592,126,63,63
S00169593,121,66,50
S00169594,114,55,59
S00169595,95,43,52
S00169596,73,38,35
S00169597,88,49,39
S00169598,75,41,34
S00169599,175,80,99
S00169600,89,50,39
S00169601,166,91,82
S00169602,133,69,64
S00169603,88,50,38
S00169604,70,43,24
S00169605,77,26,48
S00169606,190,95,96
S00169607,62,29,31
S00169608,66,35,32
S00169609,104,47,56
S00169610,95,46,49
S00169611,118,64,54
S00169612,93,49,44
S00169613,127,75,52
S00169614,82,45,39
S00169615,147,74,76
S00169616,86,45,41
S00169617,116,60,56
S00169618,75,41,30
S00169619,74,43,37
S00169620,146,76,70
S00169621,95,41,54
S00169622,156,83,71
S00169623,75,44,31
S00169624,177,90,86
S00169625,199,105,94
S00169626,75,41,35
S00169627,104,50,56
S00169628,97,43,54
S00169629,176,94,82
S00169630,75,39,36
S00169631,72,36,36
S00169632,111,57,54
S00169633,114,58,56
S00169634,93,46,47
S00169635,110,66,44
S00169636,140,68,70
S00169637,70,32,38
S00169638,116,59,57
S00169639,69,37,34
S00169640,134,72,62
S00169641,70,35,32
S00169642,214,102,114
S00169643,91,52,39
S00169644,100,58,42
S00169645,133,62,71
S00169646,165,87,78
S00169647,149,80,69
S00169648,63,29,35
S00169649,85,52,33
S00169650,66,35,31
S00169651,98,44,54
S00169652,77,43,34
S00169653,148,72,80
S00169654,166,82,81
S00169655,124,58,66
S00169656,77,46,35
S00169657,72,32,40
S00169658,113,51,62
S00169659,105,52,53
S00169660,163,75,91
S00169661,72,35,37
S00169662,105,49,54
S00169663,278,124,151
S00169664,119,60,59
S00169665,156,90,65
S00169666,107,48,59
S00169667,127,67,60
S00169668,125,72,53
S00169669,114,62,52
S00169670,171,83,88
S00169671,121,65,58
S00169672,77,41,36
S00169673,73,35,41
S00169674,68,33,35
S00169675,204,103,101
S00169676,112,58,54
S00169677,85,43,42
S00169678,118,62,59
S00169679,150,74,76
S00169680,104,55,51
S00169681,163,82,81
S00169682,92,48,44
S00169683,133,61,72
S00169684,91,50,41
S00169685,89,48,41
S00169686,167,83,81
S00169687,112,57,54
S00169688,61,27,34
S00169689,83,41,45
S00169690,97,54,43
S00169691,86,49,37
S00169692,132,75,61
S00169693,153,83,70
S00169694,193,108,85
S00169695,114,61,56
S00169696,143,75,68
S00169697,87,41,46
S00169698,92,50,39
S00169699,122,63,59
S00169700,181,89,92
S00169701,105,55,50
S00169702,110,54,55
S00169703,81,36,45
S00169704,93,40,52
S00169705,77,42,32
S00169706,119,60,61
S00169707,105,52,50
S00169708,97,56,45
S00169709,88,48,39
S00169710,90,46,47
S00169711,82,32,50
S00169712,160,85,75
S00169713,118,61,57
S00169714,131,71,60
S00169715,80,42,38
S00169716,81,35,46
S00169717,109,50,59
S00169718,98,43,54
S00169719,143,76,67
S00169720,156,83,73
S00169721,117,67,50
S00169722,73,38,35
S00169723,73,43,31
S00169724,93,41,52
S00169725,142,71,66
S00169726,150,78,73
S00169727,90,46,44
S00169728,197,109,88
S00169729,96,50,43
S00169730,123,71,52
S00169731,126,74,52
S00169732,148,72,77
S00169733,129,69,60
S00169734,131,68,63
S00169735,150,83,70
S00169736,132,71,61
S00169737,144,76,68
S00169738,126,72,54
S00169739,69,38,28
S00169740,121,61,60
S00169741,106,59,47
S00169742,87,45,43
S00169743,113,57,56
S00169744,139,78,61
S00169745,65,29,37
S00169746,91,53,38
S00169747,110,56,53
S00169748,96,42,46
S00169749,92,44,48
S00169750,163,91,75
S00169751,106,57,49
S00169752,164,71,93
S00169753,95,53,42
S00169754,142,80,65
S00169755,107,57,51
S00169756,106,49,57
S00169757,158,92,66
S00169758,101,47,54
S00169759,95,52,43
S00169760,88,41,45
S00169761,76,49,27
S00169762,175,97,78
S00169763,118,59,56
S00169764,98,55,43
S00169765,60,34,26
S00169766,116,61,53
S00169767,139,71,68
S00169768,124,68,60
S00169769,124,63,62
S00169770,113,55,55
S00169771,130,70,60
S00169772,113,54,59
S00169773,119,49,70
S00169774,129,71,58
S00169775,105,54,49
S00169776,153,76,77
S00169777,138,68,69
S00169778,172,78,94
S00169779,120,69,50
S00169780,120,56,63
S00169781,149,70,71
S00169782,77,42,34
S00169783,171,87,84
S00169784,157,83,74
S00169785,158,80,78
S00169786,82,39,46
S00169787,138,70,68
S00169788,99,48,51
S00169789,113,58,55
S00169790,103,58,49
S00169791,91,43,48
S00169792,98,54,41
S00169793,109,59,51
S00169794,106,60,46
S00169795,139,77,64
S00169796,85,47,38
S00169797,104,55,49
S00169798,144,79,65
S00169799,154,83,72
S00169800,140,78,62
S00169801,133,79,54
S00169802,85,46,39
S00169803,96,52,44
S00169804,87,41,46
S00169805,113,59,54
S00169806,114,56,58
S00169807,134,70,64
S00169808,91,50,43
S00169809,82,39,46
S00169810,117,69,51
S00169811,84,46,38
S00169812,160,81,83
S00169813,72,41,31
S00169814,76,35,41
S00169815,82,42,40
S00169816,111,62,47
S00169817,138,74,68
S00169818,143,81,64
S00169819,194,100,94
S00169820,98,44,50
S00169821,63,34,29
S00169822,113,63,49
S00169823,74,34,40
S00169824,173,96,78
S00169825,75,36,39
S00169826,84,41,43
S00169827,190,103,87
S00169828,128,72,56
S00169829,146,64,86
S00169830,64,37,26
S00169831,84,44,39
S00169832,107,59,48
S00169833,124,57,67
S00169834,116,58,55
S00169835,78,38,40
S00169836,69,41,31
S00169837,74,39,35
S00169838,79,49,33
S00169839,143,72,71
S00169840,142,77,67
S00169841,115,48,66
S00169842,73,44,25
S00169843,65,40,23
S00169844,84,38,49
S00169845,72,36,36
S00169846,236,121,118
S00169847,86,41,45
S00169848,95,49,46
S00169849,99,55,44
S00169850,103,62,42
S00169851,72,32,39
S00169852,127,74,53
S00169853,93,40,53
S00169854,117,54,65
S00169855,128,75,53
S00169856,85,41,47
S00169857,177,95,82
S00169858,92,55,36
S00169859,145,81,66
S00169860,75,31,44
S00169861,166,89,77
S00169862,141,74,67
S00169863,68,27,41
S00169864,76,39,38
S00169865,67,34,33
S00169866,121,63,58
S00169867,144,72,76
S00169868,124,58,66
S00169869,112,58,54
S00169870,128,66,62
S00169871,100,48,52
S00169872,74,35,40
S00169873,115,67,47
S00169874,75,35,40
S00169875,96,53,44
S00169876,85,46,39
S00169877,106,50,53
S00169878,143,72,73
S00169879,110,54,56
S00169880,207,106,101
S00169881,181,86,95
S00169882,173,88,85
S00169883,118,60,57
S00169884,84,38,46
S00169885,131,62,69
S00169886,133,74,62
S00169887,134,75,61
S00169888,167,88,79
S00169889,139,70,69
S00169890,240,127,116
S00169891,165,98,67
S00169892,148,76,72
S00169893,108,57,59
S00169894,94,46,48
S00169895,99,46,53
S00169896,117,55,55
S00169897,76,33,43
S00169898,67,30,37
S00169899,117,64,55
S00169900,60,33,28
S00169901,81,44,39
S00169902,120,57,61
S00169903,123,73,53
S00169904,134,68,66
S00169905,134,71,63
S00169906,91,38,53
S00169907,149,83,70
S00169908,70,37,37
S00169909,114,59,55
S00169910,125,57,68
S00169911,62,29,33
S00169912,109,63,46
S00169913,100,50,50
S00169914,101,56,47
S00169915,153,78,75
S00169916,120,61,59
S00169917,225,114,114
S00169918,202,100,101
S00169919,103,57,46
S00169920,60,25,32
S00169921,153,83,70
S00169922,74,38,36
S00169923,105,57,48
S00169924,65,32,37
S00169925,117,64,51
S00169926,97,46,55
S00169927,73,35,35
S00169928,193,92,101
S00169929,79,44,35
S00169930,125,62,63
S00169931,182,95,85
S00169932,234,120,114
S00169933,84,42,40
S00169934,86,39,47
S00169935,88,39,51
S00169936,96,46,50
S00169937,113,56,57
S00169938,165,93,75
S00169939,101,47,54
S00169940,80,37,46
S00169941,105,63,42
S00169942,67,33,34
S00169943,145,79,66
S00169944,181,93,88
S00169945,105,62,43
S00169946,146,76,68
S00169947,145,72,71
S00169948,95,57,43
S00169949,84,40,44
S00169950,129,63,67
S00169951,164,79,83
S00169952,67,34,36
S00169953,141,64,78
S00169954,122,54,72
S00169955,96,49,47
S00169956,211,107,103
S00169957,126,59,68
S00169958,73,36,37
S00169959,166,87,81
S00169960,238,146,92
S00169961,66,32,34
S00169962,173,93,76
S00169963,94,50,44
S00169964,129,66,63
S00169965,86,32,53
S00169966,64,39,25
S00169967,65,35,30
S00169968,169,86,83
S00169969,186,105,77
S00169970,128,63,65
S00169971,112,52,60
S00169972,145,80,67
S00169973,162,81,81
S00169974,75,35,40
S00169975,161,77,88
S00169976,109,61,48
S00169977,139,64,75
S00169978,208,108,100
S00169979,146,74,72
S00169980,72,36,32
S00169981,164,74,86
S00169982,158,92,66
S00169983,97,44,51
S00169984,71,36,35
S00169985,65,36,29
S00169986,66,32,31
S00169987,140,63,77
S00169988,244,116,128
S00169989,105,59,44
S00169990,187,87,99
S00169991,146,75,70
S00169992,164,93,71
S00169993,189,110,75
S00169994,200,103,101
S00169995,133,67,66
S00169996,83,44,39
S00169997,107,48,59
S00169998,142,74,68
S00169999,170,90,77
S00170000,126,46,77
S00170001,131,60,68
S00170002,188,94,92
S00170003,100,56,47
S00170004,168,85,82
S00170005,90,46,44
S00170006,155,84,71
S00170007,108,58,51
S00170008,166,84,82
S00170009,86,49,37
S00170010,112,59,53
S00170011,135,67,68
S00170012,115,60,62
S00170013,196,100,96
S00170014,101,54,47
S00170015,160,89,73
S00170016,141,74,67
S00170017,93,46,48
S00170018,67,34,33
S00170019,118,59,59
S00170020,139,78,61
S00170021,83,41,42
S00170022,127,55,70
S00170023,109,59,50
S00170024,131,69,62
S00170025,121,60,59
S00170026,82,41,41
S00170027,184,104,77
S00170028,144,80,61
S00170029,104,57,47
S00170030,106,56,50
S00170031,105,51,54
S00170032,78,39,36
S00170033,112,55,61
S00170034,89,46,43
S00170035,106,58,52
S00170036,150,69,77
S00170037,150,77,73
S00170038,116,61,55
S00170039,138,81,57
S00170040,67,37,30
S00170041,116,58,57
S00170042,123,58,65
S00170043,115,53,62
S00170044,204,110,93
S00170045,103,63,43
S00170046,90,38,52
S00170047,206,105,105
S00170048,125,59,66
S00170049,89,42,47
S00170050,103,48,57
S00170051,65,33,31
S00170052,62,31,35
S00170053,110,57,53
S00170054,163,91,74
S00170055,126,73,53
S00170056,173,81,89
S00170057,186,84,102
S00170058,132,72,60
S00170059,100,53,47
S00170060,73,38,35
S00170061,105,49,55
S00170062,86,47,39
S00170063,81,47,34
S00170064,165,77,88
S00170065,77,37,37
S00170066,185,96,89
S00170067,115,64,51
S00170068,114,61,52
S00170069,75,37,35
S00170070,80,38,39
S00170071,138,75,64
S00170072,90,44,46
S00170073,187,95,89
S00170074,105,54,51
S00170075,107,59,51
S00170076,111,63,48
S00170077,74,40,34
S00170078,153,76,77
S00170079,160,91,69
S00170080,145,70,75
S00170081,80,41,39
S00170082,105,63,42
S00170083,110,58,52
S00170084,104,52,52
S00170085,150,75,75
S00170086,110,52,61
S00170087,109,61,50
S00170088,115,63,51
S00170089,109,62,46
S00170090,120,63,51
S00170091,130,70,60
S00170092,134,68,66
S00170093,127,67,64
S00170094,113,62,51
S00170095,100,61,41
S00170096,110,66,44
S00170097,99,52,47
S00170098,133,65,72
S00170099,198,84,114
S00170100,91,50,45
S00170101,96,42,51
S00170102,148,81,67
S00170103,178,95,83
S00170104,123,58,65
S00170105,101,50,51
S00170106,83,44,39
S00170107,72,42,28
S00170108,114,57,58
S00170109,113,51,62
S00170110,81,43,41
S00170111,84,44,40
S00170112,108,57,51
S00170113,134,72,62
S00170114,172,83,92
S00170115,104,55,53
S00170116,157,79,79
S00170117,139,68,71
S00170118,72,35,37
S00170119,123,65,58
S00170120,146,71,75
S00170121,103,51,51
S00170122,129,62,67
S00170123,105,53,52
S00170124,96,47,46
S00170125,152,81,74
S00170126,69,33,36
S00170127,78,43,35
S00170128,116,57,59
S00170129,74,30,44
S00170130,116,54,62
S00170131,87,39,46
S00170132,87,43,41
S00170133,102,61,45
S00170134,94,50,44
S00170135,112,63,48
S00170136,113,54,59
S00170137,119,57,62
S00170138,106,54,52
S00170139,109,61,49
S00170140,64,27,37
S00170141,77,41,35
S00170142,216,108,108
S00170143,169,88,81
S00170144,123,69,54
S00170145,110,55,55
S00170146,120,67,53
S00170147,109,54,54
S00170148,82,40,42
S00170149,137,78,57
S00170150,91,47,46
S00170151,109,49,64
S00170152,197,104,93
S00170153,134,61,76
S00170154,162,84,78
S00170155,105,62,39
S00170156,90,44,43
S00170157,137,59,75
S00170158,100,47,53
S00170159,97,52,45
S00170160,131,69,62
S00170161,119,63,56
S00170162,103,59,47
S00170163,114,55,57
S00170164,90,46,45
S00170165,113,59,53
S00170166,84,44,40
S00170167,84,43,40
S00170168,122,53,67
S00170169,90,42,48
S00170170,87,56,30
S00170171,95,39,56
S00170172,65,34,31
S00170173,140,70,70
S00170174,98,46,52
S00170175,76,43,33
S00170176,88,38,50
S00170177,86,45,41
S00170178,111,54,60
S00170179,115,59,56
S00170180,102,57,47
S00170181,95,47,51
S00170182,102,46,57
S00170183,135,64,71
S00170184,77,44,33
S00170185,81,45,36
S00170186,127,75,52
S00170187,140,68,68
S00170188,132,62,70
S00170189,73,33,40
S00170190,57,29,31
S00170191,72,32,36
S00170192,154,72,82
S00170193,117,58,62
S00170194,105,58,51
S00170195,144,70,70
S00170196,78,44,36
S00170197,96,39,57
S00170198,95,55,40
S00170199,99,53,46
S00170200,109,51,56
S00170201,139,76,64
S00170202,158,81,77
S00170203,147,84,62
S00170204,78,35,43
S00170205,129,61,68
S00170206,98,57,41
S00170207,151,72,75
S00170208,148,71,77
S00170209,103,48,51
S00170210,126,68,62
S00170211,80,41,39
S00170212,179,89,90
S00170213,79,38,41
S00170214,141,71,70
S00170215,105,67,38
S00170216,135,63,72
S00170217,68,30,36
S00170218,124,72,54
S00170219,114,56,60
S00170220,139,63,76
S00170221,109,53,56
S00170222,113,57,56
S00170223,104,58,46
S00170224,120,61,56
S00170225,119,56,63
S00170226,65,34,35
S00170227,92,53,41
S00170228,97,46,51
S00170229,142,77,65
S00170230,109,44,58
S00170231,82,45,33
S00170232,106,67,43
S00170233,113,52,61
S00170234,167,90,78
S00170235,85,49,36
S00170236,83,36,47
S00170237,96,51,45
S00170238,152,79,73
S00170239,121,52,67
S00170240,103,46,58
S00170241,146,82,67
S00170242,154,88,66
S00170243,95,46,49
S00170244,63,33,30
S00170245,96,33,57
S00170246,99,53,46
S00170247,86,50,36
S00170248,161,89,72
S00170249,100,61,35
S00170250,125,58,71
S00170251,111,56,59
S00170252,105,53,48
S00170253,111,47,64
S00170254,133,62,71
S00170255,180,99,81
S00170256,130,72,58
S00170257,104,55,51
S00170258,80,41,39
S00170259,147,75,72
S00170260,99,50,53
S00170261,116,57,62
S00170262,74,39,35
S00170263,72,33,39
S00170264,94,49,45
S00170265,106,66,44
S00170266,62,34,28
S00170267,67,39,23
S00170268,112,52,60
S00170269,205,102,102
S00170270,151,68,82
S00170271,101,46,55
S00170272,91,45,46
S00170273,93,49,44
S00170274,73,42,33
S00170275,123,73,51
S00170276,98,46,52
S00170277,170,83,87
S00170278,78,38,40
S00170279,122,59,64
S00170280,167,88,79
S00170281,170,90,77
S00170282,131,76,58
S00170283,111,62,46
S00170284,68,36,32
S00170285,138,75,63
S00170286,83,39,43
S00170287,135,71,64
S00170288,118,64,51
S00170289,69,37,30
S00170290,113,60,57
S00170291,126,64,65
S00170292,174,97,73
S00170293,151,80,71
S00170294,105,54,51
S00170295,232,108,127
S00170296,109,61,48
S00170297,92,45,47
S00170298,162,80,82
S00170299,129,65,64
S00170300,112,59,53
S00170301,169,89,86
S00170302,88,41,47
S00170303,149,81,68
S00170304,139,67,69
S00170305,165,80,85
S00170306,180,82,98
S00170307,89,46,46
S00170308,122,56,66
S00170309,81,36,46
S00170310,108,58,50
S00170311,87,47,40
S00170312,76,39,37
S00170313,141,69,74
S00170314,186,85,101
S00170315,146,80,66
S00170316,118,61,57
S00170317,65,24,41
S00170318,110,64,46
S00170319,68,36,32
S00170320,134,66,68
S00170321,140,72,68
S00170322,155,76,79
S00170323,73,39,36
S00170324,93,49,44
S00170325,125,58,67
S00170326,171,88,83
S00170327,150,82,68
S00170328,107,50,57
S00170329,110,56,50
S00170330,68,38,30
S00170331,61,26,35
S00170332,87,40,46
S00170333,87,45,45
S00170334,67,36,31
S00170335,164,82,82
S00170336,114,58,56
S00170337,110,61,46
S00170338,82,42,42
S00170339,123,68,55
S00170340,80,42,42
S00170341,76,42,37
S00170342,104,61,43
S00170343,105,54,51
S00170344,90,48,42
S00170345,121,64,57
S00170346,128,63,67
S00170347,112,51,60
S00170348,91,49,42
S00170349,83,41,42
S00170350,124,75,49
S00170351,89,44,45
S00170352,91,46,43
S00170353,71,29,38
S00170354,133,65,65
S00170355,84,35,52
S00170356,102,48,54
S00170357,120,62,54
S00170358,129,57,76
S00170359,145,78,67
S00170360,70,39,31
S00170361,98,54,44
S00170362,89,40,49
S00170363,78,39,42
S00170364,146,72,74
S00170365,95,56,39
S00170366,176,85,91
S00170367,140,75,71
S00170368,113,64,45
S00170369,100,44,56
S00170370,74,34,36
S00170371,179,92,87
S00170372,78,39,39
S00170373,106,52,56
S00170374,71,37,34
S00170375,144,70,73
S00170376,72,36,36
S00170377,63,30,33
S00170378,251,130,121
S00170379,84,31,53
S00170380,81,40,41
S00170381,140,67,70
S00170382,62,31,31
S00170383,264,129,135
S00170384,68,35,33
S00170385,126,75,52
S00170386,80,37,43
S00170387,106,52,56
S00170388,172,81,91
S00170389,64,29,35
S00170390,128,64,64
S00170391,96,50,44
S00170392,139,51,88
S00170393,99,41,61
S00170394,88,43,45
S00170395,128,73,55
S00170396,89,47,42
S00170397,159,83,75
S00170398,103,47,53
S00170399,89,45,44
S00170400,253,140,112
S00170401,112,61,54
S00170402,85,46,36
S00170403,110,56,54
S00170404,140,72,68
S00170405,188,99,88
S00170406,117,62,55
S00170407,104,56,48
S00170408,72,42,30
S00170409,75,39,36
S00170410,131,78,57
S00170411,161,80,81
S00170412,64,23,41
S00170413,115,61,54
S00170414,117,56,61
S00170415,101,54,50
S00170416,106,61,45
S00170417,83,50,33
S00170418,89,38,51
S00170419,169,88,81
S00170420,134,77,57
S00170421,78,40,37
S00170422,184,89,95
S00170423,116,63,54
S00170424,63,46,21
S00170425,63,35,28
S00170426,136,66,71
S00170427,130,59,68
S00170428,125,72,55
S00170429,81,40,41
S00170430,78,45,35
S00170431,240,126,114
S00170432,204,114,94
S00170433,98,53,43
S00170434,121,64,59
S00170435,200,95,105
S00170436,120,62,58
S00170437,91,51,40
S00170438,183,91,92
S00170439,67,27,38
S00170440,163,74,89
S00170441,72,44,28
S00170442,172,81,90
S00170443,133,74,59
S00170444,92,48,44
S00170445,202,101,101
S00170446,273,139,134
S00170447,83,36,45
S00170448,174,88,85
S00170449,131,58,78
S00170450,135,72,62
S00170451,78,40,35
S00170452,95,46,49
S00170453,98,47,51
S00170454,141,65,73
S00170455,66,35,31
S00170456,98,46,52
S00170457,84,51,33
S00170458,112,61,52
S00170459,124,63,61
S00170460,134,64,70
S00170461,106,45,60
S00170462,97,52,42
S00170463,78,48,30
S00170464,126,63,66
S00170465,193,98,95
S00170466,104,59,48
S00170467,111,63,48
S00170468,105,57,45
S00170469,103,51,52
S00170470,102,57,42
S00170471,91,37,54
S00170472,66,26,37
S00170473,130,55,75
S00170474,81,44,38
S00170475,133,60,73
S00170476,106,54,52
S00170477,79,39,40
S00170478,210,110,100
S00170479,93,49,44
S00170480,138,79,55
S00170481,93,45,48
S00170482,75,34,40
S00170483,160,82,78
S00170484,117,57,63
S00170485,175,96,83
S00170486,163,79,84
S00170487,132,69,63
S00170488,161,82,80
S00170489,151,81,74
S00170490,105,49,53
S00170491,108,64,44
S00170492,68,34,34
S00170493,80,40,40
S00170494,70,29,42
S00170495,113,61,53
S00170496,63,30,34
S00170497,106,52,54
S00170498,113,59,54
S00170499,103,48,53
S00170500,134,50,84
S00170501,64,37,27
S00170502,171,79,92
S00170503,98,45,54
S00170504,125,59,66
S00170505,84,45,36
S00170506,61,31,30
S00170507,173,113,57
S00170508,131,68,63
S00170509,146,81,61
S00170510,92,41,47
S00170511,88,46,46
S00170512,70,36,38
S00170513,95,55,43
S00170514,170,94,76
S00170515,112,54,61
S00170516,198,106,93
S00170517,136,84,52
S00170518,69,39,34
S00170519,89,47,42
S00170520,101,64,37
S00170521,63,36,23
S00170522,83,40,42
S00170523,190,93,97
S00170524,135,72,63
S00170525,79,45,31
S00170526,116,59,51
S00170527,292,146,146
S00170528,91,53,39
S00170529,62,37,23
S00170530,162,72,87
S00170531,112,61,55
S00170532,110,55,51
S00170533,176,88,88
S00170534,81,41,42
S00170535,122,66,56
S00170536,138,70,71
S00170537,110,54,55
S00170538,85,42,43
S00170539,108,48,60
S00170540,133,70,60
S00170541,92,48,44
S00170542,112,60,55
S00170543,63,31,32
S00170544,106,44,57
S00170545,107,62,47
S00170546,77,45,32
S00170547,246,114,134
S00170548,140,67,73
S00170549,159,79,78
S00170550,151,82,69
S00170551,120,65,53
S00170552,73,36,37
S00170553,172,96,76
S00170554,137,78,59
S00170555,144,72,71
S00170556,97,46,51
S00170557,160,83,78
S00170558,128,67,61
S00170559,87,49,40
S00170560,130,65,65
S00170561,119,52,64
S00170562,76,34,42
S00170563,98,53,47
S00170564,72,38,34
S00170565,65,37,28
S00170566,97,54,43
S00170567,151,87,62
S00170568,112,60,51
S00170569,125,58,67
S00170570,97,50,47
S00170571,128,69,59
S00170572,190,96,90
S00170573,83,42,41
S00170574,87,44,45
S00170575,86,42,44
S00170576,90,53,37
S00170577,175,93,81
S00170578,89,45,40
S00170579,136,73,64
S00170580,121,59,62
S00170581,72,24,48
S00170582,161,78,83
S00170583,74,30,44
S00170584,149,74,75
S00170585,85,46,42
S00170586,160,87,70
S00170587,160,80,80
S00170588,169,94,75
S00170589,268,150,118
S00170590,162,79,87
S00170591,153,71,82
S00170592,121,61,60
S00170593,137,62,75
S00170594,80,41,39
S00170595,111,57,51
S00170596,148,76,69
S00170597,94,51,43
S00170598,138,74,64
S00170599,106,59,47
S00170600,148,78,70
S00170601,95,45,46
S00170602,175,91,84
S00170603,114,62,52
S00170604,73,32,40
S00170605,82,45,37
S00170606,84,41,43
S00170607,126,61,65
S00170608,155,78,77
S00170609,164,79,85
S00170610,106,48,58
S00170611,149,82,67
S00170612,113,58,55
S00170613,77,35,42
S00170614,102,52,50
S00170615,122,56,64
S00170616,90,46,44
S00170617,95,43,54
S00170618,97,46,49
S00170619,140,72,68
S00170620,84,44,41
S00170621,97,47,51
S00170622,112,55,57
S00170623,87,44,39
S00170624,76,39,37
S00170625,65,28,37
S00170626,151,80,71
S00170627,139,67,72
S00170628,102,50,53
S00170629,91,47,44
S00170630,149,76,73
S00170631,121,63,56
S00170632,124,63,61
S00170633,131,61,70
S00170634,108,62,46
S00170635,73,38,35
S00170636,74,40,34
S00170637,97,51,46
S00170638,126,72,58
S00170639,133,68,65
S00170640,148,86,62
S00170641,160,78,82
S00170642,124,68,56
S00170643,148,78,70
S00170644,147,68,77
S00170645,60,27,33
S00170646,93,42,55
S00170647,136,67,69
S00170648,80,37,43
S00170649,136,62,70
S00170650,118,58,56
S00170651,96,52,41
S00170652,134,69,65
S00170653,107,47,58
S00170654,117,54,60
S00170655,80,42,39
S00170656,174,98,81
S00170657,134,64,70
S00170658,145,84,61
S00170659,73,44,32
S00170660,79,45,34
S00170661,135,67,66
S00170662,187,90,97
S00170663,116,58,58
S00170664,175,85,90
S00170665,133,69,64
S00170666,92,38,56
S00170667,177,83,95
S00170668,85,45,40
S00170669,97,42,55
S00170670,104,54,50
S00170671,114,61,53
S00170672,103,53,50
S00170673,160,100,60
S00170674,125,69,60
S00170675,109,54,55
S00170676,123,60,65
S00170677,110,57,57
S00170678,105,57,48
S00170679,155,77,78
S00170680,164,77,87
S00170681,87,49,38
S00170682,127,69,58
S00170683,62,23,35
S00170684,62,37,29
S00170685,78,39,39
S00170686,80,46,34
S00170687,148,70,78
S00170688,105,56,50
S00170689,94,53,41
S00170690,101,55,44
S00170691,118,56,59
S00170692,137,77,60
S00170693,62,35,31
S00170694,143,69,74
S00170695,108,54,53
S00170696,97,55,42
S00170697,96,46,50
S00170698,145,66,79
S00170699,138,75,63
S00170700,152,81,74
S00170701,196,95,94
S00170702,63,36,27
S00170703,107,55,52
S00170704,88,40,45
S00170705,91,51,40
S00170706,78,40,38
S00170707,119,66,53
S00170708,70,45,22
S00170709,162,92,72
S00170710,150,76,74
S00170711,95,48,47
S00170712,90,46,44
S00170713,80,41,39
S00170714,167,89,78
S00170715,160,76,83
S00170716,112,64,48
S00170717,88,48,40
S00170718,119,59,60
S00170719,161,87,74
S00170720,88,39,49
S00170721,92,50,42
S00170722,69,39,29
S00170723,74,35,39
S00170724,89,43,42
S00170725,108,58,50
S00170726,166,82,81
S00170727,213,107,106
S00170728,98,47,51
S00170729,108,57,51
S00170730,108,60,48
S00170731,90,43,47
S00170732,78,36,38
S00170733,121,62,59
S00170734,105,53,52
S00170735,65,34,34
S00170736,98,51,47
S00170737,81,40,41
S00170738,179,90,90
S00170739,66,37,29
S00170740,139,81,54
S00170741,179,87,92
S00170742,95,50,45
S00170743,71,35,36
S00170744,111,53,58
S00170745,81,42,39
S00170746,184,80,104
S00170747,158,81,77
S00170748,160,87,73
S00170749,75,44,31
S00170750,115,58,57
S00170751,96,50,46
S00170752,83,46,37
S00170753,75,42,33
S00170754,62,31,31
S00170755,96,56,40
S00170756,119,59,59
S00170757,133,56,73
S00170758,110,62,48
S00170759,102,55,46
S00170760,64,37,27
S00170761,68,31,37
S00170762,146,68,78
S00170763,155,70,85
S00170764,223,121,101
S00170765,181,83,98
S00170766,124,67,57
S00170767,145,66,79
S00170768,176,89,87
S00170769,110,56,53
S00170770,222,117,104
S00170771,169,84,85
S00170772,133,74,66
S00170773,77,39,38
S00170774,162,81,82
S00170775,63,31,32
S00170776,88,44,44
S00170777,205,98,107
S00170778,173,76,93
S00170779,174,75,99
S00170780,135,64,71
S00170781,82,41,41
S00170782,152,81,71
S00170783,82,37,45
S00170784,136,69,67
S00170785,119,51,68
S00170786,92,45,44
S00170787,140,70,70
S00170788,68,32,37
S00170789,88,45,43
S00170790,137,70,67
S00170791,156,74,82
S00170792,146,77,69
S00170793,109,52,57
S00170794,134,68,63
S00170795,118,56,59
S00170796,73,37,36
S00170797,131,69,62
S00170798,89,40,48
S00170799,116,59,57
S00170800,105,46,59
S00170801,131,65,66
S00170802,104,53,51
S00170803,114,63,51
S00170804,98,49,53
S00170805,131,67,62
S00170806,82,44,37
S00170807,80,47,33
S00170808,117,65,51
S00170809,137,64,73
S00170810,109,55,54
S00170811,172,96,76
S00170812,142,77,65
S00170813,127,69,61
S00170814,181,91,87
S00170815,85,45,40
S00170816,116,57,59
S00170817,128,68,61
S00170818,94,49,45
S00170819,130,66,64
S00170820,146,71,75
S00170821,116,55,61
S00170822,87,47,40
S00170823,165,85,80
S00170824,93,48,45
S00170825,81,38,43
S00170826,124,66,58
S00170827,155,77,78
S00170828,151,86,65
S00170829,175,92,80
S00170830,127,70,57
S00170831,115,63,52
S00170832,102,48,54
S00170833,122,69,54
S00170834,97,54,43
S00170835,117,64,53
S00170836,119,53,66
S00170837,75,42,33
S00170838,116,53,59
S00170839,138,69,69
S00170840,112,66,49
S00170841,74,38,36
S00170842,137,74,63
S00170843,141,71,70
S00170844,90,43,44
S00170845,68,32,36
S00170846,71,35,35
S00170847,135,67,65
S00170848,128,58,70
S00170849,71,36,36
S00170850,104,51,54
S00170851,114,52,59
S00170852,130,62,67
S00170853,175,85,90
S00170854,102,48,53
S00170855,104,46,55
S00170856,118,49,69
S00170857,104,49,55
S00170858,72,40,32
S00170859,109,56,53
S00170860,132,70,67
S00170861,87,51,36
S00170862,104,56,48
S00170863,99,51,48
S00170864,81,36,45
S00170865,74,37,36
S00170866,121,63,58
S00170867,164,93,72
S00170868,98,46,52
S00170869,111,67,44
S00170870,93,52,41
S00170871,146,71,73
S00170872,147,72,73
S00170873,80,42,38
S00170874,84,42,45
S00170875,151,73,79
S00170876,120,64,56
S00170877,126,68,58
S00170878,105,55,49
S00170879,77,40,36
S00170880,133,64,69
S00170881,109,61,48
S00170882,104,50,50
S00170883,93,45,48
S00170884,93,46,47
S00170885,113,66,47
S00170886,75,40,35
S00170887,61,31,34
S00170888,106,54,44
S00170889,127,66,61
S00170890,72,35,34
S00170891,69,36,31
S00170892,167,96,70
S00170893,147,67,78
S00170894,153,69,82
S00170895,150,79,71
S00170896,152,87,70
S00170897,65,37,28
S00170898,67,39,28
S00170899,93,52,41
S00170900,104,53,51
S00170901,111,52,59
S00170902,160,79,85
S00170903,134,78,55
S00170904,95,42,53
S00170905,96,50,52
S00170906,85,42,47
S00170907,127,71,56
S00170908,119,59,60
S00170909,145,73,72
S00170910,108,54,58
S00170911,109,55,54
S00170912,114,59,55
S00170913,152,84,68
S00170914,188,103,87
S00170915,90,41,46
S00170916,173,94,80
S00170917,76,40,36
S00170918,85,50,36
S00170919,82,30,52
S00170920,133,67,66
S00170921,100,48,52
S00170922,131,69,62
S00170923,120,58,66
S00170924,61,31,33
S00170925,120,52,68
S00170926,66,37,29
S00170927,81,39,39
S00170928,74,42,32
S00170929,78,41,37
S00170930,170,86,84
S00170931,101,51,50
S00170932,116,64,52
S00170933,158,84,74
S00170934,106,58,49
S00170935,162,83,76
S00170936,95,56,42
S00170937,150,78,72
S00170938,93,49,44
S00170939,99,48,51
S00170940,115,57,58
S00170941,119,53,66
S00170942,107,56,51
S00170943,93,55,37
S00170944,80,40,40
S00170945,141,75,66
S00170946,62,24,34
S00170947,134,64,68
S00170948,166,87,79
S00170949,114,59,55
S00170950,66,28,35
S00170951,122,56,64
S00170952,91,49,46
S00170953,83,39,42
S00170954,122,66,59
S00170955,116,53,63
S00170956,136,70,66
S00170957,89,45,44
S00170958,164,74,94
S00170959,102,58,44
S00170960,132,81,51
S00170961,71,39,32
S00170962,130,74,59
S00170963,73,46,27
S00170964,103,59,44
S00170965,86,47,38
S00170966,73,36,37
S00170967,98,49,47
S00170968,104,59,47
S00170969,71,42,29
S00170970,69,34,35
S00170971,139,78,61
S00170972,64,30,34
S00170973,109,58,51
S00170974,103,54,49
S00170975,83,47,36
S00170976,95,42,53
S00170977,108,53,55
S00170978,99,59,39
S00170979,67,38,25
S00170980,155,84,71
S00170981,72,39,33
S00170982,99,54,45
S00170983,116,64,52
S00170984,103,59,41
S00170985,120,65,55
S00170986,139,73,67
S00170987,156,77,79
S00170988,98,48,47
S00170989,141,69,73
S00170990,82,50,32
S00170991,120,65,56
S00170992,76,38,39
S00170993,134,62,70
S00170994,105,55,52
S00170995,75,41,34
S00170996,183,98,85
S00170997,192,97,95
S00170998,97,51,46
S00170999,104,51,53
S00171000,132,62,70
S00171001,137,69,68
S00171002,245,127,117
S00171003,125,65,63
S00171004,131,61,67
S00171005,147,72,72
S00171006,119,65,54
S00171007,99,52,45
S00171008,133,73,60
S00171009,158,88,66
S00171010,110,61,45
S00171011,74,36,38
S00171012,148,84,64
S00171013,88,50,38
S00171014,86,43,43
S00171015,93,43,46
S00171016,152,90,62
S00171017,127,63,64
S00171018,162,79,81
S00171019,71,34,37
S00171020,183,106,77
S00171021,146,76,70
S00171022,74,34,40
S00171023,172,86,89
S00171024,83,46,37
S00171025,128,59,66
S00171026,81,37,44
S00171027,124,64,60
S00171028,100,56,44
S00171029,165,80,85
S00171030,78,42,36
S00171031,75,37,39
S00171032,254,122,132
S00171033,90,46,50
S00171034,100,46,51
S00171035,92,41,51
S00171036,109,55,54
S00171037,67,34,33
S00171038,122,63,59
S00171039,65,27,35
S00171040,151,81,68
S00171041,107,46,60
S00171042,100,50,50
S00171043,150,78,69
S00171044,79,42,37
S00171045,113,60,53
S00171046,100,39,62
S00171047,129,69,61
S00171048,142,70,72
S00171049,140,70,70
S00171050,94,57,39
S00171051,79,35,41
S00171052,137,72,65
S00171053,170,78,89
S00171054,118,58,60
S00171055,122,63,57
S00171056,74,36,38
S00171057,79,38,41
S00171058,79,35,41
S00171059,176,95,81
S00171060,139,70,69
S00171061,157,84,73
S00171062,106,55,51
S00171063,130,67,62
S00171064,147,79,68
S00171065,130,66,64
S00171066,163,89,77
S00171067,159,88,74
S00171068,69,37,33
S00171069,100,44,56
S00171070,93,50,43
S00171071,62,32,32
S00171072,65,39,26
S00171073,88,44,44
S00171074,117,64,53
S00171075,73,35,38
S00171076,160,88,72
S00171077,109,58,51
S00171078,137,67,70
S00171079,143,76,67
S00171080,126,62,64
S00171081,136,70,62
S00171082,125,63,62
S00171083,107,47,60
S00171084,148,78,70
S00171085,115,61,54
S00171086,87,45,42
S00171087,169,85,83
S00171088,81,40,41
S00171089,107,51,56
S00171090,149,70,79
S00171091,70,33,35
S00171092,155,83,72
S00171093,188,96,93
S00171094,121,59,59
S00171095,126,66,60
S00171096,206,101,109
S00171097,145,78,67
S00171098,128,70,58
S00171099,74,36,36
S00171100,113,55,57
S00171101,130,68,62
S00171102,131,63,68
S00171103,106,56,46
S00171104,106,61,45
S00171105,99,50,49
S00171106,85,44,41
S00171107,135,72,63
S00171108,121,58,59
S00171109,116,62,54
S00171110,85,36,49
S00171111,164,86,77
S00171112,113,54,59
S00171113,136,66,70
S00171114,110,55,55
S00171115,156,90,70
S00171116,119,59,60
S00171117,83,46,37
S00171118,146,70,76
S00171119,98,44,51
S00171120,107,55,52
S00171121,117,57,61
S00171122,121,62,59
S00171123,102,49,56
S00171124,73,38,35
S00171125,93,49,44
S00171126,68,36,32
S00171127,119,62,57
S00171128,126,61,64
S00171129,64,35,29
S00171130,105,63,46
S00171131,121,70,54
S00171132,129,65,63
S00171133,123,72,54
S00171134,120,57,63
S00171135,66,38,25
S00171136,109,56,53
S00171137,88,52,38
S00171138,96,51,45
S00171139,74,52,25
S00171140,87,48,39
S00171141,77,33,44
S00171142,68,34,34
S00171143,109,54,54
S00171144,104,54,50
S00171145,194,94,100
S00171146,120,65,55
S00171147,86,47,39
S00171148,80,40,40
S00171149,60,32,28
S00171150,163,84,79
S00171151,176,96,80
S00171152,106,54,56
S00171153,106,56,48
S00171154,77,40,38
S00171155,93,46,47
S00171156,128,66,62
S00171157,120,67,53
S00171158,178,93,85
S00171159,103,56,47
S00171160,102,51,51
S00171161,96,50,46
S00171162,60,28,32
S00171163,79,40,39
S00171164,108,60,48
S00171165,148,69,75
S00171166,98,55,46
S00171167,185,39,147
S00171168,113,45,64
S00171169,66,26,36
S00171170,146,76,73
S00171171,129,66,65
S00171172,68,32,36
S00171173,188,94,88
S00171174,99,55,44
S00171175,360,177,185
S00171176,155,84,71
S00171177,106,48,58
S00171178,121,61,60
S00171179,104,52,49
S00171180,151,83,65
S00171181,307,157,150
S00171182,103,52,54
S00171183,90,38,54
S00171184,175,99,76
S00171185,144,69,77
S00171186,192,102,94
S00171187,112,66,50
S00171188,159,74,85
S00171189,157,68,85
S00171190,146,77,70
S00171191,101,54,47
S00171192,93,42,51
S00171193,108,54,54
S00171194,61,30,32
S00171195,107,59,45
S00171196,79,43,40
S00171197,159,81,76
S00171198,83,40,43
S00171199,62,32,29
S00171200,83,44,39
S00171201,95,52,43
S00171202,113,64,49
S00171203,147,83,64
S00171204,95,55,43
S00171205,89,46,43
S00171206,145,78,67
S00171207,150,80,70
S00171208,103,48,55
S00171209,137,71,66
S00171210,205,99,106
S00171211,98,56,43
S00171212,135,73,62
S00171213,201,98,100
S00171214,97,53,44
S00171215,67,39,28
S00171216,139,71,74
S00171217,67,33,34
S00171218,105,55,50
S00171219,121,66,55
S00171220,94,55,43
S00171221,100,44,53
S00171222,132,62,70
S00171223,132,75,54
S00171224,103,55,47
S00171225,77,44,33
S00171226,174,89,85
S00171227,81,46,32
S00171228,112,63,50
S00171229,138,69,69
S00171230,147,80,68
S00171231,126,62,64
S00171232,102,55,45
S00171233,63,30,36
S00171234,110,68,42
S00171235,132,67,65
S00171236,71,37,34
S00171237,94,41,53
S00171238,118,62,56
S00171239,149,76,73
S00171240,135,68,67
S00171241,149,74,78
S00171242,141,71,70
S00171243,145,73,72
S00171244,68,37,36
S00171245,194,96,94
S00171246,61,30,31
S00171247,135,68,67
S00171248,90,37,53
S00171249,98,54,44
S00171250,197,91,106
S00171251,136,64,71
S00171252,134,73,62
S00171253,125,80,45
S00171254,85,44,41
S00171255,68,31,37
S00171256,163,78,85
S00171257,88,41,46
S00171258,135,80,55
S00171259,96,51,44
S00171260,111,55,56
S00171261,144,71,74
S00171262,179,95,84
S00171263,64,33,31
S00171264,140,69,71
S00171265,167,83,86
S00171266,168,84,86
S00171267,173,91,82
S00171268,159,90,72
S00171269,89,45,44
S00171270,74,41,33
S00171271,142,81,64
S00171272,110,48,63
S00171273,84,44,40
S00171274,74,33,37
S00171275,96,50,50
S00171276,137,71,66
S00171277,113,56,57
S00171278,89,44,45
S00171279,129,62,67
S00171280,118,60,58
S00171281,111,59,52
S00171282,117,60,57
S00171283,112,62,50
S00171284,75,43,35
S00171285,197,97,100
S00171286,93,48,45
S00171287,137,70,67
S00171288,99,50,45
S00171289,99,50,49
S00171290,148,80,70
S00171291,157,91,70
S00171292,69,37,32
S00171293,89,48,40
S00171294,151,81,70
S00171295,214,108,106
S00171296,108,55,50
S00171297,154,87,69
S00171298,134,70,67
S00171299,103,57,46
S00171300,63,34,33
S00171301,105,56,50
S00171302,107,63,44
S00171303,83,46,37
S00171304,107,51,55
S00171305,109,62,50
S00171306,116,59,57
S00171307,94,56,38
S00171308,191,103,88
S00171309,96,53,40
S00171310,116,56,60
S00171311,119,62,57
S00171312,66,37,29
S00171313,147,68,79
S00171314,128,74,57
S00171315,171,88,86
S00171316,89,43,42
S00171317,133,80,53
S00171318,144,79,68
S00171319,202,106,95
S00171320,118,71,47
S00171321,106,50,56
S00171322,122,67,55
S00171323,123,56,67
S00171324,168,85,83
S00171325,99,54,45
S00171326,116,56,62
S00171327,92,45,44
S00171328,115,52,60
S00171329,92,39,53
S00171330,176,103,73
S00171331,79,40,36
S00171332,113,57,55
S00171333,129,66,63
S00171334,73,37,38
S00171335,80,41,40
S00171336,227,125,102
S00171337,102,51,51
S00171338,243,133,117
S00171339,82,40,42
S00171340,104,51,53
S00171341,214,119,94
S00171342,98,45,53
S00171343,104,50,54
S00171344,132,73,59
S00171345,75,37,38
S00171346,69,40,30
S00171347,163,97,66
S00171348,182,103,79
S00171349,133,62,71
S00171350,104,52,53
S00171351,79,39,40
S00171352,112,58,54
S00171353,69,34,36
S00171354,184,91,93
S00171355,143,84,59
S00171356,103,58,48
S00171357,97,54,43
S00171358,159,80,78
S00171359,189,97,96
S00171360,121,59,62
S00171361,173,98,75
S00171362,139,70,72
S00171363,106,48,58
S00171364,181,89,91
S00171365,143,80,63
S00171366,97,49,45
S00171367,127,71,57
S00171368,65,40,25
S00171369,106,54,52
S00171370,117,55,62
S00171371,175,93,82
S00171372,85,45,37
S00171373,66,35,31
S00171374,72,36,36
S00171375,199,106,97
S00171376,163,83,81
S00171377,66,37,29
S00171378,120,72,52
S00171379,112,55,57
S00171380,161,80,87
S00171381,108,61,47
S00171382,122,68,54
S00171383,191,111,76
S00171384,99,54,45
S00171385,105,50,58
S00171386,139,75,64
S00171387,91,45,46
S00171388,101,52,53
S00171389,72,38,34
S00171390,152,68,84
S00171391,137,77,63
S00171392,103,53,50
S00171393,77,39,38
S00171394,106,55,50
S00171395,148,68,76
S00171396,72,28,39
S00171397,96,51,45
S00171398,116,55,61
S00171399,121,65,56
S00171400,181,88,93
S00171401,75,38,37
S00171402,97,53,44
S00171403,145,73,72
S00171404,92,44,48
S00171405,94,54,40
S00171406,118,57,57
S00171407,114,62,52
S00171408,104,53,51
S00171409,64,34,30
S00171410,78,34,41
S00171411,132,57,78
S00171412,120,61,65
S00171413,106,62,48
S00171414,72,34,40
S00171415,81,49,32
S00171416,191,107,84
S00171417,116,62,53
S00171418,118,65,53
S00171419,136,66,70
S00171420,101,39,62
S00171421,124,61,59
S00171422,70,34,33
S00171423,126,69,61
S00171424,97,55,44
S00171425,78,32,43
S00171426,112,58,57
S00171427,97,46,52
S00171428,127,67,60
S00171429,118,62,53
S00171430,114,65,49
S00171431,98,53,45
S00171432,112,55,57
S00171433,138,75,67
S00171434,92,32,60
S00171435,99,52,47
S00171436,61,36,25
S00171437,139,72,67
S00171438,72,30,46
S00171439,157,81,76
S00171440,132,63,69
S00171441,84,45,39
S00171442,90,50,40
S00171443,72,40,32
S00171444,88,52,33
S00171445,107,50,57
S00171446,107,52,56
S00171447,147,75,71
S00171448,83,35,48
S00171449,124,75,49
S00171450,128,64,64
S00171451,104,54,50
S00171452,99,55,46
S00171453,185,95,94
S00171454,124,66,58
S00171455,106,56,50
S00171456,154,79,75
S00171457,176,93,83
S00171458,128,59,69
S00171459,103,51,52
S00171460,98,59,42
S00171461,81,41,40
S00171462,84,47,37
S00171463,158,82,76
S00171464,103,50,53
S00171465,207,107,100
S00171466,154,93,61
S00171467,125,58,65
S00171468,96,47,49
S00171469,108,56,52
S00171470,193,99,94
S00171471,70,29,41
S00171472,85,39,48
S00171473,73,38,31
S00171474,71,38,33
S00171475,214,117,93
S00171476,156,81,75
S00171477,135,70,65
S00171478,114,60,54
S00171479,95,55,40
S00171480,83,36,47
S00171481,105,49,56
S00171482,80,46,35
S00171483,63,35,32
S00171484,106,55,50
S00171485,107,47,62
S00171486,119,60,59
S00171487,145,77,65
S00171488,136,71,65
S00171489,108,59,49
S00171490,67,29,38
S00171491,75,36,39
S00171492,105,41,64
S00171493,82,42,40
S00171494,79,42,37
S00171495,86,44,42
S00171496,140,67,73
S00171497,135,65,70
S00171498,118,61,57
S00171499,120,54,62
S00171500,87,52,35
S00171501,114,60,54
S00171502,140,70,70
S00171503,100,55,45
S00171504,84,41,43
S00171505,90,50,41
S00171506,123,69,52
S00171507,88,46,42
S00171508,78,44,35
S00171509,68,36,32
S00171510,77,39,38
S00171511,103,54,49
S00171512,96,32,64
S00171513,84,46,42
S00171514,109,51,61
S00171515,90,65,25
S00171516,91,48,43
S00171517,116,48,68
S00171518,95,56,39
S00171519,78,34,47
S00171520,64,33,31
S00171521,110,57,53
S00171522,67,26,41
S00171523,116,60,56
S00171524,89,48,41
S00171525,113,56,57
S00171526,66,40,26
S00171527,120,40,77
S00171528,66,38,31
S00171529,80,27,54
S00171530,120,56,64
S00171531,118,54,64
S00171532,104,54,50
S00171533,110,61,45
S00171534,100,49,48
S00171535,126,70,56
S00171536,147,74,73
S00171537,113,41,72
S00171538,140,56,84
S00171539,150,74,76
S00171540,127,56,67
S00171541,116,56,60
S00171542,104,58,46
S00171543,92,44,48
S00171544,109,56,53
S00171545,152,76,76
S00171546,120,63,57
S00171547,90,46,44
S00171548,122,64,58
S00171549,115,52,60
S00171550,107,62,48
S00171551,174,93,81
S00171552,68,29,39
S00171553,79,40,39
S00171554,125,52,73
S00171555,66,27,35
S00171556,107,55,55
S00171557,105,41,64
S00171558,78,39,37
S00171559,75,37,38
S00171560,94,41,53
S00171561,63,32,31
S00171562,125,67,61
S00171563,75,36,39
S00171564,107,55,52
S00171565,157,77,80
S00171566,102,55,47
S00171567,92,44,48
S00171568,102,54,46
S00171569,118,64,54
S00171570,106,41,64
S00171571,105,47,59
S00171572,128,68,61
S00171573,123,69,54
S00171574,101,56,48
S00171575,143,65,78
S00171576,63,36,28
S00171577,208,113,97
S00171578,107,53,58
S00171579,93,34,59
S00171580,119,55,64
S00171581,88,41,47
S00171582,84,40,40
S00171583,92,50,42
S00171584,60,28,32
S00171585,103,58,45
S00171586,88,53,35
S00171587,86,50,37
S00171588,189,93,97
S00171589,122,53,69
S00171590,87,41,46
S00171591,181,92,92
S00171592,89,47,39
S00171593,63,36,24
S00171594,115,62,53
S00171595,96,51,45
S00171596,81,40,41
S00171597,480,43,437
S00171598,91,44,49
S00171599,104,55,49
S00171600,101,46,52
S00171601,104,51,55
S00171602,113,54,59
S00171603,112,60,50
S00171604,98,54,44
S00171605,157,90,66
S00171606,89,48,41
S00171607,95,40,57
S00171608,101,37,64
S00171609,140,89,51
S00171610,112,40,72
S00171611,123,64,59
S00171612,130,63,67
S00171613,106,59,50
S00171614,97,53,44
S00171615,81,33,48
S00171616,146,79,67
S00171617,117,46,72
S00171618,111,55,56
S00171619,61,24,38
S00171620,113,60,53
S00171621,141,66,72
S00171622,72,40,32
S00171623,161,90,72
S00171624,115,70,45
S00171625,111,43,68
S00171626,114,61,53
S00171627,118,57,61
S00171628,147,77,67
S00171629,204,109,92
S00171630,108,52,53
S00171631,86,43,41
S00171632,99,50,48
S00171633,147,73,73
S00171634,104,61,48
S00171635,85,43,42
S00171636,96,47,52
S00171637,122,59,63
S00171638,93,41,52
S00171639,101,55,46
S00171640,103,49,54
S00171641,173,91,82
S00171642,147,75,71
S00171643,124,61,65
S00171644,95,51,46
S00171645,64,34,30
S00171646,103,54,49
S00171647,73,38,34
S00171648,93,45,51
S00171649,185,118,66
S00171650,88,43,45
S00171651,108,53,55
S00171652,106,62,45
S00171653,113,54,59
S00171654,192,90,104
S00171655,93,47,42
S00171656,153,82,69
S00171657,79,41,38
S00171658,102,55,47
S00171659,201,101,107
S00171660,78,38,40
S00171661,87,45,39
S00171662,106,52,50
S00171663,137,69,68
S00171664,91,47,44
S00171665,97,57,40
S00171666,124,65,55
S00171667,99,55,40
S00171668,158,84,74
S00171669,125,69,56
S00171670,68,28,37
S00171671,111,60,51
S00171672,156,83,76
S00171673,63,27,36
S00171674,102,50,52
S00171675,100,55,48
S00171676,119,63,56
S00171677,133,79,54
S00171678,87,44,43
S00171679,125,70,55
S00171680,88,45,43
S00171681,69,37,32
S00171682,109,60,51
S00171683,102,57,45
S00171684,110,58,52
S00171685,67,39,28
S00171686,101,53,45
S00171687,120,64,56
S00171688,221,111,108
S00171689,162,80,81
S00171690,121,60,61
S00171691,137,81,59
S00171692,115,58,54
S00171693,87,45,38
S00171694,73,41,35
S00171695,67,30,33
S00171696,95,49,45
S00171697,154,78,76
S00171698,62,26,36
S00171699,120,66,54
S00171700,84,53,31
S00171701,85,42,40
S00171702,118,61,60
S00171703,89,53,36
S00171704,141,77,68
S00171705,121,57,64
S00171706,108,61,47
S00171707,155,80,75
S00171708,69,38,31
S00171709,178,93,86
S00171710,78,45,37
S00171711,130,69,57
S00171712,166,83,83
S00171713,152,78,73
S00171714,123,61,66
S00171715,104,53,51
S00171716,122,66,56
S00171717,129,80,51
S00171718,83,42,41
S00171719,98,49,49
S00171720,117,58,55
S00171721,167,82,85
S00171722,155,68,81
S00171723,132,67,61
S00171724,113,65,50
S00171725,84,48,36
S00171726,144,67,77
S00171727,96,50,46
S00171728,110,59,55
S00171729,102,50,52
S00171730,101,51,53
S00171731,116,53,63
S00171732,94,45,52
S00171733,97,48,50
S00171734,81,48,38
S00171735,110,62,48
S00171736,104,58,46
S00171737,115,52,63
S00171738,100,42,58
S00171739,142,80,62
S00171740,132,75,57
S00171741,116,55,61
S00171742,108,53,55
S00171743,124,73,51
S00171744,123,62,58
S00171745,92,52,40
S00171746,110,58,49
S00171747,127,73,57
S00171748,134,66,68
S00171749,143,83,60
S00171750,98,43,55
S00171751,71,35,36
S00171752,77,44,40
S00171753,152,72,80
S00171754,130,64,66
S00171755,120,77,43
S00171756,137,83,56
S00171757,111,52,56
S00171758,139,73,65
S00171759,73,30,39
S00171760,118,63,55
S00171761,92,46,46
S00171762,142,69,73
S00171763,90,45,45
S00171764,80,42,38
S00171765,89,45,38
S00171766,104,50,56
S00171767,139,69,70
S00171768,62,33,29
S00171769,109,45,60
S00171770,93,49,43
S00171771,128,69,57
S00171772,80,36,44
S00171773,80,44,40
S00171774,79,47,34
S00171775,106,56,50
S00171776,60,29,32
S00171777,117,63,54
S00171778,93,45,47
S00171779,153,79,74
S00171780,68,39,29
S00171781,112,46,64
S00171782,159,86,76
S00171783,99,45,58
S00171784,155,85,70
S00171785,118,62,53
S00171786,104,52,52
S00171787,75,39,37
S00171788,87,42,45
S00171789,104,47,57
S00171790,124,67,53
S00171791,97,59,38
S00171792,122,64,55
S00171793,79,41,38
S00171794,99,46,53
S00171795,76,34,39
S00171796,108,57,54
S00171797,96,56,40
S00171798,97,51,45
S00171799,116,59,56
S00171800,145,75,71
S00171801,148,68,80
S00171802,84,43,41
S00171803,67,34,30
S00171804,104,51,53
S00171805,73,44,29
S00171806,201,112,93
S00171807,102,49,49
S00171808,151,84,67
S00171809,114,60,51
S00171810,150,79,71
S00171811,120,59,61
S00171812,171,79,92
S00171813,174,92,82
S00171814,65,38,30
S00171815,166,86,80
S00171816,60,31,29
S00171817,131,70,61
S00171818,71,36,37
S00171819,132,71,60
S00171820,154,76,76
S00171821,218,115,101
S00171822,101,55,46
S00171823,109,50,59
S00171824,122,61,61
S00171825,86,41,48
S00171826,150,75,79
S00171827,147,73,74
S00171828,141,67,71
S00171829,432,220,212
S00171830,127,62,61
S00171831,134,75,59
S00171832,155,83,72
S00171833,80,39,41
S00171834,75,38,37
S00171835,121,64,57
S00171836,214,105,109
S00171837,149,77,72
S00171838,111,56,57
S00171839,153,107,46
S00171840,193,99,94
S00171841,135,66,69
S00171842,100,54,46
S00171843,158,81,76
S00171844,149,78,68
S00171845,151,69,79
S00171846,168,89,82
S00171847,123,65,58
S00171848,171,85,86
S00171849,107,62,45
S00171850,65,37,27
S00171851,66,36,29
S00171852,90,51,38
S00171853,78,40,38
S00171854,162,84,78
S00171855,86,48,38
S00171856,145,75,66
S00171857,117,57,60
S00171858,131,63,68
S00171859,145,73,72
S00171860,147,79,72
S00171861,192,103,92
S00171862,160,85,75
S00171863,181,87,94
S00171864,153,76,77
S00171865,101,49,52
S00171866,134,70,64
S00171867,151,76,75
S00171868,190,92,94
S00171869,137,69,68
S00171870,101,54,47
S00171871,216,102,114
S00171872,71,40,31
S00171873,108,59,51
S00171874,143,70,77
S00171875,172,90,84
S00171876,149,80,69
S00171877,117,57,60
S00171878,74,40,34
S00171879,75,35,37
S00171880,108,57,48
S00171881,91,53,35
S00171882,150,77,75
S00171883,129,69,60
S00171884,170,84,86
S00171885,77,40,34
S00171886,76,33,43
S00171887,135,72,63
S00171888,65,34,31
S00171889,86,40,45
S00171890,111,56,55
S00171891,72,36,33
S00171892,181,87,94
S00171893,159,81,75
S00171894,104,49,54
S00171895,72,42,33
S00171896,230,123,102
S00171897,132,61,71
S00171898,194,93,101
S00171899,157,77,77
S00171900,77,36,41
S00171901,156,77,79
S00171902,173,95,78
S00171903,101,55,50
S00171904,139,66,73
S00171905,91,49,49
S00171906,187,94,96
S00171907,120,56,62
S00171908,116,56,60
S00171909,93,53,44
S00171910,165,96,69
S00171911,130,67,67
S00171912,119,59,60
S00171913,64,36,27
S00171914,123,66,57
S00171915,113,53,57
S00171916,78,40,41
S00171917,77,36,41
S00171918,190,90,100
S00171919,139,82,60
S00171920,108,50,54
S00171921,98,53,45
S00171922,113,58,55
S00171923,158,77,81
S00171924,74,42,35
S00171925,154,80,74
S00171926,120,60,63
S00171927,67,34,33
S00171928,127,68,59
S00171929,114,60,52
S00171930,175,96,79
S00171931,137,63,71
S00171932,132,64,67
S00171933,91,50,42
S00171934,74,33,41
S00171935,147,80,67
S00171936,100,50,50
S00171937,117,62,57
S00171938,135,72,57
S00171939,177,84,90
S00171940,130,73,57
S00171941,97,46,51
S00171942,143,72,71
S00171943,96,48,48
S00171944,185,80,105
S00171945,144,70,74
S00171946,95,51,44
S00171947,85,44,41
S00171948,61,30,31
S00171949,123,66,57
S00171950,120,60,59
S00171951,115,51,69
S00171952,156,85,71
S00171953,125,67,58
S00171954,141,73,68
S00171955,89,47,42
S00171956,112,56,53
S00171957,98,46,49
S00171958,140,69,71
S00171959,73,33,39
S00171960,144,73,71
S00171961,88,41,45
S00171962,78,41,37
S00171963,213,114,95
S00171964,83,38,45
S00171965,161,83,78
S00171966,126,63,63
S00171967,105,53,52
S00171968,189,96,89
S00171969,123,66,56
S00171970,127,71,56
S00171971,99,45,54
S00171972,151,77,74
S00171973,192,98,94
S00171974,201,100,101
S00171975,155,75,80
S00171976,68,35,37
S00171977,121,65,56
S00171978,173,78,95
S00171979,139,73,66
S00171980,109,62,47
S00171981,149,81,70
S00171982,108,58,50
S00171983,91,47,44
S00171984,83,43,40
S00171985,111,62,49
S00171986,71,35,38
S00171987,181,111,70
S00171988,103,52,51
S00171989,92,47,41
S00171990,143,72,71
S00171991,128,61,63
S00171992,94,53,41
S00171993,133,72,61
S00171994,116,53,63
S00171995,113,58,52
S00171996,104,53,55
S00171997,127,65,58
S00171998,129,65,64
S00171999,190,99,91
S00172000,90,49,41
S00172001,85,45,40
S00172002,154,83,71
S00172003,90,44,42
S00172004,198,110,88
S00172005,203,102,101
S00172006,89,45,47
S00172007,204,101,103
S00172008,135,74,61
S00172009,71,39,32
S00172010,62,33,25
S00172011,152,82,66
S00172012,139,64,74
S00172013,124,67,58
S00172014,103,49,52
S00172015,116,64,51
S00172016,130,62,68
S00172017,182,86,92
S00172018,127,65,62
S00172019,162,78,84
S00172020,112,57,55
S00172021,79,35,44
S00172022,100,54,46
S00172023,100,53,47
S00172024,90,45,44
S00172025,191,94,97
S00172026,125,64,61
S00172027,121,65,56
S00172028,65,31,34
S00172029,135,75,60
S00172030,161,79,82
S00172031,88,51,37
S00172032,178,96,82
S00172033,127,69,58
S00172034,114,57,53
S00172035,105,54,51
S00172036,106,55,47
S00172037,144,77,70
S00172038,116,60,57
S00172039,74,32,42
S00172040,129,71,58
S00172041,184,92,92
S00172042,74,42,32
S00172043,127,71,57
S00172044,101,49,52
S00172045,67,37,34
S00172046,89,41,52
S00172047,104,59,45
S00172048,97,44,54
S00172049,101,50,47
S00172050,113,63,50
S00172051,87,43,45
S00172052,66,38,28
S00172053,145,73,72
S00172054,179,94,85
S00172055,131,71,60
S00172056,113,54,59
S00172057,116,64,52
S00172058,65,32,33
S00172059,84,42,42
S00172060,129,64,64
S00172061,79,39,40
S00172062,124,56,68
S00172063,142,77,65
S00172064,166,86,80
S00172065,61,28,32
S00172066,121,57,64
S00172067,221,125,93
S00172068,155,89,71
S00172069,105,59,46
S00172070,88,45,43
S00172071,151,74,76
S00172072,118,59,59
S00172073,107,59,51
S00172074,116,54,62
S00172075,129,65,60
S00172076,126,64,62
S00172077,134,66,68
S00172078,147,70,77
S00172079,162,87,75
S00172080,161,82,79
S00172081,176,84,92
S00172082,113,64,49
S00172083,83,39,40
S00172084,342,165,177
S00172085,150,71,79
S00172086,123,63,60
S00172087,135,67,70
S00172088,150,77,73
S00172089,102,53,52
S00172090,155,79,76
S00172091,121,61,62
S00172092,117,60,57
S00172093,89,52,36
S00172094,173,84,87
S00172095,111,51,61
S00172096,137,66,71
S00172097,122,64,58
S00172098,78,49,31
S00172099,84,42,42
S00172100,124,66,58
S00172101,127,68,59
S00172102,146,72,71
S00172103,91,52,35
S00172104,143,79,65
S00172105,72,33,35
S00172106,178,95,83
S00172107,152,79,73
S00172108,69,37,32
S00172109,82,36,46
S00172110,199,101,102
S00172111,100,48,52
S00172112,140,75,65
S00172113,80,41,39
S00172114,116,60,56
S00172115,132,62,73
S00172116,128,74,49
S00172117,66,37,26
S00172118,112,58,54
S00172119,197,101,96
S00172120,140,84,59
S00172121,136,74,59
S00172122,105,60,42
S00172123,90,44,46
S00172124,117,61,56
S00172125,115,57,58
S00172126,106,46,60
S00172127,95,50,45
S00172128,148,76,72
S00172129,94,54,40
S00172130,159,78,82
S00172131,138,73,65
S00172132,134,75,59
S00172133,131,63,66
S00172134,97,57,45
S00172135,147,79,68
S00172136,200,103,100
S00172137,100,51,47
S00172138,247,131,117
S00172139,214,104,110
S00172140,119,62,58
S00172141,109,60,46
S00172142,114,55,61
S00172143,198,108,88
S00172144,165,78,87
S00172145,225,114,115
S00172146,202,95,107
S00172147,115,72,43
S00172148,167,82,85
S00172149,164,83,81
S00172150,132,69,63
S00172151,138,77,64
S00172152,138,58,76
S00172153,139,65,74
S00172154,85,40,45
S00172155,194,96,98
S00172156,93,48,45
S00172157,182,87,95
S00172158,196,93,103
S00172159,161,77,84
S00172160,180,92,91
S00172161,170,85,85
S00172162,106,58,47
S00172163,174,97,77
S00172164,141,77,60
S00172165,149,76,73
S00172166,105,49,56
S00172167,106,45,58
S00172168,111,49,59
S00172169,91,57,34
S00172170,217,114,98
S00172171,112,60,52
S00172172,139,70,69
S00172173,113,76,36
S00172174,168,86,82
S00172175,195,101,98
S00172176,155,84,74
S00172177,107,54,54
S00172178,70,35,38
S00172179,103,50,53
S00172180,190,103,90
S00172181,110,63,47
S00172182,146,76,70
S00172183,175,89,86
S00172184,160,93,67
S00172185,181,102,80
S00172186,202,104,98
S00172187,117,57,60
S00172188,110,55,55
S00172189,65,39,28
S00172190,210,111,99
S00172191,125,71,56
S00172192,87,41,46
S00172193,250,118,132
S00172194,82,41,41
S00172195,124,67,56
S00172196,217,112,105
S00172197,130,71,58
S00172198,132,75,61
S00172199,140,67,73
S00172200,153,78,75
S00172201,103,62,41
S00172202,215,114,101
S00172203,122,64,58
S00172204,109,64,45
S00172205,74,37,37
S00172206,86,43,43
S00172207,74,42,36
S00172208,99,46,51
S00172209,124,62,62
S00172210,198,94,105
S00172211,142,75,67
S00172212,118,68,50
S00172213,140,78,59
S00172214,87,39,44
S00172215,114,61,56
S00172216,181,98,83
S00172217,90,53,37
S00172218,121,56,65
S00172219,104,51,53
S00172220,123,63,60
S00172221,149,85,64
S00172222,148,74,74
S00172223,113,61,52
S00172224,91,46,45
S00172225,113,55,54
S00172226,130,64,66
S00172227,132,61,71
S00172228,95,43,52
S00172229,265,131,134
S00172230,132,60,69
S00172231,148,73,75
S00172232,93,46,47
S00172233,166,86,80
S00172234,98,49,49
S00172235,150,79,71
S00172236,125,72,53
S00172237,98,60,35
S00172238,158,72,86
S00172239,97,57,43
S00172240,188,93,95
S00172241,101,52,49
S00172242,114,67,47
S00172243,123,65,55
S00172244,112,62,54
S00172245,81,37,43
S00172246,83,43,40
S00172247,92,57,41
S00172248,104,63,41
S00172249,89,42,47
S00172250,153,81,76
S00172251,190,100,90
S00172252,198,106,92
S00172253,148,78,67
S00172254,87,42,47
S00172255,63,32,31
S00172256,132,68,64
S00172257,143,77,66
S00172258,108,51,55
S00172259,105,52,56
S00172260,127,71,56
S00172261,137,64,73
S00172262,95,51,44
S00172263,142,74,72
S00172264,166,90,76
S00172265,106,46,56
S00172266,130,64,66
S00172267,103,56,49
S00172268,102,49,53
S00172269,111,64,46
S00172270,127,62,65
S00172271,96,48,48
S00172272,59,36,27
S00172273,141,66,72
S00172274,95,46,49
S00172275,105,62,46
S00172276,92,48,47
S00172277,184,88,94
S00172278,94,46,48
S00172279,98,54,48
S00172280,81,41,40
S00172281,174,91,88
S00172282,85,49,36
S00172283,141,76,62
S00172284,116,61,57
S00172285,156,80,76
S00172286,64,36,28
S00172287,176,83,92
S00172288,64,33,31
S00172289,104,54,50
S00172290,89,44,45
S00172291,73,39,34
S00172292,86,41,45
S00172293,119,56,60
S00172294,80,48,35
S00172295,140,69,71
S00172296,118,57,61
S00172297,102,56,45
S00172298,100,51,48
S00172299,106,48,55
S00172300,106,50,56
S00172301,106,44,62
S00172302,81,43,40
S00172303,103,43,60
S00172304,75,35,43
S00172305,65,34,31
S00172306,105,57,51
S00172307,191,94,97
S00172308,186,123,63
S00172309,161,71,93
S00172310,117,57,60
S00172311,138,76,62
S00172312,150,75,75
S00172313,121,58,63
S00172314,63,24,35
S00172315,95,52,46
S00172316,96,57,39
S00172317,63,31,30
S00172318,137,75,61
S00172319,77,31,44
S00172320,131,72,59
S00172321,111,49,62
S00172322,72,44,34
S00172323,106,51,55
S00172324,100,56,44
S00172325,83,45,36
S00172326,78,30,48
S00172327,74,32,42
S00172328,115,68,46
S00172329,89,45,44
S00172330,97,39,54
S00172331,114,57,58
S00172332,103,56,47
S00172333,102,49,53
S00172334,136,76,60
S00172335,97,43,54
S00172336,131,73,62
S00172337,76,44,32
S00172338,97,53,44
S00172339,130,71,59
S00172340,88,47,45
S00172341,75,27,48
S00172342,92,51,41
S00172343,99,48,51
S00172344,64,29,35
S00172345,174,86,91
S00172346,97,43,54
S00172347,112,60,52
S00172348,96,46,51
S00172349,108,59,49
S00172350,134,67,67
S00172351,71,42,30
S00172352,99,41,58
S00172353,83,43,40
S00172354,121,73,45
S00172355,114,57,57
S00172356,100,60,40
S00172357,176,94,82
S00172358,90,49,41
S00172359,72,40,32
S00172360,201,86,115
S00172361,61,24,36
S00172362,123,50,71
S00172363,179,84,102
S00172364,109,58,54
S00172365,105,57,49
S00172366,72,36,36
S00172367,67,36,33
S00172368,85,48,37
S00172369,111,48,63
S00172370,105,50,51
S00172371,141,73,68
S00172372,86,41,45
S00172373,65,38,26
S00172374,224,106,118
S00172375,147,82,61
S00172376,90,42,49
S00172377,77,43,34
S00172378,91,40,51
S00172379,93,48,48
S00172380,147,79,70
S00172381,96,47,49
S00172382,175,86,89
S00172383,92,46,43
S00172384,75,44,31
S00172385,138,77,61
S00172386,182,83,100
S00172387,185,94,95
S00172388,169,77,92
S00172389,107,54,51
S00172390,99,48,51
S00172391,180,90,90
S00172392,284,146,135
S00172393,100,55,41
S00172394,148,73,75
S00172395,88,48,40
S00172396,269,134,132
S00172397,223,117,106
S00172398,91,55,36
S00172399,77,40,37
S00172400,102,59,43
S00172401,88,49,39
S00172402,177,83,91
S00172403,106,46,60
S00172404,89,47,39
S00172405,113,60,53
S00172406,110,62,51
S00172407,192,93,99
S00172408,107,57,50
S00172409,81,38,43
S00172410,81,41,35
S00172411,154,79,75
S00172412,191,97,94
S00172413,91,51,43
S00172414,95,58,37
S00172415,133,65,70
S00172416,124,74,54
S00172417,125,64,61
S00172418,116,56,60
S00172419,128,68,60
S00172420,121,66,55
S00172421,108,61,50
S00172422,205,109,96
S00172423,84,42,44
S00172424,166,89,77
S00172425,86,43,43
S00172426,175,95,82
S00172427,100,46,58
S00172428,111,57,54
S00172429,161,91,74
S00172430,131,68,63
S00172431,103,54,49
S00172432,126,67,56
S00172433,150,72,78
S00172434,178,101,80
S00172435,104,49,55
S00172436,157,84,73
S00172437,159,86,73
S00172438,128,67,61
S00172439,108,61,47
S00172440,128,67,61
S00172441,120,54,69
S00172442,114,55,59
S00172443,97,52,42
S00172444,86,48,42
S00172445,141,75,66
S00172446,83,43,40
S00172447,112,61,50
S00172448,82,47,35
S00172449,150,73,77
S00172450,122,69,53
S00172451,230,110,120
S00172452,175,98,77
S00172453,144,72,72
S00172454,107,54,57
S00172455,112,60,52
S00172456,136,63,71
S00172457,66,38,34
S00172458,103,49,54
S00172459,67,32,32
S00172460,158,84,73
S00172461,77,48,32
S00172462,151,88,63
S00172463,98,43,52
S00172464,61,32,30
S00172465,135,68,67
S00172466,110,56,54
S00172467,122,58,61
S00172468,105,47,62
S00172469,103,55,48
S00172470,86,46,40
S00172471,115,64,51
S00172472,92,43,49
S00172473,86,43,43
S00172474,129,66,66
S00172475,67,37,30
S00172476,87,50,36
S00172477,187,99,90
S00172478,108,53,55
S00172479,105,57,48
S00172480,73,42,31
S00172481,73,35,38
S00172482,98,46,52
S00172483,92,55,37
S00172484,93,54,41
S00172485,86,40,43
S00172486,70,36,34
S00172487,100,54,46
S00172488,84,41,43
S00172489,80,44,36
S00172490,197,101,96
S00172491,226,117,106
S00172492,69,35,34
S00172493,94,54,40
S00172494,116,60,56
S00172495,100,50,46
S00172496,252,130,120
S00172497,121,61,59
S00172498,205,89,116
S00172499,87,45,38
S00172500,71,42,32
S00172501,65,32,33
S00172502,114,63,51
S00172503,70,42,31
S00172504,84,41,40
S00172505,64,33,31
S00172506,173,94,74
S00172507,78,40,42
S00172508,121,61,62
S00172509,112,59,53
S00172510,131,72,59
S00172511,98,53,43
S00172512,72,43,36
S00172513,141,76,69
S00172514,150,68,82
S00172515,155,84,71
S00172516,144,72,69
S00172517,79,47,36
S00172518,143,74,69
S00172519,97,50,47
S00172520,132,62,67
S00172521,57,29,31
S00172522,101,48,53
S00172523,143,71,73
S00172524,124,71,53
S00172525,89,49,44
S00172526,115,62,50
S00172527,87,42,45
S00172528,93,46,47
S00172529,81,41,40
S00172530,85,46,35
S00172531,70,37,33
S00172532,61,32,29
S00172533,112,66,46
S00172534,154,84,71
S00172535,82,46,36
S00172536,96,53,47
S00172537,109,52,57
S00172538,134,83,51
S00172539,121,66,55
S00172540,64,25,35
S00172541,106,53,54
S00172542,99,51,46
S00172543,146,81,65
S00172544,78,42,40
S00172545,96,53,44
S00172546,82,41,41
S00172547,125,61,64
S00172548,129,72,58
S00172549,95,51,44
S00172550,128,70,58
S00172551,110,54,52
S00172552,106,53,53
S00172553,157,78,79
S00172554,94,53,35
S00172555,90,50,40
S00172556,81,45,36
S00172557,130,62,68
S00172558,71,40,31
S00172559,170,85,85
S00172560,106,57,45
S00172561,153,81,72
S00172562,177,92,85
S00172563,101,51,54
S00172564,174,91,82
S00172565,142,70,72
S00172566,123,70,52
S00172567,87,38,49
S00172568,148,72,76
S00172569,133,64,71
S00172570,142,78,64
S00172571,137,72,65
S00172572,86,37,45
S00172573,133,71,63
S00172574,115,60,53
S00172575,104,54,50
S00172576,88,45,43
S00172577,135,69,72
S00172578,135,72,67
S00172579,231,115,112
S00172580,144,76,68
S00172581,110,66,44
S00172582,162,88,76
S00172583,92,47,45
S00172584,95,28,67
S00172585,105,59,45
S00172586,93,51,42
S00172587,109,65,46
S00172588,93,52,41
S00172589,141,70,70
S00172590,159,84,75
S00172591,62,27,38
S00172592,109,57,55
S00172593,115,66,52
S00172594,94,57,37
S00172595,184,101,83
S00172596,67,36,31
S00172597,155,86,71
S00172598,77,48,29
S00172599,89,47,42
S00172600,113,58,55
S00172601,103,55,45
S00172602,85,46,39
S00172603,139,71,68
S00172604,129,69,59
S00172605,136,71,65
S00172606,270,154,116
S00172607,78,42,32
S00172608,90,50,40
S00172609,101,53,48
S00172610,124,57,64
S00172611,75,45,26
S00172612,82,43,42
S00172613,83,46,39
S00172614,141,65,80
S00172615,84,45,39
S00172616,70,38,32
S00172617,183,92,91
S00172618,74,41,33
S00172619,171,87,84
S00172620,83,42,42
S00172621,162,88,74
S00172622,161,82,79
S00172623,122,60,63
S00172624,154,74,80
S00172625,126,69,57
S00172626,74,36,34
S00172627,175,85,90
S00172628,113,62,51
S00172629,74,42,32
S00172630,128,61,67
S00172631,81,36,45
S00172632,128,68,60
S00172633,132,67,65
S00172634,96,51,45
S00172635,201,104,97
S00172636,124,62,62
S00172637,140,70,70
S00172638,86,37,53
S00172639,93,58,37
S00172640,103,50,50
S00172641,145,72,70
S00172642,134,69,65
S00172643,122,63,59
S00172644,161,89,72
S00172645,78,40,37
S00172646,134,69,63
S00172647,134,71,63
S00172648,120,60,60
S00172649,133,64,69
S00172650,97,50,41
S00172651,98,57,37
S00172652,92,51,44
S00172653,129,73,56
S00172654,99,56,45
S00172655,58,26,35
S00172656,136,66,70
S00172657,96,58,38
S00172658,125,65,63
S00172659,95,56,43
S00172660,150,81,69
S00172661,165,86,81
S00172662,66,46,23
S00172663,80,43,40
S00172664,105,65,46
S00172665,69,36,33
S00172666,177,107,69
S00172667,92,47,45
S00172668,162,83,76
S00172669,65,30,38
S00172670,212,119,94
S00172671,71,36,35
S00172672,83,39,45
S00172673,103,56,43
S00172674,85,49,39
S00172675,63,32,31
S00172676,87,44,43
S00172677,91,51,39
S00172678,104,49,53
S00172679,74,30,42
S00172680,176,94,82
S00172681,90,54,36
S00172682,131,72,59
S00172683,101,57,48
S00172684,63,33,30
S00172685,71,38,36
S00172686,161,80,81
S00172687,85,47,38
S00172688,109,65,44
S00172689,127,72,62
S00172690,169,89,80
S00172691,75,41,38
S00172692,143,70,73
S00172693,92,46,45
S00172694,109,50,61
S00172695,74,40,34
S00172696,146,83,60
S00172697,115,59,56
S00172698,148,89,61
S00172699,90,43,47
S00172700,174,109,63
S00172701,89,44,45
S00172702,122,58,61
S00172703,67,40,28
S00172704,112,60,52
S00172705,135,69,66
S00172706,154,75,79
S00172707,128,69,59
S00172708,90,48,42
S00172709,81,35,42
S00172710,93,59,34
S00172711,110,63,46
S00172712,144,80,64
S00172713,92,45,47
S00172714,129,72,57
S00172715,131,71,62
S00172716,100,56,45
S00172717,100,57,47
S00172718,219,111,108
S00172719,98,49,49
S00172720,118,63,55
S00172721,143,72,74
S00172722,153,76,77
S00172723,70,34,36
S00172724,73,36,37
S00172725,123,61,62
S00172726,90,45,43
S00172727,78,36,42
S00172728,183,87,96
S00172729,89,49,39
S00172730,126,61,62
S00172731,67,30,39
S00172732,99,52,47
S00172733,80,40,40
S00172734,98,47,51
S00172735,75,33,39
S00172736,130,78,51
S00172737,122,66,56
S00172738,65,34,31
S00172739,121,59,62
S00172740,78,31,47
S00172741,68,34,30
S00172742,120,66,54
S00172743,71,36,35
S00172744,134,64,65
S00172745,87,50,37
S00172746,103,56,47
S00172747,81,41,40
S00172748,156,71,85
S00172749,140,74,66
S00172750,70,37,33
S00172751,119,67,52
S00172752,87,41,46
S00172753,123,41,82
S00172754,95,56,42
S00172755,113,66,48
S00172756,144,82,66
S00172757,61,27,34
S00172758,130,62,68
S00172759,75,46,33
S00172760,78,42,36
S00172761,103,54,49
S00172762,71,40,34
S00172763,70,34,36
S00172764,132,68,64
S00172765,107,64,43
S00172766,141,76,66
S00172767,130,66,64
S00172768,114,64,49
S00172769,101,49,52
S00172770,159,90,73
S00172771,117,68,46
S00172772,88,35,49
S00172773,115,59,56
S00172774,75,47,29
S00172775,87,50,37
S00172776,93,52,41
S00172777,102,54,48
S00172778,133,74,59
S00172779,65,35,30
S00172780,93,59,38
S00172781,106,59,49
S00172782,82,41,41
S00172783,113,62,49
S00172784,165,93,70
S00172785,100,56,44
S00172786,136,74,62
S00172787,122,60,62
S00172788,87,20,64
S00172789,126,68,58
S00172790,78,46,32
S00172791,126,64,65
S00172792,71,36,38
S00172793,130,67,63
S00172794,126,72,54
S00172795,61,33,32
S00172796,123,65,59
S00172797,92,44,48
S00172798,88,44,44
S00172799,91,43,48
S00172800,109,62,47
S00172801,65,32,33
S00172802,79,39,39
S00172803,87,43,44
S00172804,86,37,49
S00172805,112,61,51
S00172806,123,62,61
S00172807,74,36,38
S00172808,148,92,59
S00172809,134,67,67
S00172810,92,43,49
S00172811,150,70,87
S00172812,101,56,45
S00172813,143,71,70
S00172814,61,32,29
S00172815,131,61,70
S00172816,113,73,40
S00172817,86,45,41
S00172818,216,117,102
S00172819,77,37,40
S00172820,125,71,54
S00172821,107,50,57
S00172822,150,75,75
S00172823,88,57,38
S00172824,109,65,43
S00172825,139,71,68
S00172826,172,89,83
S00172827,163,91,72
S00172828,288,115,173
S00172829,98,55,43
S00172830,71,33,38
S00172831,95,44,49
S00172832,121,64,52
S00172833,117,71,46
S00172834,89,45,38
S00172835,91,40,51
S00172836,143,68,77
S00172837,97,56,41
S00172838,85,50,35
S00172839,107,41,66
S00172840,145,82,63
S00172841,106,59,45
S00172842,126,69,56
S00172843,114,65,49
S00172844,112,51,60
S00172845,152,77,77
S00172846,179,84,91
S00172847,147,78,69
S00172848,109,66,43
S00172849,121,54,71
S00172850,73,40,35
S00172851,89,47,45
S00172852,122,66,56
S00172853,81,42,40
S00172854,90,41,50
S00172855,63,30,31
S00172856,88,38,50
S00172857,92,45,47
S00172858,127,62,65
S00172859,61,31,26
S00172860,101,46,56
S00172861,126,59,67
S00172862,112,56,50
S00172863,119,69,54
S00172864,73,38,35
S00172865,158,82,76
S00172866,103,75,28
S00172867,126,57,68
S00172868,134,59,71
S00172869,77,44,33
S00172870,117,65,52
S00172871,144,81,64
S00172872,81,27,52
S00172873,103,42,61
S00172874,113,66,47
S00172875,73,40,33
S00172876,107,57,50
S00172877,103,56,47
S00172878,60,29,31
S00172879,67,37,33
S00172880,95,44,50
S00172881,142,72,70
S00172882,121,53,68
S00172883,148,71,77
S00172884,104,61,43
S00172885,78,32,45
S00172886,161,80,81
S00172887,95,43,52
S00172888,150,75,73
S00172889,121,67,54
S00172890,96,41,55
S00172891,73,39,37
S00172892,151,77,72
S00172893,230,113,117
S00172894,74,35,39
S00172895,76,41,35
S00172896,102,53,49
S00172897,133,74,59
S00172898,116,50,66
S00172899,110,56,57
S00172900,128,62,66
S00172901,148,75,76
S00172902,146,68,78
S00172903,149,71,77
S00172904,67,25,38
S00172905,73,32,41
S00172906,89,42,47
S00172907,165,88,74
S00172908,103,53,50
S00172909,94,46,48
S00172910,78,37,37
S00172911,320,163,157
S00172912,115,46,69
S00172913,130,58,68
S00172914,69,43,29
S00172915,89,43,46
S00172916,123,59,64
S00172917,61,36,23
S00172918,123,62,61
S00172919,84,38,42
S00172920,65,33,32
S00172921,86,31,54
S00172922,102,44,55
S00172923,145,79,66
S00172924,173,90,81
S00172925,144,72,71
S00172926,96,60,36
S00172927,143,63,80
S00172928,105,56,48
S00172929,136,53,83
S00172930,186,98,92
S00172931,75,41,34
S00172932,118,60,58
S00172933,76,31,45
S00172934,105,56,50
S00172935,139,65,74
S00172936,86,41,45
S00172937,451,210,241
S00172938,65,31,31
S00172939,106,54,56
S00172940,113,56,57
S00172941,139,71,68
S00172942,67,36,31
S00172943,116,57,59
S00172944,127,74,53
S00172945,120,65,55
S00172946,131,68,63
S00172947,103,47,56
S00172948,120,64,56
S00172949,81,37,42
S00172950,146,72,74
S00172951,162,88,71
S00172952,79,46,29
S00172953,166,89,73
S00172954,91,49,42
S00172955,121,69,52
S00172956,107,57,50
S00172957,95,55,40
S00172958,84,45,39
S00172959,231,127,107
S00172960,119,67,51
S00172961,69,38,31
S00172962,102,41,58
S00172963,87,42,45
S00172964,122,59,61
S00172965,123,51,72
S00172966,126,58,68
S00172967,68,38,32
S00172968,86,42,44
S00172969,107,52,58
S00172970,180,99,81
S00172971,73,31,41
S00172972,92,51,41
S00172973,89,41,51
S00172974,63,18,45
S00172975,125,62,63
S00172976,125,62,63
S00172977,63,33,28
S00172978,69,33,37
S00172979,86,45,41
S00172980,113,51,63
S00172981,129,53,75
S00172982,164,85,79
S00172983,140,67,71
S00172984,149,77,66
S00172985,78,42,33
S00172986,116,57,57
S00172987,71,38,37
S00172988,77,35,42
S00172989,121,57,64
S00172990,115,50,65
S00172991,94,44,50
S00172992,105,51,52
S00172993,120,63,57
S00172994,84,42,42
S00172995,71,37,35
S00172996,97,48,49
S00172997,122,52,67
S00172998,92,44,48
S00172999,77,39,38
S00173000,84,38,46
S00173001,109,46,64
S00173002,166,92,72
S00173003,108,44,68
S00173004,119,63,56
S00173005,125,68,53
S00173006,96,51,45
S00173007,65,24,41
S00173008,168,84,84
S00173009,100,53,47
S00173010,90,40,50
S00173011,109,59,50
S00173012,71,34,34
S00173013,88,52,32
S00173014,77,48,32
S00173015,84,34,50
S00173016,133,67,66
S00173017,101,44,57
S00173018,113,59,54
S00173019,98,56,42
S00173020,104,54,49
S00173021,65,39,29
S00173022,99,46,53
S00173023,131,63,66
S00173024,125,63,62
S00173025,99,53,46
S00173026,84,47,37
S00173027,99,45,54
S00173028,62,34,29
S00173029,116,62,54
S00173030,124,63,61
S00173031,93,33,61
S00173032,124,71,53
S00173033,102,44,58
S00173034,99,46,53
S00173035,65,35,30
S00173036,75,48,33
S00173037,66,40,23
S00173038,112,41,71
S00173039,128,65,66
S00173040,71,38,33
S00173041,110,58,52
S00173042,163,87,76
S00173043,115,64,55
S00173044,98,53,45
S00173045,102,52,50
S00173046,65,33,28
S00173047,187,88,99
S00173048,109,60,49
S00173049,69,34,35
S00173050,117,59,55
S00173051,72,40,32
S00173052,78,35,43
S00173053,149,64,81
S00173054,144,70,74
S00173055,103,51,52
S00173056,131,64,67
S00173057,72,37,35
S00173058,68,38,30
S00173059,86,52,38
S00173060,85,40,45
S00173061,159,89,70
S00173062,91,46,47
S00173063,119,60,59
S00173064,160,85,77
S00173065,82,35,47
S00173066,138,68,70
S00173067,110,55,55
S00173068,148,84,65
S00173069,100,45,53
S00173070,72,39,33
S00173071,122,59,63
S00173072,114,54,65
S00173073,71,37,34
S00173074,133,70,63
S00173075,89,50,42
S00173076,155,74,81
S00173077,120,56,64
S00173078,126,59,67
S00173079,107,54,53
S00173080,101,54,47
S00173081,91,39,52
S00173082,105,47,54
S00173083,77,26,51
S00173084,69,33,36
S00173085,105,52,53
S00173086,169,107,62
S00173087,93,43,50
S00173088,169,82,86
S00173089,87,38,49
S00173090,82,41,41
S00173091,143,75,65
S00173092,127,60,67
S00173093,85,48,37
S00173094,83,35,44
S00173095,136,77,64
S00173096,177,98,83
S00173097,105,56,56
S00173098,77,32,45
S00173099,71,38,36
S00173100,76,36,40
S00173101,162,77,85
S00173102,97,43,54
S00173103,85,41,43
S00173104,109,50,59
S00173105,71,41,30
S00173106,152,74,75
S00173107,109,49,60
S00173108,99,52,47
S00173109,113,64,49
S00173110,83,42,41
S00173111,90,52,42
S00173112,78,41,37
S00173113,110,57,49
S00173114,80,39,41
S00173115,93,41,52
S00173116,80,44,36
S00173117,167,80,87
S00173118,104,47,56
S00173119,97,45,50
S00173120,96,54,42
S00173121,71,43,28
S00173122,88,45,47
S00173123,127,56,76
S00173124,83,42,41
S00173125,100,64,36
S00173126,72,40,32
S00173127,174,96,78
S00173128,207,117,90
S00173129,107,53,54
S00173130,107,61,46
S00173131,71,27,41
S00173132,104,45,59
S00173133,161,87,71
S00173134,142,68,68
S00173135,153,79,74
S00173136,123,58,66
S00173137,137,71,68
S00173138,65,30,35
S00173139,92,34,52
S00173140,109,62,47
S00173141,102,54,52
S00173142,197,122,75
S00173143,134,73,61
S00173144,65,26,39
S00173145,111,59,58
S00173146,137,72,65
S00173147,82,42,39
S00173148,94,49,45
S00173149,128,60,70
S00173150,65,33,36
S00173151,72,34,38
S00173152,69,36,33
S00173153,99,53,44
S00173154,103,56,44
S00173155,92,39,53
S00173156,62,41,22
S00173157,135,64,71
S00173158,92,45,46
S00173159,114,51,63
S00173160,82,45,37
S00173161,98,48,53
S00173162,83,47,36
S00173163,81,44,37
S00173164,116,60,56
S00173165,116,55,59
S00173166,74,50,24
S00173167,122,54,68
S00173168,95,50,44
S00173169,106,53,53
S00173170,69,40,26
S00173171,199,103,100
S00173172,123,64,59
S00173173,125,73,52
S00173174,128,70,62
S00173175,115,61,54
S00173176,97,46,54
S00173177,70,43,27
S00173178,132,63,69
S00173179,96,47,49
S00173180,68,34,34
S00173181,65,35,34
S00173182,88,42,48
S00173183,141,69,68
S00173184,95,43,52
S00173185,80,44,36
S00173186,82,41,41
S00173187,140,70,72
S00173188,73,37,36
S00173189,96,45,51
S00173190,98,53,45
S00173191,87,36,44
S00173192,111,66,45
S00173193,138,78,59
S00173194,73,41,32
S00173195,131,62,67
S00173196,139,75,64
S00173197,80,39,42
S00173198,62,25,37
S00173199,70,29,41
S00173200,147,74,73
S00173201,134,69,61
S00173202,101,63,38
S00173203,122,67,55
S00173204,60,31,27
S00173205,92,49,43
S00173206,82,43,39
S00173207,128,70,58
S00173208,74,35,39
S00173209,180,97,87
S00173210,87,51,36
S00173211,97,50,49
S00173212,79,42,38
S00173213,152,77,75
S00173214,67,41,30
S00173215,139,70,69
S00173216,152,80,76
S00173217,112,65,47
S00173218,115,57,58
S00173219,151,75,74
S00173220,73,29,43
S00173221,159,96,63
S00173222,119,62,55
S00173223,128,74,54
S00173224,93,49,40
S00173225,65,39,27
S00173226,70,44,26
S00173227,61,33,32
S00173228,76,31,47
S00173229,182,103,81
S00173230,69,37,32
S00173231,132,72,60
S00173232,92,44,44
S00173233,98,56,42
S00173234,116,67,53
S00173235,88,46,42
S00173236,137,56,80
S00173237,85,35,50
S00173238,142,77,65
S00173239,77,40,37
S00173240,85,43,41
S00173241,102,56,46
S00173242,86,47,38
S00173243,111,56,55
S00173244,78,37,41
S00173245,108,62,46
S00173246,177,91,86
S00173247,158,91,67
S00173248,115,58,57
S00173249,94,45,49
S00173250,95,56,45
S00173251,91,50,43
S00173252,113,61,53
S00173253,69,37,30
S00173254,96,51,47
S00173255,111,51,60
S00173256,89,37,54
S00173257,84,57,27
S00173258,92,50,46
S00173259,166,85,80
S00173260,94,53,40
S00173261,65,31,34
S00173262,94,46,51
S00173263,133,62,71
S00173264,71,39,32
S00173265,144,70,68
S00173266,99,48,51
S00173267,108,41,67
S00173268,69,34,31
S00173269,110,59,51
S00173270,234,119,115
S00173271,84,48,40
S00173272,179,90,89
S00173273,258,136,122
S00173274,70,38,32
S00173275,138,83,58
S00173276,129,67,60
S00173277,121,57,64
S00173278,97,49,49
S00173279,83,43,40
S00173280,139,78,61
S00173281,128,71,58
S00173282,117,58,58
S00173283,168,79,89
S00173284,85,44,41
S00173285,123,74,49
S00173286,117,66,51
S00173287,84,53,31
S00173288,137,79,55
S00173289,120,64,56
S00173290,112,59,53
S00173291,118,59,60
S00173292,128,61,70
S00173293,131,72,56
S00173294,148,80,68
S00173295,95,51,44
S00173296,190,118,72
S00173297,112,59,53
S00173298,88,47,41
S00173299,61,40,21
S00173300,64,26,38
S00173301,79,47,32
S00173302,104,57,48
S00173303,81,38,43
S00173304,64,35,29
S00173305,93,60,37
S00173306,67,33,34
S00173307,132,64,68
S00173308,62,36,26
S00173309,178,88,89
S00173310,105,49,53
S00173311,62,38,28
S00173312,105,54,51
S00173313,153,70,82
S00173314,102,57,52
S00173315,111,68,43
S00173316,87,51,36
S00173317,67,37,30
S00173318,88,51,39
S00173319,65,31,31
S00173320,113,66,47
S00173321,77,37,39
S00173322,70,39,31
S00173323,75,40,35
S00173324,105,57,49
S00173325,112,57,55
S00173326,70,39,35
S00173327,110,60,52
S00173328,134,64,70
S00173329,110,42,68
S00173330,96,52,44
S00173331,141,70,71
S00173332,86,54,36
S00173333,97,46,47
S00173334,78,41,37
S00173335,118,64,58
S00173336,131,70,58
S00173337,100,46,55
S00173338,93,46,47
S00173339,113,56,54
S00173340,84,43,35
S00173341,170,88,84
S00173342,112,68,44
S00173343,98,54,45
S00173344,195,90,102
S00173345,65,32,33
S00173346,123,68,55
S00173347,135,65,68
S00173348,61,34,26
S00173349,130,65,65
S00173350,72,35,36
S00173351,95,46,49
S00173352,93,47,46
S00173353,120,55,60
S00173354,104,51,51
S00173355,145,79,66
S00173356,96,52,48
S00173357,76,45,31
S00173358,125,77,50
S00173359,157,76,81
S00173360,62,33,29
S00173361,178,89,86
S00173362,191,103,89
S00173363,69,44,29
S00173364,105,61,44
S00173365,94,57,37
S00173366,150,81,69
S00173367,75,38,37
S00173368,120,57,61
S00173369,179,79,104
S00173370,87,47,42
S00173371,102,54,48
S00173372,159,86,73
S00173373,99,50,49
S00173374,87,41,46
S00173375,127,65,62
S00173376,110,58,54
S00173377,97,48,49
S00173378,142,71,71
S00173379,85,48,37
S00173380,161,77,84
S00173381,142,66,76
S00173382,68,31,38
S00173383,174,88,82
S00173384,81,48,35
S00173385,146,79,67
S00173386,92,48,44
S00173387,213,118,93
S00173388,239,122,117
S00173389,68,39,29
S00173390,113,57,57
S00173391,109,59,48
S00173392,163,90,73
S00173393,207,105,102
S00173394,126,68,58
S00173395,95,53,39
S00173396,184,101,83
S00173397,80,37,44
S00173398,87,43,44
S00173399,72,38,34
S00173400,91,47,44
S00173401,120,67,55
S00173402,69,43,30
S00173403,86,48,38
S00173404,108,64,41
S00173405,79,39,36
S00173406,89,53,37
S00173407,149,83,66
S00173408,91,51,40
S00173409,122,65,57
S00173410,131,70,64
S00173411,157,72,81
S00173412,91,48,47
S00173413,101,46,52
S00173414,156,84,72
S00173415,106,65,38
S00173416,110,55,55
S00173417,141,85,58
S00173418,125,69,56
S00173419,166,82,81
S00173420,165,86,79
S00173421,144,76,68
S00173422,60,35,25
S00173423,60,26,34
S00173424,136,73,60
S00173425,67,40,27
S00173426,70,36,30
S00173427,84,45,39
S00173428,97,46,51
S00173429,116,60,56
S00173430,128,64,64
S00173431,156,86,70
S00173432,107,65,42
S00173433,118,56,62
S00173434,88,49,39
S00173435,111,58,53
S00173436,114,52,62
S00173437,87,48,39
S00173438,113,52,61
S00173439,157,84,71
S00173440,121,60,61
S00173441,124,63,64
S00173442,106,60,46
S00173443,164,87,77
S00173444,137,70,63
S00173445,60,35,22
S00173446,123,60,63
S00173447,81,40,42
S00173448,247,135,112
S00173449,121,72,49
S00173450,126,67,55
S00173451,71,40,34
S00173452,100,55,45
S00173453,170,97,73
S00173454,163,83,80
S00173455,129,65,64
S00173456,131,71,60
S00173457,166,91,75
S00173458,144,80,64
S00173459,70,33,37
S00173460,91,45,45
S00173461,84,42,44
S00173462,61,37,24
S00173463,77,36,41
S00173464,182,97,88
S00173465,99,57,43
S00173466,97,55,38
S00173467,145,76,69
S00173468,171,85,86
S00173469,113,64,49
S00173470,124,60,64
S00173471,167,86,81
S00173472,65,36,26
S00173473,120,59,61
S00173474,186,85,97
S00173475,145,83,62
S00173476,131,70,64
S00173477,136,72,59
S00173478,70,40,32
S00173479,154,70,84
S00173480,111,52,59
S00173481,180,97,81
S00173482,63,29,30
S00173483,105,51,54
S00173484,63,22,38
S00173485,78,40,38
S00173486,102,53,49
S00173487,183,111,75
S00173488,113,57,54
S00173489,117,60,61
S00173490,95,57,38
S00173491,79,32,47
S00173492,78,51,30
S00173493,87,49,41
S00173494,114,59,59
S00173495,76,40,35
S00173496,146,63,83
S00173497,172,92,84
S00173498,94,52,42
S00173499,72,38,32
S00173500,109,45,64
S00173501,143,87,56
S00173502,104,61,46
S00173503,174,100,74
S00173504,72,35,35
S00173505,141,76,67
S00173506,108,54,55
S00173507,147,75,72
S00173508,123,64,59
S00173509,155,63,89
S00173510,124,64,63
S00173511,149,87,63
S00173512,122,60,62
S00173513,89,41,48
S00173514,60,36,24
S00173515,99,52,47
S00173516,63,17,46
S00173517,142,73,69
S00173518,129,64,65
S00173519,149,83,65
S00173520,119,62,59
S00173521,190,104,86
S00173522,148,82,66
S00173523,102,55,48
S00173524,154,78,72
S00173525,124,72,52
S00173526,98,53,45
S00173527,138,76,62
S00173528,64,31,33
S00173529,84,45,39
S00173530,156,80,76
S00173531,90,45,41
S00173532,111,52,59
S00173533,162,85,77
S00173534,78,46,32
S00173535,143,71,72
S00173536,113,56,50
S00173537,94,50,44
S00173538,123,59,61
S00173539,75,44,31
S00173540,154,77,77
S00173541,83,42,37
S00173542,219,123,96
S00173543,115,69,46
S00173544,111,63,48
S00173545,110,52,58
S00173546,131,73,58
S00173547,70,24,46
S00173548,87,45,42
S00173549,141,68,64
S00173550,89,43,44
S00173551,155,76,79
S00173552,188,103,87
S00173553,110,53,56
S00173554,85,42,43
S00173555,114,54,60
S00173556,158,87,71
S00173557,94,51,43
S00173558,86,46,40
S00173559,116,59,57
S00173560,179,92,87
S00173561,135,71,64
S00173562,121,71,50
S00173563,215,118,95
S00173564,127,69,58
S00173565,75,44,31
S00173566,88,47,41
S00173567,159,84,79
S00173568,153,77,78
S00173569,147,78,69
S00173570,151,82,69
S00173571,123,70,53
S00173572,110,52,55
S00173573,80,43,37
S00173574,87,43,44
S00173575,70,36,35
S00173576,139,79,60
S00173577,141,71,72
S00173578,145,74,70
S00173579,93,49,41
S00173580,118,52,66
S00173581,79,42,37
S00173582,159,75,83
S00173583,161,90,70
S00173584,144,78,66
S00173585,111,58,48
S00173586,117,61,52
S00173587,65,31,34
S00173588,149,77,70
S00173589,80,44,39
S00173590,76,33,43
S00173591,110,63,47
S00173592,134,62,72
S00173593,71,40,28
S00173594,74,41,33
S00173595,103,55,48
S00173596,156,78,79
S00173597,95,51,44
S00173598,137,72,65
S00173599,100,45,55
S00173600,139,71,68
S00173601,97,50,47
S00173602,100,54,46
S00173603,89,44,46
S00173604,124,62,62
S00173605,118,68,50
S00173606,95,55,44
S00173607,180,86,93
S00173608,95,42,49
S00173609,159,83,76
S00173610,104,50,54
S00173611,61,31,30
S00173612,180,99,81
S00173613,115,55,56
S00173614,108,60,48
S00173615,112,63,49
S00173616,146,74,72
S00173617,113,53,59
S00173618,168,96,72
S00173619,135,76,60
S00173620,119,60,59
S00173621,144,76,68
S00173622,115,61,58
S00173623,98,47,51
S00173624,77,41,32
S00173625,170,88,82
S00173626,108,57,51
S00173627,104,54,50
S00173628,182,93,89
S00173629,99,46,53
S00173630,99,47,52
S00173631,137,70,67
S00173632,107,60,47
S00173633,93,39,51
S00173634,124,64,60
S00173635,89,46,43
S00173636,103,55,48
S00173637,150,76,74
S00173638,95,52,43
S00173639,134,69,67
S00173640,119,66,53
S00173641,156,80,76
S00173642,126,65,61
S00173643,156,80,76
S00173644,157,76,81
S00173645,139,66,73
S00173646,181,103,78
S00173647,169,83,86
S00173648,126,60,66
S00173649,83,46,37
S00173650,61,31,31
S00173651,179,90,89
S00173652,146,77,71
S00173653,146,71,75
S00173654,159,83,76
S00173655,113,59,54
S00173656,158,79,82
S00173657,109,61,48
S00173658,77,39,38
S00173659,87,42,45
S00173660,151,85,66
S00173661,87,45,41
S00173662,87,44,43
S00173663,115,57,58
S00173664,186,89,97
S00173665,127,61,65
S00173666,115,59,56
S00173667,149,83,66
S00173668,72,36,36
S00173669,62,31,27
S00173670,156,84,69
S00173671,94,50,44
S00173672,94,51,41
S00173673,86,44,42
S00173674,73,36,37
S00173675,62,33,31
S00173676,96,46,50
S00173677,101,45,57
S00173678,78,41,40
S00173679,74,36,38
S00173680,151,79,72
S00173681,78,45,33
S00173682,81,42,39
S00173683,198,92,106
S00173684,124,69,55
S00173685,63,35,31
S00173686,170,84,81
S00173687,92,51,37
S00173688,72,43,33
S00173689,75,40,32
S00173690,101,48,53
S00173691,90,44,46
S00173692,127,72,52
S00173693,119,61,61
S00173694,130,68,62
S00173695,126,67,57
S00173696,145,78,67
S00173697,113,64,51
S00173698,90,47,44
S00173699,163,81,82
S00173700,193,98,95
S00173701,149,71,79
S00173702,154,85,69
S00173703,180,90,86
S00173704,163,81,82
S00173705,115,59,56
S00173706,87,42,48
S00173707,194,95,99
S00173708,118,62,56
S00173709,77,44,34
S00173710,77,41,36
S00173711,96,44,53
S00173712,117,59,58
S00173713,195,117,81
S00173714,92,46,46
S00173715,174,92,86
S00173716,85,41,44
S00173717,133,72,61
S00173718,81,47,34
S00173719,98,49,45
S00173720,94,51,46
S00173721,127,66,62
S00173722,198,101,100
S00173723,137,70,65
S00173724,75,42,34
S00173725,100,54,46
S00173726,111,52,55
S00173727,76,39,37
S00173728,85,38,47
S00173729,75,35,40
S00173730,106,46,58
S00173731,128,61,65
S00173732,113,58,52
S00173733,127,63,64
S00173734,101,53,48
S00173735,119,62,55
S00173736,125,56,69
S00173737,166,102,68
S00173738,108,52,59
S00173739,134,73,64
S00173740,203,80,121
S00173741,96,41,55
S00173742,169,86,83
S00173743,120,54,66
S00173744,156,89,67
S00173745,166,80,86
S00173746,144,66,73
S00173747,133,70,61
S00173748,140,70,70
S00173749,160,80,80
S00173750,145,72,77
S00173751,93,47,46
S00173752,118,52,66
S00173753,139,71,68
S00173754,109,56,50
S00173755,139,67,72
S00173756,73,33,40
S00173757,100,49,51
S00173758,76,37,38
S00173759,63,33,33
S00173760,120,56,64
S00173761,88,41,47
S00173762,138,77,57
S00173763,105,58,51
S00173764,105,58,49
S00173765,119,61,61
S00173766,136,68,68
S00173767,153,76,74
S00173768,153,77,78
S00173769,126,66,60
S00173770,182,92,90
S00173771,172,80,92
S00173772,140,66,70
S00173773,122,63,59
S00173774,190,100,91
S00173775,121,59,59
S00173776,107,51,56
S00173777,119,61,58
S00173778,206,115,91
S00173779,111,59,52
S00173780,131,65,66
S00173781,73,37,36
S00173782,96,49,50
S00173783,98,44,51
S00173784,74,35,39
S00173785,88,46,41
S00173786,132,71,61
S00173787,89,43,46
S00173788,131,64,70
S00173789,89,48,41
S00173790,187,100,85
S00173791,118,61,61
S00173792,111,55,54
S00173793,92,48,44
S00173794,109,62,46
S00173795,87,47,40
S00173796,93,51,42
S00173797,87,49,38
S00173798,163,83,84
S00173799,159,86,73
S00173800,103,56,48
S00173801,100,51,49
S00173802,109,55,54
S00173803,194,94,100
S00173804,147,70,75
S00173805,97,41,52
S00173806,132,61,71
S00173807,122,63,59
S00173808,146,67,76
S00173809,134,73,61
S00173810,97,48,49
S00173811,120,64,56
S00173812,126,65,62
S00173813,132,66,67
S00173814,182,99,83
S00173815,93,45,44
S00173816,146,78,68
S00173817,106,58,49
S00173818,100,56,44
S00173819,124,64,60
S00173820,104,53,51
S00173821,200,102,98
S00173822,135,66,69
S00173823,115,63,48
S00173824,123,69,54
S00173825,128,64,64
S00173826,70,38,32
S00173827,119,59,58
S00173828,136,71,65
S00173829,96,41,52
S00173830,158,72,86
S00173831,173,91,82
S00173832,79,37,42
S00173833,162,88,74
S00173834,127,65,61
S00173835,68,34,34
S00173836,101,56,43
S00173837,160,92,68
S00173838,121,54,67
S00173839,78,41,36
S00173840,130,61,69
S00173841,64,32,32
S00173842,144,76,68
S00173843,167,92,75
S00173844,189,93,96
S00173845,124,56,68
S00173846,92,47,47
S00173847,180,90,92
S00173848,61,23,38
S00173849,73,33,36
S00173850,145,72,73
S00173851,92,49,43
S00173852,92,42,50
S00173853,129,69,60
S00173854,144,73,69
S00173855,131,65,66
S00173856,101,52,51
S00173857,63,41,26
S00173858,129,65,61
S00173859,157,78,79
S00173860,143,66,77
S00173861,133,65,68
S00173862,100,53,45
S00173863,138,75,63
S00173864,132,63,67
S00173865,163,89,74
S00173866,101,48,55
S00173867,87,45,42
S00173868,157,83,74
S00173869,95,52,43
S00173870,104,58,46
S00173871,173,82,91
S00173872,145,73,72
S00173873,101,46,55
S00173874,175,95,80
S00173875,188,90,95
S00173876,61,29,31
S00173877,108,56,48
S00173878,90,46,44
S00173879,88,43,45
S00173880,176,85,91
S00173881,198,97,101
S00173882,80,41,39
S00173883,141,71,70
S00173884,106,51,55
S00173885,91,49,46
S00173886,109,46,59
S00173887,129,63,66
S00173888,103,56,43
S00173889,124,65,59
S00173890,169,84,85
S00173891,164,86,80
S00173892,131,63,64
S00173893,143,64,79
S00173894,102,54,48
S00173895,144,74,70
S00173896,64,33,31
S00173897,122,60,62
S00173898,130,61,70
S00173899,122,63,59
S00173900,88,41,47
S00173901,130,61,71
S00173902,90,48,39
S00173903,132,66,66
S00173904,101,53,48
S00173905,162,81,81
S00173906,159,75,88
S00173907,81,43,38
S00173908,119,59,60
S00173909,115,57,59
S00173910,71,36,34
S00173911,119,62,57
S00173912,138,67,69
S00173913,114,53,61
S00173914,63,32,31
S00173915,157,80,77
S00173916,136,72,64
S00173917,61,29,32
S00173918,210,126,88
S00173919,117,58,59
S00173920,64,35,29
S00173921,110,51,58
S00173922,196,97,101
S00173923,159,81,78
S00173924,142,75,67
S00173925,155,82,73
S00173926,91,47,44
S00173927,82,48,37
S00173928,115,55,60
S00173929,80,36,45
S00173930,138,77,61
S00173931,145,68,77
S00173932,119,59,60
S00173933,107,53,57
S00173934,99,60,39
S00173935,153,80,73
S00173936,83,41,40
S00173937,66,33,33
S00173938,134,65,69
S00173939,69,38,31
S00173940,88,46,42
S00173941,88,41,49
S00173942,159,81,76
S00173943,139,70,65
S00173944,75,44,31
S00173945,102,53,48
S00173946,143,84,59
S00173947,137,75,59
S00173948,70,40,30
S00173949,68,40,31
S00173950,73,38,37
S00173951,81,40,40
S00173952,95,70,24
S00173953,147,71,76
S00173954,72,33,37
S00173955,85,48,37
S00173956,94,44,50
S00173957,92,50,38
S00173958,78,46,36
S00173959,86,45,41
S00173960,66,31,40
S00173961,63,29,34
S00173962,79,44,35
S00173963,99,51,48
S00173964,151,83,66
S00173965,68,31,37
S00173966,79,51,25
S00173967,63,34,29
S00173968,62,40,22
S00173969,183,100,83
S00173970,123,64,59
S00173971,200,111,89
S00173972,108,58,50
S00173973,110,58,52
S00173974,129,70,59
S00173975,85,48,41
S00173976,65,37,28
S00173977,166,86,76
S00173978,170,84,85
S00173979,109,62,47
S00173980,169,85,84
S00173981,103,52,48
S00173982,150,75,71
S00173983,167,81,86
S00173984,148,72,77
S00173985,63,31,32
S00173986,120,57,62
S00173987,109,51,60
S00173988,92,47,45
S00173989,98,40,58
S00173990,154,80,72
S00173991,92,49,43
S00173992,121,68,54
S00173993,141,72,69
S00173994,157,74,83
S00173995,128,69,59
S00173996,103,52,51
S00173997,80,43,37
S00173998,125,66,59
S00173999,79,43,36
S00174000,107,58,49
S00174001,122,67,55
S00174002,164,84,80
S00174003,181,86,92
S00174004,74,38,36
S00174005,122,66,56
S00174006,91,44,43
S00174007,101,49,49
S00174008,81,44,37
S00174009,96,43,53
S00174010,130,71,59
S00174011,150,76,74
S00174012,113,62,55
S00174013,98,50,48
S00174014,114,61,49
S00174015,156,83,73
S00174016,153,83,67
S00174017,171,86,85
S00174018,112,61,51
S00174019,188,109,82
S00174020,95,58,41
S00174021,113,57,55
S00174022,120,65,55
S00174023,72,38,38
S00174024,169,80,86
S00174025,142,72,70
S00174026,161,83,81
S00174027,174,87,84
S00174028,146,80,66
S00174029,141,72,69
S00174030,183,94,89
S00174031,110,49,58
S00174032,117,63,51
S00174033,148,72,76
S00174034,108,60,52
S00174035,128,65,59
S00174036,131,65,63
S00174037,136,69,66
S00174038,100,56,44
S00174039,204,109,94
S00174040,112,51,56
S00174041,158,66,92
S00174042,161,80,79
S00174043,144,76,67
S00174044,155,75,80
S00174045,120,64,56
S00174046,100,48,52
S00174047,105,52,53
S00174048,121,66,58
S00174049,141,70,70
S00174050,101,48,53
S00174051,128,66,62
S00174052,159,86,73
S00174053,149,84,63
S00174054,116,56,57
S00174055,204,101,103
S00174056,116,49,67
S00174057,111,55,56
S00174058,91,49,41
S00174059,103,52,51
S00174060,95,46,52
S00174061,80,38,45
S00174062,127,57,70
S00174063,64,32,32
S00174064,123,57,66
S00174065,107,57,50
S00174066,101,55,50
S00174067,154,86,68
S00174068,119,66,53
S00174069,121,63,58
S00174070,158,73,85
S00174071,61,31,30
S00174072,101,55,46
S00174073,132,74,64
S00174074,109,60,49
S00174075,161,85,76
S00174076,113,58,53
S00174077,132,63,66
S00174078,132,62,66
S00174079,122,56,62
S00174080,127,64,63
S00174081,123,64,63
S00174082,154,80,74
S00174083,92,48,44
S00174084,115,61,58
S00174085,115,59,56
S00174086,83,36,47
S00174087,66,30,33
S00174088,95,43,48
S00174089,113,61,52
S00174090,133,64,69
S00174091,167,81,86
S00174092,136,70,66
S00174093,98,48,47
S00174094,136,78,58
S00174095,155,80,75
S00174096,141,81,60
S00174097,150,79,67
S00174098,113,59,54
S00174099,129,70,63
S00174100,138,65,73
S00174101,89,48,42
S00174102,98,47,55
S00174103,95,52,43
S00174104,116,60,58
S00174105,132,72,60
S00174106,66,37,29
S00174107,111,51,60
S00174108,75,33,42
S00174109,98,50,48
S00174110,124,66,57
S00174111,169,89,87
S00174112,70,34,36
S00174113,73,37,36
S00174114,153,83,70
S00174115,87,41,46
S00174116,150,71,79
S00174117,66,30,32
S00174118,126,64,62
S00174119,127,61,62
S00174120,98,51,47
S00174121,118,61,57
S00174122,118,73,45
S00174123,172,89,87
S00174124,179,91,91
S00174125,84,33,49
S00174126,100,56,44
S00174127,83,48,36
S00174128,101,62,39
S00174129,80,43,42
S00174130,132,66,66
S00174131,75,35,40
S00174132,182,89,93
S00174133,69,37,30
S00174134,80,41,39
S00174135,102,51,51
S00174136,80,47,29
S00174137,155,89,69
S00174138,140,61,79
S00174139,77,37,40
S00174140,94,47,47
S00174141,120,53,67
S00174142,141,74,67
S00174143,68,34,34
S00174144,62,35,27
S00174145,107,51,60
S00174146,141,73,68
S00174147,96,48,47
S00174148,71,33,35
S00174149,139,65,73
S00174150,139,68,67
S00174151,94,34,60
S00174152,114,56,58
S00174153,74,40,34
S00174154,73,33,37
S00174155,125,66,61
S00174156,71,26,42
S00174157,110,61,47
S00174158,83,36,47
S00174159,128,58,74
S00174160,112,57,55
S00174161,123,64,59
S00174162,82,42,42
S00174163,102,61,43
S00174164,116,62,54
S00174165,100,48,50
S00174166,114,62,52
S00174167,124,68,56
S00174168,81,37,44
S00174169,159,72,84
S00174170,126,55,73
S00174171,71,44,30
S00174172,101,59,42
S00174173,95,48,47
S00174174,101,56,45
S00174175,104,47,60
S00174176,107,48,60
S00174177,114,63,51
S00174178,99,55,45
S00174179,118,52,66
S00174180,196,124,72
S00174181,143,73,66
S00174182,236,110,122
S00174183,100,53,51
S00174184,105,51,54
S00174185,106,48,54
S00174186,136,76,64
S00174187,76,40,36
S00174188,91,47,47
S00174189,88,41,47
S00174190,181,96,85
S00174191,75,43,29
S00174192,81,41,40
S00174193,105,52,53
S00174194,114,53,59
S00174195,154,95,63
S00174196,68,43,28
S00174197,159,79,80
S00174198,176,94,82
S00174199,160,85,78
S00174200,141,76,65
S00174201,160,90,70
S00174202,101,50,51
S00174203,97,49,51
S00174204,112,55,57
S00174205,136,80,62
S00174206,253,165,88
S00174207,73,39,34
S00174208,110,54,56
S00174209,88,48,40
S00174210,88,41,47
S00174211,79,44,35
S00174212,68,38,30
S00174213,98,57,41
S00174214,100,60,40
S00174215,91,47,44
S00174216,140,66,75
S00174217,137,71,66
S00174218,191,101,90
S00174219,68,37,27
S00174220,93,44,49
S00174221,132,64,68
S00174222,98,56,42
S00174223,144,72,72
S00174224,140,78,62
S00174225,67,34,33
S00174226,183,94,88
S00174227,137,66,71
S00174228,146,81,65
S00174229,195,113,86
S00174230,114,56,58
S00174231,96,49,47
S00174232,153,78,75
S00174233,93,42,47
S00174234,74,38,36
S00174235,93,48,45
S00174236,134,69,66
S00174237,89,46,43
S00174238,99,60,42
S00174239,113,56,57
S00174240,169,89,80
S00174241,151,76,75
S00174242,115,59,56
S00174243,140,74,66
S00174244,91,49,41
S00174245,100,54,42
S00174246,119,63,56
S00174247,107,61,49
S00174248,118,56,62
S00174249,123,63,60
S00174250,115,61,56
S00174251,152,73,82
S00174252,136,64,70
S00174253,127,62,63
S00174254,190,94,95
S00174255,135,61,71
S00174256,127,67,60
S00174257,88,45,45
S00174258,98,52,46
S00174259,159,89,70
S00174260,74,38,35
S00174261,87,48,39
S00174262,89,50,39
S00174263,136,73,67
S00174264,93,53,40
S00174265,106,55,51
S00174266,88,43,45
S00174267,72,41,32
S00174268,61,39,27
S00174269,112,56,56
S00174270,99,45,50
S00174271,155,79,79
S00174272,76,37,39
S00174273,107,56,53
S00174274,128,63,65
S00174275,144,78,69
S00174276,105,55,50
S00174277,112,63,49
S00174278,94,55,43
S00174279,166,95,71
S00174280,108,58,51
S00174281,136,73,63
S00174282,105,67,38
S00174283,104,59,45
S00174284,73,39,34
S00174285,179,99,80
S00174286,71,35,37
S00174287,74,36,38
S00174288,183,99,84
S00174289,111,61,50
S00174290,105,52,53
S00174291,68,38,30
S00174292,178,100,81
S00174293,115,58,57
S00174294,140,72,68
S00174295,129,74,55
S00174296,141,73,68
S00174297,121,62,57
S00174298,89,52,37
S00174299,144,73,71
S00174300,137,70,67
S00174301,121,61,60
S00174302,190,106,88
S00174303,161,87,71
S00174304,110,53,60
S00174305,80,33,46
S00174306,102,55,44
S00174307,111,52,59
S00174308,104,54,50
S00174309,127,73,54
S00174310,85,49,33
S00174311,60,26,34
S00174312,70,37,33
S00174313,112,62,50
S00174314,83,46,41
S00174315,67,29,38
S00174316,73,38,34
S00174317,65,32,33
S00174318,114,58,56
S00174319,105,52,52
S00174320,118,53,65
S00174321,128,73,58
S00174322,81,48,33
S00174323,99,52,47
S00174324,92,47,41
S00174325,102,52,50
S00174326,111,55,54
S00174327,118,57,61
S00174328,202,104,98
S00174329,69,28,41
S00174330,106,61,45
S00174331,161,77,81
S00174332,72,39,33
S00174333,130,69,61
S00174334,126,58,65
S00174335,90,49,41
S00174336,157,84,73
S00174337,204,101,106
S00174338,69,37,32
S00174339,68,33,31
S00174340,71,31,40
S00174341,77,39,35
S00174342,111,56,55
S00174343,109,52,57
S00174344,110,49,61
S00174345,135,69,71
S00174346,58,31,30
S00174347,90,47,43
S00174348,96,49,47
S00174349,77,31,41
S00174350,202,104,98
S00174351,171,86,83
S00174352,161,85,76
S00174353,64,34,30
S00174354,116,68,48
S00174355,109,56,54
S00174356,88,36,51
S00174357,115,61,54
S00174358,143,76,67
S00174359,85,43,45
S00174360,113,53,56
S00174361,144,72,79
S00174362,78,41,32
S00174363,64,28,36
S00174364,131,64,67
S00174365,116,67,45
S00174366,177,98,81
S00174367,95,52,40
S00174368,128,60,64
S00174369,108,54,57
S00174370,124,60,63
S00174371,64,34,30
S00174372,78,38,39
S00174373,97,52,45
S00174374,132,71,61
S00174375,155,84,71
S00174376,137,71,66
S00174377,120,60,58
S00174378,126,73,57
S00174379,107,55,52
S00174380,80,41,35
S00174381,101,50,51
S00174382,101,48,53
S00174383,81,38,41
S00174384,81,45,36
S00174385,94,52,42
S00174386,109,59,53
S00174387,110,52,58
S00174388,166,85,81
S00174389,91,42,46
S00174390,127,61,64
S00174391,107,57,51
S00174392,80,43,37
S00174393,62,34,28
S00174394,138,76,62
S00174395,98,49,52
S00174396,109,59,53
S00174397,126,65,61
S00174398,85,46,39
S00174399,84,47,37
S00174400,87,49,38
S00174401,105,56,48
S00174402,130,70,59
S00174403,113,61,52
S00174404,119,62,57
S00174405,230,123,110
S00174406,163,83,80
S00174407,125,67,62
S00174408,128,74,54
S00174409,97,54,43
S00174410,96,52,44
S00174411,70,35,35
S00174412,125,65,60
S00174413,103,57,46
S00174414,95,50,45
S00174415,130,66,64
S00174416,64,35,29
S00174417,95,53,42
S00174418,89,44,45
S00174419,104,50,54
S00174420,119,57,62
S00174421,67,33,31
S00174422,92,44,48
S00174423,84,42,42
S00174424,80,50,30
S00174425,141,77,66
S00174426,74,34,40
S00174427,62,40,26
S00174428,65,35,32
S00174429,111,56,55
S00174430,72,39,37
S00174431,91,49,42
S00174432,108,54,54
S00174433,81,43,38
S00174434,66,43,27
S00174435,143,84,59
S00174436,75,39,33
S00174437,110,53,57
S00174438,67,36,30
S00174439,81,39,42
S00174440,112,59,53
S00174441,88,40,52
S00174442,76,47,29
S00174443,62,30,32
S00174444,75,36,35
S00174445,161,91,75
S00174446,105,49,56
S00174447,78,40,38
S00174448,86,45,41
S00174449,142,71,71
S00174450,141,74,67
S00174451,108,57,51
S00174452,98,49,50
S00174453,107,57,51
S00174454,84,46,38
S00174455,118,61,58
S00174456,92,48,44
S00174457,66,35,28
S00174458,90,48,43
S00174459,64,33,35
S00174460,115,59,56
S00174461,117,65,55
S00174462,176,93,86
S00174463,97,44,51
S00174464,87,46,41
S00174465,113,53,62
S00174466,99,57,50
S00174467,159,80,79
S00174468,148,81,67
S00174469,107,59,47
S00174470,66,38,28
S00174471,79,39,38
S00174472,99,49,51
S00174473,141,75,68
S00174474,98,49,48
S00174475,160,74,87
S00174476,120,67,56
S00174477,126,60,62
S00174478,79,39,40
S00174479,94,46,44
S00174480,103,53,48
S00174481,128,68,61
S00174482,126,64,64
S00174483,162,84,78
S00174484,115,45,70
S00174485,115,62,52
S00174486,108,55,53
S00174487,134,72,65
S00174488,170,95,74
S00174489,164,88,80
S00174490,80,48,32
S00174491,116,57,59
S00174492,103,52,51
S00174493,71,40,31
S00174494,73,38,35
S00174495,92,52,40
S00174496,93,44,52
S00174497,75,34,41
S00174498,136,73,63
S00174499,176,85,90
S00174500,117,63,54
S00174501,114,65,49
S00174502,150,74,74
S00174503,162,84,78
S00174504,86,47,39
S00174505,65,29,36
S00174506,162,81,81
S00174507,74,44,33
S00174508,83,48,35
S00174509,91,48,43
S00174510,110,62,50
S00174511,114,55,59
S00174512,77,43,34
S00174513,134,65,71
S00174514,164,95,69
S00174515,176,91,81
S00174516,106,55,51
S00174517,75,38,35
S00174518,136,69,60
S00174519,68,38,30
S00174520,119,60,58
S00174521,111,50,57
S00174522,84,36,46
S00174523,104,61,43
S00174524,139,78,61
S00174525,129,65,63
S00174526,137,68,69
S00174527,162,80,79
S00174528,73,36,34
S00174529,120,55,62
S00174530,134,76,62
S00174531,93,42,51
S00174532,87,46,41
S00174533,90,50,40
S00174534,79,38,42
S00174535,97,51,44
S00174536,109,54,56
S00174537,108,55,52
S00174538,123,63,60
S00174539,136,63,73
S00174540,89,45,44
S00174541,63,36,30
S00174542,146,85,61
S00174543,145,74,71
S00174544,122,58,64
S00174545,127,65,62
S00174546,92,48,44
S00174547,114,67,51
S00174548,164,80,84
S00174549,101,61,41
S00174550,138,74,63
S00174551,138,75,63
S00174552,140,63,80
S00174553,101,49,52
S00174554,110,56,55
S00174555,108,58,50
S00174556,97,56,41
S00174557,122,74,48
S00174558,103,51,51
S00174559,97,50,47
S00174560,137,67,70
S00174561,103,60,43
S00174562,133,73,60
S00174563,73,41,32
S00174564,114,65,49
S00174565,78,38,43
S00174566,84,44,40
S00174567,112,67,45
S00174568,95,50,45
S00174569,109,63,46
S00174570,149,82,67
S00174571,148,76,72
S00174572,102,55,47
S00174573,82,43,39
S00174574,74,34,40
S00174575,127,60,67
S00174576,83,43,40
S00174577,101,48,53
S00174578,138,67,69
S00174579,83,40,42
S00174580,92,52,36
S00174581,91,49,42
S00174582,156,82,71
S00174583,73,40,36
S00174584,93,45,48
S00174585,145,79,66
S00174586,111,54,57
S00174587,82,41,41
S00174588,89,46,42
S00174589,83,44,39
S00174590,147,76,71
S00174591,94,43,50
S00174592,79,47,32
S00174593,85,48,37
S00174594,70,32,39
S00174595,63,37,26
S00174596,171,87,84
S00174597,127,66,61
S00174598,85,42,49
S00174599,151,71,78
S00174600,116,42,72
S00174601,129,70,56
S00174602,132,68,64
S00174603,86,43,43
S00174604,77,37,40
S00174605,65,37,28
S00174606,109,52,57
S00174607,89,47,42
S00174608,100,46,54
S00174609,110,51,59
S00174610,82,43,39
S00174611,80,43,36
S00174612,132,69,61
S00174613,74,37,37
S00174614,133,74,58
S00174615,128,64,64
S00174616,102,47,55
S00174617,120,55,65
S00174618,128,67,61
S00174619,107,56,51
S00174620,84,41,43
S00174621,112,62,53
S00174622,146,74,72
S00174623,81,41,41
S00174624,91,52,40
S00174625,76,32,44
S00174626,60,39,21
S00174627,81,40,41
S00174628,137,78,59
S00174629,94,46,55
S00174630,129,65,64
S00174631,123,61,62
S00174632,60,28,32
S00174633,171,77,91
S00174634,100,45,53
S00174635,161,78,82
S00174636,165,82,80
S00174637,64,30,34
S00174638,59,35,31
S00174639,146,72,74
S00174640,88,47,41
S00174641,63,28,36
S00174642,68,28,38
S00174643,98,44,57
S00174644,114,53,60
S00174645,97,43,52
S00174646,65,30,35
S00174647,71,32,39
S00174648,181,110,72
S00174649,125,74,55
S00174650,67,35,32
S00174651,161,92,71
S00174652,82,41,41
S00174653,87,41,46
S00174654,66,33,34
S00174655,126,66,60
S00174656,64,32,28
S00174657,128,63,65
S00174658,70,34,36
S00174659,174,88,86
S00174660,70,39,31
S00174661,152,68,80
S00174662,107,49,61
S00174663,107,57,50
S00174664,74,39,38
S00174665,93,50,45
S00174666,73,40,36
S00174667,138,76,62
S00174668,73,36,37
S00174669,90,47,43
S00174670,82,43,37
S00174671,117,58,59
S00174672,66,30,36
S00174673,100,47,53
S00174674,64,29,35
S00174675,74,39,35
S00174676,140,61,83
S00174677,116,53,60
S00174678,88,42,46
S00174679,114,55,59
S00174680,139,72,64
S00174681,84,41,43
S00174682,66,35,31
S00174683,140,63,77
S00174684,100,48,51
S00174685,84,43,37
S00174686,97,51,46
S00174687,162,86,76
S00174688,103,49,54
S00174689,101,50,51
S00174690,95,48,45
S00174691,61,30,31
S00174692,73,41,34
S00174693,84,39,45
S00174694,158,78,79
S00174695,70,34,36
S00174696,176,85,91
S00174697,69,31,34
S00174698,73,34,39
S00174699,110,54,58
S00174700,200,96,103
S00174701,93,43,50
S00174702,136,59,77
S00174703,118,63,55
S00174704,66,33,33
S00174705,73,37,36
S00174706,128,67,61
S00174707,123,65,58
S00174708,78,38,40
S00174709,198,107,91
S00174710,160,84,76
S00174711,144,71,73
S00174712,137,70,67
S00174713,99,46,53
S00174714,142,67,75
S00174715,156,74,79
S00174716,108,46,62
S00174717,144,77,67
S00174718,119,61,58
S00174719,66,39,27
S00174720,118,55,64
S00174721,127,63,64
S00174722,210,104,106
S00174723,188,85,103
S00174724,176,82,93
S00174725,63,29,34
S00174726,113,57,56
S00174727,76,44,32
S00174728,182,96,86
S00174729,79,41,36
S00174730,128,61,67
S00174731,61,31,30
S00174732,184,92,92
S00174733,155,77,78
S00174734,202,102,98
S00174735,99,50,45
S00174736,74,41,30
S00174737,76,40,44
S00174738,144,69,72
S00174739,158,73,85
S00174740,97,50,47
S00174741,84,37,51
S00174742,154,71,83
S00174743,160,81,81
S00174744,118,54,64
S00174745,177,88,87
S00174746,185,96,89
S00174747,157,79,78
S00174748,110,53,57
S00174749,184,93,91
S00174750,142,72,70
S00174751,105,58,53
S00174752,83,44,39
S00174753,90,43,44
S00174754,66,38,34
S00174755,112,59,53
S00174756,87,44,43
S00174757,115,59,56
S00174758,82,42,40
S00174759,84,39,45
S00174760,119,56,62
S00174761,211,100,111
S00174762,177,79,98
S00174763,167,80,85
S00174764,101,55,42
S00174765,130,61,66
S00174766,156,82,74
S00174767,165,84,84
S00174768,112,56,55
S00174769,96,47,48
S00174770,99,50,49
S00174771,144,61,83
S00174772,86,38,44
S00174773,161,76,85
S00174774,107,52,51
S00174775,98,50,48
S00174776,78,37,42
S00174777,61,33,28
S00174778,82,43,37
S00174779,123,57,70
S00174780,173,95,78
S00174781,106,48,58
S00174782,97,47,50
S00174783,127,45,80
S00174784,127,61,66
S00174785,118,51,67
S00174786,216,119,97
S00174787,133,74,59
S00174788,80,37,43
S00174789,71,32,39
S00174790,119,58,57
S00174791,71,36,35
S00174792,120,62,61
S00174793,101,54,47
S00174794,62,30,32
S00174795,95,46,49
S00174796,87,49,37
S00174797,64,35,32
S00174798,96,48,51
S00174799,117,60,57
S00174800,121,64,57
S00174801,179,84,91
S00174802,78,40,38
S00174803,71,30,41
S00174804,143,79,64
S00174805,149,75,74
S00174806,99,54,45
S00174807,140,71,69
S00174808,119,65,53
S00174809,92,44,48
S00174810,160,87,73
S00174811,88,44,44
S00174812,123,56,64
S00174813,77,41,36
S00174814,172,93,75
S00174815,65,32,32
S00174816,161,83,75
S00174817,132,62,70
S00174818,146,63,83
S00174819,70,37,33
S00174820,199,95,105
S00174821,98,49,49
S00174822,107,56,51
S00174823,119,53,66
S00174824,61,31,32
S00174825,66,40,28
S00174826,116,58,58
S00174827,98,47,55
S00174828,103,51,52
S00174829,62,36,26
S00174830,61,32,29
S00174831,200,113,91
S00174832,128,68,60
S00174833,143,66,75
S00174834,95,47,48
S00174835,158,85,73
S00174836,161,79,82
S00174837,80,39,40
S00174838,185,92,93
S00174839,77,40,37
S00174840,77,42,35
S00174841,88,47,41
S00174842,78,39,41
S00174843,71,38,33
S00174844,111,63,48
S00174845,114,63,58
S00174846,112,55,64
S00174847,129,64,64
S00174848,152,73,79
S00174849,104,42,58
S00174850,91,41,52
S00174851,142,65,77
S00174852,186,93,93
S00174853,90,41,49
S00174854,64,32,29
S00174855,121,56,68
S00174856,76,35,41
S00174857,105,45,56
S00174858,92,47,46
S00174859,237,123,114
S00174860,261,130,131
S00174861,111,63,48
S00174862,95,45,46
S00174863,94,44,51
S00174864,168,83,85
S00174865,160,66,90
S00174866,167,71,94
S00174867,89,51,38
S00174868,159,73,90
S00174869,275,152,123
S00174870,60,33,27
S00174871,158,84,74
S00174872,103,58,42
S00174873,107,60,47
S00174874,190,94,97
S00174875,176,98,76
S00174876,115,57,58
S00174877,112,59,55
S00174878,188,92,93
S00174879,109,54,55
S00174880,90,47,43
S00174881,99,49,50
S00174882,155,74,81
S00174883,125,58,64
S00174884,120,67,53
S00174885,114,58,56
S00174886,136,66,69
S00174887,159,78,81
S00174888,176,80,92
S00174889,154,82,72
S00174890,111,56,55
S00174891,145,76,68
S00174892,143,81,66
S00174893,80,41,39
S00174894,108,58,50
S00174895,153,75,75
S00174896,119,63,55
S00174897,67,36,31
S00174898,153,79,74
S00174899,73,34,39
S00174900,155,77,74
S00174901,74,40,34
S00174902,152,73,79
S00174903,205,127,78
S00174904,102,46,56
S00174905,115,62,50
S00174906,116,53,63
S00174907,85,38,47
S00174908,176,87,86
S00174909,101,55,45
S00174910,105,55,53
S00174911,117,67,50
S00174912,112,56,56
S00174913,95,50,45
S00174914,178,93,84
S00174915,95,51,44
S00174916,100,53,45
S00174917,138,64,71
S00174918,141,75,66
S00174919,138,63,75
S00174920,126,62,64
S00174921,109,58,51
S00174922,108,56,49
S00174923,154,87,67
S00174924,216,107,109
S00174925,124,62,62
S00174926,109,60,44
S00174927,191,97,94
S00174928,133,75,58
S00174929,181,83,102
S00174930,113,52,61
S00174931,111,58,52
S00174932,143,74,70
S00174933,103,53,50
S00174934,123,60,63
S00174935,74,38,34
S00174936,97,43,52
S00174937,87,48,39
S00174938,127,73,58
S00174939,141,71,67
S00174940,151,77,74
S00174941,165,89,79
S00174942,86,48,38
S00174943,103,54,53
S00174944,94,52,42
S00174945,102,56,46
S00174946,76,35,41
S00174947,141,74,65
S00174948,135,78,57
S00174949,111,57,50
S00174950,74,38,36
S00174951,73,37,32
S00174952,183,97,86
S00174953,124,60,64
S00174954,153,79,72
S00174955,69,38,31
S00174956,121,58,67
S00174957,95,49,46
S00174958,75,41,36
S00174959,115,60,55
S00174960,95,52,46
S00174961,169,96,75
S00174962,62,35,31
S00174963,98,49,50
S00174964,106,57,49
S00174965,98,48,50
S00174966,187,95,93
S00174967,134,71,65
S00174968,78,45,36
S00174969,128,72,56
S00174970,148,80,70
S00174971,171,101,73
S00174972,96,58,40
S00174973,166,85,79
S00174974,112,63,51
S00174975,78,39,39
S00174976,66,39,29
S00174977,71,38,35
S00174978,156,72,79
S00174979,114,54,60
S00174980,132,72,59
S00174981,110,63,43
S00174982,94,54,40
S00174983,124,70,54
S00174984,107,51,56
S00174985,105,54,51
S00174986,162,83,81
S00174987,130,69,61
S00174988,80,41,39
S00174989,150,85,65
S00174990,137,76,61
S00174991,109,61,48
S00174992,177,89,88
S00174993,163,87,76
S00174994,115,67,48
S00174995,126,64,62
S00174996,127,78,49
S00174997,65,42,22
S00174998,135,74,61
S00174999,141,76,65
S00175000,121,55,66
S00175001,71,40,31
S00175002,84,44,40
S00175003,107,62,45
S00175004,182,101,82
S00175005,65,30,36
S00175006,84,54,30
S00175007,170,90,84
S00175008,65,35,30
S00175009,81,41,40
S00175010,109,57,52
S00175011,102,49,53
S00175012,93,54,43
S00175013,134,76,58
S00175014,92,51,42
S00175015,156,81,79
S00175016,182,93,88
S00175017,88,50,42
S00175018,132,71,61
S00175019,86,51,36
S00175020,83,33,50
S00175021,77,40,37
S00175022,189,103,86
S00175023,108,53,55
S00175024,118,62,56
S00175025,69,30,35
S00175026,137,74,63
S00175027,70,41,29
S00175028,92,44,48
S00175029,129,66,63
S00175030,115,66,52
S00175031,106,65,39
S00175032,101,52,49
S00175033,133,70,66
S00175034,149,82,67
S00175035,70,25,45
S00175036,85,44,41
S00175037,87,43,44
S00175038,107,41,65
S00175039,97,43,54
S00175040,126,65,61
S00175041,186,99,86
S00175042,133,76,57
S00175043,87,46,38
S00175044,60,33,27
S00175045,110,53,60
S00175046,118,65,53
S00175047,114,65,49
S00175048,103,59,43
S00175049,64,35,29
S00175050,101,65,36
S00175051,158,80,78
S00175052,178,95,83
S00175053,173,93,80
S00175054,79,45,34
S00175055,130,64,66
S00175056,101,53,48
S00175057,103,54,49
S00175058,122,61,61
S00175059,85,42,43
S00175060,115,52,63
S00175061,167,90,77
S00175062,162,81,81
S00175063,187,103,84
S00175064,166,85,81
S00175065,115,63,52
S00175066,121,69,55
S00175067,121,66,57
S00175068,166,94,70
S00175069,105,54,51
S00175070,195,96,99
S00175071,110,55,52
S00175072,101,47,54
S00175073,84,36,42
S00175074,201,98,102
S00175075,111,64,47
S00175076,201,99,102
S00175077,97,51,43
S00175078,153,68,83
S00175079,130,71,59
S00175080,70,36,35
S00175081,113,54,59
S00175082,121,60,59
S00175083,123,68,61
S00175084,150,67,83
S00175085,113,54,59
S00175086,162,78,84
S00175087,89,44,47
S00175088,129,64,65
S00175089,128,58,70
S00175090,92,42,50
S00175091,91,49,42
S00175092,85,42,43
S00175093,70,34,36
S00175094,97,53,48
S00175095,115,54,61
S00175096,70,34,32
S00175097,71,41,30
S00175098,193,96,97
S00175099,94,48,46
S00175100,89,42,43
S00175101,90,42,48
S00175102,117,55,62
S00175103,97,49,48
S00175104,167,88,83
S00175105,77,47,26
S00175106,79,41,43
S00175107,66,33,33
S00175108,124,76,44
S00175109,90,43,47
S00175110,99,44,55
S00175111,77,42,35
S00175112,63,38,25
S00175113,126,65,61
S00175114,95,50,49
S00175115,71,41,33
S00175116,141,74,67
S00175117,128,69,58
S00175118,111,64,46
S00175119,66,33,33
S00175120,119,73,46
S00175121,123,62,61
S00175122,100,49,52
S00175123,96,47,46
S00175124,92,51,41
S00175125,83,41,42
S00175126,162,104,61
S00175127,106,54,52
S00175128,159,75,87
S00175129,110,53,57
S00175130,136,71,65
S00175131,83,48,39
S00175132,70,37,34
S00175133,124,74,53
S00175134,86,44,42
S00175135,110,54,56
S00175136,148,71,80
S00175137,77,46,31
S00175138,110,65,45
S00175139,125,59,66
S00175140,141,74,63
S00175141,85,41,41
S00175142,145,72,73
S00175143,168,100,67
S00175144,115,61,54
S00175145,171,89,82
S00175146,109,58,51
S00175147,104,50,54
S00175148,118,72,46
S00175149,122,69,56
S00175150,85,51,38
S00175151,97,50,47
S00175152,125,63,62
S00175153,121,56,65
S00175154,127,64,63
S00175155,66,34,31
S00175156,96,52,44
S00175157,148,83,65
S00175158,86,44,42
S00175159,123,61,58
S00175160,114,59,55
S00175161,96,46,50
S00175162,139,70,69
S00175163,148,75,73
S00175164,100,65,35
S00175165,178,92,86
S00175166,105,59,48
S00175167,88,45,43
S00175168,102,62,39
S00175169,100,56,44
S00175170,143,76,67
S00175171,119,61,56
S00175172,142,78,66
S00175173,133,79,54
S00175174,206,107,99
S00175175,105,55,48
S00175176,123,61,62
S00175177,200,101,99
S00175178,114,68,49
S00175179,110,54,57
S00175180,122,63,56
S00175181,145,77,68
S00175182,113,70,44
S00175183,104,50,54
S00175184,172,92,84
S00175185,128,64,64
S00175186,81,42,39
S00175187,143,77,65
S00175188,138,70,68
S00175189,78,45,36
S00175190,67,31,36
S00175191,112,58,54
S00175192,60,35,25
S00175193,99,52,47
S00175194,87,45,42
S00175195,111,55,56
S00175196,136,77,56
S00175197,120,67,55
S00175198,69,40,29
S00175199,109,64,47
S00175200,105,55,51
S00175201,104,52,52
S00175202,84,44,36
S00175203,96,49,48
S00175204,141,74,67
S00175205,142,74,67
S00175206,129,73,56
S00175207,89,46,42
S00175208,109,59,48
S00175209,138,74,64
S00175210,99,48,51
S00175211,124,54,70
S00175212,168,88,80
S00175213,144,74,73
S00175214,97,52,48
S00175215,157,81,76
S00175216,164,91,73
S00175217,119,65,52
S00175218,60,32,28
S00175219,88,46,44
S00175220,115,63,52
S00175221,152,86,73
S00175222,94,49,49
S00175223,132,63,69
S00175224,83,40,40
S00175225,133,70,63
S00175226,143,71,69
S00175227,123,63,60
S00175228,84,40,44
S00175229,65,29,40
S00175230,132,67,65
S00175231,153,81,68
S00175232,72,41,31
S00175233,118,68,50
S00175234,232,124,110
S00175235,131,65,66
S00175236,148,75,71
S00175237,106,57,49
S00175238,64,39,23
S00175239,76,41,33
S00175240,82,43,37
S00175241,123,68,55
S00175242,132,65,68
S00175243,69,39,30
S00175244,127,68,52
S00175245,157,78,74
S00175246,116,60,56
S00175247,91,47,44
S00175248,83,42,43
S00175249,111,58,53
S00175250,88,38,46
S00175251,111,58,53
S00175252,144,72,72
S00175253,84,39,48
S00175254,96,51,49
S00175255,58,34,30
S00175256,76,39,38
S00175257,64,38,26
S00175258,105,56,49
S00175259,70,36,34
S00175260,62,32,26
S00175261,98,44,54
S00175262,87,46,44
S00175263,104,56,48
S00175264,120,65,55
S00175265,72,40,32
S00175266,73,34,35
S00175267,88,47,38
S00175268,87,48,35
S00175269,141,76,69
S00175270,138,73,66
S00175271,84,46,34
S00175272,193,101,92
S00175273,78,44,37
S00175274,117,50,61
S00175275,107,57,52
S00175276,176,105,71
S00175277,107,55,52
S00175278,95,41,54
S00175279,137,68,65
S00175280,172,81,91
S00175281,117,63,54
S00175282,134,67,66
S00175283,97,53,48
S00175284,153,75,75
S00175285,113,54,57
S00175286,112,59,57
S00175287,87,43,44
S00175288,143,72,71
S00175289,96,41,55
S00175290,73,40,29
S00175291,190,93,95
S00175292,75,35,37
S00175293,98,49,49
S00175294,97,43,56
S00175295,121,58,63
S00175296,161,79,82
S00175297,110,63,50
S00175298,131,67,64
S00175299,64,36,28
S00175300,161,88,73
S00175301,150,72,78
S00175302,107,47,60
S00175303,135,69,66
S00175304,102,56,45
S00175305,184,99,85
S00175306,84,48,39
S00175307,156,79,69
S00175308,181,97,84
S00175309,110,57,51
S00175310,138,65,73
S00175311,217,117,100
S00175312,66,27,39
S00175313,168,93,75
S00175314,91,35,55
S00175315,103,51,53
S00175316,71,38,33
S00175317,60,38,25
S00175318,97,44,53
S00175319,97,50,47
S00175320,81,39,42
S00175321,102,45,57
S00175322,81,44,37
S00175323,73,41,24
S00175324,101,54,45
S00175325,87,36,50
S00175326,95,51,44
S00175327,139,74,65
S00175328,69,37,29
S00175329,90,42,48
S00175330,146,88,58
S00175331,101,51,50
S00175332,106,47,59
S00175333,83,50,37
S00175334,86,58,32
S00175335,127,63,64
S00175336,79,35,43
S00175337,95,64,31
S00175338,144,87,57
S00175339,114,60,55
S00175340,70,31,39
S00175341,109,60,46
S00175342,90,48,46
S00175343,133,72,60
S00175344,78,45,36
S00175345,118,71,47
S00175346,99,44,55
S00175347,83,37,46
S00175348,81,38,43
S00175349,92,41,47
S00175350,133,70,63
S00175351,164,81,81
S00175352,86,39,45
S00175353,189,110,76
S00175354,101,57,44
S00175355,217,98,119
S00175356,113,57,56
S00175357,119,58,63
S00175358,96,52,43
S00175359,82,29,50
S00175360,138,55,79
S00175361,114,60,54
S00175362,93,50,43
S00175363,89,48,41
S00175364,118,64,58
S00175365,100,56,44
S00175366,137,73,64
S00175367,175,98,77
S00175368,73,24,49
S00175369,74,45,28
S00175370,99,49,54
S00175371,132,72,60
S00175372,136,71,65
S00175373,149,80,64
S00175374,87,38,49
S00175375,70,37,33
S00175376,63,28,35
S00175377,92,53,43
S00175378,73,30,43
S00175379,108,54,54
S00175380,137,74,63
S00175381,128,59,69
S00175382,73,31,42
S00175383,85,47,38
S00175384,68,34,30
S00175385,62,28,34
S00175386,65,20,45
S00175387,115,60,55
S00175388,138,62,76
S00175389,116,56,56
S00175390,84,42,46
S00175391,115,58,57
S00175392,73,36,37
S00175393,75,42,34
S00175394,116,69,47
S00175395,83,37,43
S00175396,76,35,44
S00175397,108,51,57
S00175398,145,80,69
S00175399,63,26,42
S00175400,93,38,55
S00175401,109,54,55
S00175402,70,25,48
S00175403,174,91,83
S00175404,72,30,42
S00175405,123,62,61
S00175406,82,35,45
S00175407,63,26,37
S00175408,93,43,51
S00175409,157,83,76
S00175410,105,41,66
S00175411,113,52,61
S00175412,136,73,63
S00175413,144,74,70
S00175414,65,25,40
S00175415,101,53,48
S00175416,148,74,74
S00175417,74,33,41
S00175418,62,33,29
S00175419,105,52,56
S00175420,160,87,74
S00175421,75,36,39
S00175422,114,55,63
S00175423,65,31,34
S00175424,89,47,42
S00175425,79,39,40
S00175426,123,72,51
S00175427,274,140,134
S00175428,101,60,39
S00175429,72,30,42
S00175430,106,63,47
S00175431,96,48,48
S00175432,190,94,96
S00175433,149,71,79
S00175434,71,35,35
S00175435,144,78,66
S00175436,102,52,46
S00175437,73,39,31
S00175438,95,52,43
S00175439,83,46,37
S00175440,135,68,67
S00175441,95,42,53
S00175442,136,77,59
S00175443,63,42,21
S00175444,69,34,38
S00175445,81,59,22
S00175446,155,88,71
S00175447,74,30,44
S00175448,79,30,45
S00175449,92,49,43
S00175450,156,82,74
S00175451,90,42,49
S00175452,65,44,21
S00175453,120,67,53
S00175454,91,40,50
S00175455,160,84,76
S00175456,182,89,94
S00175457,104,60,39
S00175458,80,42,38
S00175459,140,90,50
S00175460,106,56,50
S00175461,90,44,44
S00175462,138,78,60
S00175463,79,36,43
S00175464,78,36,39
S00175465,84,44,43
S00175466,107,56,51
S00175467,76,43,37
S00175468,110,58,52
S00175469,105,61,50
S00175470,114,58,56
S00175471,133,73,59
S00175472,161,86,73
S00175473,160,101,59
S00175474,90,50,43
S00175475,147,76,75
S00175476,104,58,46
S00175477,101,56,45
S00175478,94,50,44
S00175479,90,48,42
S00175480,161,91,71
S00175481,98,47,51
S00175482,99,50,49
S00175483,126,66,58
S00175484,124,63,61
S00175485,127,69,61
S00175486,70,39,31
S00175487,93,50,43
S00175488,69,42,27
S00175489,82,41,41
S00175490,132,69,63
S00175491,150,82,68
S00175492,98,58,40
S00175493,140,69,71
S00175494,102,56,46
S00175495,89,38,51
S00175496,188,88,100
S00175497,101,58,43
S00175498,204,116,85
S00175499,122,59,63
S00175500,133,77,56
S00175501,89,54,35
S00175502,77,44,31
S00175503,156,77,78
S00175504,142,74,68
S00175505,91,55,38
S00175506,120,82,38
S00175507,151,75,78
S00175508,126,63,63
S00175509,111,56,55
S00175510,93,49,44
S00175511,98,53,45
S00175512,104,51,53
S00175513,69,48,22
S00175514,123,62,61
S00175515,90,52,38
S00175516,124,73,51
S00175517,99,60,39
S00175518,84,45,39
S00175519,97,52,41
S00175520,107,51,56
S00175521,97,53,45
S00175522,164,92,69
S00175523,111,63,48
S00175524,112,66,49
S00175525,155,82,72
S00175526,219,111,108
S00175527,135,75,56
S00175528,131,69,66
S00175529,91,43,48
S00175530,161,90,75
S00175531,156,77,75
S00175532,144,87,57
S00175533,166,101,63
S00175534,175,92,83
S00175535,181,91,90
S00175536,167,77,89
S00175537,103,57,46
S00175538,71,43,28
S00175539,134,61,72
S00175540,78,34,40
S00175541,135,76,58
S00175542,70,34,36
S00175543,161,82,79
S00175544,116,65,48
S00175545,171,84,87
S00175546,134,70,64
S00175547,123,57,66
S00175548,119,66,53
S00175549,73,33,40
S00175550,143,78,66
S00175551,160,72,85
S00175552,92,50,42
S00175553,135,78,57
S00175554,115,59,56
S00175555,135,63,71
S00175556,87,46,41
S00175557,156,83,73
S00175558,92,46,46
S00175559,96,50,45
S00175560,155,86,71
S00175561,155,85,70
S00175562,109,51,58
S00175563,124,65,60
S00175564,127,61,66
S00175565,77,46,35
S00175566,97,52,43
S00175567,95,50,41
S00175568,80,41,39
S00175569,166,83,83
S00175570,127,74,53
S00175571,160,83,77
S00175572,89,51,38
S00175573,107,52,55
S00175574,62,38,27
S00175575,72,37,35
S00175576,98,46,48
S00175577,95,49,46
S00175578,152,77,75
S00175579,70,30,40
S00175580,100,53,47
S00175581,71,40,31
S00175582,112,62,50
S00175583,130,79,51
S00175584,80,37,39
S00175585,81,41,40
S00175586,108,63,42
S00175587,63,34,29
S00175588,69,37,33
S00175589,80,42,35
S00175590,146,76,72
S00175591,102,58,44
S00175592,101,56,48
S00175593,90,50,40
S00175594,101,57,47
S00175595,72,39,33
S00175596,67,37,30
S00175597,99,54,45
S00175598,140,67,73
S00175599,75,36,39
S00175600,101,58,43
S00175601,92,41,54
S00175602,135,80,54
S00175603,152,79,73
S00175604,125,62,63
S00175605,194,92,102
S00175606,126,71,55
S00175607,74,42,32
S00175608,193,100,93
S00175609,79,43,37
S00175610,114,63,51
S00175611,106,53,53
S00175612,92,51,44
S00175613,193,98,95
S00175614,107,56,47
S00175615,67,28,39
S00175616,105,53,50
S00175617,157,83,74
S00175618,165,89,80
S00175619,99,52,47
S00175620,123,76,47
S00175621,128,67,64
S00175622,140,73,67
S00175623,104,58,46
S00175624,103,55,48
S00175625,117,62,54
S00175626,110,63,46
S00175627,91,49,42
S00175628,106,53,50
S00175629,134,63,68
S00175630,96,50,45
S00175631,92,46,46
S00175632,188,99,89
S00175633,112,62,50
S00175634,90,53,41
S00175635,133,84,53
S00175636,132,67,65
S00175637,160,91,69
S00175638,113,66,47
S00175639,96,51,45
S00175640,103,58,45
S00175641,134,69,62
S00175642,170,92,78
S00175643,100,57,46
S00175644,95,59,36
S00175645,136,67,69
S00175646,190,103,87
S00175647,128,65,63
S00175648,281,153,132
S00175649,102,51,54
S00175650,132,65,67
S00175651,95,51,42
S00175652,111,57,54
S00175653,108,58,50
S00175654,138,75,65
S00175655,82,45,37
S00175656,83,38,45
S00175657,123,67,56
S00175658,153,84,69
S00175659,147,78,70
S00175660,98,53,45
S00175661,124,57,67
S00175662,128,65,63
S00175663,139,68,68
S00175664,93,45,45
S00175665,115,58,67
S00175666,89,49,42
S00175667,116,55,57
S00175668,120,64,59
S00175669,118,61,60
S00175670,114,59,55
S00175671,158,80,78
S00175672,154,80,74
S00175673,86,43,43
S00175674,87,46,41
S00175675,79,44,39
S00175676,163,77,86
S00175677,93,45,48
S00175678,165,83,83
S00175679,95,47,47
S00175680,77,38,39
S00175681,70,35,35
S00175682,113,59,55
S00175683,128,66,62
S00175684,117,66,51
S00175685,144,77,67
S00175686,118,58,60
S00175687,125,59,62
S00175688,146,72,74
S00175689,140,70,70
S00175690,106,57,49
S00175691,118,59,58
S00175692,105,50,51
S00175693,108,53,55
S00175694,206,99,104
S00175695,94,54,40
S00175696,229,124,105
S00175697,98,52,53
S00175698,117,61,56
S00175699,163,88,75
S00175700,73,37,34
S00175701,85,46,43
S00175702,60,36,24
S00175703,120,60,60
S00175704,121,64,57
S00175705,124,56,68
S00175706,80,43,37
S00175707,71,38,33
S00175708,84,48,39
S00175709,98,42,54
S00175710,84,41,43
S00175711,128,63,65
S00175712,66,27,39
S00175713,158,78,80
S00175714,123,54,69
S00175715,89,46,39
S00175716,128,71,61
S00175717,157,75,82
S00175718,88,48,40
S00175719,74,39,35
S00175720,123,61,62
S00175721,79,41,36
S00175722,73,33,40
S00175723,63,33,30
S00175724,85,46,39
S00175725,128,69,59
S00175726,114,56,58
S00175727,111,59,54
S00175728,176,92,84
S00175729,87,43,44
S00175730,119,59,60
S00175731,76,45,31
S00175732,188,105,83
S00175733,120,56,65
S00175734,62,29,33
S00175735,131,61,70
S00175736,170,88,79
S00175737,101,51,50
S00175738,143,72,71
S00175739,150,77,76
S00175740,93,42,51
S00175741,84,40,44
S00175742,70,33,41
S00175743,75,32,43
S00175744,66,35,31
S00175745,146,73,70
S00175746,87,48,43
S00175747,131,70,62
S00175748,75,43,32
S00175749,155,82,73
S00175750,130,69,61
S00175751,77,38,39
S00175752,141,79,62
S00175753,179,95,86
S00175754,156,80,76
S00175755,72,39,33
S00175756,113,62,51
S00175757,109,65,43
S00175758,85,50,35
S00175759,105,49,57
S00175760,86,44,42
S00175761,91,48,43
S00175762,110,57,53
S00175763,150,80,70
S00175764,111,55,56
S00175765,106,56,50
S00175766,141,72,71
S00175767,109,55,54
S00175768,163,90,73
S00175769,79,45,34
S00175770,85,44,41
S00175771,76,46,30
S00175772,102,50,48
S00175773,65,37,29
S00175774,118,64,54
S00175775,96,48,45
S00175776,164,76,88
S00175777,66,32,34
S00175778,166,77,91
S00175779,108,55,53
S00175780,119,57,62
S00175781,116,68,48
S00175782,77,42,35
S00175783,161,85,76
S00175784,84,49,35
S00175785,120,57,63
S00175786,96,41,51
S00175787,83,46,37
S00175788,146,80,66
S00175789,101,48,57
S00175790,74,31,43
S00175791,97,48,52
S00175792,91,42,49
S00175793,90,45,47
S00175794,135,67,68
S00175795,64,30,33
S00175796,63,27,36
S00175797,82,39,43
S00175798,134,64,69
S00175799,131,75,56
S00175800,164,82,85
S00175801,105,53,52
S00175802,84,43,41
S00175803,87,39,48
S00175804,100,56,47
S00175805,95,56,39
S00175806,81,42,36
S00175807,98,47,51
S00175808,119,67,52
S00175809,101,53,45
S00175810,133,79,52
S00175811,66,30,36
S00175812,91,47,44
S00175813,177,84,92
S00175814,119,57,60
S00175815,88,35,53
S00175816,139,81,58
S00175817,78,44,34
S00175818,93,54,38
S00175819,95,53,42
S00175820,90,51,39
S00175821,141,69,72
S00175822,90,45,45
S00175823,86,48,38
S00175824,77,36,41
S00175825,76,36,40
S00175826,124,66,55
S00175827,137,75,58
S00175828,120,74,50
S00175829,128,64,64
S00175830,115,52,66
S00175831,150,80,70
S00175832,172,96,79
S00175833,124,72,52
S00175834,122,69,53
S00175835,134,76,61
S00175836,143,71,65
S00175837,91,48,42
S00175838,142,77,65
S00175839,121,66,55
S00175840,119,60,59
S00175841,157,89,71
S00175842,119,65,56
S00175843,80,49,31
S00175844,105,52,50
S00175845,76,39,43
S00175846,99,56,49
S00175847,130,61,69
S00175848,156,81,74
S00175849,102,52,50
S00175850,159,77,82
S00175851,156,77,75
S00175852,101,54,47
S00175853,102,54,48
S00175854,100,52,48
S00175855,127,66,61
S00175856,68,28,42
S00175857,79,42,37
S00175858,66,31,32
S00175859,91,48,43
S00175860,106,52,51
S00175861,111,65,50
S00175862,91,43,45
S00175863,86,49,37
S00175864,74,33,38
S00175865,109,58,56
S00175866,112,56,56
S00175867,94,53,41
S00175868,170,94,76
S00175869,102,49,50
S00175870,163,75,84
S00175871,115,56,59
S00175872,92,31,61
S00175873,127,55,72
S00175874,96,44,52
S00175875,109,56,53
S00175876,225,105,124
S00175877,121,60,60
S00175878,111,57,56
S00175879,165,83,82
S00175880,121,72,52
S00175881,203,99,104
S00175882,88,23,66
S00175883,112,52,57
S00175884,74,36,41
S00175885,94,58,36
S00175886,94,51,43
S00175887,74,44,30
S00175888,80,39,41
S00175889,74,44,30
S00175890,99,51,45
S00175891,72,37,35
S00175892,137,64,73
S00175893,66,33,33
S00175894,76,42,34
S00175895,99,51,48
S00175896,78,36,42
S00175897,65,27,38
S00175898,123,62,61
S00175899,120,57,63
S00175900,216,109,107
S00175901,96,43,53
S00175902,156,74,84
S00175903,73,41,32
S00175904,100,51,51
S00175905,62,44,24
S00175906,65,24,41
S00175907,78,43,41
S00175908,72,39,33
S00175909,58,31,30
S00175910,113,55,58
S00175911,105,51,57
S00175912,71,35,36
S00175913,92,50,42
S00175914,77,31,46
S00175915,148,87,58
S00175916,108,64,44
S00175917,97,41,57
S00175918,81,43,38
S00175919,103,55,48
S00175920,70,34,36
S00175921,112,35,79
S00175922,99,53,46
S00175923,213,102,111
S00175924,63,23,39
S00175925,192,91,101
S00175926,66,35,31
S00175927,71,24,47
S00175928,106,51,55
S00175929,97,50,47
S00175930,85,35,54
S00175931,256,129,127
S00175932,114,61,56
S00175933,61,31,32
S00175934,90,54,36
S00175935,110,63,47
S00175936,72,42,30
S00175937,82,45,37
S00175938,146,78,68
S00175939,144,74,73
S00175940,119,36,83
S00175941,66,36,27
S00175942,242,124,117
S00175943,102,57,45
S00175944,120,57,62
S00175945,93,45,48
S00175946,77,44,30
S00175947,92,41,47
S00175948,84,50,34
S00175949,170,86,84
S00175950,88,44,47
S00175951,78,39,36
S00175952,173,88,88
S00175953,98,51,47
S00175954,85,50,39
S00175955,99,52,47
S00175956,114,58,56
S00175957,62,31,33
S00175958,142,71,70
S00175959,106,53,53
S00175960,118,56,62
S00175961,141,75,69
S00175962,129,74,52
S00175963,119,61,60
S00175964,153,78,75
S00175965,61,37,24
S00175966,126,57,69
S00175967,98,59,39
S00175968,79,44,35
S00175969,122,63,59
S00175970,113,56,57
S00175971,126,66,60
S00175972,99,48,51
S00175973,100,50,50
S00175974,114,58,56
S00175975,154,68,86
S00175976,183,95,88
S00175977,104,37,63
S00175978,104,47,57
S00175979,86,44,42
S00175980,188,94,95
S00175981,123,63,59
S00175982,71,38,33
S00175983,120,67,56
S00175984,82,44,36
S00175985,71,40,35
S00175986,115,62,53
S00175987,143,71,70
S00175988,121,71,50
S00175989,161,81,80
S00175990,94,46,49
S00175991,61,34,26
S00175992,71,36,35
S00175993,97,57,40
S00175994,70,50,20
S00175995,127,61,66
S00175996,109,60,49
S00175997,161,78,80
S00175998,227,109,118
S00175999,119,65,54
S00176000,70,30,40
S00176001,89,49,40
S00176002,114,60,54
S00176003,119,74,42
S00176004,158,81,77
S00176005,113,62,51
S00176006,92,50,43
S00176007,97,49,48
S00176008,246,116,134
S00176009,194,114,80
S00176010,146,75,71
S00176011,80,39,41
S00176012,77,35,40
S00176013,120,61,59
S00176014,122,64,58
S00176015,76,35,38
S00176016,154,81,73
S00176017,229,121,110
S00176018,196,91,102
S00176019,63,36,27
S00176020,68,37,30
S00176021,179,105,77
S00176022,110,57,53
S00176023,70,37,33
S00176024,118,52,70
S00176025,147,65,82
S00176026,151,84,69
S00176027,161,91,71
S00176028,110,58,52
S00176029,217,108,109
S00176030,127,68,62
S00176031,72,36,36
S00176032,127,64,63
S00176033,117,63,54
S00176034,210,105,105
S00176035,119,64,55
S00176036,68,39,29
S00176037,102,53,46
S00176038,79,37,40
S00176039,235,117,121
S00176040,83,44,39
S00176041,152,79,73
S00176042,103,50,53
S00176043,199,97,101
S00176044,90,45,45
S00176045,74,38,32
S00176046,203,109,97
S00176047,61,33,25
S00176048,92,63,29
S00176049,128,66,59
S00176050,151,79,68
S00176051,197,97,100
S00176052,148,77,71
S00176053,131,63,71
S00176054,95,52,43
S00176055,156,78,78
S00176056,112,57,55
S00176057,107,58,52
S00176058,99,51,48
S00176059,108,52,52
S00176060,92,54,38
S00176061,97,43,54
S00176062,88,42,42
S00176063,93,46,47
S00176064,99,53,45
S00176065,121,66,55
S00176066,145,80,65
S00176067,161,104,57
S00176068,77,42,32
S00176069,120,71,49
S00176070,99,50,49
S00176071,88,48,44
S00176072,143,73,70
S00176073,124,67,61
S00176074,76,34,42
S00176075,93,48,45
S00176076,117,60,55
S00176077,116,62,54
S00176078,134,69,64
S00176079,81,45,36
S00176080,160,81,78
S00176081,129,72,57
S00176082,120,59,61
S00176083,219,111,104
S00176084,134,77,57
S00176085,182,97,85
S00176086,96,46,50
S00176087,151,76,74
S00176088,61,37,24
S00176089,72,36,39
S00176090,65,36,31
S00176091,133,66,70
S00176092,104,57,47
S00176093,114,55,62
S00176094,91,39,55
S00176095,95,53,40
S00176096,85,44,41
S00176097,153,78,76
S00176098,137,77,60
S00176099,179,81,98
S00176100,86,52,34
S00176101,68,40,28
S00176102,179,127,52
S00176103,155,88,70
S00176104,107,54,53
S00176105,82,43,39
S00176106,125,65,58
S00176107,101,52,49
S00176108,75,47,28
S00176109,130,74,59
S00176110,94,54,40
S00176111,126,62,64
S00176112,158,78,77
S00176113,80,39,41
S00176114,64,35,29
S00176115,150,80,69
S00176116,68,32,33
S00176117,98,51,47
S00176118,89,51,38
S00176119,116,60,56
S00176120,88,38,50
S00176121,70,39,31
S00176122,81,34,47
S00176123,121,63,55
S00176124,200,98,102
S00176125,213,113,104
S00176126,111,55,55
S00176127,126,76,50
S00176128,71,29,41
S00176129,141,69,72
S00176130,139,83,60
S00176131,94,51,43
S00176132,111,62,49
S00176133,81,51,32
S00176134,158,78,79
S00176135,163,89,76
S00176136,94,39,55
S00176137,101,65,33
S00176138,131,79,52
S00176139,62,40,22
S00176140,95,48,45
S00176141,138,69,71
S00176142,82,44,38
S00176143,97,37,56
S00176144,157,84,69
S00176145,89,47,42
S00176146,164,84,80
S00176147,98,54,44
S00176148,124,57,67
S00176149,137,69,68
S00176150,128,65,63
S00176151,117,57,61
S00176152,120,66,54
S00176153,110,53,58
S00176154,93,49,44
S00176155,79,22,57
S00176156,113,57,56
S00176157,141,76,67
S00176158,85,46,41
S00176159,109,59,50
S00176160,175,88,91
S00176161,139,72,67
S00176162,125,64,61
S00176163,126,74,52
S00176164,114,62,52
S00176165,62,34,28
S00176166,65,34,31
S00176167,128,59,69
S00176168,143,66,77
S00176169,98,52,46
S00176170,158,90,68
S00176171,143,57,86
S00176172,132,73,59
S00176173,67,39,28
S00176174,150,79,71
S00176175,188,97,91
S00176176,99,50,49
S00176177,83,42,43
S00176178,82,49,38
S00176179,88,42,46
S00176180,90,37,54
S00176181,66,34,32
S00176182,120,56,64
S00176183,233,117,115
S00176184,135,73,62
S00176185,242,124,118
S00176186,175,97,78
S00176187,263,131,132
S00176188,250,127,123
S00176189,156,85,71
S00176190,143,79,64
S00176191,76,38,38
S00176192,130,60,70
S00176193,106,55,51
S00176194,104,54,50
S00176195,84,40,44
S00176196,136,71,65
S00176197,173,82,91
S00176198,153,80,73
S00176199,106,52,54
S00176200,74,36,38
S00176201,144,80,64
S00176202,107,52,51
S00176203,90,49,41
S00176204,195,101,90
S00176205,135,69,62
S00176206,148,83,65
S00176207,202,101,101
S00176208,198,106,92
S00176209,93,49,48
S00176210,118,65,53
S00176211,172,89,83
S00176212,120,58,60
S00176213,154,76,78
S00176214,130,71,59
S00176215,67,37,27
S00176216,123,69,57
S00176217,100,55,48
S00176218,111,57,54
S00176219,107,52,55
S00176220,129,64,62
S00176221,202,101,98
S00176222,93,59,33
S00176223,111,61,47
S00176224,72,38,34
S00176225,103,55,48
S00176226,106,51,58
S00176227,103,55,48
S00176228,199,95,104
S00176229,61,36,25
S00176230,101,53,49
S00176231,67,32,35
S00176232,107,54,53
S00176233,173,92,77
S00176234,147,72,77
S00176235,142,75,67
S00176236,135,75,60
S00176237,88,50,38
S00176238,164,83,81
S00176239,100,60,44
S00176240,214,102,112
S00176241,164,79,85
S00176242,118,64,54
S00176243,145,75,70
S00176244,78,38,40
S00176245,184,88,96
S00176246,161,91,70
S00176247,185,94,91
S00176248,116,65,51
S00176249,84,46,38
S00176250,134,77,57
S00176251,154,82,68
S00176252,76,39,37
S00176253,86,47,39
S00176254,133,57,76
S00176255,122,62,60
S00176256,98,56,38
S00176257,96,53,43
S00176258,150,75,75
S00176259,97,52,45
S00176260,83,47,35
S00176261,103,58,45
S00176262,152,72,80
S00176263,73,40,33
S00176264,81,43,38
S00176265,106,61,45
S00176266,123,66,57
S00176267,98,45,53
S00176268,161,84,75
S00176269,145,75,70
S00176270,82,36,44
S00176271,194,94,100
S00176272,102,48,51
S00176273,115,67,48
S00176274,67,40,27
S00176275,122,68,57
S00176276,99,54,45
S00176277,233,121,114
S00176278,129,60,73
S00176279,107,62,45
S00176280,138,77,64
S00176281,73,38,35
S00176282,125,69,56
S00176283,75,30,37
S00176284,85,50,35
S00176285,164,81,83
S00176286,218,118,100
S00176287,113,59,54
S00176288,222,100,122
S00176289,115,61,54
S00176290,174,105,65
S00176291,107,54,53
S00176292,114,63,54
S00176293,136,71,66
S00176294,91,47,42
S00176295,88,48,40
S00176296,83,43,40
S00176297,114,65,53
S00176298,195,104,94
S00176299,71,36,35
S00176300,188,104,88
S00176301,106,58,52
S00176302,137,63,74
S00176303,104,57,47
S00176304,83,40,44
S00176305,63,25,36
S00176306,111,57,54
S00176307,168,84,86
S00176308,137,71,60
S00176309,83,41,39
S00176310,68,36,33
S00176311,136,69,67
S00176312,75,33,40
S00176313,80,39,45
S00176314,108,58,50
S00176315,96,58,40
S00176316,100,58,44
S00176317,138,79,59
S00176318,180,88,92
S00176319,116,62,54
S00176320,173,90,88
S00176321,187,100,86
S00176322,184,92,92
S00176323,135,71,67
S00176324,61,30,31
S00176325,130,71,59
S00176326,94,50,44
S00176327,96,44,52
S00176328,220,131,89
S00176329,141,70,71
S00176330,137,68,69
S00176331,77,51,28
S00176332,156,86,70
S00176333,71,32,39
S00176334,199,102,94
S00176335,136,75,60
S00176336,112,63,49
S00176337,141,75,67
S00176338,150,80,70
S00176339,81,45,35
S00176340,99,50,49
S00176341,66,34,33
S00176342,77,47,30
S00176343,99,54,45
S00176344,221,121,100
S00176345,158,77,84
S00176346,82,43,39
S00176347,112,61,50
S00176348,122,66,59
S00176349,131,71,58
S00176350,100,43,59
S00176351,69,31,38
S00176352,116,59,55
S00176353,96,49,46
S00176354,205,104,105
S00176355,86,42,42
S00176356,87,51,36
S00176357,137,80,57
S00176358,70,38,32
S00176359,74,37,38
S00176360,160,78,82
S00176361,136,62,70
S00176362,122,70,51
S00176363,140,78,62
S00176364,94,52,45
S00176365,104,56,45
S00176366,104,55,53
S00176367,135,72,60
S00176368,125,59,63
S00176369,119,61,58
S00176370,86,48,41
S00176371,123,70,53
S00176372,106,60,46
S00176373,70,38,32
S00176374,95,56,39
S00176375,124,73,51
S00176376,102,44,58
S00176377,69,36,33
S00176378,203,108,91
S00176379,83,46,37
S00176380,125,60,65
S00176381,164,86,78
S00176382,130,57,73
S00176383,70,44,26
S00176384,97,52,45
S00176385,76,41,37
S00176386,92,41,49
S00176387,108,58,47
S00176388,104,52,52
S00176389,110,55,55
S00176390,64,36,25
S00176391,171,85,83
S00176392,60,28,32
S00176393,95,44,52
S00176394,73,39,34
S00176395,131,72,59
S00176396,140,69,71
S00176397,108,60,49
S00176398,136,57,79
S00176399,113,54,59
S00176400,99,56,43
S00176401,123,64,61
S00176402,79,28,49
S00176403,90,62,28
S00176404,152,77,75
S00176405,108,54,50
S00176406,76,38,38
S00176407,108,59,49
S00176408,73,39,31
S00176409,92,51,41
S00176410,101,47,55
S00176411,108,53,55
S00176412,87,50,44
S00176413,155,77,78
S00176414,63,33,30
S00176415,209,96,114
S00176416,78,41,38
S00176417,81,38,43
S00176418,115,60,55
S00176419,96,47,51
S00176420,78,44,34
S00176421,76,42,30
S00176422,88,49,36
S00176423,106,50,56
S00176424,112,61,51
S00176425,82,47,39
S00176426,111,60,51
S00176427,144,85,59
S00176428,100,53,43
S00176429,125,65,60
S00176430,173,95,78
S00176431,101,51,47
S00176432,102,59,43
S00176433,117,57,58
S00176434,163,96,67
S00176435,103,46,52
S00176436,116,50,66
S00176437,92,49,43
S00176438,135,59,73
S00176439,166,82,81
S00176440,156,87,65
S00176441,89,52,33
S00176442,119,62,54
S00176443,346,169,177
S00176444,173,95,78
S00176445,138,69,69
S00176446,124,60,64
S00176447,141,77,67
S00176448,96,50,47
S00176449,170,82,89
S00176450,120,62,58
S00176451,201,109,90
S00176452,99,61,38
S00176453,92,45,47
S00176454,93,51,42
S00176455,83,48,35
S00176456,107,56,49
S00176457,165,83,85
S00176458,114,57,56
S00176459,98,50,48
S00176460,192,96,92
S00176461,159,99,59
S00176462,128,70,59
S00176463,120,61,59
S00176464,153,85,68
S00176465,64,31,33
S00176466,83,47,36
S00176467,168,86,82
S00176468,104,61,43
S00176469,206,102,104
S00176470,93,48,45
S00176471,196,100,98
S00176472,167,86,81
S00176473,115,60,55
S00176474,112,62,47
S00176475,82,42,40
S00176476,75,36,41
S00176477,106,65,41
S00176478,143,75,68
S00176479,124,67,59
S00176480,83,52,31
S00176481,106,53,53
S00176482,81,46,34
S00176483,66,36,30
S00176484,243,118,125
S00176485,193,97,96
S00176486,97,52,45
S00176487,157,70,87
S00176488,121,65,56
S00176489,213,112,101
S00176490,116,60,56
S00176491,120,63,54
S00176492,98,53,45
S00176493,196,101,91
S00176494,102,51,50
S00176495,135,79,56
S00176496,166,80,87
S00176497,99,51,48
S00176498,118,56,65
S00176499,156,81,73
S00176500,159,87,76
S00176501,138,62,76
S00176502,95,51,48
S00176503,97,46,53
S00176504,133,71,61
S00176505,88,56,29
S00176506,93,61,32
S00176507,149,74,75
S00176508,182,91,93
S00176509,120,60,60
S00176510,100,47,53
S00176511,108,61,47
S00176512,156,86,70
S00176513,103,60,43
S00176514,115,64,49
S00176515,102,54,48
S00176516,123,62,61
S00176517,72,42,33
S00176518,75,45,30
S00176519,113,52,58
S00176520,138,67,69
S00176521,169,83,86
S00176522,73,38,35
S00176523,113,63,54
S00176524,80,45,35
S00176525,117,56,61
S00176526,65,38,28
S00176527,71,36,35
S00176528,61,30,31
S00176529,149,74,76
S00176530,134,69,65
S00176531,186,97,89
S00176532,135,75,60
S00176533,84,48,35
S00176534,78,41,37
S00176535,153,77,76
S00176536,130,58,71
S00176537,131,63,66
S00176538,84,42,42
S00176539,97,56,41
S00176540,100,59,41
S00176541,132,70,63
S00176542,75,41,34
S00176543,84,43,41
S00176544,90,47,43
S00176545,105,47,52
S00176546,170,87,82
S00176547,129,68,61
S00176548,137,77,62
S00176549,158,77,77
S00176550,139,74,63
S00176551,88,51,37
S00176552,85,47,41
S00176553,69,35,32
S00176554,113,57,56
S00176555,105,54,50
S00176556,140,76,65
S00176557,115,55,60
S00176558,84,44,43
S00176559,104,54,50
S00176560,97,56,41
S00176561,93,49,44
S00176562,84,47,40
S00176563,125,67,60
S00176564,103,50,53
S00176565,90,45,44
S00176566,83,39,44
S00176567,100,50,50
S00176568,79,45,34
S00176569,116,54,62
S00176570,105,44,61
S00176571,114,63,48
S00176572,133,70,65
S00176573,140,74,70
S00176574,147,73,74
S00176575,112,67,49
S00176576,114,60,54
S00176577,136,77,57
S00176578,79,45,34
S00176579,133,75,58
S00176580,63,25,36
S00176581,114,52,66
S00176582,70,40,27
S00176583,98,48,50
S00176584,100,61,41
S00176585,104,60,44
S00176586,74,41,33
S00176587,124,67,57
S00176588,83,39,44
S00176589,94,51,43
S00176590,126,60,66
S00176591,116,57,59
S00176592,85,35,50
S00176593,80,46,34
S00176594,63,33,30
S00176595,129,61,67
S00176596,169,82,91
S00176597,116,53,59
S00176598,84,35,45
S00176599,121,68,53
S00176600,123,61,65
S00176601,95,51,44
S00176602,130,69,61
S00176603,129,66,66
S00176604,100,49,51
S00176605,78,45,33
S00176606,67,39,30
S00176607,147,78,69
S00176608,129,64,65
S00176609,91,54,37
S00176610,104,52,52
S00176611,92,39,57
S00176612,78,47,34
S00176613,140,69,71
S00176614,105,58,47
S00176615,141,75,68
S00176616,137,71,69
S00176617,251,148,103
S00176618,83,48,35
S00176619,88,46,42
S00176620,124,68,56
S00176621,105,67,41
S00176622,150,86,65
S00176623,116,64,52
S00176624,108,65,44
S00176625,113,63,50
S00176626,107,57,50
S00176627,105,53,52
S00176628,156,90,66
S00176629,105,47,58
S00176630,94,55,40
S00176631,101,54,47
S00176632,126,69,57
S00176633,109,58,51
S00176634,84,41,40
S00176635,129,75,56
S00176636,89,48,41
S00176637,124,61,63
S00176638,93,48,49
S00176639,86,47,40
S00176640,136,65,73
S00176641,138,66,72
S00176642,85,49,40
S00176643,140,78,62
S00176644,196,104,92
S00176645,140,74,66
S00176646,72,38,34
S00176647,99,51,46
S00176648,64,31,37
S00176649,88,50,38
S00176650,108,53,55
S00176651,130,68,62
S00176652,120,59,61
S00176653,71,44,27
S00176654,71,40,31
S00176655,146,78,68
S00176656,63,29,34
S00176657,64,32,34
S00176658,112,55,55
S00176659,114,55,59
S00176660,104,57,47
S00176661,101,54,49
S00176662,117,66,51
S00176663,98,31,67
S00176664,81,36,45
S00176665,75,34,42
S00176666,107,56,51
S00176667,81,40,41
S00176668,99,51,48
S00176669,128,73,55
S00176670,113,58,59
S00176671,237,119,118
S00176672,179,96,83
S00176673,92,45,46
S00176674,108,50,58
S00176675,118,65,53
S00176676,70,40,30
S00176677,111,62,48
S00176678,120,61,59
S00176679,73,44,27
S00176680,104,53,51
S00176681,99,53,46
S00176682,94,54,40
S00176683,83,43,33
S00176684,130,65,64
S00176685,81,42,39
S00176686,145,72,73
S00176687,132,64,68
S00176688,115,62,55
S00176689,120,64,60
S00176690,133,59,74
S00176691,178,84,94
S00176692,110,53,57
S00176693,118,61,57
S00176694,102,55,47
S00176695,153,86,67
S00176696,134,65,69
S00176697,109,55,51
S00176698,85,44,41
S00176699,83,44,39
S00176700,92,50,42
S00176701,113,61,51
S00176702,98,53,45
S00176703,133,72,61
S00176704,124,67,57
S00176705,92,45,50
S00176706,153,73,80
S00176707,95,46,49
S00176708,126,79,53
S00176709,155,87,70
S00176710,82,42,33
S00176711,94,45,49
S00176712,73,43,33
S00176713,120,61,59
S00176714,130,73,57
S00176715,108,54,54
S00176716,104,45,55
S00176717,130,63,67
S00176718,66,39,29
S00176719,86,42,40
S00176720,107,47,60
S00176721,134,65,69
S00176722,66,36,30
S00176723,119,57,62
S00176724,108,49,62
S00176725,81,38,43
S00176726,86,43,43
S00176727,138,70,68
S00176728,121,68,50
S00176729,103,52,51
S00176730,116,58,54
S00176731,89,35,49
S00176732,95,39,56
S00176733,65,36,25
S00176734,109,48,61
S00176735,91,50,41
S00176736,152,76,72
S00176737,101,61,40
S00176738,105,45,63
S00176739,74,37,37
S00176740,117,78,38
S00176741,188,90,99
S00176742,104,46,58
S00176743,142,54,89
S00176744,100,45,55
S00176745,135,75,60
S00176746,72,40,32
S00176747,140,71,68
S00176748,75,44,35
S00176749,225,137,88
S00176750,133,72,57
S00176751,112,55,54
S00176752,128,56,68
S00176753,95,39,56
S00176754,118,59,59
S00176755,168,86,82
S00176756,146,79,67
S00176757,171,81,90
S00176758,115,61,54
S00176759,109,60,49
S00176760,141,61,77
S00176761,69,32,37
S00176762,82,40,42
S00176763,164,85,76
S00176764,125,63,61
S00176765,130,66,64
S00176766,127,50,75
S00176767,122,62,60
S00176768,142,69,69
S00176769,85,47,41
S00176770,79,43,37
S00176771,111,63,48
S00176772,100,53,51
S00176773,151,86,65
S00176774,179,88,91
S00176775,107,46,61
S00176776,136,66,70
S00176777,129,52,75
S00176778,141,78,61
S00176779,140,65,71
S00176780,110,49,61
S00176781,93,55,41
S00176782,89,52,39
S00176783,105,56,49
S00176784,62,27,35
S00176785,122,73,49
S00176786,130,64,66
S00176787,110,59,51
S00176788,102,29,73
S00176789,72,37,35
S00176790,154,79,75
S00176791,106,61,48
S00176792,68,33,37
S00176793,134,57,77
S00176794,134,71,63
S00176795,84,40,44
S00176796,100,48,52
S00176797,106,38,68
S00176798,95,46,49
S00176799,111,60,47
S00176800,152,80,72
S00176801,108,37,71
S00176802,128,66,62
S00176803,90,46,44
S00176804,71,36,31
S00176805,103,50,56
S00176806,79,47,35
S00176807,78,39,38
S00176808,95,48,47
S00176809,77,37,40
S00176810,126,67,59
S00176811,67,41,26
S00176812,119,68,53
S00176813,127,64,63
S00176814,103,51,51
S00176815,66,34,32
S00176816,101,52,50
S00176817,90,45,44
S00176818,186,118,68
S00176819,97,50,47
S00176820,119,60,59
S00176821,91,40,51
S00176822,67,29,38
S00176823,143,77,67
S00176824,88,30,58
S00176825,94,34,56
S00176826,68,31,34
S00176827,77,42,35
S00176828,161,85,75
S00176829,84,46,38
S00176830,155,73,82
S00176831,118,62,60
S00176832,95,54,41
S00176833,106,45,58
S00176834,186,100,86
S00176835,69,33,36
S00176836,90,41,49
S00176837,75,36,43
S00176838,99,52,47
S00176839,65,32,33
S00176840,76,47,29
S00176841,107,61,46
S00176842,64,33,31
S00176843,135,81,50
S00176844,137,76,62
S00176845,63,30,30
S00176846,107,55,52
S00176847,156,75,77
S00176848,105,51,53
S00176849,156,73,83
S00176850,143,72,71
S00176851,81,44,37
S00176852,78,34,43
S00176853,121,64,57
S00176854,150,85,65
S00176855,83,40,43
S00176856,88,44,44
S00176857,226,113,113
S00176858,61,34,27
S00176859,104,53,49
S00176860,66,25,37
S00176861,78,44,34
S00176862,112,67,45
S00176863,112,51,61
S00176864,118,59,63
S00176865,153,79,74
S00176866,98,48,50
S00176867,113,64,53
S00176868,83,40,41
S00176869,65,30,34
S00176870,107,57,50
S00176871,132,63,69
S00176872,171,85,83
S00176873,85,42,43
S00176874,124,62,62
S00176875,177,92,87
S00176876,131,65,66
S00176877,134,67,64
S00176878,95,53,42
S00176879,161,89,72
S00176880,181,94,87
S00176881,107,49,58
S00176882,67,28,35
S00176883,102,55,50
S00176884,209,105,104
S00176885,73,40,30
S00176886,81,43,36
S00176887,128,65,59
S00176888,116,59,57
S00176889,174,79,96
S00176890,131,61,70
S00176891,112,57,55
S00176892,90,46,45
S00176893,115,57,58
S00176894,125,67,58
S00176895,118,65,52
S00176896,69,29,44
S00176897,165,85,82
S00176898,246,130,116
S00176899,101,47,54
S00176900,121,52,69
S00176901,182,97,85
S00176902,194,100,94
S00176903,144,75,69
S00176904,122,56,63
S00176905,134,73,61
S00176906,85,45,42
S00176907,103,63,40
S00176908,102,56,47
S00176909,81,47,34
S00176910,62,31,31
S00176911,161,85,76
S00176912,135,70,64
S00176913,137,74,63
S00176914,158,87,71
S00176915,178,86,92
S00176916,108,49,55
S00176917,143,76,67
S00176918,181,93,88
S00176919,124,70,56
S00176920,146,74,72
S00176921,116,63,53
S00176922,85,38,47
S00176923,91,47,42
S00176924,90,54,39
S00176925,76,42,33
S00176926,91,49,42
S00176927,181,89,92
S00176928,137,67,70
S00176929,118,69,50
S00176930,78,34,43
S00176931,129,67,62
S00176932,135,65,71
S00176933,82,47,35
S00176934,213,109,104
S00176935,124,65,59
S00176936,149,73,71
S00176937,66,35,31
S00176938,83,42,41
S00176939,131,74,55
S00176940,91,54,37
S00176941,77,44,33
S00176942,100,48,53
S00176943,94,51,43
S00176944,127,66,61
S00176945,137,73,64
S00176946,77,39,38
S00176947,152,76,76
S00176948,125,72,53
S00176949,126,73,53
S00176950,128,63,65
S00176951,148,77,73
S00176952,107,46,61
S00176953,87,47,40
S00176954,120,61,62
S00176955,124,61,63
S00176956,224,109,111
S00176957,137,69,66
S00176958,71,32,37
S00176959,89,50,44
S00176960,87,48,42
S00176961,125,63,62
S00176962,108,53,54
S00176963,97,54,43
S00176964,179,92,83
S00176965,193,101,92
S00176966,85,44,41
S00176967,109,51,57
S00176968,137,72,65
S00176969,80,38,38
S00176970,100,51,49
S00176971,75,40,35
S00176972,76,37,39
S00176973,151,76,72
S00176974,129,67,65
S00176975,81,45,36
S00176976,98,58,40
S00176977,96,53,43
S00176978,84,50,34
S00176979,92,47,44
S00176980,91,48,44
S00176981,107,63,44
S00176982,111,67,44
S00176983,76,43,33
S00176984,103,54,52
S00176985,69,39,30
S00176986,103,57,46
S00176987,142,69,73
S00176988,125,60,65
S00176989,127,68,59
S00176990,101,41,60
S00176991,144,72,69
S00176992,99,54,45
S00176993,73,33,40
S00176994,105,53,50
S00176995,115,65,49
S00176996,108,57,57
S00176997,132,74,58
S00176998,185,92,93
S00176999,80,43,41
S00177000,58,34,27
S00177001,107,54,53
S00177002,101,51,50
S00177003,206,100,103
S00177004,189,87,102
S00177005,60,32,29
S00177006,98,57,44
S00177007,91,47,46
S00177008,93,52,43
S00177009,72,34,38
S00177010,116,56,57
S00177011,83,46,37
S00177012,148,71,77
S00177013,146,76,70
S00177014,122,61,61
S00177015,152,86,66
S00177016,102,50,52
S00177017,82,40,41
S00177018,211,105,103
S00177019,62,32,30
S00177020,117,56,61
S00177021,133,73,60
S00177022,125,63,62
S00177023,101,47,51
S00177024,77,38,39
S00177025,135,70,65
S00177026,100,52,42
S00177027,126,59,67
S00177028,95,55,40
S00177029,92,53,39
S00177030,108,51,57
S00177031,166,81,83
S00177032,117,60,57
S00177033,89,36,53
S00177034,83,39,46
S00177035,116,57,62
S00177036,94,51,43
S00177037,77,42,35
S00177038,165,88,77
S00177039,96,50,46
S00177040,130,66,64
S00177041,83,41,42
S00177042,88,40,48
S00177043,134,65,64
S00177044,147,78,71
S00177045,67,36,28
S00177046,94,51,43
S00177047,149,77,72
S00177048,141,63,78
S00177049,87,36,51
S00177050,102,49,53
S00177051,102,50,52
S00177052,82,36,46
S00177053,167,79,89
S00177054,98,47,51
S00177055,180,87,94
S00177056,93,49,44
S00177057,134,67,67
S00177058,110,57,53
S00177059,154,78,76
S00177060,189,96,93
S00177061,101,48,53
S00177062,64,35,26
S00177063,123,58,65
S00177064,95,47,49
S00177065,85,48,40
S00177066,135,90,42
S00177067,85,46,39
S00177068,145,62,83
S00177069,111,58,53
S00177070,126,66,60
S00177071,94,52,42
S00177072,175,84,91
S00177073,91,47,45
S00177074,105,55,47
S00177075,99,53,46
S00177076,143,75,68
S00177077,210,97,115
S00177078,179,84,95
S00177079,108,57,51
S00177080,60,32,28
S00177081,100,52,48
S00177082,171,88,86
S00177083,107,57,50
S00177084,93,51,42
S00177085,76,45,30
S00177086,74,36,34
S00177087,277,126,151
S00177088,80,40,38
S00177089,126,60,66
S00177090,112,52,60
S00177091,99,57,46
S00177092,161,82,79
S00177093,96,56,40
S00177094,83,44,42
S00177095,72,41,31
S00177096,79,46,33
S00177097,88,39,49
S00177098,136,71,65
S00177099,78,39,39
S00177100,117,57,60
S00177101,180,95,84
S00177102,112,57,55
S00177103,111,60,45
S00177104,198,103,95
S00177105,73,43,30
S00177106,108,56,53
S00177107,91,46,45
S00177108,67,32,35
S00177109,163,97,70
S00177110,146,78,67
S00177111,240,117,121
S00177112,114,61,53
S00177113,100,53,46
S00177114,161,80,81
S00177115,111,47,64
S00177116,96,43,53
S00177117,92,48,44
S00177118,116,58,56
S00177119,113,57,56
S00177120,79,43,36
S00177121,94,46,51
S00177122,141,73,68
S00177123,137,68,71
S00177124,114,61,51
S00177125,74,39,35
S00177126,78,33,44
S00177127,128,74,54
S00177128,126,61,67
S00177129,92,49,43
S00177130,129,59,70
S00177131,166,87,79
S00177132,207,105,102
S00177133,194,88,102
S00177134,147,69,77
S00177135,170,82,92
S00177136,117,75,42
S00177137,88,45,47
S00177138,123,66,57
S00177139,129,73,56
S00177140,94,44,54
S00177141,97,48,48
S00177142,124,61,64
S00177143,78,43,35
S00177144,72,34,38
S00177145,74,30,44
S00177146,110,51,54
S00177147,131,66,65
S00177148,125,61,64
S00177149,64,36,28
S00177150,102,55,47
S00177151,74,41,33
S00177152,137,75,62
S00177153,106,55,50
S00177154,160,88,72
S00177155,129,67,66
S00177156,78,32,49
S00177157,97,50,44
S00177158,89,51,38
S00177159,115,71,44
S00177160,67,41,29
S00177161,101,56,47
S00177162,83,42,39
S00177163,239,123,118
S00177164,171,88,80
S00177165,104,51,53
S00177166,105,54,51
S00177167,87,39,48
S00177168,127,67,60
S00177169,75,38,40
S00177170,135,72,63
S00177171,96,48,48
S00177172,76,36,40
S00177173,138,65,70
S00177174,136,67,66
S00177175,108,51,59
S00177176,77,42,39
S00177177,73,40,29
S00177178,99,44,55
S00177179,167,78,89
S00177180,117,61,56
S00177181,130,67,63
S00177182,86,42,44
S00177183,116,53,63
S00177184,91,49,42
S00177185,142,68,74
S00177186,93,43,51
S00177187,103,62,41
S00177188,85,47,38
S00177189,104,51,53
S00177190,143,81,66
S00177191,62,31,31
S00177192,121,57,68
S00177193,98,48,47
S00177194,152,78,74
S00177195,70,39,34
S00177196,105,52,51
S00177197,119,66,49
S00177198,121,65,58
S00177199,90,45,45
S00177200,94,52,39
S00177201,171,85,86
S00177202,105,58,47
S00177203,154,86,68
S00177204,124,75,56
S00177205,74,39,36
S00177206,129,73,54
S00177207,150,73,78
S00177208,80,41,39
S00177209,118,62,56
S00177210,181,89,89
S00177211,144,73,74
S00177212,126,69,57
S00177213,125,75,48
S00177214,99,51,48
S00177215,112,60,52
S00177216,176,85,91
S00177217,147,76,74
S00177218,101,50,52
S00177219,63,32,31
S00177220,64,21,44
S00177221,197,96,101
S00177222,149,92,60
S00177223,81,43,38
S00177224,135,70,65
S00177225,129,61,65
S00177226,112,64,48
S00177227,140,75,65
S00177228,65,40,24
S00177229,92,45,44
S00177230,75,36,37
S00177231,83,43,37
S00177232,60,31,29
S00177233,68,32,33
S00177234,113,56,56
S00177235,127,67,64
S00177236,93,55,38
S00177237,142,73,69
S00177238,133,68,62
S00177239,112,55,57
S00177240,174,79,95
S00177241,129,73,54
S00177242,139,72,67
S00177243,117,61,56
S00177244,113,53,58
S00177245,71,44,29
S00177246,120,66,54
S00177247,159,79,82
S00177248,134,69,65
S00177249,123,53,70
S00177250,136,61,75
S00177251,127,77,52
S00177252,68,35,33
S00177253,100,52,51
S00177254,120,60,60
S00177255,138,62,72
S00177256,166,90,76
S00177257,171,89,82
S00177258,118,68,50
S00177259,169,78,91
S00177260,77,44,36
S00177261,186,93,93
S00177262,118,64,54
S00177263,110,59,51
S00177264,143,72,71
S00177265,178,92,86
S00177266,177,98,79
S00177267,185,98,90
S00177268,104,51,53
S00177269,98,57,46
S00177270,146,73,76
S00177271,102,49,53
S00177272,113,56,61
S00177273,105,59,46
S00177274,110,55,55
S00177275,75,40,35
S00177276,146,70,76
S00177277,100,53,47
S00177278,112,55,61
S00177279,107,60,47
S00177280,147,82,65
S00177281,165,52,112
S00177282,62,39,23
S00177283,62,32,26
S00177284,150,85,63
S00177285,83,47,36
S00177286,105,56,51
S00177287,97,63,36
S00177288,172,81,89
S00177289,143,77,66
S00177290,67,33,36
S00177291,99,53,46
S00177292,90,47,42
S00177293,85,42,42
S00177294,144,81,62
S00177295,126,66,58
S00177296,98,56,42
S00177297,100,54,50
S00177298,77,39,38
S00177299,92,38,54
S00177300,134,71,63
S00177301,93,43,51
S00177302,118,57,61
S00177303,162,93,69
S00177304,97,52,45
S00177305,110,62,48
S00177306,72,38,34
S00177307,80,45,39
S00177308,179,85,94
S00177309,176,92,84
S00177310,219,103,119
S00177311,105,58,49
S00177312,93,52,41
S00177313,92,41,51
S00177314,144,80,64
S00177315,121,67,54
S00177316,82,39,43
S00177317,69,38,29
S00177318,189,94,97
S00177319,95,44,51
S00177320,88,45,41
S00177321,92,50,42
S00177322,62,33,29
S00177323,146,88,58
S00177324,105,53,52
S00177325,158,82,72
S00177326,221,114,110
S00177327,102,56,46
S00177328,112,56,56
S00177329,100,54,46
S00177330,87,42,45
S00177331,97,48,50
S00177332,71,41,30
S00177333,113,51,62
S00177334,61,30,31
S00177335,122,60,62
S00177336,116,55,61
S00177337,218,119,99
S00177338,169,94,75
S00177339,94,51,47
S00177340,97,53,48
S00177341,81,45,36
S00177342,124,60,67
S00177343,71,43,28
S00177344,131,68,60
S00177345,150,78,69
S00177346,86,53,33
S00177347,73,39,30
S00177348,161,91,70
S00177349,117,58,59
S00177350,130,74,56
S00177351,145,67,78
S00177352,67,30,37
S00177353,135,68,70
S00177354,161,82,79
S00177355,153,92,64
S00177356,133,68,65
S00177357,135,63,73
S00177358,198,98,103
S00177359,136,70,71
S00177360,87,40,44
S00177361,138,72,66
S00177362,160,85,78
S00177363,180,91,89
S00177364,117,58,57
S00177365,91,50,41
S00177366,69,36,33
S00177367,124,65,59
S00177368,105,57,48
S00177369,76,42,38
S00177370,142,75,67
S00177371,155,76,79
S00177372,61,26,35
S00177373,129,61,65
S00177374,82,45,37
S00177375,61,36,25
S00177376,180,96,80
S00177377,132,62,70
S00177378,107,60,47
S00177379,100,59,45
S00177380,149,73,76
S00177381,129,66,66
S00177382,84,43,41
S00177383,199,95,101
S00177384,165,77,87
S00177385,139,71,68
S00177386,121,67,55
S00177387,171,85,86
S00177388,63,33,32
S00177389,130,74,56
S00177390,133,60,69
S00177391,108,59,49
S00177392,137,59,78
S00177393,117,64,53
S00177394,100,55,45
S00177395,185,88,97
S00177396,84,44,40
S00177397,88,45,43
S00177398,96,45,50
S00177399,119,70,53
S00177400,81,44,37
S00177401,91,51,47
S00177402,87,42,45
S00177403,77,41,36
S00177404,65,32,33
S00177405,83,42,41
S00177406,94,51,39
S00177407,77,35,42
S00177408,95,44,51
S00177409,172,79,91
S00177410,134,63,67
S00177411,192,91,101
S00177412,229,105,124
S00177413,79,46,33
S00177414,75,44,35
S00177415,117,54,66
S00177416,117,57,61
S00177417,60,34,26
S00177418,246,123,120
S00177419,84,47,37
S00177420,146,71,75
S00177421,92,59,33
S00177422,153,79,74
S00177423,200,103,97
S00177424,157,92,65
S00177425,114,61,53
S00177426,95,55,40
S00177427,196,106,90
S00177428,73,41,32
S00177429,100,50,50
S00177430,85,32,49
S00177431,125,59,63
S00177432,106,59,48
S00177433,88,45,43
S00177434,132,65,67
S00177435,99,47,51
S00177436,131,73,58
S00177437,119,61,58
S00177438,178,108,73
S00177439,100,50,46
S00177440,100,58,44
S00177441,85,40,46
S00177442,79,49,28
S00177443,99,56,47
S00177444,80,33,47
S00177445,144,81,66
S00177446,138,74,64
S00177447,97,54,43
S00177448,74,44,30
S00177449,68,31,37
S00177450,79,44,38
S00177451,187,91,96
S00177452,111,61,47
S00177453,170,84,83
S00177454,135,65,73
S00177455,112,62,50
S00177456,98,47,56
S00177457,95,49,46
S00177458,116,74,42
S00177459,142,72,73
S00177460,162,89,71
S00177461,118,56,60
S00177462,116,52,64
S00177463,124,72,52
S00177464,120,62,58
S00177465,77,37,40
S00177466,99,51,45
S00177467,100,41,59
S00177468,151,93,61
S00177469,243,118,126
S00177470,87,39,47
S00177471,87,45,42
S00177472,128,71,57
S00177473,132,66,62
S00177474,159,86,73
S00177475,75,35,40
S00177476,93,34,59
S00177477,84,51,33
S00177478,64,35,29
S00177479,118,58,60
S00177480,135,77,58
S00177481,90,46,49
S00177482,118,58,63
S00177483,96,51,45
S00177484,62,26,33
S00177485,116,54,62
S00177486,116,63,53
S00177487,93,50,43
S00177488,131,63,68
S00177489,125,65,60
S00177490,113,57,52
S00177491,129,72,59
S00177492,90,46,44
S00177493,105,54,51
S00177494,151,78,75
S00177495,124,66,61
S00177496,62,38,27
S00177497,130,64,66
S00177498,97,59,38
S00177499,124,55,69
S00177500,60,32,28
S00177501,114,55,59
S00177502,121,69,55
S00177503,118,68,50
S00177504,115,59,56
S00177505,156,72,84
S00177506,123,60,59
S00177507,88,45,49
S00177508,101,58,43
S00177509,94,51,43
S00177510,92,49,43
S00177511,172,89,86
S00177512,166,83,84
S00177513,65,27,36
S00177514,134,66,64
S00177515,103,59,47
S00177516,68,36,33
S00177517,77,42,35
S00177518,83,37,46
S00177519,137,74,63
S00177520,103,56,47
S00177521,125,69,55
S00177522,125,60,65
S00177523,125,67,58
S00177524,83,35,50
S00177525,63,30,33
S00177526,84,41,43
S00177527,92,56,36
S00177528,117,58,56
S00177529,79,40,43
S00177530,132,61,67
S00177531,93,50,43
S00177532,107,56,51
S00177533,90,48,42
S00177534,130,64,62
S00177535,129,66,63
S00177536,171,88,83
S00177537,134,63,71
S00177538,144,76,68
S00177539,94,51,43
S00177540,193,98,95
S00177541,81,45,33
S00177542,73,43,29
S00177543,129,61,68
S00177544,101,49,49
S00177545,124,65,59
S00177546,87,39,51
S00177547,166,80,86
S00177548,121,57,64
S00177549,112,64,50
S00177550,127,71,58
S00177551,147,78,66
S00177552,68,39,29
S00177553,231,111,119
S00177554,218,118,100
S00177555,157,84,77
S00177556,117,60,57
S00177557,164,86,78
S00177558,86,45,41
S00177559,110,60,48
S00177560,62,38,28
S00177561,82,42,40
S00177562,137,66,71
S00177563,106,61,47
S00177564,83,49,33
S00177565,100,50,50
S00177566,87,38,49
S00177567,118,66,56
S00177568,178,80,98
S00177569,128,56,72
S00177570,143,72,71
S00177571,134,55,83
S00177572,152,80,72
S00177573,116,62,54
S00177574,122,63,59
S00177575,126,67,59
S00177576,96,45,50
S00177577,61,31,32
S00177578,106,48,58
S00177579,166,84,78
S00177580,218,106,111
S00177581,100,51,49
S00177582,77,36,41
S00177583,64,29,35
S00177584,185,92,92
S00177585,148,75,73
S00177586,67,34,33
S00177587,134,69,65
S00177588,94,45,49
S00177589,112,61,51
S00177590,91,53,39
S00177591,135,67,68
S00177592,115,59,56
S00177593,149,87,66
S00177594,112,54,61
S00177595,97,37,56
S00177596,71,38,31
S00177597,106,53,53
S00177598,131,68,62
S00177599,127,64,63
S00177600,107,50,57
S00177601,107,57,50
S00177602,92,44,48
S00177603,103,51,52
S00177604,149,73,76
S00177605,145,91,54
S00177606,105,55,50
S00177607,153,76,77
S00177608,124,59,65
S00177609,127,71,56
S00177610,126,67,59
S00177611,111,57,54
S00177612,83,47,38
S00177613,109,46,62
S00177614,119,69,50
S00177615,106,59,48
S00177616,75,37,38
S00177617,113,53,59
S00177618,61,34,27
S00177619,92,51,41
S00177620,143,70,74
S00177621,88,48,38
S00177622,105,51,54
S00177623,124,62,62
S00177624,123,62,58
S00177625,81,42,39
S00177626,80,40,40
S00177627,78,38,41
S00177628,130,66,64
S00177629,116,54,62
S00177630,69,36,33
S00177631,195,103,96
S00177632,122,68,54
S00177633,155,83,76
S00177634,97,51,44
S00177635,72,38,34
S00177636,122,64,58
S00177637,117,65,52
S00177638,114,63,51
S00177639,118,61,57
S00177640,129,69,63
S00177641,120,62,58
S00177642,126,74,55
S00177643,146,79,69
S00177644,148,75,73
S00177645,84,40,40
S00177646,106,47,58
S00177647,80,41,39
S00177648,90,44,46
S00177649,86,39,46
S00177650,166,78,84
S00177651,103,48,55
S00177652,78,45,33
S00177653,109,53,56
S00177654,138,59,75
S00177655,109,54,57
S00177656,124,63,61
S00177657,166,88,78
S00177658,181,95,84
S00177659,145,67,78
S00177660,92,49,43
S00177661,103,55,49
S00177662,92,46,50
S00177663,145,84,61
S00177664,140,67,72
S00177665,112,55,57
S00177666,176,84,89
S00177667,197,107,90
S00177668,121,72,49
S00177669,96,48,52
S00177670,137,75,64
S00177671,75,44,31
S00177672,118,64,55
S00177673,132,73,63
S00177674,100,58,42
S00177675,92,49,43
S00177676,95,43,52
S00177677,82,42,40
S00177678,81,41,38
S00177679,132,73,59
S00177680,125,62,60
S00177681,101,51,50
S00177682,152,79,69
S00177683,96,48,48
S00177684,136,54,82
S00177685,100,59,41
S00177686,82,39,43
S00177687,156,81,73
S00177688,150,72,78
S00177689,78,39,39
S00177690,68,42,26
S00177691,101,53,45
S00177692,142,82,64
S00177693,121,61,63
S00177694,100,42,54
S00177695,172,92,80
S00177696,134,71,71
S00177697,148,85,60
S00177698,163,82,83
S00177699,152,80,76
S00177700,171,97,72
S00177701,114,68,46
S00177702,138,73,65
S00177703,124,66,57
S00177704,170,85,85
S00177705,117,66,54
S00177706,142,76,66
S00177707,161,88,73
S00177708,104,51,53
S00177709,120,57,61
S00177710,185,93,92
S00177711,78,46,33
S00177712,151,81,70
S00177713,118,62,58
S00177714,114,64,50
S00177715,173,84,89
S00177716,81,40,37
S00177717,128,57,69
S00177718,155,83,75
S00177719,117,58,57
S00177720,144,80,64
S00177721,86,45,41
S00177722,121,61,60
S00177723,173,86,87
S00177724,141,78,63
S00177725,84,43,38
S00177726,89,43,46
S00177727,145,76,71
S00177728,88,48,40
S00177729,131,70,61
S00177730,168,85,83
S00177731,80,43,37
S00177732,125,59,66
S00177733,144,75,65
S00177734,138,75,63
S00177735,212,100,112
S00177736,75,35,40
S00177737,94,50,44
S00177738,152,65,83
S00177739,176,95,78
S00177740,155,87,68
S00177741,138,78,60
S00177742,166,81,85
S00177743,129,65,63
S00177744,83,45,38
S00177745,153,78,75
S00177746,133,76,58
S00177747,135,67,68
S00177748,133,72,62
S00177749,143,70,73
S00177750,66,31,35
S00177751,128,67,61
S00177752,112,53,59
S00177753,120,61,59
S00177754,125,64,61
S00177755,114,66,48
S00177756,107,58,49
S00177757,171,84,87
S00177758,74,45,29
S00177759,152,82,71
S00177760,100,47,55
S00177761,111,60,53
S00177762,112,63,49
S00177763,72,40,32
S00177764,133,73,60
S00177765,83,42,41
S00177766,83,49,34
S00177767,113,61,49
S00177768,111,54,57
S00177769,167,94,71
S00177770,121,59,62
S00177771,180,89,91
S00177772,131,70,61
S00177773,121,65,53
S00177774,163,86,77
S00177775,205,102,105
S00177776,135,72,63
S00177777,130,63,65
S00177778,183,97,89
S00177779,202,105,97
S00177780,138,79,60
S00177781,100,55,48
S00177782,62,37,28
S00177783,157,79,78
S00177784,231,115,113
S00177785,217,114,103
S00177786,147,80,67
S00177787,116,56,61
S00177788,61,34,27
S00177789,60,32,30
S00177790,224,120,101
S00177791,84,45,36
S00177792,157,79,78
S00177793,81,38,43
S00177794,168,88,80
S00177795,111,55,56
S00177796,145,73,71
S00177797,108,58,50
S00177798,204,104,100
S00177799,86,46,40
S00177800,114,54,60
S00177801,124,66,55
S00177802,254,126,126
S00177803,138,71,67
S00177804,100,54,46
S00177805,123,62,58
S00177806,253,127,129
S00177807,132,63,69
S00177808,129,65,64
S00177809,78,41,37
S00177810,95,48,45
S00177811,199,97,100
S00177812,95,49,46
S00177813,86,47,39
S00177814,160,83,79
S00177815,69,40,27
S00177816,111,67,48
S00177817,96,42,53
S00177818,100,56,44
S00177819,82,42,40
S00177820,98,52,46
S00177821,89,48,41
S00177822,153,86,67
S00177823,165,94,71
S00177824,89,51,38
S00177825,131,68,63
S00177826,149,81,68
S00177827,87,46,45
S00177828,104,56,48
S00177829,91,51,40
S00177830,155,83,72
S00177831,106,56,50
S00177832,101,53,48
S00177833,120,66,54
S00177834,107,60,44
S00177835,115,56,59
S00177836,174,109,65
S00177837,75,39,36
S00177838,166,78,88
S00177839,115,57,58
S00177840,106,49,57
S00177841,249,161,88
S00177842,140,81,59
S00177843,111,51,60
S00177844,115,52,61
S00177845,99,52,47
S00177846,242,122,120
S00177847,228,111,116
S00177848,120,64,56
S00177849,177,94,83
S00177850,168,91,85
S00177851,67,32,35
S00177852,65,29,34
S00177853,159,76,79
S00177854,165,73,92
S00177855,100,48,47
S00177856,122,61,61
S00177857,138,66,72
S00177858,61,38,23
S00177859,87,45,42
S00177860,91,48,43
S00177861,177,87,90
S00177862,212,101,110
S00177863,209,100,109
S00177864,104,54,50
S00177865,146,74,72
S00177866,89,43,43
S00177867,101,59,38
S00177868,250,123,127
S00177869,138,77,61
S00177870,201,103,98
S00177871,172,88,88
S00177872,90,46,44
S00177873,137,70,69
S00177874,156,82,74
S00177875,100,49,51
S00177876,128,73,55
S00177877,116,53,61
S00177878,112,59,51
S00177879,134,70,64
S00177880,103,54,49
S00177881,140,68,69
S00177882,84,49,35
S00177883,150,75,77
S00177884,153,82,71
S00177885,88,53,35
S00177886,162,78,84
S00177887,132,68,64
S00177888,199,101,98
S00177889,145,73,72
S00177890,135,63,72
S00177891,76,43,33
S00177892,80,45,35
S00177893,85,46,35
S00177894,136,65,71
S00177895,104,54,50
S00177896,97,50,47
S00177897,105,52,53
S00177898,80,40,40
S00177899,144,66,77
S00177900,138,67,76
S00177901,200,105,95
S00177902,100,50,50
S00177903,118,68,47
S00177904,101,55,46
S00177905,97,54,43
S00177906,125,70,52
S00177907,229,111,118
S00177908,108,55,53
S00177909,80,38,39
S00177910,109,65,44
S00177911,72,43,30
S00177912,214,102,109
S00177913,112,58,51
S00177914,112,58,54
S00177915,163,86,77
S00177916,124,63,61
S00177917,70,39,37
S00177918,100,58,42
S00177919,100,52,53
S00177920,65,33,30
S00177921,68,34,34
S00177922,92,52,40
S00177923,77,41,36
S00177924,156,81,75
S00177925,221,102,116
S00177926,191,101,90
S00177927,62,31,31
S00177928,86,42,38
S00177929,117,56,60
S00177930,149,77,69
S00177931,76,31,43
S00177932,73,46,31
S00177933,96,50,45
S00177934,200,97,103
S00177935,69,41,27
S00177936,127,71,56
S00177937,184,102,83
S00177938,59,30,31
S00177939,175,87,91
S00177940,95,47,52
S00177941,135,73,63
S00177942,108,59,49
S00177943,67,40,27
S00177944,87,41,46
S00177945,93,50,43
S00177946,125,65,60
S00177947,121,65,56
S00177948,103,56,51
S00177949,143,68,75
S00177950,63,30,34
S00177951,119,64,55
S00177952,93,44,46
S00177953,67,33,34
S00177954,128,68,60
S00177955,93,46,45
S00177956,150,68,78
S00177957,179,95,82
S00177958,66,28,32
S00177959,109,60,46
S00177960,113,57,52
S00177961,128,66,62
S00177962,170,93,75
S00177963,83,41,44
S00177964,127,65,65
S00177965,111,67,46
S00177966,124,65,59
S00177967,125,65,60
S00177968,73,40,33
S00177969,156,77,77
S00177970,174,89,85
S00177971,87,50,37
S00177972,123,65,59
S00177973,98,46,48
S00177974,110,56,54
S00177975,138,74,67
S00177976,111,62,49
S00177977,129,66,63
S00177978,93,44,49
S00177979,144,71,73
S00177980,109,56,51
S00177981,116,62,54
S00177982,310,175,135
S00177983,81,49,31
S00177984,70,47,23
S00177985,120,63,57
S00177986,108,51,57
S00177987,104,53,51
S00177988,108,60,48
S00177989,125,69,56
S00177990,79,40,39
S00177991,114,49,65
S00177992,137,66,68
S00177993,123,66,57
S00177994,69,30,38
S00177995,125,65,60
S00177996,135,72,63
S00177997,120,62,58
S00177998,139,68,74
S00177999,90,48,42
S00178000,112,61,52
S00178001,142,62,83
S00178002,74,41,33
S00178003,81,34,48
S00178004,124,57,67
S00178005,60,38,21
S00178006,70,33,37
S00178007,99,56,43
S00178008,125,65,62
S00178009,99,51,48
S00178010,90,43,47
S00178011,85,40,45
S00178012,94,54,40
S00178013,159,81,78
S00178014,73,40,33
S00178015,84,44,41
S00178016,142,81,61
S00178017,86,42,44
S00178018,123,75,45
S00178019,88,52,36
S00178020,150,78,72
S00178021,109,59,50
S00178022,90,56,34
S00178023,119,59,60
S00178024,168,91,80
S00178025,101,58,43
S00178026,116,66,50
S00178027,176,86,86
S00178028,111,53,54
S00178029,119,68,51
S00178030,87,54,33
S00178031,115,67,48
S00178032,136,71,65
S00178033,131,66,66
S00178034,69,39,30
S00178035,101,56,41
S00178036,135,67,68
S00178037,101,54,47
S00178038,140,70,70
S00178039,91,55,36
S00178040,158,74,81
S00178041,103,52,51
S00178042,98,51,48
S00178043,70,34,36
S00178044,166,89,77
S00178045,140,72,61
S00178046,96,56,40
S00178047,69,38,31
S00178048,95,46,49
S00178049,93,49,40
S00178050,96,56,40
S00178051,155,71,85
S00178052,155,81,71
S00178053,93,42,47
S00178054,68,38,30
S00178055,101,57,44
S00178056,192,91,101
S00178057,115,60,52
S00178058,82,40,46
S00178059,96,44,49
S00178060,77,39,38
S00178061,192,109,83
S00178062,89,47,38
S00178063,186,99,89
S00178064,133,69,65
S00178065,92,45,48
S00178066,103,50,53
S00178067,97,54,43
S00178068,98,50,48
S00178069,123,61,58
S00178070,104,54,47
S00178071,121,59,60
S00178072,167,95,72
S00178073,137,73,64
S00178074,154,89,65
S00178075,172,91,81
S00178076,85,41,45
S00178077,122,59,63
S00178078,80,43,41
S00178079,201,117,82
S00178080,106,56,50
S00178081,98,53,45
S00178082,102,54,44
S00178083,143,76,67
S00178084,125,71,54
S00178085,98,55,43
S00178086,94,51,43
S00178087,112,50,62
S00178088,81,48,36
S00178089,115,55,60
S00178090,120,66,50
S00178091,111,59,54
S00178092,161,77,82
S00178093,117,57,56
S00178094,165,90,75
S00178095,90,45,49
S00178096,84,41,43
S00178097,61,29,32
S00178098,81,44,35
S00178099,108,58,50
S00178100,124,60,64
S00178101,118,64,54
S00178102,97,53,44
S00178103,222,109,113
S00178104,68,32,36
S00178105,109,51,57
S00178106,123,70,53
S00178107,66,32,27
S00178108,101,52,49
S00178109,179,83,96
S00178110,82,43,40
S00178111,88,42,46
S00178112,104,46,54
S00178113,200,105,93
S00178114,85,42,43
S00178115,110,55,54
S00178116,103,46,53
S00178117,79,40,39
S00178118,63,34,29
S00178119,101,49,52
S00178120,132,71,58
S00178121,84,42,42
S00178122,99,54,45
S00178123,103,54,51
S00178124,113,59,54
S00178125,100,55,45
S00178126,85,47,38
S00178127,120,58,62
S00178128,109,60,50
S00178129,95,54,36
S00178130,151,81,70
S00178131,73,46,27
S00178132,93,54,39
S00178133,350,168,182
S00178134,147,74,73
S00178135,136,69,67
S00178136,127,64,57
S00178137,100,48,52
S00178138,72,33,36
S00178139,111,50,59
S00178140,236,119,117
S00178141,104,57,47
S00178142,88,41,47
S00178143,104,50,52
S00178144,90,52,38
S00178145,149,81,68
S00178146,143,80,63
S00178147,182,92,90
S00178148,188,86,102
S00178149,128,66,62
S00178150,96,46,51
S00178151,190,96,94
S00178152,181,91,90
S00178153,90,46,41
S00178154,65,36,31
S00178155,158,82,73
S00178156,114,62,49
S00178157,173,89,87
S00178158,64,31,31
S00178159,150,81,69
S00178160,77,35,42
S00178161,149,72,77
S00178162,127,71,53
S00178163,103,51,52
S00178164,126,65,64
S00178165,153,78,72
S00178166,94,42,51
S00178167,156,81,74
S00178168,161,77,81
S00178169,104,52,52
S00178170,192,96,93
S00178171,224,114,110
S00178172,139,71,71
S00178173,158,80,75
S00178174,170,90,81
S00178175,82,41,41
S00178176,122,68,54
S00178177,129,70,59
S00178178,83,42,41
S00178179,113,64,49
S00178180,128,70,54
S00178181,75,41,37
S00178182,81,39,42
S00178183,176,107,69
S00178184,185,88,97
S00178185,89,39,46
S00178186,69,41,29
S00178187,136,69,67
S00178188,121,59,60
S00178189,102,61,44
S00178190,60,31,30
S00178191,93,48,45
S00178192,141,75,69
S00178193,94,46,52
S00178194,185,80,105
S00178195,105,60,46
S00178196,109,57,52
S00178197,119,57,64
S00178198,87,45,42
S00178199,99,55,43
S00178200,75,42,33
S00178201,111,58,53
S00178202,96,53,43
S00178203,176,97,79
S00178204,110,51,59
S00178205,200,40,160
S00178206,89,54,35
S00178207,83,45,38
S00178208,141,70,71
S00178209,76,41,35
S00178210,71,38,34
S00178211,76,38,41
S00178212,162,82,81
S00178213,119,62,57
S00178214,158,80,78
S00178215,103,45,56
S00178216,144,80,64
S00178217,128,72,56
S00178218,155,76,79
S00178219,150,69,80
S00178220,93,50,43
S00178221,90,51,43
S00178222,127,63,64
S00178223,117,53,61
S00178224,168,85,84
S00178225,111,55,56
S00178226,161,82,79
S00178227,97,55,42
S00178228,155,74,78
S00178229,116,55,61
S00178230,145,71,78
S00178231,142,85,61
S00178232,74,42,31
S00178233,130,63,65
S00178234,177,91,86
S00178235,122,62,60
S00178236,98,49,50
S00178237,143,66,77
S00178238,106,49,54
S00178239,78,32,47
S00178240,85,45,42
S00178241,161,74,89
S00178242,105,52,57
S00178243,129,70,59
S00178244,128,72,59
S00178245,125,64,58
S00178246,96,54,42
S00178247,186,100,86
S00178248,189,102,87
S00178249,217,105,112
S00178250,177,94,83
S00178251,125,66,59
S00178252,81,45,36
S00178253,120,60,60
S00178254,84,42,43
S00178255,157,85,72
S00178256,115,61,57
S00178257,106,61,48
S00178258,84,43,41
S00178259,178,94,88
S00178260,106,52,57
S00178261,187,92,95
S00178262,150,76,76
S00178263,161,83,78
S00178264,118,67,51
S00178265,90,48,41
S00178266,72,38,34
S00178267,180,96,84
S00178268,131,62,65
S00178269,161,78,80
S00178270,101,50,51
S00178271,134,63,71
S00178272,100,49,54
S00178273,149,81,68
S00178274,127,73,51
S00178275,246,121,125
S00178276,180,88,92
S00178277,145,75,70
S00178278,125,65,61
S00178279,135,79,57
S00178280,123,63,60
S00178281,103,47,60
S00178282,142,67,75
S00178283,99,46,53
S00178284,140,70,70
S00178285,115,59,56
S00178286,126,65,61
S00178287,143,83,60
S00178288,104,57,50
S00178289,75,38,41
S00178290,89,40,46
S00178291,140,77,63
S00178292,154,70,77
S00178293,121,66,55
S00178294,84,46,38
S00178295,121,70,55
S00178296,120,57,63
S00178297,93,47,46
S00178298,201,110,90
S00178299,100,46,54
S00178300,88,46,40
S00178301,103,58,41
S00178302,112,67,49
S00178303,68,36,32
S00178304,151,74,77
S00178305,73,40,33
S00178306,217,110,111
S00178307,116,60,55
S00178308,69,34,35
S00178309,141,71,70
S00178310,159,80,79
S00178311,161,82,79
S00178312,95,48,50
S00178313,167,89,78
S00178314,119,60,59
S00178315,157,79,78
S00178316,136,69,67
S00178317,70,39,31
S00178318,76,42,34
S00178319,187,94,91
S00178320,143,60,78
S00178321,101,51,50
S00178322,96,50,46
S00178323,97,52,45
S00178324,132,69,67
S00178325,94,53,48
S00178326,82,35,47
S00178327,87,47,44
S00178328,161,89,73
S00178329,133,65,67
S00178330,140,68,68
S00178331,95,58,37
S00178332,200,100,99
S00178333,173,89,84
S00178334,157,68,87
S00178335,102,53,49
S00178336,81,40,41
S00178337,96,44,52
S00178338,153,81,72
S00178339,96,46,47
S00178340,85,51,36
S00178341,189,100,89
S00178342,121,66,56
S00178343,221,108,111
S00178344,174,99,75
S00178345,93,53,40
S00178346,186,94,92
S00178347,110,57,53
S00178348,65,37,28
S00178349,83,46,37
S00178350,139,76,63
S00178351,109,57,52
S00178352,165,77,88
S00178353,234,137,97
S00178354,118,62,52
S00178355,174,97,77
S00178356,144,71,70
S00178357,79,39,40
S00178358,182,90,92
S00178359,164,82,82
S00178360,120,58,62
S00178361,115,61,54
S00178362,108,51,57
S00178363,118,60,60
S00178364,102,56,45
S00178365,173,85,85
S00178366,100,59,38
S00178367,115,62,60
S00178368,90,44,46
S00178369,120,56,64
S00178370,95,54,41
S00178371,82,39,43
S00178372,120,58,62
S00178373,117,60,57
S00178374,68,33,35
S00178375,95,45,52
S00178376,105,55,54
S00178377,125,68,60
S00178378,99,52,44
S00178379,99,54,49
S00178380,158,82,76
S00178381,89,44,45
S00178382,147,69,75
S00178383,86,44,42
S00178384,108,63,49
S00178385,121,56,65
S00178386,72,41,31
S00178387,80,44,37
S00178388,85,41,44
S00178389,160,81,79
S00178390,79,47,35
S00178391,91,45,46
S00178392,120,62,58
S00178393,145,70,77
S00178394,87,45,42
S00178395,96,51,49
S00178396,80,40,41
S00178397,103,50,55
S00178398,77,38,43
S00178399,66,41,31
S00178400,157,77,80
S00178401,82,45,37
S00178402,152,95,62
S00178403,91,57,38
S00178404,96,52,44
S00178405,77,45,32
S00178406,82,41,44
S00178407,72,38,36
S00178408,133,69,64
S00178409,109,54,55
S00178410,97,49,48
S00178411,78,43,35
S00178412,106,51,55
S00178413,104,54,48
S00178414,80,39,41
S00178415,98,49,53
S00178416,113,57,56
S00178417,158,81,77
S00178418,88,41,47
S00178419,71,41,25
S00178420,77,42,32
S00178421,70,31,35
S00178422,116,61,53
S00178423,80,40,39
S00178424,137,70,67
S00178425,103,58,46
S00178426,154,73,81
S00178427,140,68,72
S00178428,101,49,48
S00178429,91,48,44
S00178430,79,28,51
S00178431,150,82,68
S00178432,126,74,51
S00178433,129,62,62
S00178434,87,43,47
S00178435,163,80,85
S00178436,112,59,53
S00178437,78,43,35
S00178438,134,65,72
S00178439,64,34,30
S00178440,108,63,45
S00178441,114,60,54
S00178442,76,30,46
S00178443,71,39,34
S00178444,120,68,55
S00178445,69,42,27
S00178446,174,96,82
S00178447,133,73,60
S00178448,125,71,60
S00178449,141,65,72
S00178450,192,125,66
S00178451,118,55,63
S00178452,88,50,39
S00178453,105,60,45
S00178454,127,72,59
S00178455,123,59,60
S00178456,90,46,44
S00178457,107,62,46
S00178458,163,80,79
S00178459,130,63,72
S00178460,113,48,62
S00178461,132,71,61
S00178462,114,59,55
S00178463,181,87,94
S00178464,160,85,75
S00178465,85,47,35
S00178466,210,112,98
S00178467,135,66,69
S00178468,144,70,74
S00178469,122,68,52
S00178470,117,68,53
S00178471,65,34,31
S00178472,152,70,83
S00178473,139,66,70
S00178474,174,83,91
S00178475,151,80,71
S00178476,77,33,44
S00178477,128,63,65
S00178478,186,93,93
S00178479,115,48,63
S00178480,133,75,58
S00178481,104,48,63
S00178482,79,35,44
S00178483,104,57,47
S00178484,91,38,53
S00178485,141,66,76
S00178486,83,41,40
S00178487,90,40,50
S00178488,197,95,102
S00178489,160,75,85
S00178490,154,78,72
S00178491,65,34,31
S00178492,165,80,87
S00178493,139,67,72
S00178494,207,99,108
S00178495,167,75,92
S00178496,116,65,51
S00178497,122,68,54
S00178498,134,71,63
S00178499,90,42,51
S00178500,183,95,88
S00178501,207,104,103
S00178502,120,61,59
S00178503,136,68,65
S00178504,81,43,38
S00178505,73,42,31
S00178506,130,64,66
S00178507,210,103,111
S00178508,130,61,69
S00178509,154,78,77
S00178510,174,94,80
S00178511,170,82,91
S00178512,103,49,54
S00178513,84,35,49
S00178514,109,55,54
S00178515,84,40,41
S00178516,179,92,83
S00178517,114,58,54
S00178518,152,69,83
S00178519,126,54,70
S00178520,91,46,45
S00178521,58,29,33
S00178522,153,78,73
S00178523,104,52,48
S00178524,105,54,51
S00178525,120,59,61
S00178526,118,58,58
S00178527,77,41,35
S00178528,74,40,34
S00178529,193,103,90
S00178530,90,45,45
S00178531,90,44,43
S00178532,117,66,51
S00178533,95,53,42
S00178534,159,66,93
S00178535,86,46,39
S00178536,117,55,62
S00178537,68,31,37
S00178538,111,54,59
S00178539,123,62,61
S00178540,99,48,51
S00178541,149,75,77
S00178542,103,55,48
S00178543,130,69,61
S00178544,191,107,81
S00178545,107,57,50
S00178546,111,56,55
S00178547,89,54,35
S00178548,121,65,56
S00178549,107,51,56
S00178550,115,60,55
S00178551,107,54,53
S00178552,118,66,55
S00178553,133,76,57
S00178554,107,60,43
S00178555,65,34,31
S00178556,129,64,65
S00178557,66,42,25
S00178558,111,54,57
S00178559,77,41,36
S00178560,134,74,61
S00178561,80,41,39
S00178562,107,57,53
S00178563,88,45,43
S00178564,69,43,26
S00178565,123,70,53
S00178566,188,96,88
S00178567,82,51,33
S00178568,105,52,53
S00178569,105,51,55
S00178570,116,54,62
S00178571,91,49,41
S00178572,103,47,56
S00178573,69,32,39
S00178574,183,95,87
S00178575,164,84,80
S00178576,91,48,43
S00178577,106,48,55
S00178578,65,33,32
S00178579,81,36,42
S00178580,158,79,79
S00178581,121,66,51
S00178582,89,46,43
S00178583,90,51,39
S00178584,168,87,79
S00178585,104,47,57
S00178586,94,44,50
S00178587,98,56,42
S00178588,148,70,78
S00178589,109,54,55
S00178590,123,69,54
S00178591,162,83,77
S00178592,65,32,33
S00178593,148,85,63
S00178594,85,43,44
S00178595,118,59,59
S00178596,67,32,33
S00178597,176,80,96
S00178598,127,60,71
S00178599,92,57,37
S00178600,185,94,91
S00178601,69,33,36
S00178602,184,93,95
S00178603,107,41,62
S00178604,125,64,61
S00178605,120,63,57
S00178606,117,65,52
S00178607,101,49,52
S00178608,122,61,61
S00178609,78,36,36
S00178610,75,34,37
S00178611,100,55,45
S00178612,76,42,30
S00178613,99,53,46
S00178614,91,48,43
S00178615,148,80,68
S00178616,107,57,49
S00178617,84,50,37
S00178618,72,36,38
S00178619,92,53,42
S00178620,97,54,43
S00178621,168,83,85
S00178622,111,54,58
S00178623,126,66,60
S00178624,126,60,66
S00178625,135,67,68
S00178626,106,49,57
S00178627,73,38,35
S00178628,76,36,36
S00178629,74,35,39
S00178630,140,63,78
S00178631,119,59,63
S00178632,91,40,51
S00178633,66,35,31
S00178634,72,33,39
S00178635,125,59,66
S00178636,152,81,74
S00178637,72,37,32
S00178638,103,54,49
S00178639,129,61,69
S00178640,97,46,51
S00178641,119,61,58
S00178642,76,38,41
S00178643,108,52,56
S00178644,135,64,71
S00178645,66,36,30
S00178646,130,63,67
S00178647,145,73,75
S00178648,140,69,75
S00178649,94,46,48
S00178650,68,31,37
S00178651,114,57,57
S00178652,100,45,52
S00178653,134,66,68
S00178654,93,49,38
S00178655,135,72,64
S00178656,86,47,45
S00178657,134,66,69
S00178658,66,35,31
S00178659,108,60,51
S00178660,135,73,62
S00178661,128,68,60
S00178662,65,28,37
S00178663,89,48,41
S00178664,168,86,81
S00178665,85,54,31
S00178666,138,71,68
S00178667,126,65,59
S00178668,76,38,38
S00178669,111,56,59
S00178670,62,28,34
S00178671,144,77,65
S00178672,141,82,61
S00178673,120,67,56
S00178674,114,58,56
S00178675,115,60,53
S00178676,158,74,85
S00178677,94,51,41
S00178678,129,72,61
S00178679,167,80,88
S00178680,131,69,62
S00178681,90,42,48
S00178682,98,49,49
S00178683,138,74,64
S00178684,161,77,84
S00178685,74,38,36
S00178686,132,63,67
S00178687,108,58,50
S00178688,114,59,59
S00178689,87,45,42
S00178690,99,51,48
S00178691,141,74,67
S00178692,203,98,105
S00178693,85,44,41
S00178694,95,47,51
S00178695,210,100,110
S00178696,398,206,195
S00178697,249,135,111
S00178698,159,77,82
S00178699,92,46,46
S00178700,114,59,51
S00178701,155,75,80
S00178702,221,106,115
S00178703,97,53,46
S00178704,127,66,61
S00178705,179,92,86
S00178706,189,91,94
S00178707,116,57,59
S00178708,225,114,111
S00178709,206,89,117
S00178710,168,96,76
S00178711,124,59,62
S00178712,119,62,57
S00178713,150,82,71
S00178714,82,38,44
S00178715,110,54,56
S00178716,96,50,46
S00178717,105,51,58
S00178718,215,100,115
S00178719,128,68,56
S00178720,117,59,56
S00178721,119,63,56
S00178722,154,79,75
S00178723,71,40,34
S00178724,90,49,41
S00178725,131,71,60
S00178726,100,52,48
S00178727,118,61,57
S00178728,101,55,46
S00178729,141,79,62
S00178730,167,96,71
S00178731,138,71,67
S00178732,137,68,73
S00178733,164,76,85
S00178734,108,59,49
S00178735,186,101,87
S00178736,112,58,54
S00178737,102,51,47
S00178738,199,100,99
S00178739,88,52,36
S00178740,79,42,37
S00178741,96,41,55
S00178742,128,60,68
S00178743,152,76,76
S00178744,136,67,66
S00178745,113,65,48
S00178746,118,61,60
S00178747,118,58,61
S00178748,150,77,76
S00178749,74,31,40
S00178750,142,73,67
S00178751,161,86,75
S00178752,84,54,31
S00178753,118,57,59
S00178754,72,41,31
S00178755,152,82,70
S00178756,91,54,35
S00178757,64,31,29
S00178758,139,70,71
S00178759,139,69,70
S00178760,73,36,40
S00178761,120,48,72
S00178762,59,36,27
S00178763,138,71,67
S00178764,73,39,34
S00178765,77,41,37
S00178766,118,59,59
S00178767,64,32,32
S00178768,178,93,83
S00178769,129,64,65
S00178770,68,31,37
S00178771,103,54,52
S00178772,119,62,57
S00178773,136,68,68
S00178774,81,46,35
S00178775,97,50,47
S00178776,121,57,64
S00178777,104,59,45
S00178778,127,59,66
S00178779,133,71,65
S00178780,174,90,81
S00178781,88,43,45
S00178782,66,36,33
S00178783,70,50,21
S00178784,80,44,36
S00178785,145,75,66
S00178786,76,38,34
S00178787,164,82,82
S00178788,183,98,85
S00178789,112,51,61
S00178790,252,120,135
S00178791,106,49,57
S00178792,78,37,41
S00178793,97,50,47
S00178794,191,95,96
S00178795,70,37,37
S00178796,121,63,58
S00178797,121,65,60
S00178798,136,72,66
S00178799,171,84,87
S00178800,169,92,77
S00178801,128,59,66
S00178802,178,89,89
S00178803,133,68,67
S00178804,61,31,30
S00178805,145,73,72
S00178806,122,60,59
S00178807,109,64,48
S00178808,190,98,92
S00178809,94,47,47
S00178810,129,59,72
S00178811,170,86,86
S00178812,112,59,52
S00178813,86,45,41
S00178814,112,65,44
S00178815,139,74,65
S00178816,77,36,41
S00178817,182,95,87
S00178818,142,78,64
S00178819,106,59,47
S00178820,83,38,44
S00178821,112,52,56
S00178822,115,55,66
S00178823,66,28,38
S00178824,103,51,52
S00178825,64,32,32
S00178826,159,76,83
S00178827,102,47,55
S00178828,147,77,73
S00178829,89,48,41
S00178830,113,62,51
S00178831,78,35,43
S00178832,136,59,77
S00178833,222,89,134
S00178834,120,65,55
S00178835,99,45,49
S00178836,167,84,83
S00178837,135,63,71
S00178838,75,43,32
S00178839,101,53,47
S00178840,114,50,60
S00178841,126,61,63
S00178842,1852,1052,796
S00178843,105,54,50
S00178844,115,63,52
S00178845,80,39,39
S00178846,113,55,54
S00178847,144,81,63
S00178848,106,47,56
S00178849,70,38,29
S00178850,118,62,56
S00178851,66,31,31
S00178852,143,75,68
S00178853,193,100,93
S00178854,119,79,42
S00178855,67,30,37
S00178856,82,46,41
S00178857,79,37,45
S00178858,132,64,65
S00178859,254,151,103
S00178860,106,60,46
S00178861,151,81,70
S00178862,74,42,32
S00178863,92,57,38
S00178864,116,59,57
S00178865,122,63,60
S00178866,136,76,64
S00178867,174,91,83
S00178868,99,59,40
S00178869,139,71,68
S00178870,134,63,71
S00178871,147,72,78
S00178872,94,47,48
S00178873,157,84,73
S00178874,139,65,70
S00178875,135,65,70
S00178876,224,118,102
S00178877,119,63,53
S00178878,115,62,53
S00178879,142,84,55
S00178880,151,84,70
S00178881,164,77,87
S00178882,132,75,57
S00178883,226,119,110
S00178884,160,88,72
S00178885,247,126,121
S00178886,167,85,82
S00178887,135,70,68
S00178888,97,48,49
S00178889,99,65,35
S00178890,81,43,38
S00178891,105,57,48
S00178892,185,98,88
S00178893,100,57,43
S00178894,108,47,62
S00178895,176,96,80
S00178896,70,39,32
S00178897,128,65,63
S00178898,117,66,47
S00178899,97,47,50
S00178900,184,100,80
S00178901,172,88,84
S00178902,88,50,38
S00178903,170,93,77
S00178904,81,46,35
S00178905,96,44,52
S00178906,158,83,75
S00178907,400,224,175
S00178908,161,80,81
S00178909,145,81,64
S00178910,138,74,64
S00178911,164,81,83
S00178912,92,53,36
S00178913,75,38,37
S00178914,119,61,58
S00178915,97,55,42
S00178916,151,75,76
S00178917,77,34,43
S00178918,77,37,35
S00178919,125,62,63
S00178920,120,67,53
S00178921,123,68,55
S00178922,72,39,36
S00178923,80,39,42
S00178924,73,33,40
S00178925,115,65,50
S00178926,152,74,78
S00178927,97,58,39
S00178928,167,78,89
S00178929,84,40,44
S00178930,154,77,77
S00178931,83,42,42
S00178932,119,58,58
S00178933,99,50,49
S00178934,81,43,36
S00178935,128,62,66
S00178936,161,87,74
S00178937,150,78,72
S00178938,182,93,89
S00178939,104,65,42
S00178940,154,76,78
S00178941,143,80,63
S00178942,68,40,28
S00178943,115,56,59
S00178944,125,67,57
S00178945,182,97,85
S00178946,101,49,52
S00178947,94,42,56
S00178948,160,86,71
S00178949,102,58,40
S00178950,132,73,59
S00178951,150,91,63
S00178952,122,65,57
S00178953,83,43,40
S00178954,366,227,139
S00178955,97,59,38
S00178956,89,50,39
S00178957,152,81,71
S00178958,178,112,66
S00178959,144,77,67
S00178960,151,80,71
S00178961,95,66,30
S00178962,121,65,59
S00178963,152,85,67
S00178964,189,115,74
S00178965,79,49,30
S00178966,131,59,72
S00178967,120,87,37
S00178968,92,38,50
S00178969,113,58,55
S00178970,91,47,44
S00178971,90,48,41
S00178972,152,78,74
S00178973,174,90,88
S00178974,112,53,59
S00178975,119,72,47
S00178976,143,64,79
S00178977,130,73,57
S00178978,61,30,32
S00178979,172,82,90
S00178980,94,41,53
S00178981,141,80,61
S00178982,86,42,40
S00178983,93,51,45
S00178984,167,93,74
S00178985,94,43,51
S00178986,314,164,150
S00178987,81,33,48
S00178988,92,59,33
S00178989,99,43,59
S00178990,108,58,50
S00178991,126,69,54
S00178992,129,69,61
S00178993,79,33,43
S00178994,81,50,31
S00178995,90,54,36
S00178996,69,46,23
S00178997,75,47,32
S00178998,166,69,94
S00178999,101,52,47
S00179000,95,50,45
S00179001,61,31,30
S00179002,127,49,78
S00179003,127,68,59
S00179004,69,27,42
S00179005,336,201,135
S00179006,155,84,72
S00179007,176,87,89
S00179008,76,38,36
S00179009,147,51,93
S00179010,111,53,58
S00179011,134,71,63
S00179012,112,63,45
S00179013,75,41,34
S00179014,93,53,40
S00179015,70,35,35
S00179016,222,113,109
S00179017,118,59,59
S00179018,153,83,70
S00179019,99,44,55
S00179020,114,59,55
S00179021,139,68,67
S00179022,90,38,50
S00179023,123,64,55
S00179024,92,45,47
S00179025,95,48,44
S00179026,97,45,50
S00179027,88,51,37
S00179028,126,60,64
S00179029,221,105,116
S00179030,114,57,57
S00179031,102,67,35
S00179032,117,66,55
S00179033,88,47,41
S00179034,105,51,54
S00179035,161,74,84
S00179036,85,45,40
S00179037,92,54,38
S00179038,110,54,60
S00179039,77,39,38
S00179040,148,86,65
S00179041,85,52,40
S00179042,70,45,29
S00179043,150,77,65
S00179044,99,54,45
S00179045,88,47,41
S00179046,96,48,52
S00179047,103,56,49
S00179048,100,51,49
S00179049,141,71,70
S00179050,102,54,48
S00179051,86,47,36
S00179052,175,93,82
S00179053,139,68,71
S00179054,97,44,57
S00179055,88,48,42
S00179056,129,61,64
S00179057,90,48,42
S00179058,91,50,41
S00179059,152,81,67
S00179060,95,49,45
S00179061,162,80,82
S00179062,93,46,47
S00179063,109,56,52
S00179064,146,77,69
S00179065,116,69,47
S00179066,112,60,56
S00179067,105,52,55
S00179068,70,43,27
S00179069,116,55,61
S00179070,186,90,94
S00179071,94,55,38
S00179072,70,32,38
S00179073,136,73,63
S00179074,183,97,86
S00179075,83,42,41
S00179076,74,37,37
S00179077,118,68,54
S00179078,121,53,68
S00179079,138,73,65
S00179080,60,34,26
S00179081,139,70,72
S00179082,158,84,78
S00179083,79,47,32
S00179084,99,50,50
S00179085,133,68,65
S00179086,116,56,60
S00179087,131,74,57
S00179088,94,48,46
S00179089,134,66,70
S00179090,143,85,60
S00179091,132,67,67
S00179092,95,45,51
S00179093,80,45,35
S00179094,131,65,66
S00179095,169,95,72
S00179096,103,55,48
S00179097,113,55,57
S00179098,133,71,62
S00179099,82,49,33
S00179100,95,61,34
S00179101,110,58,53
S00179102,106,53,53
S00179103,84,44,38
S00179104,96,51,45
S00179105,179,98,78
S00179106,102,51,51
S00179107,133,67,66
S00179108,99,51,48
S00179109,115,55,60
S00179110,104,56,47
S00179111,175,95,80
S00179112,107,59,47
S00179113,154,83,71
S00179114,147,78,69
S00179115,97,44,53
S00179116,117,52,65
S00179117,109,70,39
S00179118,104,56,51
S00179119,122,63,55
S00179120,98,58,40
S00179121,123,60,65
S00179122,132,65,65
S00179123,105,45,61
S00179124,74,40,36
S00179125,175,95,80
S00179126,95,41,54
S00179127,68,33,35
S00179128,85,50,35
S00179129,116,63,53
S00179130,137,58,77
S00179131,189,95,96
S00179132,97,52,45
S00179133,69,29,40
S00179134,117,54,63
S00179135,91,45,46
S00179136,67,36,31
S00179137,87,46,39
S00179138,63,29,30
S00179139,103,58,45
S00179140,106,61,44
S00179141,62,29,33
S00179142,89,52,37
S00179143,137,68,69
S00179144,98,54,44
S00179145,119,55,64
S00179146,223,118,105
S00179147,118,65,53
S00179148,63,35,28
S00179149,142,64,82
S00179150,86,34,48
S00179151,101,46,55
S00179152,132,59,73
S00179153,126,65,61
S00179154,132,69,59
S00179155,123,66,57
S00179156,222,114,108
S00179157,110,57,53
S00179158,114,53,58
S00179159,92,40,46
S00179160,140,79,61
S00179161,94,47,49
S00179162,119,70,49
S00179163,118,56,64
S00179164,84,42,42
S00179165,168,90,78
S00179166,95,49,46
S00179167,83,43,43
S00179168,66,39,27
S00179169,75,39,36
S00179170,76,41,35
S00179171,104,54,50
S00179172,101,65,36
S00179173,199,99,97
S00179174,102,49,54
S00179175,189,107,82
S00179176,115,67,52
S00179177,105,51,54
S00179178,147,80,67
S00179179,149,81,68
S00179180,136,76,60
S00179181,90,45,45
S00179182,79,38,41
S00179183,114,53,61
S00179184,112,66,46
S00179185,69,37,32
S00179186,99,58,41
S00179187,68,35,33
S00179188,94,53,41
S00179189,108,51,56
S00179190,121,66,55
S00179191,72,43,31
S00179192,93,43,50
S00179193,70,39,34
S00179194,105,58,46
S00179195,86,39,47
S00179196,111,63,51
S00179197,126,64,62
S00179198,100,51,49
S00179199,110,62,50
S00179200,86,50,34
S00179201,112,58,54
S00179202,136,73,60
S00179203,96,53,43
S00179204,178,90,88
S00179205,121,64,57
S00179206,102,54,48
S00179207,115,59,60
S00179208,155,91,64
S00179209,164,85,79
S00179210,72,31,38
S00179211,211,104,108
S00179212,65,35,30
S00179213,156,81,73
S00179214,134,74,60
S00179215,147,82,65
S00179216,72,30,42
S00179217,114,59,63
S00179218,87,47,40
S00179219,104,46,58
S00179220,174,91,83
S00179221,121,61,60
S00179222,81,37,42
S00179223,65,32,33
S00179224,141,76,65
S00179225,223,125,98
S00179226,206,112,97
S00179227,129,60,69
S00179228,117,65,50
S00179229,117,62,55
S00179230,95,47,49
S00179231,118,62,56
S00179232,185,101,84
S00179233,125,68,57
S00179234,65,35,32
S00179235,96,47,49
S00179236,85,41,44
S00179237,77,37,40
S00179238,62,31,35
S00179239,91,51,43
S00179240,177,84,93
S00179241,76,45,37
S00179242,106,58,48
S00179243,104,49,55
S00179244,97,58,39
S00179245,149,64,82
S00179246,117,61,56
S00179247,140,69,71
S00179248,113,54,55
S00179249,121,60,61
S00179250,78,36,42
S00179251,111,60,48
S00179252,138,72,66
S00179253,74,37,37
S00179254,64,41,26
S00179255,118,56,62
S00179256,136,71,65
S00179257,113,56,57
S00179258,169,87,84
S00179259,80,38,39
S00179260,182,85,97
S00179261,148,77,72
S00179262,124,58,66
S00179263,117,54,63
S00179264,91,47,44
S00179265,150,75,75
S00179266,142,81,64
S00179267,61,29,32
S00179268,136,73,67
S00179269,103,54,49
S00179270,184,91,93
S00179271,117,63,58
S00179272,125,66,59
S00179273,199,100,102
S00179274,102,47,55
S00179275,197,103,94
S00179276,119,58,59
S00179277,127,60,65
S00179278,153,82,71
S00179279,146,71,79
S00179280,158,83,78
S00179281,108,62,46
S00179282,101,50,51
S00179283,152,79,73
S00179284,128,63,65
S00179285,183,103,84
S00179286,125,65,60
S00179287,113,63,50
S00179288,138,78,60
S00179289,126,66,60
S00179290,89,48,41
S00179291,126,72,54
S00179292,153,77,75
S00179293,90,50,40
S00179294,100,51,45
S00179295,134,68,66
S00179296,108,55,53
S00179297,129,69,60
S00179298,154,81,73
S00179299,91,46,45
S00179300,107,66,44
S00179301,157,74,80
S00179302,108,54,54
S00179303,126,69,57
S00179304,75,42,36
S00179305,80,40,36
S00179306,164,89,68
S00179307,141,66,72
S00179308,158,82,76
S00179309,128,57,67
S00179310,147,75,72
S00179311,106,52,53
S00179312,150,76,74
S00179313,61,28,33
S00179314,85,46,39
S00179315,111,60,48
S00179316,86,46,48
S00179317,131,74,64
S00179318,136,75,61
S00179319,76,39,37
S00179320,68,41,32
S00179321,75,41,34
S00179322,108,55,53
S00179323,62,31,31
S00179324,61,30,31
S00179325,149,77,72
S00179326,197,102,95
S00179327,123,67,56
S00179328,140,82,58
S00179329,71,41,30
S00179330,165,88,76
S00179331,142,72,70
S00179332,121,62,58
S00179333,125,72,54
S00179334,88,42,43
S00179335,89,39,50
S00179336,83,45,38
S00179337,108,58,49
S00179338,100,54,43
S00179339,123,65,58
S00179340,77,42,31
S00179341,103,59,45
S00179342,114,67,46
S00179343,78,39,39
S00179344,204,87,117
S00179345,112,59,51
S00179346,98,49,49
S00179347,117,55,62
S00179348,155,93,66
S00179349,156,82,74
S00179350,183,96,87
S00179351,134,72,62
S00179352,196,95,105
S00179353,119,64,55
S00179354,107,56,51
S00179355,94,45,49
S00179356,60,29,31
S00179357,136,65,67
S00179358,115,67,51
S00179359,188,98,90
S00179360,126,64,60
S00179361,97,50,47
S00179362,101,52,49
S00179363,126,66,60
S00179364,180,85,95
S00179365,151,76,75
S00179366,218,112,106
S00179367,186,98,85
S00179368,116,57,59
S00179369,93,49,44
S00179370,70,33,37
S00179371,167,88,75
S00179372,70,38,32
S00179373,123,64,59
S00179374,141,80,61
S00179375,116,60,51
S00179376,109,63,46
S00179377,121,65,56
S00179378,190,97,93
S00179379,141,78,63
S00179380,101,48,53
S00179381,109,48,61
S00179382,86,42,44
S00179383,171,91,80
S00179384,95,52,46
S00179385,113,61,50
S00179386,66,36,29
S00179387,87,44,43
S00179388,98,52,49
S00179389,115,53,62
S00179390,118,65,52
S00179391,127,67,60
S00179392,108,51,57
S00179393,78,41,37
S00179394,130,69,61
S00179395,162,81,81
S00179396,189,79,110
S00179397,102,52,50
S00179398,102,55,47
S00179399,82,44,38
S00179400,240,124,116
S00179401,97,53,44
S00179402,140,74,66
S00179403,76,50,26
S00179404,124,70,54
S00179405,86,45,45
S00179406,74,39,35
S00179407,75,43,35
S00179408,79,43,35
S00179409,153,94,59
S00179410,79,44,39
S00179411,79,42,34
S00179412,96,43,53
S00179413,103,55,48
S00179414,103,48,55
S00179415,105,50,55
S00179416,73,41,32
S00179417,85,45,40
S00179418,112,52,60
S00179419,61,31,30
S00179420,159,94,65
S00179421,71,33,38
S00179422,77,48,30
S00179423,159,86,72
S00179424,122,59,55
S00179425,101,59,43
S00179426,172,90,83
S00179427,91,46,45
S00179428,113,56,54
S00179429,61,31,28
S00179430,164,87,77
S00179431,87,41,46
S00179432,123,68,55
S00179433,76,40,38
S00179434,146,85,61
S00179435,108,55,52
S00179436,118,60,55
S00179437,81,45,36
S00179438,97,61,42
S00179439,69,36,29
S00179440,123,63,60
S00179441,180,98,82
S00179442,141,67,74
S00179443,87,48,38
S00179444,90,45,45
S00179445,113,58,58
S00179446,87,41,43
S00179447,74,38,35
S00179448,161,83,78
S00179449,118,60,58
S00179450,60,33,27
S00179451,73,42,31
S00179452,83,48,34
S00179453,95,49,46
S00179454,124,57,64
S00179455,119,58,58
S00179456,82,41,41
S00179457,76,43,33
S00179458,63,34,33
S00179459,176,104,72
S00179460,127,72,55
S00179461,79,36,39
S00179462,69,33,32
S00179463,84,38,46
S00179464,151,83,69
S00179465,102,56,46
S00179466,74,41,33
S00179467,182,99,83
S00179468,63,34,29
S00179469,86,45,37
S00179470,156,79,75
S00179471,61,38,26
S00179472,85,38,47
S00179473,125,66,61
S00179474,82,48,34
S00179475,113,60,53
S00179476,79,42,36
S00179477,63,30,33
S00179478,90,48,42
S00179479,66,39,26
S00179480,68,32,36
S00179481,135,67,72
S00179482,73,48,31
S00179483,120,57,62
S00179484,169,90,79
S00179485,185,91,94
S00179486,115,54,61
S00179487,92,48,44
S00179488,103,51,52
S00179489,120,52,68
S00179490,95,50,45
S00179491,142,71,71
S00179492,70,45,29
S00179493,114,63,51
S00179494,62,32,30
S00179495,172,94,78
S00179496,100,47,53
S00179497,95,49,46
S00179498,116,57,59
S00179499,82,30,50
S00179500,69,40,29
S00179501,116,58,58
S00179502,94,46,45
S00179503,63,29,34
S00179504,91,48,43
S00179505,130,71,58
S00179506,125,63,65
S00179507,86,40,46
S00179508,84,46,38
S00179509,115,54,61
S00179510,108,62,46
S00179511,102,51,51
S00179512,174,88,85
S00179513,129,73,56
S00179514,152,72,84
S00179515,71,54,17
S00179516,63,37,26
S00179517,92,45,47
S00179518,76,41,31
S00179519,125,63,62
S00179520,93,42,48
S00179521,111,63,46
S00179522,122,68,54
S00179523,95,43,49
S00179524,102,48,54
S00179525,80,42,36
S00179526,125,65,60
S00179527,94,43,51
S00179528,149,90,63
S00179529,149,80,69
S00179530,129,66,63
S00179531,101,52,49
S00179532,94,48,50
S00179533,142,75,66
S00179534,69,33,35
S00179535,90,46,44
S00179536,106,56,53
S00179537,123,60,63
S00179538,138,68,66
S00179539,108,53,55
S00179540,79,43,36
S00179541,76,41,42
S00179542,180,98,81
S00179543,126,63,60
S00179544,117,60,57
S00179545,119,57,65
S00179546,63,32,31
S00179547,93,42,47
S00179548,157,89,68
S00179549,148,81,67
S00179550,167,100,67
S00179551,86,52,34
S00179552,80,42,38
S00179553,135,79,56
S00179554,114,59,55
S00179555,127,68,59
S00179556,157,85,72
S00179557,80,40,40
S00179558,73,37,36
S00179559,113,65,50
S00179560,120,51,66
S00179561,72,40,32
S00179562,98,56,42
S00179563,103,58,45
S00179564,156,81,75
S00179565,82,46,39
S00179566,137,70,65
S00179567,67,37,31
S00179568,155,82,73
S00179569,191,95,96
S00179570,71,44,27
S00179571,64,34,34
S00179572,103,55,46
S00179573,148,81,67
S00179574,81,42,37
S00179575,100,48,52
S00179576,105,63,42
S00179577,105,52,53
S00179578,79,44,39
S00179579,104,51,53
S00179580,95,54,41
S00179581,145,77,68
S00179582,169,91,79
S00179583,178,89,85
S00179584,123,64,59
S00179585,214,102,112
S00179586,105,56,51
S00179587,145,68,77
S00179588,78,40,38
S00179589,82,46,36
S00179590,131,79,52
S00179591,110,56,54
S00179592,108,60,46
S00179593,146,66,80
S00179594,85,42,39
S00179595,131,66,65
S00179596,74,37,37
S00179597,101,56,45
S00179598,123,69,57
S00179599,74,35,39
S00179600,123,63,60
S00179601,134,63,71
S00179602,65,29,36
S00179603,193,109,84
S00179604,77,47,34
S00179605,64,39,31
S00179606,112,61,49
S00179607,72,37,35
S00179608,68,44,29
S00179609,126,75,51
S00179610,65,42,23
S00179611,126,63,55
S00179612,174,84,90
S00179613,121,58,63
S00179614,103,39,62
S00179615,64,30,31
S00179616,94,46,48
S00179617,101,52,50
S00179618,117,63,57
S00179619,106,49,58
S00179620,158,81,76
S00179621,86,48,40
S00179622,118,51,67
S00179623,91,52,39
S00179624,133,74,60
S00179625,159,84,71
S00179626,132,61,71
S00179627,150,82,68
S00179628,108,61,47
S00179629,87,46,41
S00179630,73,38,36
S00179631,220,120,100
S00179632,112,70,42
S00179633,165,92,73
S00179634,101,45,56
S00179635,234,120,118
S00179636,130,70,60
S00179637,175,93,82
S00179638,89,46,42
S00179639,175,81,94
S00179640,129,68,61
S00179641,99,58,41
S00179642,138,64,73
S00179643,168,88,80
S00179644,108,52,56
S00179645,75,36,39
S00179646,92,54,38
S00179647,80,41,40
S00179648,71,35,36
S00179649,123,73,56
S00179650,115,55,64
S00179651,118,60,57
S00179652,141,70,71
S00179653,168,91,77
S00179654,92,53,39
S00179655,108,55,53
S00179656,99,51,48
S00179657,100,48,49
S00179658,225,125,100
S00179659,111,52,59
S00179660,90,53,37
S00179661,118,60,58
S00179662,146,80,62
S00179663,108,54,55
S00179664,101,54,47
S00179665,67,40,26
S00179666,177,95,82
S00179667,97,53,40
S00179668,107,58,49
S00179669,153,73,80
S00179670,117,63,54
S00179671,159,87,72
S00179672,79,44,35
S00179673,158,92,70
S00179674,79,43,36
S00179675,71,37,34
S00179676,84,44,40
S00179677,98,48,48
S00179678,81,41,41
S00179679,117,62,55
S00179680,57,33,27
S00179681,80,45,35
S00179682,69,30,37
S00179683,112,60,52
S00179684,88,47,42
S00179685,111,63,48
S00179686,98,50,48
S00179687,100,55,45
S00179688,107,56,51
S00179689,60,31,33
S00179690,106,52,58
S00179691,101,49,52
S00179692,204,119,86
S00179693,72,30,39
S00179694,70,31,39
S00179695,152,79,73
S00179696,88,48,43
S00179697,91,52,39
S00179698,126,58,68
S00179699,99,48,48
S00179700,164,85,79
S00179701,139,76,63
S00179702,74,35,39
S00179703,144,74,70
S00179704,63,35,27
S00179705,155,83,74
S00179706,125,61,64
S00179707,97,45,52
S00179708,106,52,54
S00179709,104,51,53
S00179710,118,62,59
S00179711,101,56,45
S00179712,66,30,33
S00179713,132,71,65
S00179714,84,47,37
S00179715,99,46,53
S00179716,139,69,70
S00179717,67,31,36
S00179718,69,30,39
S00179719,85,43,38
S00179720,122,59,63
S00179721,70,39,31
S00179722,144,61,83
S00179723,73,42,31
S00179724,84,32,51
S00179725,93,52,38
S00179726,81,45,42
S00179727,79,41,38
S00179728,87,51,36
S00179729,108,55,57
S00179730,70,27,39
S00179731,80,40,42
S00179732,72,37,35
S00179733,113,52,58
S00179734,64,32,31
S00179735,125,63,62
S00179736,125,64,61
S00179737,144,75,69
S00179738,79,37,42
S00179739,65,34,31
S00179740,149,77,72
S00179741,96,60,36
S00179742,109,60,49
S00179743,125,69,58
S00179744,96,50,46
S00179745,115,58,53
S00179746,83,45,39
S00179747,80,42,41
S00179748,72,37,37
S00179749,181,89,92
S00179750,100,45,55
S00179751,125,68,60
S00179752,122,63,57
S00179753,121,62,57
S00179754,91,48,43
S00179755,93,49,45
S00179756,98,55,43
S00179757,75,39,39
S00179758,90,46,44
S00179759,96,60,36
S00179760,95,51,40
S00179761,82,34,47
S00179762,93,51,44
S00179763,112,59,53
S00179764,66,39,30
S00179765,113,52,61
S00179766,140,73,67
S00179767,117,76,41
S00179768,80,45,35
S00179769,122,68,52
S00179770,83,41,42
S00179771,93,42,51
S00179772,107,52,55
S00179773,129,59,69
S00179774,126,71,55
S00179775,141,62,82
S00179776,122,63,59
S00179777,76,43,36
S00179778,110,59,54
S00179779,87,42,45
S00179780,126,63,63
S00179781,100,61,42
S00179782,121,60,64
S00179783,122,57,62
S00179784,149,75,74
S00179785,109,49,57
S00179786,71,33,38
S00179787,123,61,62
S00179788,100,50,50
S00179789,124,67,57
S00179790,137,73,64
S00179791,167,84,83
S00179792,198,102,96
S00179793,83,42,41
S00179794,209,106,105
S00179795,179,96,83
S00179796,183,100,83
S00179797,117,63,54
S00179798,75,42,33
S00179799,98,44,53
S00179800,93,48,45
S00179801,73,46,30
S00179802,120,69,51
S00179803,122,59,63
S00179804,83,35,45
S00179805,98,49,51
S00179806,82,38,41
S00179807,95,48,47
S00179808,102,50,52
S00179809,101,48,53
S00179810,96,53,43
S00179811,162,88,74
S00179812,137,78,59
S00179813,182,102,80
S00179814,178,95,81
S00179815,160,87,73
S00179816,107,58,47
S00179817,131,71,56
S00179818,97,56,41
S00179819,109,59,48
S00179820,162,84,78
S00179821,111,60,51
S00179822,100,50,50
S00179823,64,39,25
S00179824,119,64,58
S00179825,109,58,51
S00179826,87,47,40
S00179827,79,40,39
S00179828,145,69,72
S00179829,98,49,49
S00179830,74,37,37
S00179831,169,85,87
S00179832,134,71,63
S00179833,76,44,32
S00179834,183,91,89
S00179835,81,35,48
S00179836,86,41,41
S00179837,117,64,57
S00179838,118,63,59
S00179839,113,58,50
S00179840,79,36,42
S00179841,143,80,63
S00179842,116,71,45
S00179843,81,49,32
S00179844,154,88,69
S00179845,88,40,45
S00179846,101,54,54
S00179847,95,51,44
S00179848,133,67,63
S00179849,125,59,65
S00179850,65,32,33
S00179851,155,83,76
S00179852,154,78,76
S00179853,77,42,39
S00179854,91,53,42
S00179855,97,48,49
S00179856,72,41,32
S00179857,137,77,61
S00179858,63,38,25
S00179859,105,52,53
S00179860,98,49,49
S00179861,106,59,44
S00179862,118,54,64
S00179863,142,72,69
S00179864,126,61,61
S00179865,133,65,67
S00179866,85,42,43
S00179867,74,45,27
S00179868,81,39,40
S00179869,120,61,59
S00179870,78,40,35
S00179871,84,41,43
S00179872,61,30,31
S00179873,97,47,50
S00179874,145,72,70
S00179875,71,45,26
S00179876,83,40,46
S00179877,118,64,54
S00179878,117,53,60
S00179879,144,94,46
S00179880,164,81,83
S00179881,106,56,50
S00179882,151,79,68
S00179883,66,43,27
S00179884,97,43,50
S00179885,99,53,46
S00179886,107,59,53
S00179887,63,34,29
S00179888,116,65,51
S00179889,114,68,46
S00179890,91,42,46
S00179891,87,50,37
S00179892,153,75,78
S00179893,61,29,32
S00179894,70,38,32
S00179895,161,89,72
S00179896,63,33,30
S00179897,127,71,60
S00179898,72,41,28
S00179899,82,37,42
S00179900,76,38,36
S00179901,102,53,49
S00179902,85,42,47
S00179903,86,43,43
S00179904,101,54,49
S00179905,81,43,38
S00179906,67,37,30
S00179907,89,51,38
S00179908,167,86,81
S00179909,109,67,42
S00179910,67,35,32
S00179911,236,111,123
S00179912,91,41,49
S00179913,136,71,65
S00179914,147,74,73
S00179915,94,40,54
S00179916,104,51,49
S00179917,78,44,34
S00179918,76,47,30
S00179919,81,47,34
S00179920,108,54,51
S00179921,86,42,45
S00179922,167,84,83
S00179923,77,47,30
S00179924,99,56,43
S00179925,176,86,94
S00179926,93,54,40
S00179927,61,32,25
S00179928,100,55,42
S00179929,85,35,49
S00179930,158,84,75
S00179931,143,80,63
S00179932,80,38,45
S00179933,84,45,39
S00179934,99,52,48
S00179935,80,37,43
S00179936,80,48,28
S00179937,177,82,91
S00179938,103,54,49
S00179939,80,44,36
S00179940,110,58,48
S00179941,72,36,33
S00179942,127,64,63
S00179943,74,42,32
S00179944,153,73,77
S00179945,62,36,26
S00179946,83,42,41
S00179947,157,77,80
S00179948,96,46,47
S00179949,108,58,54
S00179950,76,41,35
S00179951,78,44,38
S00179952,125,70,56
S00179953,84,43,41
S00179954,140,75,65
S00179955,80,44,36
S00179956,112,66,50
S00179957,126,67,62
S00179958,123,60,63
S00179959,124,60,63
S00179960,97,48,49
S00179961,96,44,52
S00179962,80,48,32
S00179963,125,62,59
S00179964,79,39,40
S00179965,117,62,55
S00179966,82,39,43
S00179967,102,49,53
S00179968,73,39,34
S00179969,79,45,33
S00179970,68,38,30
S00179971,96,54,41
S00179972,114,60,50
S00179973,118,41,77
S00179974,111,67,45
S00179975,108,55,55
S00179976,156,77,79
S00179977,133,70,61
S00179978,60,35,25
S00179979,94,54,40
S00179980,161,87,74
S00179981,61,32,29
S00179982,121,62,58
S00179983,124,58,66
S00179984,97,31,60
S00179985,110,57,53
S00179986,80,43,41
S00179987,96,46,50
S00179988,135,70,65
S00179989,153,84,69
S00179990,109,50,61
S00179991,103,43,60
S00179992,78,38,36
S00179993,92,59,33
S00179994,90,44,46
S00179995,124,58,66
S00179996,92,47,45
S00179997,104,53,47
S00179998,108,60,52
S00179999,130,62,68
S00180000,94,47,47
S00180001,127,64,64
S00180002,145,76,68
S00180003,145,80,65
S00180004,120,56,61
S00180005,152,77,75
S00180006,152,73,82
S00180007,156,83,73
S00180008,82,43,39
S00180009,96,41,55
S00180010,105,52,53
S00180011,161,76,88
S00180012,130,65,63
S00180013,91,50,41
S00180014,85,45,42
S00180015,120,63,57
S00180016,78,45,31
S00180017,131,61,70
S00180018,108,51,60
S00180019,107,55,56
S00180020,142,72,70
S00180021,149,88,61
S00180022,136,58,78
S00180023,104,54,50
S00180024,102,49,53
S00180025,87,41,46
S00180026,80,42,38
S00180027,117,67,52
S00180028,108,49,56
S00180029,84,40,48
S00180030,138,73,68
S00180031,83,44,37
S00180032,110,55,55
S00180033,73,41,29
S00180034,64,33,31
S00180035,103,42,61
S00180036,108,60,48
S00180037,86,58,32
S00180038,97,50,47
S00180039,103,56,49
S00180040,104,59,44
S00180041,102,33,71
S00180042,103,53,50
S00180043,95,53,46
S00180044,124,70,57
S00180045,99,56,40
S00180046,111,48,63
S00180047,108,33,79
S00180048,75,40,41
S00180049,75,40,34
S00180050,123,71,52
S00180051,72,40,28
S00180052,121,37,86
S00180053,90,41,46
S00180054,130,74,58
S00180055,84,45,39
S00180056,237,141,92
S00180057,114,63,52
S00180058,143,80,63
S00180059,92,49,45
S00180060,112,68,44
S00180061,131,69,58
S00180062,74,37,37
S00180063,88,43,41
S00180064,117,64,53
S00180065,73,41,34
S00180066,169,82,87
S00180067,70,35,38
S00180068,77,39,36
S00180069,112,37,75
S00180070,158,84,78
S00180071,100,59,41
S00180072,80,39,37
S00180073,109,54,55
S00180074,93,50,43
S00180075,74,41,31
S00180076,89,36,53
S00180077,145,73,72
S00180078,70,40,30
S00180079,143,77,66
S00180080,84,50,31
S00180081,100,51,49
S00180082,76,45,31
S00180083,99,59,39
S00180084,83,44,36
S00180085,90,40,50
S00180086,103,54,49
S00180087,159,83,72
S00180088,151,71,80
S00180089,107,62,49
S00180090,69,35,34
S00180091,84,33,51
S00180092,107,60,47
S00180093,93,44,49
S00180094,137,61,75
S00180095,93,39,54
S00180096,147,79,66
S00180097,100,52,48
S00180098,95,60,34
S00180099,103,49,54
S00180100,79,40,42
S00180101,102,52,51
S00180102,144,71,76
S00180103,85,42,42
S00180104,107,56,51
S00180105,103,51,52
S00180106,100,52,48
S00180107,82,47,39
S00180108,111,69,38
S00180109,202,107,95
S00180110,154,76,78
S00180111,117,64,53
S00180112,117,63,54
S00180113,73,37,34
S00180114,108,57,51
S00180115,83,45,37
S00180116,81,48,36
S00180117,72,39,36
S00180118,95,48,47
S00180119,167,81,87
S00180120,70,41,29
S00180121,158,79,78
S00180122,137,72,65
S00180123,133,70,63
S00180124,150,85,65
S00180125,136,68,67
S00180126,85,47,38
S00180127,68,33,35
S00180128,66,38,29
S00180129,61,34,27
S00180130,114,56,57
S00180131,101,46,55
S00180132,83,39,44
S00180133,163,86,76
S00180134,145,74,73
S00180135,61,29,32
S00180136,84,37,47
S00180137,90,29,58
S00180138,154,83,74
S00180139,100,55,45
S00180140,80,39,41
S00180141,92,49,42
S00180142,164,82,82
S00180143,163,88,75
S00180144,83,34,52
S00180145,141,69,67
S00180146,92,52,41
S00180147,81,35,46
S00180148,77,42,35
S00180149,127,72,55
S00180150,113,59,54
S00180151,95,43,50
S00180152,108,55,48
S00180153,75,37,38
S00180154,162,76,88
S00180155,132,60,68
S00180156,106,52,54
S00180157,70,34,36
S00180158,95,57,38
S00180159,166,103,63
S00180160,67,34,33
S00180161,177,89,84
S00180162,73,37,36
S00180163,106,51,55
S00180164,128,62,66
S00180165,66,34,36
S00180166,142,81,60
S00180167,113,65,48
S00180168,156,87,65
S00180169,104,51,53
S00180170,86,51,35
S00180171,89,46,46
S00180172,118,62,55
S00180173,110,56,54
S00180174,95,52,43
S00180175,83,46,37
S00180176,87,44,43
S00180177,106,66,40
S00180178,81,45,34
S00180179,77,52,25
S00180180,68,40,28
S00180181,82,37,45
S00180182,72,31,41
S00180183,84,41,43
S00180184,120,65,52
S00180185,120,71,50
S00180186,85,39,50
S00180187,67,36,31
S00180188,126,67,59
S00180189,127,63,67
S00180190,154,79,75
S00180191,146,78,70
S00180192,109,55,58
S00180193,96,57,39
S00180194,74,32,42
S00180195,86,38,45
S00180196,74,36,38
S00180197,68,35,33
S00180198,79,40,39
S00180199,187,90,93
S00180200,102,52,50
S00180201,136,67,69
S00180202,85,42,43
S00180203,163,85,78
S00180204,163,87,76
S00180205,119,63,56
S00180206,115,61,54
S00180207,132,67,67
S00180208,145,78,67
S00180209,137,72,65
S00180210,114,62,52
S00180211,201,96,104
S00180212,109,64,48
S00180213,167,80,86
S00180214,228,130,95
S00180215,69,36,33
S00180216,132,66,70
S00180217,98,50,47
S00180218,93,46,47
S00180219,121,59,64
S00180220,68,48,20
S00180221,92,60,32
S00180222,127,68,59
S00180223,98,53,45
S00180224,153,77,76
S00180225,78,42,39
S00180226,139,76,60
S00180227,170,85,85
S00180228,127,62,65
S00180229,183,91,92
S00180230,95,55,40
S00180231,133,67,67
S00180232,145,78,70
S00180233,74,33,39
S00180234,129,67,62
S00180235,160,83,77
S00180236,175,92,83
S00180237,215,106,109
S00180238,119,68,50
S00180239,106,44,62
S00180240,67,32,31
S00180241,91,44,50
S00180242,105,47,58
S00180243,71,36,35
S00180244,162,89,69
S00180245,106,56,50
S00180246,107,58,49
S00180247,76,42,34
S00180248,79,39,40
S00180249,118,68,50
S00180250,98,47,55
S00180251,102,51,50
S00180252,102,48,54
S00180253,110,57,57
S00180254,119,60,61
S00180255,114,62,52
S00180256,105,60,46
S00180257,94,43,47
S00180258,160,76,84
S00180259,71,34,39
S00180260,93,46,47
S00180261,202,105,98
S00180262,131,69,62
S00180263,115,61,54
S00180264,76,36,38
S00180265,119,59,60
S00180266,116,63,53
S00180267,106,56,50
S00180268,72,40,32
S00180269,133,76,57
S00180270,107,55,50
S00180271,133,68,65
S00180272,139,67,72
S00180273,136,71,65
S00180274,92,56,39
S00180275,112,53,59
S00180276,88,43,46
S00180277,80,44,37
S00180278,141,73,66
S00180279,144,73,70
S00180280,120,57,63
S00180281,160,83,77
S00180282,116,58,58
S00180283,104,54,46
S00180284,115,60,55
S00180285,112,61,50
S00180286,106,59,50
S00180287,140,71,70
S00180288,102,54,48
S00180289,135,67,68
S00180290,120,63,57
S00180291,109,58,51
S00180292,100,50,46
S00180293,154,81,71
S00180294,122,65,57
S00180295,119,60,59
S00180296,131,77,54
S00180297,121,67,54
S00180298,100,51,49
S00180299,131,63,68
S00180300,84,42,42
S00180301,111,57,54
S00180302,148,78,70
S00180303,121,67,52
S00180304,158,80,78
S00180305,96,53,43
S00180306,91,45,44
S00180307,66,30,31
S00180308,205,90,115
S00180309,161,81,80
S00180310,82,42,40
S00180311,119,58,59
S00180312,172,83,89
S00180313,70,38,36
S00180314,168,88,80
S00180315,77,43,34
S00180316,202,98,104
S00180317,67,35,32
S00180318,126,63,63
S00180319,85,44,41
S00180320,131,70,61
S00180321,101,52,49
S00180322,138,72,67
S00180323,95,43,52
S00180324,105,54,51
S00180325,93,44,44
S00180326,110,57,53
S00180327,144,72,72
S00180328,129,61,68
S00180329,189,96,91
S00180330,68,37,31
S00180331,159,83,77
S00180332,169,86,83
S00180333,120,59,61
S00180334,116,50,66
S00180335,206,102,104
S00180336,173,98,75
S00180337,112,56,56
S00180338,118,62,60
S00180339,94,40,51
S00180340,160,82,78
S00180341,80,40,40
S00180342,96,46,47
S00180343,131,68,67
S00180344,135,73,62
S00180345,116,56,60
S00180346,303,156,147
S00180347,133,70,63
S00180348,146,83,64
S00180349,91,54,41
S00180350,88,46,42
S00180351,143,72,69
S00180352,112,58,49
S00180353,109,54,55
S00180354,69,39,30
S00180355,119,62,57
S00180356,110,52,55
S00180357,94,44,50
S00180358,69,38,34
S00180359,81,33,47
S00180360,132,61,71
S00180361,163,74,88
S00180362,66,36,30
S00180363,65,31,33
S00180364,99,50,49
S00180365,67,36,31
S00180366,144,65,76
S00180367,119,68,51
S00180368,139,68,67
S00180369,166,96,70
S00180370,94,45,52
S00180371,109,53,56
S00180372,91,47,48
S00180373,189,91,94
S00180374,75,35,40
S00180375,77,35,42
S00180376,219,107,110
S00180377,172,93,79
S00180378,131,74,57
S00180379,208,102,103
S00180380,133,63,70
S00180381,65,32,33
S00180382,101,43,54
S00180383,107,51,53
S00180384,99,47,49
S00180385,88,46,42
S00180386,136,70,66
S00180387,110,57,53
S00180388,87,45,42
S00180389,168,84,84
S00180390,141,73,66
S00180391,71,31,43
S00180392,97,54,46
S00180393,135,69,66
S00180394,182,87,95
S00180395,113,59,54
S00180396,105,56,47
S00180397,112,51,61
S00180398,136,74,62
S00180399,132,69,63
S00180400,122,59,63
S00180401,102,49,54
S00180402,147,66,80
S00180403,140,76,64
S00180404,135,70,62
S00180405,75,46,25
S00180406,117,61,55
S00180407,95,48,47
S00180408,61,26,31
S00180409,97,53,45
S00180410,140,75,65
S00180411,70,38,32
S00180412,67,27,33
S00180413,126,70,54
S00180414,120,59,61
S00180415,147,80,64
S00180416,176,88,88
S00180417,141,73,65
S00180418,90,53,39
S00180419,90,39,51
S00180420,64,28,36
S00180421,98,50,44
S00180422,112,51,65
S00180423,134,73,61
S00180424,126,60,66
S00180425,92,49,46
S00180426,100,58,42
S00180427,211,103,108
S00180428,120,60,60
S00180429,163,74,91
S00180430,107,54,53
S00180431,119,64,55
S00180432,144,86,58
S00180433,83,40,45
S00180434,91,44,49
S00180435,97,45,49
S00180436,167,84,83
S00180437,225,117,108
S00180438,102,51,54
S00180439,112,59,53
S00180440,184,102,81
S00180441,108,56,52
S00180442,104,49,55
S00180443,65,35,30
S00180444,107,57,52
S00180445,146,78,68
S00180446,75,40,35
S00180447,112,56,56
S00180448,96,59,40
S00180449,71,34,37
S00180450,102,47,59
S00180451,69,37,28
S00180452,114,63,51
S00180453,78,40,38
S00180454,118,56,62
S00180455,95,43,52
S00180456,78,45,33
S00180457,116,53,63
S00180458,136,73,63
S00180459,118,60,58
S00180460,102,52,50
S00180461,131,71,56
S00180462,96,48,52
S00180463,93,42,48
S00180464,120,62,59
S00180465,175,105,68
S00180466,113,66,47
S00180467,93,40,57
S00180468,144,78,66
S00180469,113,54,59
S00180470,68,23,41
S00180471,103,56,47
S00180472,141,67,74
S00180473,101,53,48
S00180474,95,53,43
S00180475,112,58,54
S00180476,156,79,79
S00180477,118,58,60
S00180478,77,40,37
S00180479,106,53,50
S00180480,77,37,37
S00180481,168,91,77
S00180482,202,97,105
S00180483,130,66,63
S00180484,69,33,35
S00180485,61,30,31
S00180486,141,74,64
S00180487,140,77,63
S00180488,172,85,87
S00180489,210,127,82
S00180490,91,51,40
S00180491,218,114,104
S00180492,107,53,54
S00180493,194,98,96
S00180494,214,110,105
S00180495,65,26,39
S00180496,140,71,69
S00180497,74,35,39
S00180498,210,103,107
S00180499,104,60,42
S00180500,97,47,49
S00180501,111,58,52
S00180502,134,64,70
S00180503,83,45,41
S00180504,166,88,79
S00180505,99,51,48
S00180506,93,44,44
S00180507,91,45,46
S00180508,89,54,35
S00180509,98,50,48
S00180510,76,39,37
S00180511,149,80,69
S00180512,152,73,81
S00180513,93,53,40
S00180514,102,53,49
S00180515,119,65,54
S00180516,83,46,37
S00180517,169,85,84
S00180518,152,82,69
S00180519,134,67,67
S00180520,98,51,46
S00180521,70,34,39
S00180522,123,64,59
S00180523,165,87,82
S00180524,109,47,62
S00180525,173,88,81
S00180526,90,51,39
S00180527,98,44,54
S00180528,122,57,60
S00180529,113,52,61
S00180530,79,45,38
S00180531,147,83,64
S00180532,112,56,52
S00180533,80,40,40
S00180534,112,57,57
S00180535,71,36,34
S00180536,137,73,64
S00180537,179,87,92
S00180538,87,41,46
S00180539,170,81,88
S00180540,68,39,29
S00180541,136,64,72
S00180542,188,92,98
S00180543,162,77,82
S00180544,102,53,46
S00180545,91,48,43
S00180546,67,39,30
S00180547,162,80,82
S00180548,222,115,107
S00180549,123,66,57
S00180550,86,47,39
S00180551,92,47,45
S00180552,95,57,39
S00180553,98,54,48
S00180554,111,59,52
S00180555,68,27,39
S00180556,122,63,59
S00180557,160,81,79
S00180558,117,62,55
S00180559,65,35,34
S00180560,113,61,52
S00180561,125,66,63
S00180562,150,75,73
S00180563,146,73,73
S00180564,142,78,64
S00180565,160,87,73
S00180566,157,62,97
S00180567,223,112,108
S00180568,86,42,44
S00180569,140,63,73
S00180570,131,74,54
S00180571,93,45,48
S00180572,157,88,69
S00180573,114,63,51
S00180574,153,81,72
S00180575,140,70,70
S00180576,160,84,78
S00180577,143,73,72
S00180578,86,45,47
S00180579,165,83,82
S00180580,60,30,33
S00180581,128,70,61
S00180582,127,61,66
S00180583,108,56,55
S00180584,248,121,127
S00180585,99,47,51
S00180586,104,50,54
S00180587,81,50,37
S00180588,146,77,69
S00180589,142,69,69
S00180590,130,76,54
S00180591,132,61,71
S00180592,119,66,53
S00180593,97,49,48
S00180594,146,74,72
S00180595,118,58,60
S00180596,90,45,45
S00180597,107,52,51
S00180598,105,61,46
S00180599,102,60,46
S00180600,70,34,36
S00180601,164,84,80
S00180602,91,48,43
S00180603,154,75,79
S00180604,164,75,87
S00180605,121,74,48
S00180606,121,58,64
S00180607,114,61,53
S00180608,179,90,85
S00180609,147,74,77
S00180610,120,66,57
S00180611,106,54,49
S00180612,138,62,76
S00180613,88,44,44
S00180614,161,93,75
S00180615,79,46,33
S00180616,127,59,68
S00180617,100,54,50
S00180618,165,85,80
S00180619,120,61,60
S00180620,116,59,57
S00180621,187,106,81
S00180622,164,82,82
S00180623,156,83,73
S00180624,119,62,57
S00180625,117,57,59
S00180626,136,75,61
S00180627,162,75,84
S00180628,85,52,39
S00180629,184,89,95
S00180630,129,71,58
S00180631,123,67,60
S00180632,61,31,30
S00180633,60,27,33
S00180634,113,56,54
S00180635,117,51,66
S00180636,126,63,63
S00180637,89,51,38
S00180638,108,55,53
S00180639,71,35,36
S00180640,77,40,37
S00180641,111,56,55
S00180642,64,32,32
S00180643,91,48,38
S00180644,145,80,65
S00180645,123,60,63
S00180646,143,73,70
S00180647,158,73,80
S00180648,183,90,93
S00180649,77,42,35
S00180650,78,37,41
S00180651,68,37,31
S00180652,111,56,57
S00180653,129,72,57
S00180654,156,83,73
S00180655,78,43,33
S00180656,75,46,29
S00180657,101,51,50
S00180658,103,49,54
S00180659,123,71,54
S00180660,110,67,45
S00180661,100,51,49
S00180662,203,107,96
S00180663,90,48,39
S00180664,75,39,36
S00180665,171,96,75
S00180666,82,38,48
S00180667,141,71,74
S00180668,108,54,57
S00180669,95,49,46
S00180670,125,70,55
S00180671,96,56,37
S00180672,134,67,67
S00180673,138,76,62
S00180674,136,74,66
S00180675,111,59,52
S00180676,102,40,62
S00180677,90,37,53
S00180678,92,49,43
S00180679,140,69,71
S00180680,91,48,40
S00180681,62,26,36
S00180682,130,74,58
S00180683,105,49,55
S00180684,165,80,83
S00180685,212,105,107
S00180686,123,67,56
S00180687,152,80,72
S00180688,85,46,39
S00180689,143,73,70
S00180690,108,55,55
S00180691,127,69,58
S00180692,79,44,37
S00180693,135,67,72
S00180694,92,50,42
S00180695,149,88,61
S00180696,120,67,53
S00180697,90,47,43
S00180698,120,56,67
S00180699,170,88,82
S00180700,91,53,38
S00180701,130,73,61
S00180702,103,49,54
S00180703,164,86,78
S00180704,175,84,91
S00180705,101,57,45
S00180706,115,65,50
S00180707,146,77,70
S00180708,68,39,37
S00180709,94,40,54
S00180710,139,73,65
S00180711,121,60,61
S00180712,154,81,73
S00180713,84,45,39
S00180714,91,43,48
S00180715,129,70,61
S00180716,186,96,90
S00180717,158,84,76
S00180718,144,76,68
S00180719,136,59,77
S00180720,92,48,44
S00180721,114,63,51
S00180722,123,65,61
S00180723,84,46,38
S00180724,128,66,66
S00180725,98,46,50
S00180726,99,49,50
S00180727,132,61,70
S00180728,162,76,86
S00180729,103,46,57
S00180730,81,45,36
S00180731,84,49,35
S00180732,117,70,47
S00180733,142,65,77
S00180734,249,142,107
S00180735,225,119,106
S00180736,65,38,27
S00180737,140,82,58
S00180738,190,107,85
S00180739,182,95,87
S00180740,84,46,36
S00180741,64,34,30
S00180742,127,68,59
S00180743,87,52,35
S00180744,72,41,31
S00180745,71,38,33
S00180746,107,50,60
S00180747,114,57,57
S00180748,118,55,64
S00180749,163,90,73
S00180750,122,63,58
S00180751,89,43,46
S00180752,64,41,23
S00180753,117,63,56
S00180754,93,56,33
S00180755,109,53,56
S00180756,112,55,56
S00180757,82,32,47
S00180758,103,57,46
S00180759,134,68,62
S00180760,88,46,42
S00180761,187,101,86
S00180762,153,80,73
S00180763,133,76,57
S00180764,152,72,80
S00180765,97,52,45
S00180766,99,49,50
S00180767,107,55,52
S00180768,157,85,72
S00180769,96,49,47
S00180770,89,44,47
S00180771,171,89,82
S00180772,181,94,85
S00180773,102,49,53
S00180774,122,66,56
S00180775,120,53,67
S00180776,144,79,72
S00180777,114,63,51
S00180778,102,53,53
S00180779,206,103,103
S00180780,199,99,103
S00180781,192,95,95
S00180782,142,75,67
S00180783,146,85,61
S00180784,120,65,51
S00180785,85,41,44
S00180786,109,59,50
S00180787,79,44,39
S00180788,169,83,81
S00180789,145,67,78
S00180790,196,101,95
S00180791,66,35,29
S00180792,67,34,33
S00180793,149,72,78
S00180794,158,74,84
S00180795,126,66,63
S00180796,96,52,44
S00180797,120,55,65
S00180798,136,71,67
S00180799,182,101,81
S00180800,164,104,60
S00180801,123,64,59
S00180802,165,86,79
S00180803,93,42,51
S00180804,130,70,68
S00180805,105,54,52
S00180806,91,44,47
S00180807,92,46,46
S00180808,111,55,56
S00180809,154,78,75
S00180810,94,39,55
S00180811,91,48,45
S00180812,96,44,52
S00180813,277,134,143
S00180814,171,80,91
S00180815,103,50,53
S00180816,246,119,127
S00180817,90,51,39
S00180818,135,71,61
S00180819,118,55,63
S00180820,68,37,31
S00180821,131,61,70
S00180822,198,116,82
S00180823,84,44,41
S00180824,88,46,46
S00180825,69,34,33
S00180826,121,61,60
S00180827,90,41,49
S00180828,103,44,60
S00180829,69,41,28
S00180830,214,107,107
S00180831,262,132,130
S00180832,149,75,74
S00180833,91,47,41
S00180834,100,49,51
S00180835,111,59,55
S00180836,64,33,34
S00180837,92,50,42
S00180838,125,62,63
S00180839,122,67,56
S00180840,112,64,48
S00180841,139,61,78
S00180842,71,38,32
S00180843,159,71,88
S00180844,155,80,75
S00180845,103,44,59
S00180846,109,53,56
S00180847,81,44,34
S00180848,95,51,44
S00180849,173,87,90
S00180850,128,63,65
S00180851,111,59,52
S00180852,96,49,44
S00180853,120,56,64
S00180854,163,80,79
S00180855,112,58,54
S00180856,161,72,87
S00180857,167,83,84
S00180858,196,98,102
S00180859,105,61,45
S00180860,117,46,69
S00180861,215,101,114
S00180862,67,33,34
S00180863,119,60,59
S00180864,156,81,78
S00180865,61,22,39
S00180866,183,95,88
S00180867,131,75,53
S00180868,80,44,36
S00180869,106,54,48
S00180870,67,38,30
S00180871,82,44,38
S00180872,98,51,50
S00180873,109,63,46
S00180874,148,69,79
S00180875,80,41,39
S00180876,132,65,67
S00180877,110,57,51
S00180878,88,47,45
S00180879,132,72,58
S00180880,113,55,58
S00180881,163,85,82
S00180882,115,66,53
S00180883,153,74,79
S00180884,100,44,57
S00180885,165,97,68
S00180886,131,67,62
S00180887,124,75,49
S00180888,94,41,57
S00180889,157,80,77
S00180890,220,117,104
S00180891,154,73,81
S00180892,129,66,66
S00180893,106,58,48
S00180894,171,94,75
S00180895,140,77,61
S00180896,153,84,69
S00180897,84,38,46
S00180898,76,33,43
S00180899,203,102,102
S00180900,140,68,72
S00180901,73,34,39
S00180902,83,41,44
S00180903,183,105,77
S00180904,79,41,38
S00180905,131,64,67
S00180906,105,55,51
S00180907,170,82,85
S00180908,107,61,46
S00180909,130,64,69
S00180910,129,65,58
S00180911,130,63,63
S00180912,223,108,111
S00180913,115,55,60
S00180914,174,104,70
S00180915,147,80,67
S00180916,76,44,32
S00180917,148,81,67
S00180918,139,73,66
S00180919,157,83,74
S00180920,87,49,34
S00180921,87,45,42
S00180922,183,102,81
S00180923,94,53,41
S00180924,64,31,33
S00180925,153,77,76
S00180926,73,45,28
S00180927,187,97,90
S00180928,148,70,78
S00180929,126,61,65
S00180930,103,49,54
S00180931,132,73,59
S00180932,74,44,34
S00180933,104,49,55
S00180934,151,83,64
S00180935,119,74,45
S00180936,105,58,47
S00180937,109,45,64
S00180938,164,84,80
S00180939,134,67,67
S00180940,179,81,98
S00180941,65,31,34
S00180942,109,59,50
S00180943,99,50,48
S00180944,157,83,74
S00180945,86,44,42
S00180946,152,82,72
S00180947,152,79,73
S00180948,159,81,78
S00180949,221,100,121
S00180950,171,101,70
S00180951,99,52,47
S00180952,74,44,34
S00180953,90,49,41
S00180954,114,57,59
S00180955,130,71,61
S00180956,117,58,59
S00180957,98,54,44
S00180958,139,68,71
S00180959,180,94,86
S00180960,101,43,58
S00180961,74,40,34
S00180962,113,55,58
S00180963,131,57,71
S00180964,145,77,68
S00180965,92,48,44
S00180966,76,38,38
S00180967,203,118,81
S00180968,153,68,85
S00180969,112,57,55
S00180970,66,37,31
S00180971,151,83,65
S00180972,157,93,64
S00180973,101,47,54
S00180974,83,46,37
S00180975,94,28,66
S00180976,63,23,40
S00180977,207,104,103
S00180978,81,37,44
S00180979,107,48,59
S00180980,101,53,52
S00180981,79,46,33
S00180982,216,103,119
S00180983,138,77,61
S00180984,185,98,87
S00180985,82,42,40
S00180986,170,92,82
S00180987,81,39,38
S00180988,164,96,68
S00180989,159,78,81
S00180990,136,69,67
S00180991,134,73,61
S00180992,119,57,63
S00180993,135,78,57
S00180994,145,66,79
S00180995,126,60,66
S00180996,180,86,94
S00180997,131,58,73
S00180998,101,41,60
S00180999,116,67,49
S00181000,159,83,76
S00181001,210,105,105
S00181002,103,58,45
S00181003,175,91,86
S00181004,113,42,69
S00181005,133,69,64
S00181006,118,60,58
S00181007,103,46,53
S00181008,116,55,61
S00181009,90,42,48
S00181010,138,70,68
S00181011,107,55,52
S00181012,137,82,57
S00181013,100,48,55
S00181014,98,51,47
S00181015,144,66,78
S00181016,143,74,71
S00181017,90,40,51
S00181018,76,40,36
S00181019,65,31,31
S00181020,66,31,33
S00181021,74,44,30
S00181022,130,75,55
S00181023,148,74,74
S00181024,102,49,53
S00181025,85,54,35
S00181026,200,105,96
S00181027,109,56,53
S00181028,118,58,59
S00181029,154,86,68
S00181030,145,80,65
S00181031,137,65,72
S00181032,120,63,57
S00181033,91,52,39
S00181034,237,121,116
S00181035,167,89,77
S00181036,74,46,34
S00181037,125,63,62
S00181038,80,44,36
S00181039,151,78,73
S00181040,162,81,76
S00181041,198,97,101
S00181042,161,82,79
S00181043,82,37,43
S00181044,91,45,45
S00181045,141,67,74
S00181046,110,63,44
S00181047,196,98,98
S00181048,152,75,77
S00181049,91,49,42
S00181050,132,72,57
S00181051,108,69,40
S00181052,148,79,69
S00181053,99,56,46
S00181054,125,61,64
S00181055,70,32,34
S00181056,146,73,71
S00181057,85,46,37
S00181058,136,67,69
S00181059,110,57,53
S00181060,185,99,89
S00181061,72,40,36
S00181062,149,71,80
S00181063,130,66,64
S00181064,85,52,34
S00181065,101,54,49
S00181066,81,39,43
S00181067,109,55,54
S00181068,144,73,71
S00181069,147,81,69
S00181070,102,55,44
S00181071,133,67,66
S00181072,182,91,91
S00181073,112,54,59
S00181074,126,60,66
S00181075,144,71,73
S00181076,212,109,104
S00181077,133,62,71
S00181078,135,75,60
S00181079,79,39,40
S00181080,97,48,49
S00181081,217,107,110
S00181082,168,81,87
S00181083,151,77,77
S00181084,104,51,52
S00181085,102,49,50
S00181086,108,55,51
S00181087,132,67,65
S00181088,110,53,54
S00181089,136,76,60
S00181090,161,91,70
S00181091,118,60,58
S00181092,120,63,56
S00181093,155,76,79
S00181094,175,89,86
S00181095,118,66,52
S00181096,145,80,65
S00181097,153,74,79
S00181098,122,63,59
S00181099,157,77,80
S00181100,145,80,65
S00181101,70,44,26
S00181102,122,60,58
S00181103,178,84,90
S00181104,156,82,74
S00181105,174,94,80
S00181106,237,113,124
S00181107,75,38,37
S00181108,110,61,49
S00181109,164,89,75
S00181110,253,128,121
S00181111,137,71,66
S00181112,137,69,68
S00181113,79,43,36
S00181114,151,79,78
S00181115,133,66,67
S00181116,120,66,54
S00181117,176,94,80
S00181118,119,55,61
S00181119,96,51,46
S00181120,166,85,81
S00181121,143,84,53
S00181122,101,51,45
S00181123,160,82,78
S00181124,145,78,65
S00181125,121,67,54
S00181126,150,79,75
S00181127,201,95,107
S00181128,222,114,108
S00181129,88,55,39
S00181130,180,88,92
S00181131,232,113,119
S00181132,77,37,40
S00181133,170,81,86
S00181134,101,47,54
S00181135,102,56,46
S00181136,167,88,81
S00181137,136,67,65
S00181138,158,87,71
S00181139,120,60,60
S00181140,107,49,54
S00181141,120,63,61
S00181142,95,56,39
S00181143,161,79,82
S00181144,99,50,53
S00181145,88,43,45
S00181146,149,74,75
S00181147,139,77,62
S00181148,103,46,57
S00181149,92,48,44
S00181150,143,67,76
S00181151,84,39,45
S00181152,90,42,48
S00181153,104,61,46
S00181154,99,45,47
S00181155,106,48,58
S00181156,172,82,85
S00181157,159,85,74
S00181158,179,82,97
S00181159,115,52,61
S00181160,89,47,41
S00181161,94,47,47
S00181162,87,44,44
S00181163,127,68,58
S00181164,122,65,57
S00181165,129,70,59
S00181166,201,109,92
S00181167,158,94,64
S00181168,86,33,49
S00181169,180,97,87
S00181170,139,75,64
S00181171,155,78,77
S00181172,103,54,49
S00181173,139,71,68
S00181174,126,61,61
S00181175,159,82,76
S00181176,90,51,39
S00181177,93,46,47
S00181178,164,87,78
S00181179,141,71,70
S00181180,115,58,57
S00181181,154,79,75
S00181182,152,81,71
S00181183,133,69,64
S00181184,103,56,43
S00181185,92,42,46
S00181186,99,54,45
S00181187,97,48,41
S00181188,160,81,82
S00181189,94,54,41
S00181190,147,77,74
S00181191,77,36,35
S00181192,191,91,100
S00181193,115,56,59
S00181194,121,57,60
S00181195,115,58,57
S00181196,111,64,56
S00181197,122,69,57
S00181198,130,66,64
S00181199,71,35,36
S00181200,127,67,63
S00181201,218,121,96
S00181202,86,40,43
S00181203,157,85,72
S00181204,98,55,43
S00181205,206,102,100
S00181206,75,33,38
S00181207,74,31,43
S00181208,74,36,38
S00181209,93,42,43
S00181210,86,43,43
S00181211,86,42,41
S00181212,103,59,44
S00181213,155,75,81
S00181214,115,55,60
S00181215,109,44,65
S00181216,135,68,65
S00181217,114,61,57
S00181218,219,104,112
S00181219,90,38,52
S00181220,123,62,61
S00181221,117,57,60
S00181222,102,44,54
S00181223,113,56,57
S00181224,110,56,50
S00181225,189,97,92
S00181226,175,80,95
S00181227,108,55,54
S00181228,104,51,55
S00181229,108,59,49
S00181230,96,52,47
S00181231,121,68,55
S00181232,84,47,37
S00181233,76,42,34
S00181234,125,64,68
S00181235,117,65,52
S00181236,250,127,123
S00181237,98,43,48
S00181238,111,58,53
S00181239,121,61,61
S00181240,85,47,42
S00181241,87,44,44
S00181242,137,67,67
S00181243,100,51,49
S00181244,159,85,74
S00181245,164,82,82
S00181246,125,66,59
S00181247,110,51,59
S00181248,163,83,78
S00181249,122,64,58
S00181250,93,47,46
S00181251,124,67,57
S00181252,120,61,57
S00181253,167,88,83
S00181254,77,44,33
S00181255,141,61,81
S00181256,118,59,59
S00181257,149,83,69
S00181258,99,55,46
S00181259,127,59,68
S00181260,113,57,53
S00181261,127,56,71
S00181262,100,51,48
S00181263,88,46,42
S00181264,170,95,72
S00181265,149,75,74
S00181266,110,58,52
S00181267,158,80,75
S00181268,132,63,69
S00181269,122,64,58
S00181270,94,41,53
S00181271,72,46,26
S00181272,183,95,88
S00181273,150,79,78
S00181274,152,75,77
S00181275,231,150,81
S00181276,112,58,54
S00181277,104,51,53
S00181278,109,52,57
S00181279,81,34,45
S00181280,160,81,78
S00181281,85,44,41
S00181282,128,70,59
S00181283,196,106,89
S00181284,74,31,43
S00181285,181,90,88
S00181286,157,82,75
S00181287,141,74,67
S00181288,134,68,69
S00181289,66,35,37
S00181290,83,34,50
S00181291,163,90,70
S00181292,69,35,36
S00181293,108,59,53
S00181294,74,41,32
S00181295,142,71,71
S00181296,90,50,40
S00181297,100,54,47
S00181298,145,80,65
S00181299,209,107,106
S00181300,116,61,55
S00181301,94,47,39
S00181302,129,72,57
S00181303,91,38,53
S00181304,160,82,78
S00181305,115,59,59
S00181306,148,85,64
S00181307,112,60,52
S00181308,144,72,72
S00181309,140,72,68
S00181310,172,96,72
S00181311,85,48,33
S00181312,118,64,51
S00181313,117,71,49
S00181314,115,62,53
S00181315,112,59,53
S00181316,78,30,44
S00181317,156,84,72
S00181318,167,90,77
S00181319,118,63,52
S00181320,138,69,69
S00181321,98,54,44
S00181322,170,88,82
S00181323,133,74,59
S00181324,62,32,32
S00181325,96,47,51
S00181326,106,66,44
S00181327,79,38,40
S00181328,112,58,54
S00181329,83,38,45
S00181330,130,59,71
S00181331,159,85,74
S00181332,140,70,70
S00181333,133,69,67
S00181334,76,41,32
S00181335,97,48,49
S00181336,132,65,66
S00181337,156,72,84
S00181338,126,65,61
S00181339,154,72,86
S00181340,96,49,47
S00181341,141,74,65
S00181342,144,86,62
S00181343,153,74,75
S00181344,166,73,93
S00181345,116,62,54
S00181346,137,64,73
S00181347,102,51,51
S00181348,117,67,50
S00181349,68,31,37
S00181350,133,67,66
S00181351,121,57,64
S00181352,141,74,67
S00181353,81,36,45
S00181354,107,54,53
S00181355,208,117,87
S00181356,99,48,51
S00181357,148,77,71
S00181358,152,77,75
S00181359,111,63,48
S00181360,144,76,69
S00181361,65,26,39
S00181362,71,35,36
S00181363,154,80,74
S00181364,70,39,31
S00181365,129,64,65
S00181366,176,86,93
S00181367,127,57,67
S00181368,172,85,87
S00181369,98,57,38
S00181370,214,106,105
S00181371,180,80,98
S00181372,119,59,60
S00181373,131,73,58
S00181374,126,64,62
S00181375,91,54,37
S00181376,156,72,81
S00181377,159,85,72
S00181378,73,41,34
S00181379,127,56,75
S00181380,191,104,87
S00181381,213,105,108
S00181382,75,43,32
S00181383,106,49,59
S00181384,129,66,63
S00181385,132,59,73
S00181386,132,66,62
S00181387,97,49,52
S00181388,87,43,48
S00181389,161,85,76
S00181390,82,45,37
S00181391,92,44,48
S00181392,105,45,60
S00181393,163,91,70
S00181394,114,67,47
S00181395,165,87,78
S00181396,60,33,27
S00181397,62,35,31
S00181398,204,97,107
S00181399,96,48,48
S00181400,236,117,119
S00181401,72,40,32
S00181402,107,56,51
S00181403,137,69,67
S00181404,91,45,41
S00181405,96,57,43
S00181406,110,55,55
S00181407,81,41,40
S00181408,104,60,44
S00181409,174,96,78
S00181410,86,46,44
S00181411,166,87,75
S00181412,122,60,62
S00181413,128,61,67
S00181414,106,60,46
S00181415,654,71,583
S00181416,130,64,63
S00181417,94,51,43
S00181418,94,51,46
S00181419,92,45,47
S00181420,60,25,35
S00181421,149,77,70
S00181422,135,66,69
S00181423,116,57,59
S00181424,88,46,42
S00181425,82,42,40
S00181426,82,38,44
S00181427,132,66,64
S00181428,103,51,56
S00181429,98,44,54
S00181430,112,60,54
S00181431,138,80,62
S00181432,104,57,48
S00181433,219,109,110
S00181434,93,48,47
S00181435,127,67,60
S00181436,188,102,86
S00181437,158,77,75
S00181438,119,49,67
S00181439,170,81,89
S00181440,110,51,61
S00181441,115,55,63
S00181442,80,43,37
S00181443,125,72,53
S00181444,95,46,49
S00181445,134,74,60
S00181446,93,50,42
S00181447,137,68,69
S00181448,93,51,42
S00181449,175,92,83
S00181450,103,44,59
S00181451,110,54,58
S00181452,137,74,63
S00181453,236,113,123
S00181454,69,36,33
S00181455,242,122,120
S00181456,111,59,50
S00181457,121,65,56
S00181458,176,93,82
S00181459,122,61,61
S00181460,147,76,68
S00181461,86,39,47
S00181462,98,42,54
S00181463,142,74,71
S00181464,126,70,56
S00181465,95,53,38
S00181466,117,54,64
S00181467,79,36,43
S00181468,119,57,62
S00181469,160,82,78
S00181470,83,44,39
S00181471,60,32,28
S00181472,79,41,37
S00181473,75,43,32
S00181474,142,69,76
S00181475,91,42,49
S00181476,131,64,70
S00181477,125,63,62
S00181478,70,39,31
S00181479,128,70,58
S00181480,83,41,42
S00181481,130,59,72
S00181482,90,39,52
S00181483,122,76,45
S00181484,86,43,43
S00181485,76,35,41
S00181486,125,65,60
S00181487,105,53,52
S00181488,125,63,62
S00181489,147,73,72
S00181490,112,59,53
S00181491,95,46,53
S00181492,109,52,57
S00181493,110,44,62
S00181494,82,43,39
S00181495,95,45,50
S00181496,67,35,32
S00181497,130,64,63
S00181498,83,37,46
S00181499,82,41,41
S00181500,62,34,29
S00181501,152,84,68
S00181502,146,80,66
S00181503,70,37,33
S00181504,117,55,66
S00181505,98,43,51
S00181506,117,55,62
S00181507,85,43,42
S00181508,165,80,87
S00181509,95,44,49
S00181510,63,31,32
S00181511,90,44,47
S00181512,149,79,69
S00181513,81,40,41
S00181514,132,68,64
S00181515,164,79,85
S00181516,80,41,41
S00181517,71,33,38
S00181518,182,97,85
S00181519,80,31,49
S00181520,67,39,28
S00181521,118,68,49
S00181522,160,81,79
S00181523,62,25,33
S00181524,148,70,75
S00181525,144,77,67
S00181526,87,45,42
S00181527,182,93,89
S00181528,101,47,54
S00181529,142,74,68
S00181530,168,83,85
S00181531,64,35,29
S00181532,109,52,57
S00181533,139,66,69
S00181534,152,70,85
S00181535,157,78,78
S00181536,150,73,77
S00181537,111,62,49
S00181538,105,61,51
S00181539,92,47,43
S00181540,160,81,83
S00181541,68,35,33
S00181542,107,49,58
S00181543,140,66,74
S00181544,218,115,103
S00181545,137,72,65
S00181546,131,67,60
S00181547,116,56,61
S00181548,112,52,57
S00181549,154,75,76
S00181550,69,33,36
S00181551,121,63,58
S00181552,84,45,39
S00181553,156,84,76
S00181554,111,64,47
S00181555,136,69,67
S00181556,79,36,43
S00181557,91,47,44
S00181558,123,59,64
S00181559,164,95,69
S00181560,73,35,39
S00181561,133,69,64
S00181562,172,88,82
S00181563,132,68,65
S00181564,105,50,55
S00181565,66,28,41
S00181566,116,61,55
S00181567,81,47,31
S00181568,117,63,55
S00181569,142,71,71
S00181570,142,77,67
S00181571,122,65,54
S00181572,143,75,71
S00181573,64,33,31
S00181574,139,73,68
S00181575,81,49,32
S00181576,160,81,79
S00181577,91,52,39
S00181578,118,51,67
S00181579,71,35,36
S00181580,82,45,37
S00181581,122,62,57
S00181582,97,45,49
S00181583,83,46,35
S00181584,84,42,42
S00181585,79,41,38
S00181586,94,48,42
S00181587,67,43,24
S00181588,114,55,59
S00181589,117,57,62
S00181590,130,69,59
S00181591,90,50,40
S00181592,111,55,55
S00181593,101,47,55
S00181594,173,81,92
S00181595,74,38,36
S00181596,105,50,57
S00181597,141,70,68
S00181598,177,97,76
S00181599,71,34,37
S00181600,210,102,108
S00181601,101,56,48
S00181602,131,61,70
S00181603,168,81,87
S00181604,70,33,33
S00181605,226,111,115
S00181606,140,65,75
S00181607,109,61,49
S00181608,194,95,99
S00181609,204,104,104
S00181610,88,44,44
S00181611,144,76,66
S00181612,161,90,71
S00181613,123,69,57
S00181614,145,82,63
S00181615,114,53,61
S00181616,176,84,92
S00181617,111,54,57
S00181618,84,36,46
S00181619,110,53,57
S00181620,89,46,43
S00181621,142,72,70
S00181622,140,71,72
S00181623,103,50,46
S00181624,195,105,89
S00181625,109,60,48
S00181626,185,98,84
S00181627,62,31,31
S00181628,123,61,62
S00181629,143,66,77
S00181630,90,45,45
S00181631,136,71,65
S00181632,105,52,50
S00181633,72,27,44
S00181634,134,84,50
S00181635,91,49,42
S00181636,70,29,41
S00181637,135,67,68
S00181638,69,37,32
S00181639,214,116,98
S00181640,105,49,56
S00181641,71,34,37
S00181642,96,39,57
S00181643,139,63,78
S00181644,149,81,72
S00181645,123,60,63
S00181646,112,52,60
S00181647,86,34,52
S00181648,145,79,66
S00181649,114,65,49
S00181650,159,85,70
S00181651,167,78,87
S00181652,101,53,48
S00181653,100,52,48
S00181654,107,51,56
S00181655,105,53,54
S00181656,106,62,41
S00181657,99,49,47
S00181658,147,75,72
S00181659,79,44,36
S00181660,86,50,36
S00181661,199,100,99
S00181662,97,51,43
S00181663,110,55,55
S00181664,102,63,43
S00181665,74,37,37
S00181666,100,58,43
S00181667,106,51,53
S00181668,118,57,61
S00181669,104,56,48
Crown copyright 2024,,,
"For further information on variables, see https://www.scotlandscensus.gov.uk/about/metadata-a-to-z/",,,
"In order to protect against disclosure of personal information, Statistical Disclosure Control has been applied to the data/outputs. ",,,
Cells might not sum to sub totals and totals due to these Statistical Disclosure Controls.,,,
To find out more on this visit https://www.scotlandscensus.gov.uk/about/2022-census/statistical-methodology/statistical-disclosure-control/,,,
