OutputArea,TotalPopOver16,StudentPop
S00135307,118,7
S00135308,52,1
S00135309,147,8
S00135310,132,9
S00135311,118,4
S00135312,132,14
S00135313,154,6
S00135314,138,12
S00135315,89,2
S00135316,111,4
S00135317,136,1
S00135318,69,3
S00135319,113,3
S00135320,101,5
S00135321,72,1
S00135322,121,8
S00135323,100,5
S00135324,53,6
S00135325,64,1
S00135326,71,1
S00135327,78,1
S00135328,106,3
S00135329,101,4
S00135330,95,5
S00135331,54,-
S00135332,76,4
S00135333,82,8
S00135334,58,-
S00135335,99,8
S00135336,63,4
S00135337,130,3
S00135338,124,6
S00135339,108,5
S00135340,105,13
S00135341,70,5
S00135342,80,3
S00135343,124,5
S00135344,105,10
S00135345,139,10
S00135346,118,2
S00135347,68,4
S00135348,110,11
S00135349,107,4
S00135350,99,6
S00135351,151,3
S00135352,139,3
S00135353,142,8
S00135354,72,2
S00135355,90,-
S00135356,111,6
S00135357,164,17
S00135358,116,5
S00135359,111,8
S00135360,119,2
S00135361,96,3
S00135362,113,7
S00135363,117,8
S00135364,148,10
S00135365,101,8
S00135366,100,2
S00135367,73,5
S00135368,102,10
S00135369,102,12
S00135370,59,6
S00135371,125,4
S00135372,104,7
S00135373,192,7
S00135374,114,2
S00135375,78,6
S00135376,56,2
S00135377,103,8
S00135378,92,17
S00135379,54,1
S00135380,113,10
S00135381,105,9
S00135382,84,7
S00135383,110,13
S00135384,51,5
S00135385,61,7
S00135386,109,2
S00135387,151,10
S00135388,149,10
S00135389,116,9
S00135390,72,5
S00135391,156,6
S00135392,59,3
S00135393,162,15
S00135394,131,11
S00135395,64,2
S00135396,110,1
S00135397,86,3
S00135398,105,9
S00135399,213,5
S00135400,141,4
S00135401,88,6
S00135402,68,1
S00135403,107,5
S00135404,71,4
S00135405,145,9
S00135406,157,7
S00135407,120,5
S00135408,132,4
S00135409,62,2
S00135410,99,4
S00135411,161,16
S00135412,97,7
S00135413,126,14
S00135414,84,4
S00135415,87,7
S00135416,162,7
S00135417,98,-
S00135418,129,7
S00135419,69,-
S00135420,129,7
S00135421,102,5
S00135422,92,11
S00135423,150,10
S00135424,104,6
S00135425,102,7
S00135426,118,16
S00135427,118,6
S00135428,55,6
S00135429,74,5
S00135430,98,6
S00135431,86,7
S00135432,105,4
S00135433,110,5
S00135434,103,3
S00135435,71,2
S00135436,90,5
S00135437,102,5
S00135438,66,-
S00135439,80,2
S00135440,113,7
S00135441,110,7
S00135442,67,-
S00135443,84,4
S00135444,71,8
S00135445,120,3
S00135446,129,3
S00135447,111,7
S00135448,109,-
S00135449,95,2
S00135450,85,5
S00135451,68,4
S00135452,57,1
S00135453,93,6
S00135454,95,1
S00135455,95,5
S00135456,72,3
S00135457,61,1
S00135458,65,3
S00135459,113,2
S00135460,106,8
S00135461,104,12
S00135462,132,5
S00135463,129,7
S00135464,91,3
S00135465,96,4
S00135466,87,6
S00135467,80,5
S00135468,68,5
S00135469,113,3
S00135470,112,2
S00135471,124,15
S00135472,130,6
S00135473,103,5
S00135474,89,6
S00135475,81,5
S00135476,90,4
S00135477,94,3
S00135478,91,3
S00135479,111,4
S00135480,109,1
S00135481,114,6
S00135482,66,3
S00135483,100,9
S00135484,74,2
S00135485,142,7
S00135486,88,-
S00135487,144,10
S00135488,93,9
S00135489,100,6
S00135490,117,6
S00135491,112,7
S00135492,111,3
S00135493,127,10
S00135494,87,6
S00135495,82,6
S00135496,87,4
S00135497,185,8
S00135498,117,7
S00135499,110,8
S00135500,82,5
S00135501,121,2
S00135502,114,16
S00135503,77,3
S00135504,137,5
S00135505,122,9
S00135506,74,3
S00135507,132,12
S00135508,61,-
S00135509,102,-
S00135510,100,1
S00135511,116,4
S00135512,110,4
S00135513,97,4
S00135514,96,7
S00135515,143,13
S00135516,108,8
S00135517,101,9
S00135518,76,5
S00135519,129,7
S00135520,129,5
S00135521,104,7
S00135522,85,2
S00135523,65,1
S00135524,104,2
S00135525,87,2
S00135526,96,2
S00135527,58,2
S00135528,152,9
S00135529,130,2
S00135530,73,3
S00135531,86,4
S00135532,77,6
S00135533,110,5
S00135534,97,11
S00135535,194,11
S00135536,124,10
S00135537,129,4
S00135538,81,3
S00135539,72,7
S00135540,124,6
S00135541,73,-
S00135542,124,8
S00135543,131,7
S00135544,83,-
S00135545,125,8
S00135546,76,4
S00135547,146,8
S00135548,71,1
S00135549,55,4
S00135550,98,8
S00135551,104,2
S00135552,104,6
S00135553,175,12
S00135554,72,3
S00135555,142,8
S00135556,98,3
S00135557,74,2
S00135558,124,6
S00135559,95,6
S00135560,91,6
S00135561,73,11
S00135562,78,3
S00135563,44,-
S00135564,94,2
S00135565,59,2
S00135566,87,4
S00135567,98,6
S00135568,136,5
S00135569,89,7
S00135570,102,3
S00135571,91,8
S00135572,103,2
S00135573,86,1
S00135574,69,3
S00135575,126,8
S00135576,111,4
S00135577,105,6
S00135578,101,6
S00135579,76,2
S00135580,122,6
S00135581,105,11
S00135582,77,6
S00135583,106,3
S00135584,97,4
S00135585,82,4
S00135586,95,3
S00135587,67,1
S00135588,82,3
S00135589,75,2
S00135590,62,4
S00135591,68,4
S00135592,81,8
S00135593,78,6
S00135594,85,3
S00135595,119,7
S00135596,185,2
S00135597,113,7
S00135598,79,4
S00135599,110,7
S00135600,59,4
S00135601,96,12
S00135602,115,28
S00135603,69,3
S00135604,74,-
S00135605,72,3
S00135606,216,11
S00135607,1706,1599
S00135608,79,1
S00135609,91,2
S00135610,150,5
S00135611,74,5
S00135612,122,8
S00135613,86,8
S00135614,94,8
S00135615,136,10
S00135616,58,4
S00135617,91,5
S00135618,65,2
S00135619,54,5
S00135620,77,7
S00135621,112,6
S00135622,79,14
S00135623,116,3
S00135624,70,-
S00135625,92,14
S00135626,51,5
S00135627,98,2
S00135628,136,5
S00135629,136,16
S00135630,93,9
S00135631,117,19
S00135632,134,9
S00135633,57,5
S00135634,73,2
S00135635,101,4
S00135636,89,3
S00135637,98,3
S00135638,75,14
S00135639,59,4
S00135640,114,4
S00135641,62,1
S00135642,128,17
S00135643,75,4
S00135644,70,5
S00135645,73,2
S00135646,67,-
S00135647,125,2
S00135648,86,5
S00135649,60,1
S00135650,91,4
S00135651,103,8
S00135652,81,-
S00135653,58,11
S00135654,58,1
S00135655,91,4
S00135656,81,4
S00135657,88,12
S00135658,68,10
S00135659,103,3
S00135660,91,6
S00135661,54,3
S00135662,100,2
S00135663,89,4
S00135664,135,17
S00135665,98,6
S00135666,68,1
S00135667,122,12
S00135668,107,11
S00135669,113,11
S00135670,127,23
S00135671,73,3
S00135672,94,5
S00135673,67,4
S00135674,83,1
S00135675,109,12
S00135676,72,1
S00135677,58,5
S00135678,88,5
S00135679,72,8
S00135680,88,3
S00135681,98,10
S00135682,69,3
S00135683,82,9
S00135684,70,4
S00135685,108,4
S00135686,103,1
S00135687,101,14
S00135688,113,4
S00135689,74,5
S00135690,106,4
S00135691,98,15
S00135692,61,9
S00135693,83,7
S00135694,76,-
S00135695,73,4
S00135696,59,19
S00135697,101,13
S00135698,118,6
S00135699,126,7
S00135700,43,2
S00135701,80,4
S00135702,103,-
S00135703,59,10
S00135704,62,6
S00135705,75,6
S00135706,92,9
S00135707,53,5
S00135708,101,17
S00135709,80,4
S00135710,52,3
S00135711,75,18
S00135712,100,12
S00135713,66,12
S00135714,105,9
S00135715,92,10
S00135716,107,13
S00135717,95,17
S00135718,59,10
S00135719,119,9
S00135720,169,7
S00135721,128,9
S00135722,56,18
S00135723,61,1
S00135724,67,5
S00135725,89,9
S00135726,114,8
S00135727,99,23
S00135728,91,1
S00135729,96,5
S00135730,84,7
S00135731,66,6
S00135732,92,4
S00135733,65,5
S00135734,180,111
S00135735,84,8
S00135736,78,10
S00135737,64,6
S00135738,131,7
S00135739,79,9
S00135740,77,5
S00135741,59,3
S00135742,81,1
S00135743,66,1
S00135744,78,6
S00135745,98,9
S00135746,51,7
S00135747,75,3
S00135748,101,4
S00135749,62,2
S00135750,87,6
S00135751,106,7
S00135752,65,5
S00135753,88,25
S00135754,83,6
S00135755,112,19
S00135756,80,16
S00135757,93,9
S00135758,97,11
S00135759,48,5
S00135760,56,8
S00135761,77,8
S00135762,96,18
S00135763,74,8
S00135764,77,6
S00135765,119,17
S00135766,91,23
S00135767,98,9
S00135768,140,8
S00135769,97,4
S00135770,93,18
S00135771,100,23
S00135772,151,3
S00135773,118,14
S00135774,61,8
S00135775,129,14
S00135776,84,13
S00135777,139,7
S00135778,60,12
S00135779,100,6
S00135780,76,12
S00135781,98,6
S00135782,86,5
S00135783,135,12
S00135784,64,5
S00135785,55,7
S00135786,114,13
S00135787,51,12
S00135788,93,7
S00135789,80,4
S00135790,91,12
S00135791,143,8
S00135792,70,2
S00135793,76,2
S00135794,117,10
S00135795,78,15
S00135796,88,13
S00135797,194,117
S00135798,72,10
S00135799,141,20
S00135800,88,12
S00135801,65,2
S00135802,68,18
S00135803,83,11
S00135804,92,6
S00135805,66,15
S00135806,90,4
S00135807,85,17
S00135808,99,18
S00135809,81,6
S00135810,94,12
S00135811,125,14
S00135812,92,13
S00135813,89,16
S00135814,57,7
S00135815,66,5
S00135816,91,5
S00135817,94,6
S00135818,91,15
S00135819,89,8
S00135820,126,11
S00135821,68,3
S00135822,88,18
S00135823,122,22
S00135824,142,6
S00135825,75,6
S00135826,69,10
S00135827,50,2
S00135828,111,4
S00135829,81,5
S00135830,60,7
S00135831,96,9
S00135832,148,11
S00135833,97,5
S00135834,86,18
S00135835,130,4
S00135836,84,5
S00135837,106,7
S00135838,155,70
S00135839,225,127
S00135840,128,20
S00135841,59,2
S00135842,75,13
S00135843,72,6
S00135844,55,7
S00135845,66,3
S00135846,102,9
S00135847,214,171
S00135848,89,5
S00135849,68,5
S00135850,69,8
S00135851,91,10
S00135852,63,12
S00135853,78,4
S00135854,65,7
S00135855,96,19
S00135856,60,12
S00135857,50,6
S00135858,55,3
S00135859,69,10
S00135860,86,15
S00135861,90,-
S00135862,72,2
S00135863,73,4
S00135864,73,18
S00135865,89,23
S00135866,73,21
S00135867,89,15
S00135868,102,21
S00135869,62,4
S00135870,74,16
S00135871,137,42
S00135872,86,3
S00135873,98,6
S00135874,101,21
S00135875,98,10
S00135876,85,4
S00135877,124,9
S00135878,131,35
S00135879,72,4
S00135880,173,119
S00135881,99,7
S00135882,85,7
S00135883,61,3
S00135884,59,1
S00135885,80,12
S00135886,76,5
S00135887,65,25
S00135888,86,27
S00135889,60,11
S00135890,74,2
S00135891,67,8
S00135892,98,7
S00135893,95,20
S00135894,100,6
S00135895,126,4
S00135896,134,10
S00135897,129,18
S00135898,98,11
S00135899,72,24
S00135900,115,44
S00135901,92,10
S00135902,72,5
S00135903,89,27
S00135904,64,10
S00135905,69,1
S00135906,51,1
S00135907,99,45
S00135908,90,5
S00135909,54,1
S00135910,67,4
S00135911,87,5
S00135912,110,42
S00135913,104,22
S00135914,93,17
S00135915,128,22
S00135916,82,14
S00135917,118,9
S00135918,91,7
S00135919,73,5
S00135920,100,2
S00135921,98,10
S00135922,103,9
S00135923,200,136
S00135924,82,6
S00135925,60,6
S00135926,86,5
S00135927,113,7
S00135928,70,33
S00135929,62,4
S00135930,113,6
S00135931,97,1
S00135932,64,13
S00135933,120,6
S00135934,114,40
S00135935,89,-
S00135936,94,32
S00135937,105,29
S00135938,90,6
S00135939,67,21
S00135940,82,5
S00135941,113,44
S00135942,115,4
S00135943,88,3
S00135944,144,10
S00135945,74,11
S00135946,130,12
S00135947,112,13
S00135948,121,49
S00135949,128,12
S00135950,60,3
S00135951,129,71
S00135952,57,8
S00135953,110,52
S00135954,115,13
S00135955,117,6
S00135956,99,9
S00135957,101,26
S00135958,65,3
S00135959,114,8
S00135960,124,15
S00135961,133,9
S00135962,87,26
S00135963,146,9
S00135964,97,36
S00135965,90,44
S00135966,75,-
S00135967,87,7
S00135968,124,1
S00135969,70,27
S00135970,86,8
S00135971,111,32
S00135972,90,11
S00135973,97,5
S00135974,89,8
S00135975,76,10
S00135976,112,47
S00135977,63,6
S00135978,110,71
S00135979,78,8
S00135980,80,7
S00135981,128,15
S00135982,81,13
S00135983,107,47
S00135984,100,2
S00135985,101,15
S00135986,107,8
S00135987,74,33
S00135988,67,25
S00135989,88,8
S00135990,52,5
S00135991,71,46
S00135992,86,3
S00135993,90,9
S00135994,125,14
S00135995,63,46
S00135996,135,10
S00135997,105,-
S00135998,86,38
S00135999,93,26
S00136000,113,2
S00136001,75,12
S00136002,82,16
S00136003,69,31
S00136004,63,5
S00136005,100,6
S00136006,58,13
S00136007,141,8
S00136008,62,10
S00136009,96,8
S00136010,110,12
S00136011,108,6
S00136012,97,4
S00136013,84,29
S00136014,100,11
S00136015,105,36
S00136016,116,74
S00136017,138,47
S00136018,127,50
S00136019,870,818
S00136020,112,4
S00136021,59,21
S00136022,99,10
S00136023,55,3
S00136024,73,-
S00136025,88,6
S00136026,133,88
S00136027,69,32
S00136028,56,7
S00136029,68,1
S00136030,127,1
S00136031,101,23
S00136032,102,36
S00136033,121,16
S00136034,105,44
S00136035,125,44
S00136036,97,26
S00136037,70,2
S00136038,67,3
S00136039,77,15
S00136040,67,3
S00136041,120,7
S00136042,93,4
S00136043,75,6
S00136044,60,9
S00136045,116,8
S00136046,73,3
S00136047,107,13
S00136048,86,2
S00136049,123,27
S00136050,116,10
S00136051,97,5
S00136052,60,15
S00136053,76,5
S00136054,112,21
S00136055,102,7
S00136056,81,12
S00136057,103,7
S00136058,249,159
S00136059,76,1
S00136060,90,19
S00136061,393,322
S00136062,69,9
S00136063,97,13
S00136064,116,8
S00136065,91,13
S00136066,56,6
S00136067,56,8
S00136068,105,32
S00136069,106,10
S00136070,70,6
S00136071,140,47
S00136072,71,22
S00136073,90,35
S00136074,73,7
S00136075,94,34
S00136076,113,40
S00136077,81,24
S00136078,165,16
S00136079,62,25
S00136080,124,2
S00136081,74,49
S00136082,62,3
S00136083,91,23
S00136084,85,3
S00136085,77,7
S00136086,85,46
S00136087,87,6
S00136088,81,49
S00136089,143,4
S00136090,90,4
S00136091,104,4
S00136092,144,11
S00136093,97,9
S00136094,67,20
S00136095,53,2
S00136096,131,20
S00136097,135,51
S00136098,83,2
S00136099,117,3
S00136100,174,24
S00136101,93,3
S00136102,99,37
S00136103,81,-
S00136104,102,29
S00136105,120,51
S00136106,72,17
S00136107,113,54
S00136108,127,13
S00136109,88,5
S00136110,76,4
S00136111,110,45
S00136112,111,10
S00136113,77,4
S00136114,142,62
S00136115,119,46
S00136116,67,20
S00136117,98,23
S00136118,59,4
S00136119,71,3
S00136120,77,1
S00136121,111,11
S00136122,115,27
S00136123,132,14
S00136124,68,3
S00136125,85,3
S00136126,86,-
S00136127,115,3
S00136128,67,21
S00136129,88,4
S00136130,66,1
S00136131,81,20
S00136132,73,-
S00136133,93,5
S00136134,72,1
S00136135,75,13
S00136136,63,3
S00136137,80,4
S00136138,83,-
S00136139,81,-
S00136140,106,2
S00136141,67,18
S00136142,106,55
S00136143,63,8
S00136144,133,8
S00136145,274,202
S00136146,102,26
S00136147,60,7
S00136148,82,7
S00136149,69,2
S00136150,96,16
S00136151,65,-
S00136152,68,5
S00136153,75,34
S00136154,105,30
S00136155,103,10
S00136156,91,6
S00136157,54,15
S00136158,115,7
S00136159,77,2
S00136160,73,2
S00136161,83,3
S00136162,114,6
S00136163,62,2
S00136164,70,3
S00136165,52,3
S00136166,65,10
S00136167,83,-
S00136168,97,17
S00136169,51,5
S00136170,72,27
S00136171,59,10
S00136172,81,32
S00136173,61,17
S00136174,126,20
S00136175,60,7
S00136176,108,3
S00136177,86,8
S00136178,99,25
S00136179,96,12
S00136180,127,16
S00136181,58,4
S00136182,94,5
S00136183,93,4
S00136184,104,9
S00136185,91,44
S00136186,100,36
S00136187,78,2
S00136188,53,13
S00136189,87,32
S00136190,80,26
S00136191,97,57
S00136192,129,40
S00136193,115,51
S00136194,125,26
S00136195,388,331
S00136196,70,14
S00136197,106,42
S00136198,108,2
S00136199,62,14
S00136200,61,5
S00136201,83,15
S00136202,67,7
S00136203,84,6
S00136204,117,32
S00136205,74,17
S00136206,90,26
S00136207,64,16
S00136208,70,6
S00136209,85,4
S00136210,150,8
S00136211,85,44
S00136212,76,3
S00136213,64,6
S00136214,90,18
S00136215,82,9
S00136216,103,61
S00136217,114,5
S00136218,178,126
S00136219,70,23
S00136220,96,21
S00136221,60,10
S00136222,60,1
S00136223,151,4
S00136224,78,45
S00136225,83,7
S00136226,93,4
S00136227,65,8
S00136228,150,12
S00136229,87,6
S00136230,86,34
S00136231,102,7
S00136232,134,15
S00136233,70,33
S00136234,86,19
S00136235,56,3
S00136236,446,380
S00136237,139,23
S00136238,108,27
S00136239,308,262
S00136240,78,4
S00136241,67,32
S00136242,92,19
S00136243,75,15
S00136244,118,5
S00136245,584,512
S00136246,66,4
S00136247,103,10
S00136248,105,4
S00136249,72,1
S00136250,85,6
S00136251,99,21
S00136252,81,8
S00136253,70,28
S00136254,111,10
S00136255,99,3
S00136256,97,3
S00136257,103,35
S00136258,86,9
S00136259,160,26
S00136260,74,-
S00136261,81,14
S00136262,100,17
S00136263,77,11
S00136264,88,15
S00136265,101,35
S00136266,88,-
S00136267,86,23
S00136268,98,16
S00136269,87,27
S00136270,83,40
S00136271,95,8
S00136272,104,8
S00136273,59,4
S00136274,82,17
S00136275,116,43
S00136276,97,4
S00136277,63,13
S00136278,86,12
S00136279,54,28
S00136280,91,4
S00136281,111,20
S00136282,55,4
S00136283,61,8
S00136284,127,39
S00136285,103,30
S00136286,88,6
S00136287,71,3
S00136288,113,16
S00136289,131,10
S00136290,140,20
S00136291,93,26
S00136292,108,5
S00136293,74,4
S00136294,77,7
S00136295,71,15
S00136296,78,12
S00136297,98,19
S00136298,119,38
S00136299,105,9
S00136300,76,4
S00136301,124,16
S00136302,105,6
S00136303,110,25
S00136304,87,26
S00136305,115,44
S00136306,72,5
S00136307,101,33
S00136308,143,17
S00136309,121,12
S00136310,188,114
S00136311,84,9
S00136312,101,8
S00136313,75,13
S00136314,85,19
S00136315,81,24
S00136316,81,29
S00136317,90,3
S00136318,82,4
S00136319,77,17
S00136320,66,15
S00136321,86,24
S00136322,60,5
S00136323,96,7
S00136324,71,30
S00136325,116,6
S00136326,81,10
S00136327,56,3
S00136328,58,9
S00136329,103,8
S00136330,122,39
S00136331,65,13
S00136332,85,3
S00136333,411,357
S00136334,112,27
S00136335,59,18
S00136336,79,11
S00136337,102,4
S00136338,94,33
S00136339,101,11
S00136340,75,7
S00136341,58,17
S00136342,67,17
S00136343,109,38
S00136344,57,-
S00136345,106,11
S00136346,84,4
S00136347,60,3
S00136348,100,2
S00136349,96,24
S00136350,72,5
S00136351,90,11
S00136352,65,3
S00136353,107,6
S00136354,65,5
S00136355,90,17
S00136356,56,22
S00136357,75,6
S00136358,108,7
S00136359,78,10
S00136360,64,9
S00136361,63,14
S00136362,109,22
S00136363,69,6
S00136364,78,10
S00136365,123,9
S00136366,99,11
S00136367,81,17
S00136368,67,4
S00136369,113,4
S00136370,156,94
S00136371,65,7
S00136372,104,6
S00136373,103,25
S00136374,132,11
S00136375,118,1
S00136376,90,7
S00136377,67,20
S00136378,79,20
S00136379,83,36
S00136380,97,1
S00136381,73,26
S00136382,93,8
S00136383,82,2
S00136384,65,1
S00136385,96,15
S00136386,76,7
S00136387,117,24
S00136388,79,14
S00136389,124,19
S00136390,90,24
S00136391,70,7
S00136392,69,9
S00136393,67,3
S00136394,70,4
S00136395,155,18
S00136396,64,16
S00136397,111,11
S00136398,77,13
S00136399,67,4
S00136400,63,3
S00136401,86,12
S00136402,102,5
S00136403,97,7
S00136404,56,3
S00136405,95,48
S00136406,77,21
S00136407,94,15
S00136408,138,13
S00136409,98,5
S00136410,109,7
S00136411,70,13
S00136412,60,23
S00136413,69,24
S00136414,97,6
S00136415,85,11
S00136416,115,8
S00136417,74,15
S00136418,70,4
S00136419,99,6
S00136420,78,5
S00136421,65,11
S00136422,140,6
S00136423,84,6
S00136424,100,15
S00136425,94,28
S00136426,74,23
S00136427,78,8
S00136428,80,13
S00136429,124,12
S00136430,78,12
S00136431,134,14
S00136432,104,28
S00136433,95,10
S00136434,63,16
S00136435,72,4
S00136436,85,7
S00136437,148,32
S00136438,125,46
S00136439,140,17
S00136440,65,18
S00136441,77,4
S00136442,83,14
S00136443,72,2
S00136444,82,2
S00136445,100,28
S00136446,92,9
S00136447,93,12
S00136448,61,-
S00136449,98,7
S00136450,67,4
S00136451,92,11
S00136452,74,9
S00136453,83,3
S00136454,62,19
S00136455,104,6
S00136456,90,7
S00136457,89,18
S00136458,98,21
S00136459,57,8
S00136460,86,24
S00136461,139,9
S00136462,72,13
S00136463,132,7
S00136464,74,6
S00136465,75,7
S00136466,75,27
S00136467,96,-
S00136468,132,12
S00136469,91,16
S00136470,90,19
S00136471,70,17
S00136472,64,27
S00136473,67,30
S00136474,81,26
S00136475,82,-
S00136476,62,7
S00136477,86,22
S00136478,68,33
S00136479,105,7
S00136480,97,18
S00136481,73,9
S00136482,116,5
S00136483,86,6
S00136484,102,10
S00136485,84,8
S00136486,95,21
S00136487,80,16
S00136488,79,20
S00136489,73,26
S00136490,83,6
S00136491,77,10
S00136492,88,13
S00136493,112,11
S00136494,150,9
S00136495,62,12
S00136496,78,5
S00136497,81,29
S00136498,92,39
S00136499,98,2
S00136500,98,10
S00136501,69,-
S00136502,112,9
S00136503,85,33
S00136504,79,11
S00136505,111,2
S00136506,102,17
S00136507,85,5
S00136508,120,23
S00136509,127,5
S00136510,92,33
S00136511,59,5
S00136512,59,15
S00136513,111,10
S00136514,128,16
S00136515,92,3
S00136516,92,20
S00136517,68,1
S00136518,149,32
S00136519,92,5
S00136520,163,11
S00136521,91,13
S00136522,92,4
S00136523,91,6
S00136524,83,25
S00136525,97,10
S00136526,69,21
S00136527,109,17
S00136528,59,10
S00136529,68,10
S00136530,91,-
S00136531,74,4
S00136532,117,15
S00136533,78,5
S00136534,111,25
S00136535,62,19
S00136536,77,7
S00136537,93,10
S00136538,116,65
S00136539,94,5
S00136540,64,21
S00136541,76,6
S00136542,60,9
S00136543,111,9
S00136544,56,18
S00136545,85,4
S00136546,72,18
S00136547,78,11
S00136548,81,3
S00136549,101,16
S00136550,114,43
S00136551,103,25
S00136552,92,2
S00136553,84,4
S00136554,80,25
S00136555,85,4
S00136556,53,3
S00136557,68,19
S00136558,94,9
S00136559,55,8
S00136560,72,6
S00136561,66,2
S00136562,68,2
S00136563,65,9
S00136564,132,3
S00136565,102,5
S00136566,77,8
S00136567,106,22
S00136568,86,15
S00136569,84,2
S00136570,67,13
S00136571,69,6
S00136572,64,12
S00136573,89,17
S00136574,82,10
S00136575,66,3
S00136576,92,23
S00136577,69,5
S00136578,93,10
S00136579,81,18
S00136580,111,27
S00136581,61,16
S00136582,129,7
S00136583,63,15
S00136584,58,10
S00136585,106,10
S00136586,60,11
S00136587,57,8
S00136588,88,12
S00136589,62,10
S00136590,93,8
S00136591,98,4
S00136592,179,5
S00136593,111,7
S00136594,90,19
S00136595,91,19
S00136596,60,12
S00136597,84,11
S00136598,76,15
S00136599,78,14
S00136600,105,36
S00136601,74,7
S00136602,118,4
S00136603,104,20
S00136604,59,4
S00136605,137,10
S00136606,103,23
S00136607,75,20
S00136608,312,240
S00136609,96,4
S00136610,68,21
S00136611,82,31
S00136612,72,19
S00136613,64,18
S00136614,69,14
S00136615,86,35
S00136616,129,7
S00136617,66,22
S00136618,71,7
S00136619,52,2
S00136620,107,9
S00136621,115,21
S00136622,109,22
S00136623,64,16
S00136624,92,6
S00136625,58,9
S00136626,90,2
S00136627,98,8
S00136628,84,8
S00136629,73,8
S00136630,107,24
S00136631,74,13
S00136632,68,2
S00136633,82,4
S00136634,76,20
S00136635,79,15
S00136636,122,28
S00136637,190,7
S00136638,101,6
S00136639,82,22
S00136640,65,6
S00136641,103,6
S00136642,95,23
S00136643,71,16
S00136644,74,19
S00136645,83,5
S00136646,91,15
S00136647,110,18
S00136648,82,10
S00136649,84,7
S00136650,123,12
S00136651,79,13
S00136652,82,20
S00136653,55,4
S00136654,100,15
S00136655,107,21
S00136656,61,2
S00136657,105,13
S00136658,67,9
S00136659,98,11
S00136660,88,6
S00136661,72,6
S00136662,68,6
S00136663,115,8
S00136664,82,7
S00136665,101,21
S00136666,79,4
S00136667,64,30
S00136668,76,10
S00136669,90,10
S00136670,132,10
S00136671,64,5
S00136672,67,7
S00136673,84,17
S00136674,69,5
S00136675,109,3
S00136676,69,4
S00136677,137,13
S00136678,113,5
S00136679,114,14
S00136680,128,17
S00136681,111,23
S00136682,109,8
S00136683,89,1
S00136684,61,18
S00136685,108,20
S00136686,77,3
S00136687,107,7
S00136688,106,16
S00136689,82,13
S00136690,65,5
S00136691,110,8
S00136692,103,5
S00136693,79,12
S00136694,106,6
S00136695,90,4
S00136696,97,13
S00136697,118,6
S00136698,70,15
S00136699,70,1
S00136700,96,4
S00136701,72,6
S00136702,77,10
S00136703,103,5
S00136704,79,5
S00136705,60,3
S00136706,61,7
S00136707,70,8
S00136708,83,8
S00136709,143,8
S00136710,101,9
S00136711,101,6
S00136712,114,14
S00136713,85,6
S00136714,71,9
S00136715,125,11
S00136716,147,5
S00136717,71,7
S00136718,95,8
S00136719,82,6
S00136720,94,19
S00136721,117,24
S00136722,95,9
S00136723,89,6
S00136724,109,11
S00136725,62,7
S00136726,74,5
S00136727,73,9
S00136728,73,6
S00136729,104,6
S00136730,71,4
S00136731,103,8
S00136732,54,5
S00136733,118,14
S00136734,99,9
S00136735,105,1
S00136736,80,6
S00136737,101,-
S00136738,68,9
S00136739,78,4
S00136740,119,7
S00136741,73,5
S00136742,120,8
S00136743,49,7
S00136744,92,6
S00136745,139,5
S00136746,133,7
S00136747,74,-
S00136748,89,7
S00136749,117,8
S00136750,78,14
S00136751,77,3
S00136752,104,6
S00136753,119,11
S00136754,77,7
S00136755,94,6
S00136756,91,3
S00136757,83,1
S00136758,70,9
S00136759,56,-
S00136760,81,3
S00136761,84,7
S00136762,102,23
S00136763,62,10
S00136764,107,9
S00136765,101,6
S00136766,96,12
S00136767,84,6
S00136768,126,9
S00136769,94,11
S00136770,79,7
S00136771,102,7
S00136772,86,10
S00136773,101,14
S00136774,64,4
S00136775,83,7
S00136776,119,9
S00136777,74,3
S00136778,75,5
S00136779,96,18
S00136780,93,-
S00136781,99,3
S00136782,124,4
S00136783,71,8
S00136784,61,10
S00136785,110,11
S00136786,131,4
S00136787,84,14
S00136788,84,15
S00136789,109,10
S00136790,131,6
S00136791,90,6
S00136792,53,6
S00136793,65,10
S00136794,112,8
S00136795,94,1
S00136796,98,3
S00136797,89,12
S00136798,103,2
S00136799,57,6
S00136800,99,14
S00136801,65,-
S00136802,64,6
S00136803,104,9
S00136804,119,10
S00136805,102,3
S00136806,55,6
S00136807,72,10
S00136808,113,7
S00136809,132,6
S00136810,129,9
S00136811,121,10
S00136812,80,13
S00136813,76,10
S00136814,109,9
S00136815,114,8
S00136816,64,4
S00136817,105,9
S00136818,73,1
S00136819,73,-
S00136820,81,3
S00136821,73,4
S00136822,73,12
S00136823,65,-
S00136824,84,-
S00136825,76,7
S00136826,75,8
S00136827,103,3
S00136828,104,8
S00136829,102,5
S00136830,105,15
S00136831,83,3
S00136832,133,9
S00136833,84,7
S00136834,97,11
S00136835,137,11
S00136836,93,9
S00136837,107,7
S00136838,74,4
S00136839,71,7
S00136840,87,11
S00136841,140,7
S00136842,89,7
S00136843,92,17
S00136844,102,6
S00136845,94,3
S00136846,84,6
S00136847,76,13
S00136848,79,8
S00136849,109,11
S00136850,65,14
S00136851,81,2
S00136852,57,2
S00136853,73,7
S00136854,115,2
S00136855,53,7
S00136856,87,6
S00136857,66,2
S00136858,116,5
S00136859,62,4
S00136860,89,4
S00136861,92,9
S00136862,59,7
S00136863,77,6
S00136864,74,3
S00136865,82,8
S00136866,78,7
S00136867,91,2
S00136868,91,4
S00136869,96,7
S00136870,97,5
S00136871,64,-
S00136872,116,4
S00136873,99,3
S00136874,80,6
S00136875,81,5
S00136876,100,8
S00136877,81,6
S00136878,80,1
S00136879,57,8
S00136880,122,3
S00136881,128,11
S00136882,82,15
S00136883,109,9
S00136884,89,1
S00136885,167,7
S00136886,60,1
S00136887,89,3
S00136888,52,4
S00136889,81,8
S00136890,104,3
S00136891,67,16
S00136892,96,2
S00136893,81,7
S00136894,57,5
S00136895,129,5
S00136896,58,3
S00136897,95,2
S00136898,61,-
S00136899,71,1
S00136900,116,13
S00136901,57,4
S00136902,121,7
S00136903,92,13
S00136904,58,1
S00136905,72,3
S00136906,65,2
S00136907,87,9
S00136908,123,6
S00136909,80,5
S00136910,140,7
S00136911,105,7
S00136912,54,8
S00136913,88,2
S00136914,140,13
S00136915,68,3
S00136916,110,12
S00136917,129,4
S00136918,105,22
S00136919,132,7
S00136920,53,2
S00136921,111,7
S00136922,71,2
S00136923,143,6
S00136924,71,11
S00136925,55,4
S00136926,79,4
S00136927,84,10
S00136928,97,9
S00136929,69,3
S00136930,81,18
S00136931,85,3
S00136932,258,99
S00136933,110,7
S00136934,96,4
S00136935,78,3
S00136936,84,10
S00136937,92,2
S00136938,115,5
S00136939,149,9
S00136940,137,6
S00136941,134,5
S00136942,61,8
S00136943,78,16
S00136944,120,21
S00136945,79,4
S00136946,75,1
S00136947,89,10
S00136948,134,6
S00136949,137,13
S00136950,127,11
S00136951,70,6
S00136952,85,8
S00136953,115,10
S00136954,113,13
S00136955,93,3
S00136956,96,1
S00136957,70,18
S00136958,206,3
S00136959,83,5
S00136960,75,-
S00136961,94,29
S00136962,70,12
S00136963,93,13
S00136964,86,4
S00136965,86,5
S00136966,117,17
S00136967,85,3
S00136968,131,10
S00136969,89,29
S00136970,97,10
S00136971,129,8
S00136972,86,12
S00136973,112,26
S00136974,84,22
S00136975,101,8
S00136976,100,9
S00136977,100,18
S00136978,114,4
S00136979,158,14
S00136980,115,7
S00136981,81,3
S00136982,102,1
S00136983,130,13
S00136984,150,20
S00136985,106,3
S00136986,129,24
S00136987,80,4
S00136988,71,11
S00136989,81,3
S00136990,116,12
S00136991,119,27
S00136992,77,9
S00136993,108,8
S00136994,52,4
S00136995,124,17
S00136996,64,13
S00136997,62,4
S00136998,149,11
S00136999,82,6
S00137000,53,5
S00137001,126,30
S00137002,85,4
S00137003,103,4
S00137004,79,11
S00137005,55,7
S00137006,117,32
S00137007,79,8
S00137008,79,8
S00137009,108,-
S00137010,111,7
S00137011,128,29
S00137012,150,27
S00137013,111,13
S00137014,98,6
S00137015,80,6
S00137016,122,10
S00137017,83,9
S00137018,68,6
S00137019,108,4
S00137020,67,7
S00137021,56,3
S00137022,78,9
S00137023,72,3
S00137024,129,27
S00137025,103,16
S00137026,74,8
S00137027,89,4
S00137028,111,9
S00137029,66,10
S00137030,133,11
S00137031,87,10
S00137032,254,144
S00137033,115,13
S00137034,65,4
S00137035,94,3
S00137036,55,-
S00137037,78,6
S00137038,79,4
S00137039,59,2
S00137040,97,20
S00137041,101,7
S00137042,91,5
S00137043,112,6
S00137044,81,6
S00137045,72,13
S00137046,118,9
S00137047,50,2
S00137048,81,5
S00137049,76,22
S00137050,96,6
S00137051,78,6
S00137052,57,6
S00137053,117,20
S00137054,95,13
S00137055,103,12
S00137056,75,3
S00137057,96,7
S00137058,69,5
S00137059,159,14
S00137060,54,2
S00137061,140,11
S00137062,92,1
S00137063,132,59
S00137064,127,3
S00137065,138,8
S00137066,66,4
S00137067,105,8
S00137068,107,5
S00137069,88,11
S00137070,126,8
S00137071,52,-
S00137072,96,5
S00137073,113,8
S00137074,137,13
S00137075,64,2
S00137076,164,20
S00137077,132,4
S00137078,61,5
S00137079,72,14
S00137080,59,-
S00137081,106,9
S00137082,91,6
S00137083,118,9
S00137084,158,9
S00137085,102,6
S00137086,124,10
S00137087,119,13
S00137088,81,7
S00137089,73,7
S00137090,71,4
S00137091,75,4
S00137092,85,4
S00137093,101,-
S00137094,90,7
S00137095,86,4
S00137096,67,4
S00137097,64,6
S00137098,123,8
S00137099,55,5
S00137100,134,10
S00137101,148,6
S00137102,84,8
S00137103,137,8
S00137104,146,9
S00137105,116,8
S00137106,111,3
S00137107,106,2
S00137108,86,6
S00137109,65,10
S00137110,100,4
S00137111,71,1
S00137112,75,1
S00137113,78,3
S00137114,70,2
S00137115,80,3
S00137116,93,3
S00137117,85,6
S00137118,66,5
S00137119,107,2
S00137120,66,2
S00137121,88,6
S00137122,285,9
S00137123,94,10
S00137124,125,3
S00137125,86,5
S00137126,78,2
S00137127,137,10
S00137128,43,3
S00137129,105,6
S00137130,60,10
S00137131,66,4
S00137132,100,6
S00137133,86,7
S00137134,92,2
S00137135,69,5
S00137136,51,-
S00137137,70,-
S00137138,82,5
S00137139,119,14
S00137140,70,2
S00137141,224,10
S00137142,140,8
S00137143,109,7
S00137144,95,8
S00137145,99,-
S00137146,143,11
S00137147,77,4
S00137148,59,3
S00137149,197,19
S00137150,131,1
S00137151,162,9
S00137152,97,3
S00137153,102,6
S00137154,70,9
S00137155,93,4
S00137156,53,2
S00137157,103,4
S00137158,124,5
S00137159,141,12
S00137160,74,5
S00137161,125,14
S00137162,96,8
S00137163,107,7
S00137164,114,7
S00137165,98,-
S00137166,63,7
S00137167,111,10
S00137168,120,5
S00137169,74,2
S00137170,141,8
S00137171,58,1
S00137172,89,4
S00137173,127,3
S00137174,111,3
S00137175,129,-
S00137176,167,7
S00137177,74,4
S00137178,62,-
S00137179,118,10
S00137180,162,7
S00137181,92,2
S00137182,64,6
S00137183,119,10
S00137184,79,6
S00137185,112,4
S00137186,144,8
S00137187,149,6
S00137188,86,6
S00137189,68,6
S00137190,83,-
S00137191,126,11
S00137192,133,2
S00137193,67,4
S00137194,105,15
S00137195,98,4
S00137196,102,6
S00137197,124,3
S00137198,90,3
S00137199,83,4
S00137200,95,6
S00137201,112,4
S00137202,89,4
S00137203,123,2
S00137204,68,4
S00137205,138,9
S00137206,103,14
S00137207,79,2
S00137208,64,1
S00137209,65,3
S00137210,105,1
S00137211,113,4
S00137212,79,4
S00137213,132,5
S00137214,120,10
S00137215,75,4
S00137216,75,3
S00137217,92,7
S00137218,82,4
S00137219,75,1
S00137220,67,3
S00137221,78,2
S00137222,51,-
S00137223,77,2
S00137224,60,4
S00137225,79,5
S00137226,82,2
S00137227,87,6
S00137228,96,3
S00137229,105,3
S00137230,104,5
S00137231,68,-
S00137232,75,7
S00137233,116,11
S00137234,114,6
S00137235,85,10
S00137236,77,4
S00137237,64,4
S00137238,58,4
S00137239,56,2
S00137240,99,4
S00137241,97,4
S00137242,87,4
S00137243,58,4
S00137244,91,1
S00137245,82,3
S00137246,117,3
S00137247,105,7
S00137248,92,2
S00137249,58,4
S00137250,82,4
S00137251,180,15
S00137252,84,4
S00137253,124,14
S00137254,59,2
S00137255,103,6
S00137256,82,1
S00137257,110,5
S00137258,98,7
S00137259,103,7
S00137260,97,4
S00137261,69,1
S00137262,79,7
S00137263,121,11
S00137264,67,8
S00137265,138,3
S00137266,105,8
S00137267,120,13
S00137268,65,2
S00137269,94,8
S00137270,122,3
S00137271,80,-
S00137272,84,6
S00137273,92,5
S00137274,61,1
S00137275,116,5
S00137276,99,3
S00137277,145,8
S00137278,129,15
S00137279,103,3
S00137280,126,1
S00137281,96,-
S00137282,86,9
S00137283,82,3
S00137284,142,6
S00137285,57,2
S00137286,120,12
S00137287,107,5
S00137288,122,7
S00137289,121,13
S00137290,111,3
S00137291,96,7
S00137292,65,7
S00137293,119,4
S00137294,119,11
S00137295,107,9
S00137296,116,7
S00137297,110,9
S00137298,76,2
S00137299,75,3
S00137300,76,3
S00137301,89,1
S00137302,102,4
S00137303,59,7
S00137304,114,6
S00137305,113,7
S00137306,113,4
S00137307,125,3
S00137308,79,5
S00137309,119,5
S00137310,79,2
S00137311,99,6
S00137312,107,4
S00137313,60,1
S00137314,71,-
S00137315,50,-
S00137316,107,2
S00137317,69,-
S00137318,78,2
S00137319,114,5
S00137320,112,4
S00137321,137,5
S00137322,103,11
S00137323,53,1
S00137324,60,-
S00137325,103,6
S00137326,141,3
S00137327,112,4
S00137328,139,-
S00137329,53,4
S00137330,120,4
S00137331,126,12
S00137332,111,7
S00137333,90,1
S00137334,87,-
S00137335,134,17
S00137336,74,4
S00137337,126,10
S00137338,104,5
S00137339,63,2
S00137340,112,5
S00137341,126,8
S00137342,70,6
S00137343,154,6
S00137344,69,2
S00137345,112,6
S00137346,110,5
S00137347,86,3
S00137348,86,8
S00137349,80,5
S00137350,65,3
S00137351,72,3
S00137352,86,4
S00137353,57,1
S00137354,60,5
S00137355,63,1
S00137356,128,13
S00137357,74,1
S00137358,119,5
S00137359,86,2
S00137360,100,2
S00137361,64,4
S00137362,145,8
S00137363,97,3
S00137364,86,3
S00137365,129,6
S00137366,85,2
S00137367,141,12
S00137368,56,-
S00137369,117,6
S00137370,68,4
S00137371,52,1
S00137372,104,-
S00137373,144,12
S00137374,51,5
S00137375,125,5
S00137376,75,4
S00137377,103,6
S00137378,96,7
S00137379,93,1
S00137380,126,2
S00137381,70,1
S00137382,89,-
S00137383,155,5
S00137384,115,5
S00137385,82,5
S00137386,123,5
S00137387,144,6
S00137388,164,14
S00137389,64,-
S00137390,88,1
S00137391,112,4
S00137392,98,3
S00137393,122,7
S00137394,82,5
S00137395,141,8
S00137396,56,-
S00137397,60,2
S00137398,83,4
S00137399,130,6
S00137400,174,17
S00137401,120,6
S00137402,106,10
S00137403,117,7
S00137404,166,1
S00137405,62,3
S00137406,79,1
S00137407,66,3
S00137408,82,2
S00137409,79,2
S00137410,134,6
S00137411,131,6
S00137412,135,6
S00137413,77,4
S00137414,82,4
S00137415,134,8
S00137416,95,1
S00137417,71,1
S00137418,79,3
S00137419,138,7
S00137420,131,9
S00137421,87,-
S00137422,148,10
S00137423,107,5
S00137424,99,10
S00137425,59,5
S00137426,108,5
S00137427,107,6
S00137428,72,1
S00137429,98,9
S00137430,112,6
S00137431,66,2
S00137432,100,5
S00137433,139,15
S00137434,131,4
S00137435,107,2
S00137436,113,5
S00137437,164,8
S00137438,126,2
S00137439,63,7
S00137440,103,7
S00137441,53,3
S00137442,69,2
S00137443,128,2
S00137444,152,11
S00137445,74,2
S00137446,82,5
S00137447,134,5
S00137448,92,4
S00137449,76,3
S00137450,99,5
S00137451,179,8
S00137452,92,7
S00137453,141,6
S00137454,100,8
S00137455,118,7
S00137456,105,4
S00137457,105,1
S00137458,103,-
S00137459,106,7
S00137460,120,2
S00137461,102,-
S00137462,62,2
S00137463,70,2
S00137464,87,5
S00137465,158,9
S00137466,68,3
S00137467,130,7
S00137468,111,1
S00137469,85,1
S00137470,107,5
S00137471,77,1
S00137472,69,1
S00137473,76,5
S00137474,74,3
S00137475,109,5
S00137476,100,4
S00137477,68,-
S00137478,96,1
S00137479,77,2
S00137480,57,-
S00137481,90,3
S00137482,87,2
S00137483,76,4
S00137484,83,2
S00137485,109,5
S00137486,75,1
S00137487,66,-
S00137488,99,5
S00137489,79,6
S00137490,118,6
S00137491,71,-
S00137492,110,4
S00137493,123,2
S00137494,79,4
S00137495,72,5
S00137496,73,-
S00137497,136,8
S00137498,67,2
S00137499,73,3
S00137500,65,1
S00137501,121,4
S00137502,123,5
S00137503,106,4
S00137504,144,3
S00137505,96,2
S00137506,82,3
S00137507,105,8
S00137508,82,-
S00137509,99,1
S00137510,91,2
S00137511,61,3
S00137512,54,-
S00137513,51,-
S00137514,85,3
S00137515,91,-
S00137516,92,6
S00137517,101,9
S00137518,67,3
S00137519,94,8
S00137520,81,-
S00137521,113,-
S00137522,77,1
S00137523,115,6
S00137524,59,1
S00137525,69,-
S00137526,84,4
S00137527,86,3
S00137528,104,6
S00137529,167,9
S00137530,102,2
S00137531,63,4
S00137532,177,5
S00137533,82,3
S00137534,100,10
S00137535,162,15
S00137536,80,11
S00137537,72,3
S00137538,98,3
S00137539,84,5
S00137540,65,3
S00137541,93,2
S00137542,121,1
S00137543,115,7
S00137544,96,1
S00137545,98,1
S00137546,120,9
S00137547,73,8
S00137548,117,3
S00137549,89,2
S00137550,67,5
S00137551,104,4
S00137552,71,1
S00137553,157,5
S00137554,149,2
S00137555,99,4
S00137556,59,2
S00137557,74,4
S00137558,107,5
S00137559,95,5
S00137560,81,-
S00137561,75,-
S00137562,148,7
S00137563,77,8
S00137564,78,4
S00137565,153,10
S00137566,127,7
S00137567,89,-
S00137568,86,2
S00137569,69,4
S00137570,97,4
S00137571,99,5
S00137572,173,12
S00137573,92,2
S00137574,158,10
S00137575,150,4
S00137576,106,3
S00137577,196,6
S00137578,86,3
S00137579,97,3
S00137580,124,-
S00137581,110,5
S00137582,91,4
S00137583,73,-
S00137584,121,9
S00137585,122,11
S00137586,92,5
S00137587,139,7
S00137588,97,7
S00137589,92,7
S00137590,94,2
S00137591,87,6
S00137592,93,-
S00137593,72,10
S00137594,63,2
S00137595,112,5
S00137596,115,4
S00137597,107,3
S00137598,114,6
S00137599,123,10
S00137600,102,2
S00137601,113,4
S00137602,112,3
S00137603,70,4
S00137604,72,-
S00137605,152,4
S00137606,71,3
S00137607,79,3
S00137608,87,3
S00137609,135,4
S00137610,86,3
S00137611,112,2
S00137612,133,7
S00137613,90,4
S00137614,114,3
S00137615,98,2
S00137616,101,4
S00137617,129,4
S00137618,99,4
S00137619,59,3
S00137620,133,6
S00137621,103,1
S00137622,112,-
S00137623,85,5
S00137624,142,6
S00137625,125,5
S00137626,116,5
S00137627,158,8
S00137628,77,2
S00137629,159,6
S00137630,142,3
S00137631,77,2
S00137632,96,1
S00137633,133,8
S00137634,43,5
S00137635,63,3
S00137636,84,-
S00137637,143,5
S00137638,86,11
S00137639,122,5
S00137640,107,3
S00137641,117,-
S00137642,61,3
S00137643,137,5
S00137644,104,3
S00137645,142,4
S00137646,83,2
S00137647,81,2
S00137648,133,6
S00137649,99,5
S00137650,137,3
S00137651,99,8
S00137652,72,1
S00137653,125,4
S00137654,140,4
S00137655,126,2
S00137656,79,4
S00137657,51,-
S00137658,81,2
S00137659,103,3
S00137660,92,5
S00137661,98,1
S00137662,160,5
S00137663,118,3
S00137664,70,1
S00137665,117,5
S00137666,110,5
S00137667,102,5
S00137668,131,3
S00137669,123,4
S00137670,135,10
S00137671,119,4
S00137672,96,3
S00137673,149,5
S00137674,114,1
S00137675,81,1
S00137676,102,6
S00137677,97,3
S00137678,99,7
S00137679,71,1
S00137680,75,1
S00137681,80,-
S00137682,98,1
S00137683,91,6
S00137684,98,2
S00137685,78,-
S00137686,95,3
S00137687,86,5
S00137688,136,2
S00137689,126,3
S00137690,100,3
S00137691,95,6
S00137692,59,4
S00137693,89,3
S00137694,109,4
S00137695,62,3
S00137696,93,1
S00137697,117,3
S00137698,92,5
S00137699,90,3
S00137700,68,4
S00137701,169,4
S00137702,98,5
S00137703,108,8
S00137704,111,6
S00137705,73,5
S00137706,123,4
S00137707,135,5
S00137708,132,5
S00137709,153,11
S00137710,185,8
S00137711,143,2
S00137712,56,2
S00137713,119,6
S00137714,66,5
S00137715,74,4
S00137716,64,-
S00137717,103,7
S00137718,80,4
S00137719,71,4
S00137720,100,1
S00137721,122,7
S00137722,77,2
S00137723,104,4
S00137724,133,8
S00137725,120,4
S00137726,53,2
S00137727,100,-
S00137728,82,1
S00137729,117,6
S00137730,65,3
S00137731,89,-
S00137732,142,2
S00137733,101,8
S00137734,89,7
S00137735,118,4
S00137736,77,3
S00137737,129,2
S00137738,111,3
S00137739,93,1
S00137740,98,3
S00137741,67,1
S00137742,107,6
S00137743,95,6
S00137744,117,3
S00137745,77,6
S00137746,96,8
S00137747,113,9
S00137748,146,5
S00137749,139,11
S00137750,114,5
S00137751,134,6
S00137752,126,9
S00137753,55,1
S00137754,82,3
S00137755,99,8
S00137756,123,10
S00137757,95,4
S00137758,67,1
S00137759,111,13
S00137760,153,4
S00137761,96,3
S00137762,70,6
S00137763,107,8
S00137764,89,5
S00137765,62,2
S00137766,100,2
S00137767,103,3
S00137768,57,-
S00137769,81,4
S00137770,108,1
S00137771,116,8
S00137772,105,6
S00137773,79,3
S00137774,70,-
S00137775,51,2
S00137776,56,5
S00137777,96,2
S00137778,139,12
S00137779,96,5
S00137780,94,5
S00137781,97,2
S00137782,66,1
S00137783,139,6
S00137784,89,5
S00137785,91,3
S00137786,96,-
S00137787,111,2
S00137788,111,3
S00137789,68,3
S00137790,71,4
S00137791,167,14
S00137792,114,11
S00137793,80,7
S00137794,115,8
S00137795,83,4
S00137796,104,7
S00137797,73,1
S00137798,65,2
S00137799,103,2
S00137800,91,1
S00137801,169,11
S00137802,66,4
S00137803,93,4
S00137804,60,4
S00137805,154,8
S00137806,80,2
S00137807,72,2
S00137808,95,5
S00137809,132,8
S00137810,76,2
S00137811,101,2
S00137812,79,1
S00137813,95,6
S00137814,79,-
S00137815,87,4
S00137816,62,4
S00137817,90,7
S00137818,98,4
S00137819,65,2
S00137820,71,3
S00137821,111,10
S00137822,95,2
S00137823,72,1
S00137824,86,-
S00137825,97,2
S00137826,94,2
S00137827,95,5
S00137828,84,9
S00137829,82,2
S00137830,85,1
S00137831,83,7
S00137832,85,8
S00137833,55,2
S00137834,71,2
S00137835,55,1
S00137836,116,15
S00137837,92,4
S00137838,93,2
S00137839,73,3
S00137840,151,4
S00137841,101,7
S00137842,83,-
S00137843,98,3
S00137844,55,4
S00137845,102,2
S00137846,88,5
S00137847,104,5
S00137848,112,1
S00137849,94,4
S00137850,77,9
S00137851,77,5
S00137852,108,8
S00137853,76,4
S00137854,106,5
S00137855,143,5
S00137856,98,-
S00137857,86,3
S00137858,124,5
S00137859,89,6
S00137860,78,3
S00137861,176,5
S00137862,118,5
S00137863,80,3
S00137864,68,-
S00137865,142,6
S00137866,141,6
S00137867,100,4
S00137868,68,3
S00137869,135,8
S00137870,66,3
S00137871,111,6
S00137872,62,-
S00137873,71,1
S00137874,71,4
S00137875,78,2
S00137876,105,5
S00137877,178,20
S00137878,81,2
S00137879,97,8
S00137880,75,3
S00137881,51,-
S00137882,84,4
S00137883,150,3
S00137884,64,7
S00137885,61,-
S00137886,58,4
S00137887,154,9
S00137888,71,3
S00137889,64,-
S00137890,119,6
S00137891,98,7
S00137892,106,6
S00137893,89,2
S00137894,122,12
S00137895,79,2
S00137896,85,7
S00137897,109,2
S00137898,111,8
S00137899,128,10
S00137900,124,7
S00137901,65,4
S00137902,64,6
S00137903,109,1
S00137904,91,9
S00137905,122,2
S00137906,73,3
S00137907,113,2
S00137908,73,8
S00137909,140,7
S00137910,104,9
S00137911,135,4
S00137912,69,2
S00137913,55,-
S00137914,74,4
S00137915,158,9
S00137916,58,2
S00137917,100,2
S00137918,133,9
S00137919,80,9
S00137920,114,4
S00137921,129,5
S00137922,87,-
S00137923,107,5
S00137924,119,2
S00137925,69,5
S00137926,95,-
S00137927,103,3
S00137928,46,1
S00137929,120,3
S00137930,60,5
S00137931,81,3
S00137932,122,2
S00137933,63,4
S00137934,86,2
S00137935,76,5
S00137936,131,6
S00137937,100,6
S00137938,63,2
S00137939,74,4
S00137940,146,5
S00137941,80,8
S00137942,122,-
S00137943,99,2
S00137944,71,1
S00137945,55,3
S00137946,56,-
S00137947,117,5
S00137948,400,6
S00137949,124,3
S00137950,69,2
S00137951,90,6
S00137952,111,11
S00137953,144,4
S00137954,103,3
S00137955,94,2
S00137956,109,4
S00137957,98,3
S00137958,101,2
S00137959,105,6
S00137960,81,4
S00137961,159,11
S00137962,100,2
S00137963,87,9
S00137964,143,9
S00137965,88,3
S00137966,144,6
S00137967,130,4
S00137968,76,1
S00137969,70,4
S00137970,149,7
S00137971,68,1
S00137972,113,6
S00137973,128,10
S00137974,113,6
S00137975,46,4
S00137976,113,6
S00137977,92,1
S00137978,136,4
S00137979,60,6
S00137980,63,2
S00137981,92,2
S00137982,81,2
S00137983,116,18
S00137984,65,2
S00137985,63,3
S00137986,136,7
S00137987,117,4
S00137988,116,5
S00137989,95,5
S00137990,111,-
S00137991,85,2
S00137992,67,2
S00137993,127,2
S00137994,106,5
S00137995,121,9
S00137996,72,6
S00137997,104,3
S00137998,83,5
S00137999,75,2
S00138000,103,8
S00138001,109,12
S00138002,91,1
S00138003,201,14
S00138004,152,4
S00138005,131,7
S00138006,84,6
S00138007,73,3
S00138008,115,3
S00138009,138,9
S00138010,88,2
S00138011,117,8
S00138012,80,4
S00138013,125,1
S00138014,54,4
S00138015,97,6
S00138016,98,3
S00138017,129,5
S00138018,62,2
S00138019,60,3
S00138020,86,-
S00138021,76,2
S00138022,73,6
S00138023,120,4
S00138024,90,-
S00138025,119,1
S00138026,97,3
S00138027,79,-
S00138028,169,5
S00138029,80,5
S00138030,131,3
S00138031,97,4
S00138032,98,2
S00138033,103,5
S00138034,94,4
S00138035,126,5
S00138036,61,7
S00138037,88,-
S00138038,53,2
S00138039,117,4
S00138040,82,2
S00138041,95,6
S00138042,138,10
S00138043,98,4
S00138044,83,3
S00138045,99,3
S00138046,104,-
S00138047,135,9
S00138048,61,3
S00138049,125,4
S00138050,129,5
S00138051,114,6
S00138052,117,4
S00138053,76,4
S00138054,176,8
S00138055,87,4
S00138056,85,8
S00138057,75,2
S00138058,96,4
S00138059,98,6
S00138060,59,6
S00138061,73,3
S00138062,148,11
S00138063,60,5
S00138064,61,-
S00138065,64,2
S00138066,118,2
S00138067,59,5
S00138068,81,4
S00138069,158,3
S00138070,73,2
S00138071,67,3
S00138072,71,6
S00138073,184,7
S00138074,89,1
S00138075,87,6
S00138076,97,5
S00138077,54,3
S00138078,63,3
S00138079,129,6
S00138080,114,6
S00138081,96,3
S00138082,103,-
S00138083,62,2
S00138084,96,2
S00138085,156,3
S00138086,119,8
S00138087,110,2
S00138088,84,3
S00138089,132,4
S00138090,76,1
S00138091,109,8
S00138092,113,2
S00138093,80,6
S00138094,128,9
S00138095,72,2
S00138096,126,8
S00138097,67,1
S00138098,130,7
S00138099,92,5
S00138100,118,4
S00138101,90,4
S00138102,72,4
S00138103,120,6
S00138104,56,-
S00138105,87,6
S00138106,127,7
S00138107,91,4
S00138108,83,4
S00138109,90,3
S00138110,126,3
S00138111,104,5
S00138112,114,4
S00138113,117,5
S00138114,73,8
S00138115,173,14
S00138116,102,5
S00138117,122,5
S00138118,151,6
S00138119,157,6
S00138120,113,7
S00138121,98,-
S00138122,81,2
S00138123,98,5
S00138124,154,7
S00138125,179,7
S00138126,157,7
S00138127,91,1
S00138128,157,14
S00138129,118,1
S00138130,143,12
S00138131,104,4
S00138132,96,11
S00138133,61,2
S00138134,109,3
S00138135,159,8
S00138136,136,1
S00138137,149,8
S00138138,186,22
S00138139,73,1
S00138140,107,8
S00138141,79,2
S00138142,67,7
S00138143,123,6
S00138144,149,13
S00138145,116,12
S00138146,141,7
S00138147,117,2
S00138148,128,16
S00138149,133,4
S00138150,56,2
S00138151,132,8
S00138152,141,11
S00138153,65,4
S00138154,66,4
S00138155,78,8
S00138156,113,9
S00138157,175,12
S00138158,76,-
S00138159,90,2
S00138160,205,3
S00138161,109,3
S00138162,165,4
S00138163,142,3
S00138164,125,4
S00138165,110,3
S00138166,122,8
S00138167,88,5
S00138168,74,4
S00138169,141,5
S00138170,81,5
S00138171,79,3
S00138172,100,3
S00138173,143,4
S00138174,105,3
S00138175,93,5
S00138176,85,2
S00138177,100,2
S00138178,86,1
S00138179,77,1
S00138180,112,11
S00138181,61,3
S00138182,101,4
S00138183,87,-
S00138184,63,1
S00138185,94,3
S00138186,93,1
S00138187,71,-
S00138188,110,4
S00138189,116,1
S00138190,49,-
S00138191,119,1
S00138192,97,3
S00138193,102,2
S00138194,131,9
S00138195,83,5
S00138196,100,4
S00138197,72,4
S00138198,115,2
S00138199,76,4
S00138200,96,6
S00138201,64,-
S00138202,123,3
S00138203,92,2
S00138204,71,2
S00138205,100,7
S00138206,113,7
S00138207,94,2
S00138208,111,7
S00138209,108,3
S00138210,111,5
S00138211,104,3
S00138212,139,3
S00138213,93,3
S00138214,115,11
S00138215,70,4
S00138216,125,8
S00138217,114,6
S00138218,74,3
S00138219,67,2
S00138220,97,5
S00138221,77,5
S00138222,115,6
S00138223,60,2
S00138224,108,1
S00138225,83,4
S00138226,112,2
S00138227,78,7
S00138228,117,5
S00138229,115,3
S00138230,66,2
S00138231,95,2
S00138232,78,4
S00138233,120,8
S00138234,81,3
S00138235,142,5
S00138236,146,7
S00138237,96,2
S00138238,135,6
S00138239,136,7
S00138240,69,2
S00138241,100,4
S00138242,94,7
S00138243,86,3
S00138244,105,5
S00138245,78,-
S00138246,185,15
S00138247,95,1
S00138248,90,3
S00138249,148,13
S00138250,159,7
S00138251,84,-
S00138252,103,1
S00138253,94,2
S00138254,140,-
S00138255,94,7
S00138256,85,2
S00138257,62,4
S00138258,100,3
S00138259,78,2
S00138260,134,7
S00138261,119,5
S00138262,84,1
S00138263,81,5
S00138264,152,8
S00138265,94,1
S00138266,97,5
S00138267,95,5
S00138268,80,12
S00138269,126,7
S00138270,127,5
S00138271,95,4
S00138272,82,5
S00138273,129,10
S00138274,65,5
S00138275,121,12
S00138276,141,9
S00138277,87,-
S00138278,118,5
S00138279,92,1
S00138280,72,5
S00138281,106,7
S00138282,87,-
S00138283,85,4
S00138284,133,3
S00138285,96,6
S00138286,108,3
S00138287,90,2
S00138288,85,7
S00138289,64,1
S00138290,89,3
S00138291,76,3
S00138292,92,9
S00138293,158,5
S00138294,74,2
S00138295,98,6
S00138296,67,16
S00138297,97,9
S00138298,89,-
S00138299,116,3
S00138300,104,8
S00138301,101,1
S00138302,110,4
S00138303,119,2
S00138304,116,4
S00138305,105,-
S00138306,184,16
S00138307,93,7
S00138308,134,5
S00138309,149,10
S00138310,58,3
S00138311,115,2
S00138312,91,1
S00138313,87,3
S00138314,105,6
S00138315,104,2
S00138316,103,8
S00138317,103,5
S00138318,74,2
S00138319,110,6
S00138320,133,4
S00138321,119,6
S00138322,145,6
S00138323,108,7
S00138324,147,2
S00138325,78,4
S00138326,130,11
S00138327,62,1
S00138328,86,2
S00138329,150,6
S00138330,55,-
S00138331,103,2
S00138332,120,7
S00138333,92,6
S00138334,129,12
S00138335,114,7
S00138336,121,4
S00138337,135,6
S00138338,69,2
S00138339,124,11
S00138340,73,4
S00138341,82,9
S00138342,81,1
S00138343,95,5
S00138344,83,4
S00138345,143,8
S00138346,147,11
S00138347,165,4
S00138348,111,4
S00138349,67,-
S00138350,120,6
S00138351,109,6
S00138352,121,2
S00138353,155,2
S00138354,141,10
S00138355,117,4
S00138356,118,10
S00138357,121,10
S00138358,89,6
S00138359,154,6
S00138360,69,3
S00138361,108,7
S00138362,147,8
S00138363,120,4
S00138364,142,7
S00138365,157,6
S00138366,85,3
S00138367,131,4
S00138368,112,6
S00138369,136,9
S00138370,149,6
S00138371,94,6
S00138372,64,3
S00138373,117,5
S00138374,88,3
S00138375,163,15
S00138376,134,11
S00138377,103,12
S00138378,140,2
S00138379,76,2
S00138380,89,2
S00138381,115,8
S00138382,97,7
S00138383,148,4
S00138384,137,8
S00138385,123,9
S00138386,121,9
S00138387,127,14
S00138388,105,11
S00138389,73,9
S00138390,83,5
S00138391,59,4
S00138392,88,2
S00138393,120,8
S00138394,103,6
S00138395,119,8
S00138396,81,4
S00138397,76,2
S00138398,97,5
S00138399,86,-
S00138400,113,7
S00138401,71,1
S00138402,111,2
S00138403,110,8
S00138404,81,3
S00138405,98,5
S00138406,121,7
S00138407,85,8
S00138408,124,6
S00138409,84,5
S00138410,51,5
S00138411,71,8
S00138412,102,3
S00138413,54,-
S00138414,87,1
S00138415,69,8
S00138416,91,6
S00138417,128,4
S00138418,82,4
S00138419,61,4
S00138420,91,3
S00138421,112,3
S00138422,83,5
S00138423,84,9
S00138424,105,5
S00138425,57,3
S00138426,76,15
S00138427,77,6
S00138428,104,4
S00138429,88,5
S00138430,138,6
S00138431,69,2
S00138432,111,7
S00138433,107,5
S00138434,117,2
S00138435,153,4
S00138436,97,10
S00138437,107,5
S00138438,71,4
S00138439,65,-
S00138440,66,2
S00138441,79,4
S00138442,145,1
S00138443,69,-
S00138444,105,5
S00138445,128,4
S00138446,78,7
S00138447,127,4
S00138448,116,6
S00138449,119,3
S00138450,56,-
S00138451,95,4
S00138452,107,9
S00138453,66,-
S00138454,112,3
S00138455,119,1
S00138456,116,6
S00138457,67,-
S00138458,91,10
S00138459,131,5
S00138460,91,3
S00138461,59,-
S00138462,60,4
S00138463,149,5
S00138464,54,-
S00138465,123,5
S00138466,99,7
S00138467,84,4
S00138468,61,-
S00138469,95,3
S00138470,144,10
S00138471,58,-
S00138472,58,3
S00138473,130,18
S00138474,77,8
S00138475,71,5
S00138476,95,9
S00138477,77,-
S00138478,107,4
S00138479,116,3
S00138480,125,4
S00138481,138,10
S00138482,109,7
S00138483,49,-
S00138484,80,3
S00138485,145,9
S00138486,79,3
S00138487,103,6
S00138488,107,5
S00138489,86,2
S00138490,133,2
S00138491,102,5
S00138492,112,4
S00138493,127,7
S00138494,96,4
S00138495,73,7
S00138496,100,12
S00138497,125,10
S00138498,124,13
S00138499,164,14
S00138500,112,4
S00138501,65,4
S00138502,110,3
S00138503,97,5
S00138504,127,5
S00138505,125,18
S00138506,142,14
S00138507,75,3
S00138508,73,4
S00138509,110,7
S00138510,150,8
S00138511,153,6
S00138512,75,4
S00138513,132,7
S00138514,92,6
S00138515,144,8
S00138516,95,5
S00138517,120,4
S00138518,75,2
S00138519,119,10
S00138520,106,6
S00138521,66,4
S00138522,79,4
S00138523,77,-
S00138524,54,3
S00138525,82,1
S00138526,79,3
S00138527,82,2
S00138528,108,5
S00138529,112,12
S00138530,69,2
S00138531,67,2
S00138532,120,6
S00138533,108,7
S00138534,112,6
S00138535,133,9
S00138536,110,6
S00138537,82,3
S00138538,132,6
S00138539,127,12
S00138540,137,8
S00138541,133,6
S00138542,78,2
S00138543,77,2
S00138544,123,6
S00138545,98,3
S00138546,148,7
S00138547,142,6
S00138548,86,11
S00138549,87,6
S00138550,111,7
S00138551,107,6
S00138552,102,12
S00138553,105,5
S00138554,82,9
S00138555,64,-
S00138556,133,5
S00138557,113,8
S00138558,84,1
S00138559,139,2
S00138560,164,7
S00138561,123,10
S00138562,117,6
S00138563,100,5
S00138564,147,13
S00138565,60,-
S00138566,68,3
S00138567,135,3
S00138568,59,1
S00138569,124,7
S00138570,170,12
S00138571,126,14
S00138572,155,5
S00138573,131,10
S00138574,138,5
S00138575,105,7
S00138576,102,7
S00138577,61,2
S00138578,125,14
S00138579,164,7
S00138580,106,8
S00138581,79,4
S00138582,73,4
S00138583,113,4
S00138584,134,7
S00138585,91,11
S00138586,89,2
S00138587,89,2
S00138588,86,4
S00138589,149,8
S00138590,116,6
S00138591,95,9
S00138592,61,2
S00138593,138,7
S00138594,125,3
S00138595,101,2
S00138596,92,-
S00138597,137,2
S00138598,51,-
S00138599,99,2
S00138600,99,7
S00138601,105,5
S00138602,100,9
S00138603,71,3
S00138604,107,10
S00138605,138,12
S00138606,94,3
S00138607,56,3
S00138608,80,7
S00138609,82,4
S00138610,108,12
S00138611,83,3
S00138612,69,3
S00138613,115,4
S00138614,112,11
S00138615,124,8
S00138616,78,10
S00138617,113,8
S00138618,78,2
S00138619,112,9
S00138620,73,5
S00138621,50,1
S00138622,131,11
S00138623,99,3
S00138624,64,1
S00138625,120,17
S00138626,80,7
S00138627,68,4
S00138628,69,-
S00138629,85,6
S00138630,85,-
S00138631,124,11
S00138632,101,5
S00138633,63,5
S00138634,83,13
S00138635,96,2
S00138636,80,8
S00138637,76,-
S00138638,120,10
S00138639,120,4
S00138640,74,3
S00138641,121,12
S00138642,87,3
S00138643,86,3
S00138644,69,-
S00138645,150,2
S00138646,110,1
S00138647,135,6
S00138648,92,6
S00138649,90,2
S00138650,121,9
S00138651,84,-
S00138652,108,6
S00138653,117,5
S00138654,132,6
S00138655,100,3
S00138656,98,4
S00138657,165,12
S00138658,65,1
S00138659,112,3
S00138660,96,6
S00138661,98,4
S00138662,114,3
S00138663,86,5
S00138664,114,3
S00138665,121,1
S00138666,54,1
S00138667,89,9
S00138668,114,11
S00138669,127,4
S00138670,120,6
S00138671,70,1
S00138672,127,7
S00138673,111,9
S00138674,90,7
S00138675,68,3
S00138676,97,6
S00138677,134,14
S00138678,96,5
S00138679,191,20
S00138680,75,-
S00138681,85,8
S00138682,86,-
S00138683,83,3
S00138684,80,3
S00138685,53,6
S00138686,102,2
S00138687,86,8
S00138688,104,7
S00138689,121,6
S00138690,106,10
S00138691,72,9
S00138692,69,4
S00138693,101,11
S00138694,110,5
S00138695,93,1
S00138696,103,5
S00138697,145,10
S00138698,108,9
S00138699,94,2
S00138700,100,6
S00138701,100,1
S00138702,166,15
S00138703,111,8
S00138704,136,6
S00138705,128,12
S00138706,111,6
S00138707,100,6
S00138708,134,6
S00138709,108,-
S00138710,135,13
S00138711,101,8
S00138712,85,5
S00138713,91,6
S00138714,124,7
S00138715,119,13
S00138716,112,4
S00138717,98,6
S00138718,126,4
S00138719,97,8
S00138720,67,2
S00138721,78,4
S00138722,118,4
S00138723,124,7
S00138724,87,3
S00138725,94,11
S00138726,144,5
S00138727,172,16
S00138728,143,8
S00138729,75,3
S00138730,91,6
S00138731,57,5
S00138732,109,7
S00138733,56,3
S00138734,82,4
S00138735,98,4
S00138736,104,9
S00138737,111,9
S00138738,91,2
S00138739,168,10
S00138740,67,4
S00138741,142,2
S00138742,111,2
S00138743,126,4
S00138744,150,11
S00138745,94,3
S00138746,113,14
S00138747,188,23
S00138748,156,7
S00138749,137,10
S00138750,118,5
S00138751,183,14
S00138752,153,5
S00138753,81,5
S00138754,148,14
S00138755,114,11
S00138756,90,9
S00138757,126,13
S00138758,87,2
S00138759,65,2
S00138760,149,4
S00138761,69,2
S00138762,87,6
S00138763,129,6
S00138764,87,10
S00138765,126,-
S00138766,99,6
S00138767,194,23
S00138768,76,4
S00138769,105,9
S00138770,142,8
S00138771,119,3
S00138772,75,5
S00138773,73,3
S00138774,66,3
S00138775,100,4
S00138776,134,2
S00138777,122,9
S00138778,122,18
S00138779,75,1
S00138780,126,5
S00138781,95,3
S00138782,90,6
S00138783,91,2
S00138784,76,1
S00138785,82,1
S00138786,102,6
S00138787,125,2
S00138788,70,2
S00138789,73,2
S00138790,113,2
S00138791,104,9
S00138792,155,9
S00138793,108,8
S00138794,113,10
S00138795,89,1
S00138796,147,17
S00138797,135,7
S00138798,188,8
S00138799,110,3
S00138800,109,5
S00138801,112,12
S00138802,143,5
S00138803,148,10
S00138804,111,4
S00138805,167,14
S00138806,114,6
S00138807,61,1
S00138808,101,5
S00138809,116,-
S00138810,127,9
S00138811,57,1
S00138812,128,7
S00138813,119,4
S00138814,81,1
S00138815,78,9
S00138816,119,13
S00138817,147,6
S00138818,119,9
S00138819,126,11
S00138820,63,1
S00138821,70,5
S00138822,71,3
S00138823,91,3
S00138824,87,6
S00138825,78,1
S00138826,145,16
S00138827,113,14
S00138828,111,7
S00138829,104,7
S00138830,146,11
S00138831,134,14
S00138832,74,6
S00138833,129,18
S00138834,53,1
S00138835,61,2
S00138836,148,14
S00138837,107,5
S00138838,113,11
S00138839,101,7
S00138840,99,3
S00138841,106,12
S00138842,98,6
S00138843,114,3
S00138844,143,9
S00138845,104,3
S00138846,131,5
S00138847,58,2
S00138848,59,2
S00138849,70,5
S00138850,75,1
S00138851,140,8
S00138852,129,5
S00138853,81,3
S00138854,93,9
S00138855,114,2
S00138856,137,8
S00138857,69,2
S00138858,121,3
S00138859,109,4
S00138860,80,4
S00138861,133,7
S00138862,194,18
S00138863,101,4
S00138864,84,7
S00138865,79,5
S00138866,88,6
S00138867,149,7
S00138868,80,3
S00138869,94,1
S00138870,118,9
S00138871,82,3
S00138872,151,8
S00138873,109,12
S00138874,133,7
S00138875,97,7
S00138876,152,10
S00138877,78,7
S00138878,67,5
S00138879,71,-
S00138880,77,2
S00138881,71,1
S00138882,64,2
S00138883,67,8
S00138884,97,4
S00138885,120,7
S00138886,70,8
S00138887,131,6
S00138888,79,7
S00138889,84,-
S00138890,63,3
S00138891,64,3
S00138892,59,2
S00138893,100,4
S00138894,114,4
S00138895,68,8
S00138896,62,5
S00138897,155,14
S00138898,123,5
S00138899,56,5
S00138900,99,2
S00138901,104,6
S00138902,143,4
S00138903,138,4
S00138904,67,5
S00138905,135,7
S00138906,105,9
S00138907,121,4
S00138908,110,1
S00138909,133,9
S00138910,122,2
S00138911,85,12
S00138912,90,3
S00138913,76,3
S00138914,144,9
S00138915,161,10
S00138916,64,-
S00138917,75,2
S00138918,120,4
S00138919,113,8
S00138920,57,-
S00138921,109,14
S00138922,114,4
S00138923,66,2
S00138924,136,3
S00138925,90,5
S00138926,59,6
S00138927,73,6
S00138928,99,4
S00138929,80,5
S00138930,99,3
S00138931,68,2
S00138932,137,8
S00138933,64,-
S00138934,59,2
S00138935,94,6
S00138936,68,4
S00138937,114,6
S00138938,69,1
S00138939,101,9
S00138940,144,15
S00138941,101,5
S00138942,103,-
S00138943,112,2
S00138944,57,5
S00138945,109,4
S00138946,73,-
S00138947,111,6
S00138948,89,7
S00138949,146,24
S00138950,71,2
S00138951,167,15
S00138952,84,4
S00138953,95,6
S00138954,110,6
S00138955,99,17
S00138956,146,6
S00138957,127,7
S00138958,83,7
S00138959,110,8
S00138960,75,1
S00138961,144,4
S00138962,87,9
S00138963,103,4
S00138964,142,9
S00138965,94,6
S00138966,92,6
S00138967,120,12
S00138968,92,4
S00138969,147,12
S00138970,139,8
S00138971,166,8
S00138972,68,3
S00138973,114,-
S00138974,124,12
S00138975,158,10
S00138976,81,4
S00138977,89,6
S00138978,137,9
S00138979,59,2
S00138980,139,5
S00138981,135,12
S00138982,86,8
S00138983,125,3
S00138984,84,5
S00138985,59,6
S00138986,108,7
S00138987,124,-
S00138988,104,8
S00138989,87,8
S00138990,87,4
S00138991,148,7
S00138992,119,8
S00138993,140,5
S00138994,111,8
S00138995,94,11
S00138996,77,3
S00138997,57,3
S00138998,134,-
S00138999,136,15
S00139000,105,11
S00139001,89,4
S00139002,92,5
S00139003,119,4
S00139004,88,7
S00139005,68,3
S00139006,76,-
S00139007,64,8
S00139008,123,11
S00139009,156,6
S00139010,115,7
S00139011,84,3
S00139012,67,2
S00139013,140,2
S00139014,132,10
S00139015,82,3
S00139016,63,4
S00139017,80,6
S00139018,54,4
S00139019,138,5
S00139020,82,3
S00139021,129,7
S00139022,124,5
S00139023,54,2
S00139024,93,7
S00139025,121,3
S00139026,76,2
S00139027,100,-
S00139028,99,2
S00139029,104,12
S00139030,84,5
S00139031,75,7
S00139032,61,4
S00139033,96,6
S00139034,113,7
S00139035,87,5
S00139036,58,-
S00139037,100,1
S00139038,104,7
S00139039,139,7
S00139040,91,5
S00139041,121,3
S00139042,96,2
S00139043,79,2
S00139044,112,7
S00139045,84,2
S00139046,138,3
S00139047,104,4
S00139048,95,5
S00139049,72,5
S00139050,115,4
S00139051,127,1
S00139052,141,12
S00139053,80,4
S00139054,74,-
S00139055,80,2
S00139056,93,-
S00139057,75,-
S00139058,77,3
S00139059,136,4
S00139060,84,3
S00139061,122,1
S00139062,75,5
S00139063,79,5
S00139064,86,4
S00139065,141,4
S00139066,109,4
S00139067,60,3
S00139068,89,2
S00139069,109,6
S00139070,98,10
S00139071,90,6
S00139072,66,5
S00139073,107,5
S00139074,134,5
S00139075,80,1
S00139076,106,5
S00139077,78,1
S00139078,131,4
S00139079,130,3
S00139080,123,7
S00139081,101,3
S00139082,70,4
S00139083,124,4
S00139084,107,4
S00139085,96,2
S00139086,91,3
S00139087,72,6
S00139088,91,-
S00139089,97,5
S00139090,87,2
S00139091,127,8
S00139092,90,1
S00139093,113,4
S00139094,87,4
S00139095,71,1
S00139096,139,6
S00139097,59,-
S00139098,120,5
S00139099,111,4
S00139100,61,-
S00139101,151,4
S00139102,66,-
S00139103,153,10
S00139104,77,6
S00139105,58,7
S00139106,101,-
S00139107,69,4
S00139108,88,1
S00139109,54,-
S00139110,140,1
S00139111,70,4
S00139112,56,2
S00139113,130,6
S00139114,112,7
S00139115,68,4
S00139116,91,7
S00139117,147,20
S00139118,171,11
S00139119,78,6
S00139120,132,9
S00139121,142,16
S00139122,100,3
S00139123,87,2
S00139124,67,6
S00139125,68,6
S00139126,152,13
S00139127,65,3
S00139128,104,2
S00139129,178,20
S00139130,81,2
S00139131,77,9
S00139132,70,-
S00139133,60,3
S00139134,60,2
S00139135,67,1
S00139136,120,7
S00139137,126,6
S00139138,113,1
S00139139,92,8
S00139140,80,5
S00139141,99,8
S00139142,137,5
S00139143,108,4
S00139144,136,18
S00139145,129,3
S00139146,94,5
S00139147,122,6
S00139148,66,4
S00139149,181,15
S00139150,83,6
S00139151,60,2
S00139152,88,9
S00139153,84,3
S00139154,164,12
S00139155,69,2
S00139156,87,5
S00139157,93,4
S00139158,99,3
S00139159,138,9
S00139160,95,4
S00139161,88,3
S00139162,79,3
S00139163,168,9
S00139164,102,5
S00139165,118,4
S00139166,107,10
S00139167,114,7
S00139168,115,2
S00139169,111,9
S00139170,123,11
S00139171,135,7
S00139172,138,12
S00139173,111,12
S00139174,88,3
S00139175,139,11
S00139176,82,9
S00139177,65,3
S00139178,114,7
S00139179,101,7
S00139180,91,6
S00139181,94,4
S00139182,110,3
S00139183,66,2
S00139184,78,-
S00139185,107,4
S00139186,87,-
S00139187,91,7
S00139188,61,4
S00139189,61,5
S00139190,97,4
S00139191,128,8
S00139192,103,2
S00139193,119,8
S00139194,142,7
S00139195,160,15
S00139196,86,4
S00139197,146,3
S00139198,177,16
S00139199,129,8
S00139200,83,5
S00139201,151,7
S00139202,86,6
S00139203,73,4
S00139204,122,10
S00139205,82,4
S00139206,94,3
S00139207,156,8
S00139208,60,-
S00139209,90,4
S00139210,89,7
S00139211,133,8
S00139212,153,11
S00139213,82,7
S00139214,56,4
S00139215,124,6
S00139216,96,2
S00139217,77,2
S00139218,65,4
S00139219,93,6
S00139220,91,3
S00139221,86,5
S00139222,90,6
S00139223,93,6
S00139224,122,8
S00139225,69,4
S00139226,114,12
S00139227,99,5
S00139228,129,7
S00139229,77,1
S00139230,63,2
S00139231,131,6
S00139232,106,5
S00139233,69,3
S00139234,65,5
S00139235,92,12
S00139236,98,3
S00139237,124,12
S00139238,58,2
S00139239,67,1
S00139240,119,5
S00139241,77,4
S00139242,65,4
S00139243,63,6
S00139244,59,-
S00139245,88,8
S00139246,146,11
S00139247,57,1
S00139248,109,3
S00139249,113,6
S00139250,83,3
S00139251,82,3
S00139252,83,3
S00139253,107,5
S00139254,61,1
S00139255,123,9
S00139256,75,7
S00139257,82,2
S00139258,148,9
S00139259,102,7
S00139260,98,11
S00139261,60,1
S00139262,109,13
S00139263,124,9
S00139264,102,11
S00139265,78,1
S00139266,56,10
S00139267,81,2
S00139268,180,12
S00139269,83,6
S00139270,104,5
S00139271,165,4
S00139272,99,2
S00139273,171,9
S00139274,69,5
S00139275,87,3
S00139276,121,6
S00139277,118,9
S00139278,95,11
S00139279,137,6
S00139280,121,4
S00139281,81,7
S00139282,74,7
S00139283,91,4
S00139284,162,13
S00139285,119,8
S00139286,117,9
S00139287,140,5
S00139288,84,3
S00139289,75,5
S00139290,83,5
S00139291,108,4
S00139292,54,4
S00139293,154,6
S00139294,152,14
S00139295,65,1
S00139296,109,6
S00139297,85,6
S00139298,80,6
S00139299,80,6
S00139300,99,10
S00139301,88,6
S00139302,58,-
S00139303,84,4
S00139304,89,2
S00139305,138,7
S00139306,92,3
S00139307,112,2
S00139308,98,7
S00139309,83,3
S00139310,101,6
S00139311,96,9
S00139312,96,2
S00139313,55,4
S00139314,86,5
S00139315,77,6
S00139316,69,4
S00139317,69,2
S00139318,128,15
S00139319,91,4
S00139320,150,9
S00139321,203,9
S00139322,126,6
S00139323,125,10
S00139324,101,7
S00139325,125,7
S00139326,115,10
S00139327,95,5
S00139328,131,14
S00139329,96,5
S00139330,119,7
S00139331,97,2
S00139332,88,4
S00139333,118,6
S00139334,68,1
S00139335,118,3
S00139336,120,4
S00139337,120,6
S00139338,112,5
S00139339,61,1
S00139340,142,6
S00139341,123,13
S00139342,109,3
S00139343,104,4
S00139344,79,3
S00139345,109,6
S00139346,116,6
S00139347,88,1
S00139348,75,5
S00139349,66,1
S00139350,68,4
S00139351,99,3
S00139352,94,6
S00139353,75,7
S00139354,110,5
S00139355,141,13
S00139356,86,2
S00139357,116,6
S00139358,68,4
S00139359,105,5
S00139360,127,4
S00139361,86,4
S00139362,111,3
S00139363,143,9
S00139364,129,6
S00139365,102,-
S00139366,140,6
S00139367,74,6
S00139368,98,4
S00139369,109,9
S00139370,100,3
S00139371,100,6
S00139372,70,3
S00139373,166,10
S00139374,138,6
S00139375,142,11
S00139376,94,3
S00139377,93,5
S00139378,125,8
S00139379,109,7
S00139380,66,3
S00139381,76,3
S00139382,54,1
S00139383,81,3
S00139384,141,4
S00139385,56,2
S00139386,69,1
S00139387,63,2
S00139388,74,3
S00139389,91,2
S00139390,122,2
S00139391,106,4
S00139392,107,2
S00139393,106,4
S00139394,62,-
S00139395,65,5
S00139396,96,3
S00139397,79,-
S00139398,74,-
S00139399,129,8
S00139400,79,2
S00139401,145,6
S00139402,83,6
S00139403,64,2
S00139404,85,4
S00139405,129,5
S00139406,137,4
S00139407,58,4
S00139408,132,4
S00139409,57,-
S00139410,79,4
S00139411,89,-
S00139412,64,4
S00139413,139,8
S00139414,99,5
S00139415,107,2
S00139416,112,10
S00139417,78,4
S00139418,135,3
S00139419,76,4
S00139420,115,7
S00139421,123,11
S00139422,80,2
S00139423,91,4
S00139424,85,6
S00139425,69,-
S00139426,52,2
S00139427,61,4
S00139428,151,7
S00139429,153,3
S00139430,132,4
S00139431,70,-
S00139432,102,-
S00139433,116,3
S00139434,95,5
S00139435,60,5
S00139436,86,5
S00139437,72,1
S00139438,57,2
S00139439,122,3
S00139440,78,1
S00139441,70,-
S00139442,75,7
S00139443,70,1
S00139444,115,4
S00139445,100,4
S00139446,73,2
S00139447,69,-
S00139448,114,4
S00139449,66,6
S00139450,110,13
S00139451,114,7
S00139452,94,5
S00139453,62,4
S00139454,101,10
S00139455,75,1
S00139456,100,12
S00139457,101,6
S00139458,102,4
S00139459,73,7
S00139460,107,4
S00139461,98,8
S00139462,98,9
S00139463,79,3
S00139464,99,-
S00139465,97,5
S00139466,83,5
S00139467,146,9
S00139468,85,4
S00139469,154,7
S00139470,118,6
S00139471,117,1
S00139472,96,2
S00139473,98,1
S00139474,132,7
S00139475,100,2
S00139476,108,7
S00139477,89,2
S00139478,77,2
S00139479,83,4
S00139480,65,-
S00139481,62,4
S00139482,84,4
S00139483,131,7
S00139484,101,6
S00139485,104,13
S00139486,122,7
S00139487,74,3
S00139488,73,2
S00139489,84,9
S00139490,80,6
S00139491,131,8
S00139492,67,8
S00139493,97,5
S00139494,86,4
S00139495,56,8
S00139496,59,3
S00139497,80,6
S00139498,72,8
S00139499,93,5
S00139500,124,13
S00139501,130,4
S00139502,69,7
S00139503,52,5
S00139504,118,5
S00139505,74,3
S00139506,68,2
S00139507,93,5
S00139508,154,12
S00139509,118,9
S00139510,116,1
S00139511,114,8
S00139512,120,12
S00139513,82,10
S00139514,119,4
S00139515,78,5
S00139516,79,8
S00139517,102,7
S00139518,93,-
S00139519,55,-
S00139520,76,2
S00139521,111,3
S00139522,117,-
S00139523,84,6
S00139524,61,-
S00139525,110,6
S00139526,69,10
S00139527,117,12
S00139528,132,7
S00139529,131,4
S00139530,55,4
S00139531,168,3
S00139532,149,6
S00139533,90,7
S00139534,66,4
S00139535,154,20
S00139536,83,5
S00139537,143,7
S00139538,93,4
S00139539,136,5
S00139540,93,7
S00139541,86,3
S00139542,80,6
S00139543,115,4
S00139544,128,5
S00139545,73,5
S00139546,77,3
S00139547,136,6
S00139548,74,-
S00139549,104,5
S00139550,82,4
S00139551,165,2
S00139552,72,2
S00139553,85,-
S00139554,74,7
S00139555,102,2
S00139556,148,1
S00139557,123,3
S00139558,96,-
S00139559,65,3
S00139560,59,1
S00139561,59,1
S00139562,56,1
S00139563,61,1
S00139564,86,6
S00139565,80,3
S00139566,80,4
S00139567,79,8
S00139568,66,2
S00139569,66,2
S00139570,92,11
S00139571,127,7
S00139572,63,4
S00139573,70,5
S00139574,82,4
S00139575,60,9
S00139576,140,8
S00139577,77,10
S00139578,92,5
S00139579,65,4
S00139580,90,6
S00139581,70,2
S00139582,72,4
S00139583,71,1
S00139584,95,3
S00139585,98,8
S00139586,59,2
S00139587,105,4
S00139588,87,3
S00139589,70,4
S00139590,119,6
S00139591,64,5
S00139592,59,4
S00139593,100,-
S00139594,78,3
S00139595,95,5
S00139596,94,3
S00139597,56,4
S00139598,89,3
S00139599,105,1
S00139600,68,5
S00139601,109,10
S00139602,84,2
S00139603,68,1
S00139604,117,7
S00139605,86,8
S00139606,58,4
S00139607,65,-
S00139608,79,6
S00139609,90,9
S00139610,84,7
S00139611,105,-
S00139612,57,1
S00139613,96,9
S00139614,102,8
S00139615,94,3
S00139616,63,3
S00139617,85,4
S00139618,89,11
S00139619,114,5
S00139620,86,4
S00139621,60,6
S00139622,106,5
S00139623,59,2
S00139624,136,7
S00139625,70,7
S00139626,61,2
S00139627,96,2
S00139628,117,2
S00139629,57,2
S00139630,90,5
S00139631,61,4
S00139632,96,6
S00139633,89,6
S00139634,73,3
S00139635,130,8
S00139636,136,3
S00139637,88,3
S00139638,144,5
S00139639,66,1
S00139640,74,3
S00139641,75,1
S00139642,94,5
S00139643,106,3
S00139644,97,1
S00139645,60,4
S00139646,103,2
S00139647,103,8
S00139648,103,-
S00139649,81,1
S00139650,105,7
S00139651,66,9
S00139652,154,13
S00139653,108,3
S00139654,101,4
S00139655,101,2
S00139656,79,4
S00139657,146,-
S00139658,76,1
S00139659,59,2
S00139660,150,3
S00139661,80,4
S00139662,60,2
S00139663,103,1
S00139664,152,5
S00139665,68,9
S00139666,72,5
S00139667,79,-
S00139668,75,9
S00139669,69,4
S00139670,66,-
S00139671,74,4
S00139672,88,3
S00139673,55,2
S00139674,83,-
S00139675,86,9
S00139676,77,-
S00139677,95,5
S00139678,69,9
S00139679,70,3
S00139680,118,12
S00139681,100,3
S00139682,84,6
S00139683,78,2
S00139684,91,8
S00139685,119,4
S00139686,94,3
S00139687,113,7
S00139688,94,5
S00139689,98,2
S00139690,85,3
S00139691,65,3
S00139692,69,2
S00139693,71,2
S00139694,82,6
S00139695,73,2
S00139696,82,2
S00139697,97,4
S00139698,84,3
S00139699,76,4
S00139700,83,4
S00139701,73,6
S00139702,77,5
S00139703,115,6
S00139704,87,3
S00139705,81,3
S00139706,61,1
S00139707,71,3
S00139708,105,4
S00139709,64,7
S00139710,81,-
S00139711,84,5
S00139712,117,11
S00139713,120,3
S00139714,55,4
S00139715,103,1
S00139716,64,1
S00139717,110,15
S00139718,87,-
S00139719,96,4
S00139720,84,5
S00139721,159,5
S00139722,112,6
S00139723,88,5
S00139724,69,5
S00139725,166,9
S00139726,86,4
S00139727,95,6
S00139728,63,2
S00139729,104,6
S00139730,92,4
S00139731,84,5
S00139732,109,1
S00139733,95,4
S00139734,62,3
S00139735,97,3
S00139736,121,3
S00139737,121,11
S00139738,101,5
S00139739,64,4
S00139740,81,8
S00139741,66,4
S00139742,137,6
S00139743,94,5
S00139744,143,6
S00139745,135,12
S00139746,127,10
S00139747,136,5
S00139748,108,3
S00139749,92,1
S00139750,106,2
S00139751,78,2
S00139752,55,2
S00139753,103,4
S00139754,88,9
S00139755,81,4
S00139756,134,9
S00139757,99,6
S00139758,112,4
S00139759,94,1
S00139760,85,2
S00139761,59,10
S00139762,118,8
S00139763,101,3
S00139764,93,4
S00139765,124,7
S00139766,61,3
S00139767,89,4
S00139768,75,-
S00139769,97,4
S00139770,106,6
S00139771,111,4
S00139772,91,4
S00139773,83,10
S00139774,73,2
S00139775,66,6
S00139776,86,2
S00139777,57,3
S00139778,126,6
S00139779,107,7
S00139780,72,1
S00139781,72,4
S00139782,90,1
S00139783,82,-
S00139784,86,7
S00139785,112,5
S00139786,81,4
S00139787,103,-
S00139788,118,7
S00139789,63,5
S00139790,96,5
S00139791,62,2
S00139792,79,3
S00139793,151,10
S00139794,106,17
S00139795,120,2
S00139796,101,3
S00139797,121,10
S00139798,92,6
S00139799,89,3
S00139800,91,9
S00139801,139,5
S00139802,76,5
S00139803,60,2
S00139804,53,6
S00139805,122,3
S00139806,110,6
S00139807,99,5
S00139808,125,10
S00139809,68,5
S00139810,80,4
S00139811,80,-
S00139812,90,11
S00139813,108,3
S00139814,72,2
S00139815,83,4
S00139816,96,9
S00139817,135,12
S00139818,57,1
S00139819,68,2
S00139820,139,5
S00139821,77,4
S00139822,91,3
S00139823,119,6
S00139824,100,9
S00139825,75,9
S00139826,113,10
S00139827,106,5
S00139828,153,8
S00139829,58,2
S00139830,67,6
S00139831,110,6
S00139832,96,5
S00139833,109,7
S00139834,78,-
S00139835,77,5
S00139836,56,4
S00139837,115,5
S00139838,82,4
S00139839,92,2
S00139840,116,5
S00139841,138,8
S00139842,136,3
S00139843,79,8
S00139844,101,4
S00139845,74,6
S00139846,97,9
S00139847,122,10
S00139848,127,10
S00139849,104,8
S00139850,68,2
S00139851,87,1
S00139852,82,-
S00139853,61,-
S00139854,60,3
S00139855,99,2
S00139856,107,2
S00139857,67,4
S00139858,56,2
S00139859,59,4
S00139860,85,2
S00139861,120,4
S00139862,100,5
S00139863,127,3
S00139864,85,3
S00139865,92,3
S00139866,62,2
S00139867,143,5
S00139868,125,10
S00139869,94,5
S00139870,85,7
S00139871,87,3
S00139872,76,-
S00139873,61,5
S00139874,81,1
S00139875,133,6
S00139876,74,3
S00139877,112,3
S00139878,75,3
S00139879,147,11
S00139880,116,3
S00139881,141,10
S00139882,82,4
S00139883,138,6
S00139884,120,2
S00139885,132,5
S00139886,91,5
S00139887,128,4
S00139888,66,-
S00139889,133,-
S00139890,141,7
S00139891,78,4
S00139892,114,4
S00139893,86,4
S00139894,133,6
S00139895,91,11
S00139896,51,2
S00139897,72,1
S00139898,77,8
S00139899,140,11
S00139900,111,5
S00139901,84,6
S00139902,102,2
S00139903,120,4
S00139904,67,1
S00139905,89,3
S00139906,87,-
S00139907,82,1
S00139908,84,2
S00139909,82,10
S00139910,58,-
S00139911,98,3
S00139912,65,-
S00139913,160,16
S00139914,65,3
S00139915,158,11
S00139916,118,4
S00139917,57,4
S00139918,153,9
S00139919,60,2
S00139920,118,7
S00139921,126,-
S00139922,116,8
S00139923,146,9
S00139924,131,12
S00139925,85,5
S00139926,132,13
S00139927,73,4
S00139928,82,11
S00139929,69,4
S00139930,96,4
S00139931,116,3
S00139932,132,9
S00139933,154,4
S00139934,96,4
S00139935,61,2
S00139936,109,15
S00139937,92,6
S00139938,85,5
S00139939,79,2
S00139940,65,-
S00139941,93,8
S00139942,63,2
S00139943,58,5
S00139944,203,15
S00139945,70,1
S00139946,98,4
S00139947,66,7
S00139948,66,6
S00139949,88,2
S00139950,118,9
S00139951,150,9
S00139952,66,6
S00139953,60,3
S00139954,105,7
S00139955,113,3
S00139956,88,2
S00139957,84,3
S00139958,105,7
S00139959,133,16
S00139960,58,9
S00139961,135,15
S00139962,96,4
S00139963,129,12
S00139964,86,6
S00139965,66,5
S00139966,68,4
S00139967,66,5
S00139968,95,2
S00139969,73,2
S00139970,97,10
S00139971,99,3
S00139972,65,10
S00139973,66,2
S00139974,91,9
S00139975,91,9
S00139976,63,4
S00139977,57,6
S00139978,112,7
S00139979,49,6
S00139980,121,10
S00139981,103,8
S00139982,70,3
S00139983,139,10
S00139984,82,5
S00139985,91,6
S00139986,104,12
S00139987,85,3
S00139988,117,5
S00139989,94,11
S00139990,122,7
S00139991,67,1
S00139992,90,5
S00139993,75,5
S00139994,114,11
S00139995,75,4
S00139996,147,9
S00139997,85,5
S00139998,71,1
S00139999,88,6
S00140000,71,4
S00140001,64,10
S00140002,152,8
S00140003,112,2
S00140004,75,3
S00140005,95,11
S00140006,61,5
S00140007,104,5
S00140008,110,5
S00140009,59,7
S00140010,130,11
S00140011,154,10
S00140012,69,6
S00140013,160,12
S00140014,67,6
S00140015,93,2
S00140016,142,8
S00140017,46,-
S00140018,82,1
S00140019,101,4
S00140020,111,4
S00140021,114,5
S00140022,117,4
S00140023,84,6
S00140024,94,7
S00140025,105,12
S00140026,85,6
S00140027,91,8
S00140028,63,6
S00140029,72,11
S00140030,79,4
S00140031,95,8
S00140032,137,3
S00140033,61,2
S00140034,84,4
S00140035,102,11
S00140036,57,2
S00140037,67,1
S00140038,91,2
S00140039,86,3
S00140040,100,8
S00140041,101,5
S00140042,98,3
S00140043,112,9
S00140044,113,6
S00140045,81,2
S00140046,86,1
S00140047,65,4
S00140048,102,5
S00140049,86,11
S00140050,82,8
S00140051,118,11
S00140052,77,7
S00140053,55,4
S00140054,118,4
S00140055,83,6
S00140056,84,6
S00140057,66,5
S00140058,79,3
S00140059,91,1
S00140060,68,-
S00140061,58,2
S00140062,75,3
S00140063,88,4
S00140064,93,4
S00140065,77,2
S00140066,67,1
S00140067,56,2
S00140068,62,3
S00140069,88,9
S00140070,73,2
S00140071,79,5
S00140072,58,2
S00140073,88,5
S00140074,143,13
S00140075,85,4
S00140076,82,10
S00140077,76,-
S00140078,103,5
S00140079,73,2
S00140080,125,6
S00140081,68,2
S00140082,58,1
S00140083,102,4
S00140084,107,5
S00140085,100,1
S00140086,61,3
S00140087,58,6
S00140088,97,11
S00140089,98,9
S00140090,50,3
S00140091,82,6
S00140092,60,2
S00140093,91,12
S00140094,66,3
S00140095,107,4
S00140096,82,7
S00140097,102,4
S00140098,125,1
S00140099,88,7
S00140100,88,5
S00140101,66,2
S00140102,114,6
S00140103,75,1
S00140104,121,6
S00140105,105,11
S00140106,90,6
S00140107,48,4
S00140108,96,12
S00140109,65,9
S00140110,79,6
S00140111,112,10
S00140112,83,-
S00140113,82,6
S00140114,82,6
S00140115,134,17
S00140116,63,6
S00140117,96,8
S00140118,107,7
S00140119,61,1
S00140120,118,8
S00140121,79,3
S00140122,189,4
S00140123,158,5
S00140124,77,4
S00140125,113,6
S00140126,55,4
S00140127,62,1
S00140128,89,4
S00140129,73,5
S00140130,66,4
S00140131,88,4
S00140132,119,4
S00140133,101,4
S00140134,80,5
S00140135,104,4
S00140136,176,5
S00140137,90,7
S00140138,182,7
S00140139,138,18
S00140140,78,7
S00140141,80,3
S00140142,122,6
S00140143,164,11
S00140144,108,6
S00140145,134,3
S00140146,76,2
S00140147,96,5
S00140148,94,3
S00140149,130,10
S00140150,135,7
S00140151,154,12
S00140152,98,6
S00140153,116,3
S00140154,115,11
S00140155,157,6
S00140156,103,3
S00140157,120,5
S00140158,122,8
S00140159,108,12
S00140160,86,6
S00140161,134,6
S00140162,92,6
S00140163,89,8
S00140164,127,11
S00140165,78,3
S00140166,100,7
S00140167,117,13
S00140168,157,6
S00140169,81,3
S00140170,101,3
S00140171,86,9
S00140172,89,8
S00140173,100,1
S00140174,138,11
S00140175,105,7
S00140176,73,7
S00140177,90,2
S00140178,71,2
S00140179,82,4
S00140180,84,2
S00140181,135,9
S00140182,64,1
S00140183,96,2
S00140184,145,14
S00140185,95,11
S00140186,103,9
S00140187,116,6
S00140188,125,5
S00140189,136,15
S00140190,61,3
S00140191,130,8
S00140192,93,-
S00140193,140,10
S00140194,132,7
S00140195,61,4
S00140196,122,2
S00140197,100,11
S00140198,135,17
S00140199,123,4
S00140200,109,12
S00140201,127,10
S00140202,131,4
S00140203,116,1
S00140204,99,1
S00140205,95,7
S00140206,112,2
S00140207,82,3
S00140208,97,9
S00140209,60,4
S00140210,65,-
S00140211,75,2
S00140212,98,2
S00140213,64,7
S00140214,151,3
S00140215,108,12
S00140216,95,4
S00140217,104,7
S00140218,96,5
S00140219,121,7
S00140220,84,2
S00140221,82,2
S00140222,77,5
S00140223,151,15
S00140224,107,8
S00140225,119,7
S00140226,96,3
S00140227,108,11
S00140228,80,6
S00140229,104,3
S00140230,110,8
S00140231,115,9
S00140232,89,4
S00140233,73,7
S00140234,124,13
S00140235,69,3
S00140236,81,2
S00140237,154,8
S00140238,137,10
S00140239,101,2
S00140240,98,6
S00140241,88,5
S00140242,80,5
S00140243,68,4
S00140244,104,8
S00140245,117,7
S00140246,145,7
S00140247,66,7
S00140248,67,1
S00140249,56,-
S00140250,121,5
S00140251,64,3
S00140252,61,3
S00140253,95,2
S00140254,127,6
S00140255,82,4
S00140256,65,4
S00140257,123,7
S00140258,128,6
S00140259,113,10
S00140260,69,2
S00140261,91,2
S00140262,85,4
S00140263,79,-
S00140264,71,4
S00140265,124,8
S00140266,105,4
S00140267,102,5
S00140268,71,2
S00140269,59,3
S00140270,67,5
S00140271,78,3
S00140272,70,9
S00140273,70,5
S00140274,79,7
S00140275,81,8
S00140276,83,3
S00140277,90,4
S00140278,84,10
S00140279,90,9
S00140280,88,4
S00140281,119,8
S00140282,71,6
S00140283,90,2
S00140284,61,1
S00140285,71,6
S00140286,99,8
S00140287,97,8
S00140288,113,8
S00140289,74,5
S00140290,90,10
S00140291,75,10
S00140292,132,13
S00140293,75,8
S00140294,72,-
S00140295,168,13
S00140296,87,6
S00140297,80,5
S00140298,56,-
S00140299,363,4
S00140300,136,12
S00140301,111,4
S00140302,91,6
S00140303,71,4
S00140304,98,8
S00140305,95,-
S00140306,116,7
S00140307,101,1
S00140308,80,-
S00140309,57,5
S00140310,154,8
S00140311,103,8
S00140312,108,7
S00140313,67,8
S00140314,117,11
S00140315,123,8
S00140316,109,6
S00140317,106,2
S00140318,138,11
S00140319,95,4
S00140320,79,7
S00140321,94,9
S00140322,101,2
S00140323,148,9
S00140324,91,-
S00140325,144,10
S00140326,214,17
S00140327,125,14
S00140328,127,9
S00140329,100,5
S00140330,104,5
S00140331,145,11
S00140332,143,13
S00140333,87,12
S00140334,126,6
S00140335,110,-
S00140336,94,8
S00140337,191,5
S00140338,101,3
S00140339,154,28
S00140340,87,6
S00140341,93,7
S00140342,90,3
S00140343,106,7
S00140344,79,3
S00140345,73,6
S00140346,84,-
S00140347,85,-
S00140348,98,4
S00140349,58,-
S00140350,97,2
S00140351,94,5
S00140352,151,9
S00140353,117,6
S00140354,94,1
S00140355,111,9
S00140356,106,1
S00140357,127,11
S00140358,63,5
S00140359,76,2
S00140360,81,2
S00140361,91,8
S00140362,112,2
S00140363,109,7
S00140364,107,9
S00140365,116,1
S00140366,96,8
S00140367,91,5
S00140368,76,-
S00140369,90,2
S00140370,70,3
S00140371,113,2
S00140372,83,1
S00140373,90,5
S00140374,78,4
S00140375,61,-
S00140376,106,5
S00140377,99,8
S00140378,67,1
S00140379,105,5
S00140380,127,6
S00140381,99,5
S00140382,87,5
S00140383,86,1
S00140384,95,3
S00140385,92,9
S00140386,88,7
S00140387,89,5
S00140388,75,3
S00140389,74,2
S00140390,77,6
S00140391,92,-
S00140392,70,-
S00140393,140,6
S00140394,107,5
S00140395,170,9
S00140396,112,2
S00140397,95,2
S00140398,81,-
S00140399,60,-
S00140400,131,7
S00140401,81,2
S00140402,154,5
S00140403,53,2
S00140404,75,4
S00140405,94,3
S00140406,105,5
S00140407,96,1
S00140408,73,2
S00140409,117,8
S00140410,61,-
S00140411,89,3
S00140412,104,3
S00140413,99,4
S00140414,114,3
S00140415,84,4
S00140416,108,2
S00140417,127,2
S00140418,122,4
S00140419,58,4
S00140420,141,3
S00140421,123,3
S00140422,71,4
S00140423,101,5
S00140424,96,2
S00140425,152,2
S00140426,80,-
S00140427,95,5
S00140428,105,2
S00140429,86,7
S00140430,59,1
S00140431,140,4
S00140432,77,-
S00140433,136,3
S00140434,149,3
S00140435,120,2
S00140436,104,8
S00140437,125,2
S00140438,117,2
S00140439,125,4
S00140440,65,3
S00140441,96,4
S00140442,131,8
S00140443,102,4
S00140444,114,5
S00140445,151,4
S00140446,132,2
S00140447,150,8
S00140448,105,4
S00140449,69,2
S00140450,86,1
S00140451,123,6
S00140452,109,1
S00140453,117,2
S00140454,96,3
S00140455,146,4
S00140456,58,-
S00140457,108,5
S00140458,116,2
S00140459,116,2
S00140460,120,-
S00140461,140,3
S00140462,82,-
S00140463,78,4
S00140464,111,2
S00140465,122,5
S00140466,136,6
S00140467,117,3
S00140468,94,3
S00140469,62,1
S00140470,60,1
S00140471,97,5
S00140472,60,-
S00140473,107,2
S00140474,114,1
S00140475,90,2
S00140476,72,2
S00140477,85,2
S00140478,143,12
S00140479,100,6
S00140480,60,3
S00140481,55,5
S00140482,84,8
S00140483,110,7
S00140484,100,9
S00140485,131,2
S00140486,96,1
S00140487,57,8
S00140488,82,7
S00140489,94,1
S00140490,79,2
S00140491,67,1
S00140492,94,8
S00140493,95,1
S00140494,81,6
S00140495,145,5
S00140496,128,7
S00140497,74,2
S00140498,102,4
S00140499,59,-
S00140500,96,1
S00140501,151,3
S00140502,108,5
S00140503,63,3
S00140504,110,2
S00140505,65,1
S00140506,94,3
S00140507,124,3
S00140508,68,2
S00140509,122,3
S00140510,88,-
S00140511,113,7
S00140512,48,1
S00140513,57,-
S00140514,78,4
S00140515,118,-
S00140516,117,9
S00140517,62,-
S00140518,147,2
S00140519,119,5
S00140520,93,-
S00140521,121,10
S00140522,133,5
S00140523,97,-
S00140524,106,8
S00140525,73,1
S00140526,156,3
S00140527,59,4
S00140528,110,3
S00140529,127,4
S00140530,132,2
S00140531,116,2
S00140532,98,4
S00140533,120,3
S00140534,87,7
S00140535,95,4
S00140536,85,5
S00140537,120,6
S00140538,82,4
S00140539,76,3
S00140540,123,3
S00140541,112,1
S00140542,145,1
S00140543,156,1
S00140544,59,4
S00140545,89,-
S00140546,89,6
S00140547,106,2
S00140548,125,1
S00140549,112,7
S00140550,64,1
S00140551,80,1
S00140552,103,4
S00140553,122,4
S00140554,80,-
S00140555,111,1
S00140556,117,3
S00140557,62,2
S00140558,109,2
S00140559,55,2
S00140560,73,6
S00140561,152,6
S00140562,109,2
S00140563,118,1
S00140564,95,6
S00140565,119,3
S00140566,58,-
S00140567,138,4
S00140568,124,5
S00140569,112,3
S00140570,101,6
S00140571,95,2
S00140572,99,2
S00140573,95,1
S00140574,77,3
S00140575,93,8
S00140576,93,4
S00140577,124,8
S00140578,96,4
S00140579,169,5
S00140580,78,3
S00140581,141,4
S00140582,96,8
S00140583,91,6
S00140584,77,3
S00140585,94,6
S00140586,77,3
S00140587,76,3
S00140588,98,3
S00140589,106,8
S00140590,70,3
S00140591,102,4
S00140592,107,3
S00140593,149,4
S00140594,122,2
S00140595,108,3
S00140596,116,-
S00140597,123,2
S00140598,59,2
S00140599,140,8
S00140600,118,3
S00140601,168,4
S00140602,86,4
S00140603,137,4
S00140604,97,2
S00140605,75,-
S00140606,163,4
S00140607,119,3
S00140608,111,4
S00140609,153,2
S00140610,94,3
S00140611,66,-
S00140612,142,11
S00140613,106,3
S00140614,102,5
S00140615,121,5
S00140616,94,5
S00140617,98,1
S00140618,56,1
S00140619,92,4
S00140620,98,5
S00140621,85,1
S00140622,103,7
S00140623,427,12
S00140624,72,6
S00140625,95,3
S00140626,62,3
S00140627,132,3
S00140628,113,4
S00140629,119,1
S00140630,114,3
S00140631,84,-
S00140632,126,6
S00140633,93,2
S00140634,58,1
S00140635,101,3
S00140636,117,5
S00140637,128,3
S00140638,94,2
S00140639,68,1
S00140640,118,4
S00140641,73,5
S00140642,51,1
S00140643,81,-
S00140644,84,7
S00140645,75,6
S00140646,88,-
S00140647,74,-
S00140648,101,4
S00140649,90,1
S00140650,61,2
S00140651,125,5
S00140652,91,4
S00140653,101,7
S00140654,101,-
S00140655,84,-
S00140656,88,6
S00140657,97,4
S00140658,66,6
S00140659,91,3
S00140660,132,4
S00140661,143,2
S00140662,135,5
S00140663,69,6
S00140664,77,3
S00140665,102,6
S00140666,81,-
S00140667,106,4
S00140668,103,7
S00140669,78,1
S00140670,98,4
S00140671,71,-
S00140672,119,2
S00140673,101,2
S00140674,59,-
S00140675,83,4
S00140676,67,1
S00140677,116,2
S00140678,126,6
S00140679,55,1
S00140680,102,4
S00140681,95,2
S00140682,70,-
S00140683,59,2
S00140684,94,4
S00140685,108,11
S00140686,102,6
S00140687,98,4
S00140688,101,5
S00140689,156,5
S00140690,106,5
S00140691,69,6
S00140692,91,-
S00140693,77,3
S00140694,84,4
S00140695,63,3
S00140696,85,9
S00140697,88,4
S00140698,111,-
S00140699,126,9
S00140700,136,3
S00140701,153,6
S00140702,90,2
S00140703,90,8
S00140704,59,2
S00140705,102,7
S00140706,124,10
S00140707,121,6
S00140708,91,5
S00140709,64,2
S00140710,75,1
S00140711,140,5
S00140712,117,8
S00140713,88,3
S00140714,92,1
S00140715,139,3
S00140716,84,2
S00140717,110,7
S00140718,124,3
S00140719,157,9
S00140720,57,-
S00140721,81,2
S00140722,96,1
S00140723,132,5
S00140724,57,-
S00140725,169,20
S00140726,101,3
S00140727,108,5
S00140728,101,7
S00140729,95,8
S00140730,95,3
S00140731,58,3
S00140732,93,1
S00140733,81,4
S00140734,107,3
S00140735,125,6
S00140736,62,5
S00140737,163,14
S00140738,66,1
S00140739,81,1
S00140740,71,-
S00140741,54,2
S00140742,88,3
S00140743,84,7
S00140744,133,3
S00140745,123,10
S00140746,87,3
S00140747,107,16
S00140748,113,6
S00140749,95,4
S00140750,119,5
S00140751,96,3
S00140752,61,3
S00140753,84,7
S00140754,68,7
S00140755,81,10
S00140756,60,-
S00140757,129,14
S00140758,115,7
S00140759,79,4
S00140760,96,3
S00140761,76,2
S00140762,98,7
S00140763,73,-
S00140764,121,3
S00140765,108,8
S00140766,102,7
S00140767,93,6
S00140768,83,5
S00140769,109,10
S00140770,82,-
S00140771,80,4
S00140772,102,5
S00140773,81,5
S00140774,74,4
S00140775,81,3
S00140776,90,5
S00140777,104,3
S00140778,88,3
S00140779,75,2
S00140780,101,2
S00140781,79,1
S00140782,93,7
S00140783,96,4
S00140784,81,1
S00140785,117,5
S00140786,105,4
S00140787,70,5
S00140788,68,6
S00140789,59,4
S00140790,81,5
S00140791,63,1
S00140792,89,4
S00140793,59,3
S00140794,113,8
S00140795,112,10
S00140796,80,3
S00140797,99,6
S00140798,75,4
S00140799,128,4
S00140800,98,4
S00140801,75,5
S00140802,88,6
S00140803,50,4
S00140804,80,3
S00140805,99,10
S00140806,58,2
S00140807,105,6
S00140808,76,1
S00140809,91,5
S00140810,77,5
S00140811,91,3
S00140812,76,4
S00140813,65,3
S00140814,78,5
S00140815,82,6
S00140816,68,4
S00140817,71,2
S00140818,65,5
S00140819,104,6
S00140820,136,13
S00140821,124,6
S00140822,52,-
S00140823,86,4
S00140824,71,-
S00140825,67,2
S00140826,164,15
S00140827,74,5
S00140828,126,8
S00140829,91,5
S00140830,94,3
S00140831,98,8
S00140832,97,10
S00140833,106,13
S00140834,150,4
S00140835,69,2
S00140836,71,6
S00140837,143,7
S00140838,49,-
S00140839,92,4
S00140840,132,10
S00140841,69,-
S00140842,111,1
S00140843,85,1
S00140844,58,4
S00140845,102,5
S00140846,96,9
S00140847,88,7
S00140848,77,3
S00140849,78,2
S00140850,128,7
S00140851,66,5
S00140852,110,3
S00140853,89,1
S00140854,86,2
S00140855,77,1
S00140856,81,2
S00140857,93,9
S00140858,136,6
S00140859,74,7
S00140860,122,3
S00140861,92,4
S00140862,125,6
S00140863,170,8
S00140864,142,4
S00140865,83,1
S00140866,61,5
S00140867,99,3
S00140868,63,2
S00140869,66,4
S00140870,130,2
S00140871,57,1
S00140872,78,1
S00140873,66,1
S00140874,67,-
S00140875,63,2
S00140876,74,2
S00140877,86,6
S00140878,72,-
S00140879,58,5
S00140880,66,2
S00140881,53,4
S00140882,72,1
S00140883,79,1
S00140884,80,2
S00140885,137,-
S00140886,138,10
S00140887,93,2
S00140888,67,1
S00140889,106,6
S00140890,69,7
S00140891,63,4
S00140892,117,4
S00140893,66,1
S00140894,90,-
S00140895,82,8
S00140896,82,7
S00140897,89,13
S00140898,67,3
S00140899,55,5
S00140900,104,6
S00140901,128,8
S00140902,143,3
S00140903,146,11
S00140904,56,4
S00140905,78,2
S00140906,92,6
S00140907,77,-
S00140908,130,7
S00140909,76,5
S00140910,78,1
S00140911,102,6
S00140912,105,4
S00140913,71,3
S00140914,104,7
S00140915,118,6
S00140916,78,2
S00140917,92,3
S00140918,74,3
S00140919,75,1
S00140920,98,4
S00140921,90,6
S00140922,117,1
S00140923,88,6
S00140924,95,5
S00140925,107,-
S00140926,113,6
S00140927,67,3
S00140928,95,4
S00140929,96,5
S00140930,87,6
S00140931,75,3
S00140932,72,4
S00140933,76,4
S00140934,99,4
S00140935,98,9
S00140936,58,3
S00140937,87,3
S00140938,57,2
S00140939,116,2
S00140940,94,3
S00140941,59,2
S00140942,84,4
S00140943,64,2
S00140944,64,2
S00140945,86,7
S00140946,116,9
S00140947,68,16
S00140948,62,2
S00140949,77,-
S00140950,72,1
S00140951,120,6
S00140952,91,2
S00140953,50,2
S00140954,87,3
S00140955,77,5
S00140956,101,2
S00140957,74,-
S00140958,61,3
S00140959,69,-
S00140960,66,3
S00140961,65,1
S00140962,110,4
S00140963,79,9
S00140964,95,5
S00140965,67,-
S00140966,203,5
S00140967,70,4
S00140968,95,3
S00140969,118,9
S00140970,113,4
S00140971,59,1
S00140972,94,-
S00140973,158,1
S00140974,75,3
S00140975,73,6
S00140976,122,2
S00140977,61,3
S00140978,88,1
S00140979,87,4
S00140980,80,1
S00140981,104,2
S00140982,69,-
S00140983,114,7
S00140984,91,1
S00140985,137,4
S00140986,70,2
S00140987,83,3
S00140988,100,2
S00140989,70,-
S00140990,83,4
S00140991,112,1
S00140992,73,4
S00140993,73,1
S00140994,77,-
S00140995,80,4
S00140996,88,-
S00140997,80,-
S00140998,126,11
S00140999,54,3
S00141000,80,1
S00141001,75,3
S00141002,76,4
S00141003,84,4
S00141004,74,3
S00141005,72,1
S00141006,81,3
S00141007,77,2
S00141008,75,-
S00141009,58,1
S00141010,86,1
S00141011,57,1
S00141012,84,5
S00141013,68,5
S00141014,109,2
S00141015,66,2
S00141016,107,2
S00141017,105,2
S00141018,70,2
S00141019,153,-
S00141020,121,7
S00141021,79,-
S00141022,138,5
S00141023,115,3
S00141024,96,2
S00141025,79,-
S00141026,76,3
S00141027,89,-
S00141028,78,3
S00141029,71,1
S00141030,76,-
S00141031,89,1
S00141032,96,-
S00141033,107,2
S00141034,110,-
S00141035,88,2
S00141036,85,2
S00141037,69,-
S00141038,61,6
S00141039,70,-
S00141040,122,13
S00141041,73,2
S00141042,76,7
S00141043,61,-
S00141044,65,1
S00141045,65,5
S00141046,70,3
S00141047,96,4
S00141048,121,4
S00141049,76,3
S00141050,78,3
S00141051,101,1
S00141052,68,1
S00141053,78,-
S00141054,62,1
S00141055,108,1
S00141056,79,-
S00141057,107,4
S00141058,82,4
S00141059,93,1
S00141060,71,1
S00141061,69,4
S00141062,77,6
S00141063,50,1
S00141064,127,1
S00141065,86,1
S00141066,71,3
S00141067,106,2
S00141068,71,4
S00141069,70,1
S00141070,120,1
S00141071,101,-
S00141072,64,1
S00141073,97,3
S00141074,113,4
S00141075,152,1
S00141076,102,1
S00141077,88,5
S00141078,133,2
S00141079,82,1
S00141080,84,8
S00141081,87,3
S00141082,71,1
S00141083,82,2
S00141084,146,4
S00141085,161,7
S00141086,110,4
S00141087,143,2
S00141088,67,1
S00141089,110,-
S00141090,67,10
S00141091,98,-
S00141092,73,3
S00141093,128,1
S00141094,104,1
S00141095,64,2
S00141096,121,5
S00141097,93,4
S00141098,97,4
S00141099,85,-
S00141100,110,3
S00141101,113,5
S00141102,81,4
S00141103,104,3
S00141104,65,-
S00141105,68,2
S00141106,100,3
S00141107,95,-
S00141108,158,4
S00141109,69,4
S00141110,145,2
S00141111,117,1
S00141112,126,-
S00141113,64,-
S00141114,50,4
S00141115,76,-
S00141116,63,-
S00141117,110,3
S00141118,89,2
S00141119,71,2
S00141120,59,2
S00141121,76,1
S00141122,72,-
S00141123,86,2
S00141124,99,2
S00141125,102,2
S00141126,56,1
S00141127,76,3
S00141128,117,2
S00141129,82,-
S00141130,55,-
S00141131,132,3
S00141132,62,-
S00141133,83,-
S00141134,63,1
S00141135,79,3
S00141136,69,2
S00141137,69,-
S00141138,79,1
S00141139,95,1
S00141140,94,2
S00141141,89,3
S00141142,67,3
S00141143,88,1
S00141144,127,7
S00141145,74,1
S00141146,65,-
S00141147,97,5
S00141148,92,6
S00141149,67,-
S00141150,74,1
S00141151,123,3
S00141152,70,-
S00141153,61,2
S00141154,54,1
S00141155,110,-
S00141156,92,1
S00141157,107,6
S00141158,113,4
S00141159,94,8
S00141160,116,8
S00141161,114,4
S00141162,71,3
S00141163,148,11
S00141164,141,5
S00141165,91,3
S00141166,163,8
S00141167,69,4
S00141168,75,1
S00141169,117,8
S00141170,89,4
S00141171,71,3
S00141172,101,7
S00141173,66,-
S00141174,125,8
S00141175,68,5
S00141176,85,5
S00141177,118,6
S00141178,86,6
S00141179,82,4
S00141180,79,5
S00141181,121,5
S00141182,97,9
S00141183,68,5
S00141184,121,7
S00141185,91,5
S00141186,96,3
S00141187,73,4
S00141188,133,5
S00141189,122,6
S00141190,105,2
S00141191,114,8
S00141192,156,5
S00141193,84,6
S00141194,115,3
S00141195,71,-
S00141196,102,2
S00141197,123,-
S00141198,108,5
S00141199,122,4
S00141200,113,6
S00141201,60,7
S00141202,134,4
S00141203,141,4
S00141204,140,7
S00141205,110,5
S00141206,88,5
S00141207,115,7
S00141208,77,3
S00141209,124,15
S00141210,104,8
S00141211,94,2
S00141212,67,5
S00141213,108,7
S00141214,90,4
S00141215,86,3
S00141216,127,10
S00141217,87,9
S00141218,103,2
S00141219,97,6
S00141220,104,4
S00141221,94,12
S00141222,90,5
S00141223,125,7
S00141224,130,8
S00141225,68,-
S00141226,93,5
S00141227,48,3
S00141228,130,10
S00141229,112,1
S00141230,117,14
S00141231,140,11
S00141232,74,2
S00141233,93,12
S00141234,83,8
S00141235,221,15
S00141236,137,5
S00141237,94,3
S00141238,115,10
S00141239,96,-
S00141240,75,-
S00141241,101,1
S00141242,77,3
S00141243,85,4
S00141244,126,5
S00141245,59,7
S00141246,123,3
S00141247,176,99
S00141248,104,19
S00141249,80,8
S00141250,107,-
S00141251,66,5
S00141252,127,10
S00141253,70,6
S00141254,114,8
S00141255,101,2
S00141256,67,-
S00141257,82,7
S00141258,79,6
S00141259,62,2
S00141260,126,11
S00141261,151,3
S00141262,73,2
S00141263,75,2
S00141264,105,5
S00141265,110,7
S00141266,56,5
S00141267,97,6
S00141268,129,10
S00141269,104,2
S00141270,109,4
S00141271,87,6
S00141272,78,-
S00141273,93,6
S00141274,75,2
S00141275,111,3
S00141276,134,5
S00141277,68,6
S00141278,126,9
S00141279,70,2
S00141280,140,12
S00141281,68,-
S00141282,67,3
S00141283,80,4
S00141284,87,3
S00141285,118,3
S00141286,84,3
S00141287,124,9
S00141288,107,6
S00141289,92,10
S00141290,65,3
S00141291,105,13
S00141292,109,7
S00141293,82,7
S00141294,87,4
S00141295,79,9
S00141296,69,6
S00141297,62,4
S00141298,71,6
S00141299,63,2
S00141300,105,5
S00141301,57,6
S00141302,75,6
S00141303,95,4
S00141304,72,20
S00141305,117,5
S00141306,70,5
S00141307,133,1
S00141308,65,3
S00141309,75,2
S00141310,84,3
S00141311,86,13
S00141312,110,11
S00141313,121,8
S00141314,99,7
S00141315,90,5
S00141316,60,6
S00141317,73,2
S00141318,111,9
S00141319,103,9
S00141320,81,3
S00141321,63,4
S00141322,63,1
S00141323,85,4
S00141324,64,-
S00141325,97,6
S00141326,58,-
S00141327,104,8
S00141328,80,2
S00141329,98,5
S00141330,97,9
S00141331,81,3
S00141332,67,5
S00141333,68,5
S00141334,126,11
S00141335,141,11
S00141336,98,5
S00141337,72,3
S00141338,140,15
S00141339,136,8
S00141340,63,3
S00141341,111,3
S00141342,69,1
S00141343,79,5
S00141344,104,4
S00141345,81,2
S00141346,61,3
S00141347,105,9
S00141348,80,-
S00141349,107,5
S00141350,92,8
S00141351,45,8
S00141352,62,1
S00141353,67,1
S00141354,74,4
S00141355,58,8
S00141356,81,-
S00141357,143,10
S00141358,108,1
S00141359,65,3
S00141360,50,6
S00141361,90,3
S00141362,77,1
S00141363,83,3
S00141364,66,3
S00141365,115,16
S00141366,70,7
S00141367,119,8
S00141368,71,4
S00141369,97,8
S00141370,70,9
S00141371,103,7
S00141372,124,9
S00141373,74,15
S00141374,91,4
S00141375,99,7
S00141376,88,8
S00141377,64,2
S00141378,48,5
S00141379,80,6
S00141380,108,8
S00141381,104,11
S00141382,147,19
S00141383,96,5
S00141384,98,3
S00141385,96,7
S00141386,102,4
S00141387,86,10
S00141388,129,10
S00141389,75,2
S00141390,115,2
S00141391,69,5
S00141392,66,4
S00141393,60,3
S00141394,79,5
S00141395,80,24
S00141396,175,10
S00141397,121,7
S00141398,97,10
S00141399,76,7
S00141400,52,1
S00141401,121,8
S00141402,79,5
S00141403,113,8
S00141404,87,5
S00141405,95,2
S00141406,80,4
S00141407,78,11
S00141408,50,6
S00141409,124,9
S00141410,76,4
S00141411,69,7
S00141412,88,2
S00141413,61,10
S00141414,137,6
S00141415,114,2
S00141416,75,3
S00141417,129,8
S00141418,78,6
S00141419,97,12
S00141420,74,4
S00141421,109,10
S00141422,59,-
S00141423,104,3
S00141424,83,4
S00141425,76,2
S00141426,149,9
S00141427,48,-
S00141428,124,8
S00141429,102,3
S00141430,87,9
S00141431,81,16
S00141432,85,3
S00141433,107,5
S00141434,93,3
S00141435,83,2
S00141436,81,11
S00141437,125,11
S00141438,67,1
S00141439,80,7
S00141440,101,11
S00141441,76,5
S00141442,119,12
S00141443,70,9
S00141444,77,-
S00141445,87,4
S00141446,143,4
S00141447,132,17
S00141448,72,9
S00141449,89,5
S00141450,86,1
S00141451,89,13
S00141452,101,9
S00141453,130,15
S00141454,78,6
S00141455,69,8
S00141456,119,13
S00141457,130,8
S00141458,80,3
S00141459,75,3
S00141460,130,10
S00141461,116,13
S00141462,107,4
S00141463,117,9
S00141464,61,6
S00141465,55,2
S00141466,118,3
S00141467,118,15
S00141468,73,-
S00141469,114,5
S00141470,77,3
S00141471,165,10
S00141472,91,11
S00141473,126,10
S00141474,102,10
S00141475,81,2
S00141476,121,4
S00141477,147,11
S00141478,74,-
S00141479,73,1
S00141480,58,5
S00141481,90,3
S00141482,84,2
S00141483,65,3
S00141484,98,6
S00141485,109,15
S00141486,103,9
S00141487,74,3
S00141488,75,6
S00141489,116,8
S00141490,77,12
S00141491,79,4
S00141492,79,-
S00141493,75,-
S00141494,117,14
S00141495,95,8
S00141496,79,9
S00141497,127,11
S00141498,65,-
S00141499,58,5
S00141500,85,4
S00141501,83,5
S00141502,65,8
S00141503,95,8
S00141504,97,7
S00141505,83,10
S00141506,84,4
S00141507,68,9
S00141508,76,8
S00141509,132,7
S00141510,65,6
S00141511,89,13
S00141512,109,3
S00141513,84,8
S00141514,107,1
S00141515,77,4
S00141516,92,6
S00141517,126,29
S00141518,85,8
S00141519,130,13
S00141520,69,4
S00141521,89,2
S00141522,124,2
S00141523,114,10
S00141524,77,4
S00141525,88,4
S00141526,71,7
S00141527,98,5
S00141528,101,12
S00141529,155,29
S00141530,59,4
S00141531,131,6
S00141532,85,3
S00141533,155,26
S00141534,116,4
S00141535,63,2
S00141536,87,4
S00141537,116,5
S00141538,102,7
S00141539,118,3
S00141540,101,9
S00141541,133,19
S00141542,55,12
S00141543,64,1
S00141544,78,10
S00141545,83,2
S00141546,93,8
S00141547,98,6
S00141548,64,4
S00141549,83,6
S00141550,87,8
S00141551,98,6
S00141552,60,3
S00141553,85,5
S00141554,55,4
S00141555,107,5
S00141556,107,10
S00141557,77,5
S00141558,60,-
S00141559,122,10
S00141560,71,3
S00141561,101,13
S00141562,64,5
S00141563,113,7
S00141564,112,18
S00141565,95,5
S00141566,76,11
S00141567,63,7
S00141568,140,8
S00141569,127,6
S00141570,98,6
S00141571,86,7
S00141572,108,19
S00141573,137,6
S00141574,83,3
S00141575,114,16
S00141576,100,9
S00141577,85,5
S00141578,87,4
S00141579,150,17
S00141580,99,20
S00141581,61,1
S00141582,110,-
S00141583,96,10
S00141584,59,-
S00141585,87,15
S00141586,100,4
S00141587,140,4
S00141588,110,6
S00141589,73,4
S00141590,73,4
S00141591,84,4
S00141592,82,-
S00141593,68,2
S00141594,95,5
S00141595,128,7
S00141596,143,15
S00141597,76,15
S00141598,72,9
S00141599,93,6
S00141600,101,6
S00141601,145,6
S00141602,142,19
S00141603,114,5
S00141604,116,5
S00141605,89,5
S00141606,69,6
S00141607,131,7
S00141608,79,3
S00141609,120,4
S00141610,146,3
S00141611,101,13
S00141612,68,2
S00141613,91,12
S00141614,67,10
S00141615,90,4
S00141616,88,8
S00141617,62,2
S00141618,90,8
S00141619,125,21
S00141620,94,8
S00141621,102,8
S00141622,141,20
S00141623,88,18
S00141624,83,3
S00141625,157,9
S00141626,89,10
S00141627,95,6
S00141628,91,4
S00141629,75,3
S00141630,72,4
S00141631,157,3
S00141632,116,12
S00141633,75,3
S00141634,89,7
S00141635,46,6
S00141636,117,3
S00141637,66,10
S00141638,67,5
S00141639,102,9
S00141640,85,5
S00141641,81,12
S00141642,120,2
S00141643,121,5
S00141644,105,15
S00141645,65,9
S00141646,66,5
S00141647,68,6
S00141648,114,6
S00141649,96,4
S00141650,72,2
S00141651,115,8
S00141652,90,9
S00141653,99,14
S00141654,122,4
S00141655,65,3
S00141656,91,3
S00141657,142,17
S00141658,85,3
S00141659,67,13
S00141660,45,4
S00141661,61,14
S00141662,82,3
S00141663,72,3
S00141664,81,2
S00141665,118,8
S00141666,89,4
S00141667,87,13
S00141668,159,4
S00141669,68,7
S00141670,101,7
S00141671,63,6
S00141672,70,2
S00141673,123,8
S00141674,102,11
S00141675,143,5
S00141676,114,5
S00141677,138,45
S00141678,106,1
S00141679,57,5
S00141680,117,3
S00141681,95,3
S00141682,70,2
S00141683,85,10
S00141684,112,9
S00141685,72,9
S00141686,71,6
S00141687,76,7
S00141688,109,9
S00141689,85,1
S00141690,59,-
S00141691,100,5
S00141692,85,2
S00141693,137,6
S00141694,114,10
S00141695,77,5
S00141696,71,2
S00141697,84,5
S00141698,76,1
S00141699,104,7
S00141700,115,8
S00141701,95,11
S00141702,63,5
S00141703,122,12
S00141704,51,5
S00141705,83,4
S00141706,84,4
S00141707,128,3
S00141708,88,5
S00141709,105,13
S00141710,140,10
S00141711,79,-
S00141712,95,12
S00141713,146,9
S00141714,125,6
S00141715,79,3
S00141716,84,6
S00141717,102,3
S00141718,99,-
S00141719,85,6
S00141720,150,21
S00141721,144,7
S00141722,97,7
S00141723,89,6
S00141724,91,6
S00141725,86,2
S00141726,79,6
S00141727,184,18
S00141728,102,17
S00141729,104,13
S00141730,133,9
S00141731,83,12
S00141732,54,5
S00141733,54,4
S00141734,124,10
S00141735,89,1
S00141736,120,5
S00141737,73,6
S00141738,88,9
S00141739,94,4
S00141740,117,8
S00141741,130,16
S00141742,99,5
S00141743,70,5
S00141744,137,9
S00141745,52,6
S00141746,85,12
S00141747,89,5
S00141748,76,6
S00141749,67,4
S00141750,97,5
S00141751,123,6
S00141752,91,8
S00141753,66,1
S00141754,96,6
S00141755,131,12
S00141756,128,18
S00141757,117,7
S00141758,88,11
S00141759,125,5
S00141760,78,2
S00141761,109,11
S00141762,104,9
S00141763,119,4
S00141764,81,13
S00141765,103,12
S00141766,95,12
S00141767,96,8
S00141768,112,3
S00141769,76,10
S00141770,65,12
S00141771,78,12
S00141772,95,8
S00141773,107,2
S00141774,79,2
S00141775,64,8
S00141776,71,8
S00141777,141,8
S00141778,92,12
S00141779,59,2
S00141780,93,6
S00141781,101,7
S00141782,110,5
S00141783,99,7
S00141784,101,10
S00141785,96,2
S00141786,120,9
S00141787,107,15
S00141788,105,3
S00141789,56,4
S00141790,85,6
S00141791,51,6
S00141792,107,6
S00141793,78,1
S00141794,59,5
S00141795,97,5
S00141796,81,4
S00141797,67,4
S00141798,86,11
S00141799,100,11
S00141800,95,6
S00141801,82,9
S00141802,126,25
S00141803,64,7
S00141804,144,20
S00141805,81,11
S00141806,77,4
S00141807,123,13
S00141808,86,8
S00141809,84,3
S00141810,90,3
S00141811,82,8
S00141812,150,21
S00141813,107,11
S00141814,84,8
S00141815,55,1
S00141816,78,-
S00141817,118,18
S00141818,130,3
S00141819,54,10
S00141820,69,2
S00141821,68,4
S00141822,84,6
S00141823,74,4
S00141824,88,6
S00141825,85,3
S00141826,86,5
S00141827,68,6
S00141828,87,5
S00141829,127,11
S00141830,82,3
S00141831,79,2
S00141832,97,4
S00141833,91,8
S00141834,109,8
S00141835,93,3
S00141836,56,3
S00141837,99,8
S00141838,62,9
S00141839,81,1
S00141840,77,1
S00141841,73,13
S00141842,101,13
S00141843,89,5
S00141844,55,2
S00141845,111,6
S00141846,97,9
S00141847,96,5
S00141848,67,1
S00141849,83,3
S00141850,83,6
S00141851,128,16
S00141852,50,5
S00141853,123,11
S00141854,62,8
S00141855,98,8
S00141856,129,4
S00141857,92,8
S00141858,87,2
S00141859,115,14
S00141860,112,11
S00141861,128,4
S00141862,90,4
S00141863,96,8
S00141864,102,21
S00141865,85,4
S00141866,111,14
S00141867,77,7
S00141868,58,2
S00141869,68,10
S00141870,73,5
S00141871,67,3
S00141872,110,4
S00141873,120,19
S00141874,103,4
S00141875,66,1
S00141876,111,5
S00141877,163,16
S00141878,76,3
S00141879,79,2
S00141880,75,-
S00141881,161,22
S00141882,124,6
S00141883,107,22
S00141884,104,4
S00141885,66,9
S00141886,118,9
S00141887,73,3
S00141888,102,7
S00141889,141,15
S00141890,61,8
S00141891,65,3
S00141892,65,4
S00141893,93,4
S00141894,83,6
S00141895,81,15
S00141896,177,19
S00141897,78,2
S00141898,68,11
S00141899,103,7
S00141900,67,3
S00141901,99,2
S00141902,127,11
S00141903,103,6
S00141904,94,6
S00141905,75,5
S00141906,91,6
S00141907,128,11
S00141908,67,9
S00141909,88,4
S00141910,53,4
S00141911,125,9
S00141912,80,4
S00141913,68,6
S00141914,134,12
S00141915,78,9
S00141916,72,2
S00141917,56,1
S00141918,77,6
S00141919,93,5
S00141920,97,9
S00141921,71,5
S00141922,128,11
S00141923,59,3
S00141924,59,-
S00141925,84,7
S00141926,123,2
S00141927,116,6
S00141928,123,5
S00141929,89,4
S00141930,83,3
S00141931,103,5
S00141932,117,5
S00141933,76,3
S00141934,91,7
S00141935,397,288
S00141936,112,14
S00141937,127,10
S00141938,59,2
S00141939,117,8
S00141940,109,9
S00141941,76,4
S00141942,78,8
S00141943,60,-
S00141944,76,5
S00141945,121,4
S00141946,76,1
S00141947,85,10
S00141948,104,2
S00141949,96,4
S00141950,57,3
S00141951,107,2
S00141952,110,7
S00141953,135,4
S00141954,74,6
S00141955,107,5
S00141956,97,1
S00141957,75,2
S00141958,131,19
S00141959,90,4
S00141960,72,6
S00141961,62,1
S00141962,93,4
S00141963,107,11
S00141964,103,12
S00141965,65,9
S00141966,111,2
S00141967,80,5
S00141968,137,4
S00141969,93,5
S00141970,124,8
S00141971,82,9
S00141972,77,8
S00141973,62,7
S00141974,106,8
S00141975,90,2
S00141976,111,5
S00141977,101,9
S00141978,73,4
S00141979,72,2
S00141980,94,6
S00141981,63,5
S00141982,61,19
S00141983,83,4
S00141984,68,7
S00141985,103,8
S00141986,126,12
S00141987,128,11
S00141988,89,7
S00141989,94,19
S00141990,83,5
S00141991,76,3
S00141992,141,11
S00141993,96,5
S00141994,109,11
S00141995,101,5
S00141996,156,3
S00141997,83,7
S00141998,141,9
S00141999,112,4
S00142000,51,1
S00142001,62,6
S00142002,84,8
S00142003,113,4
S00142004,113,3
S00142005,62,1
S00142006,61,4
S00142007,120,10
S00142008,111,4
S00142009,93,6
S00142010,127,13
S00142011,77,2
S00142012,101,7
S00142013,87,8
S00142014,92,10
S00142015,64,8
S00142016,102,8
S00142017,92,6
S00142018,81,1
S00142019,51,4
S00142020,99,5
S00142021,77,4
S00142022,75,11
S00142023,85,14
S00142024,62,8
S00142025,77,3
S00142026,106,2
S00142027,102,13
S00142028,81,9
S00142029,143,16
S00142030,108,7
S00142031,72,3
S00142032,95,9
S00142033,61,1
S00142034,65,3
S00142035,78,-
S00142036,79,8
S00142037,81,6
S00142038,101,12
S00142039,64,4
S00142040,74,6
S00142041,94,11
S00142042,91,16
S00142043,93,4
S00142044,85,3
S00142045,74,2
S00142046,117,8
S00142047,75,18
S00142048,49,4
S00142049,103,6
S00142050,70,1
S00142051,97,5
S00142052,118,9
S00142053,63,-
S00142054,99,5
S00142055,85,3
S00142056,54,6
S00142057,76,1
S00142058,67,7
S00142059,57,-
S00142060,108,13
S00142061,139,4
S00142062,96,5
S00142063,113,10
S00142064,90,4
S00142065,83,-
S00142066,76,8
S00142067,92,10
S00142068,101,13
S00142069,101,1
S00142070,109,9
S00142071,135,6
S00142072,122,9
S00142073,78,5
S00142074,108,7
S00142075,153,8
S00142076,71,4
S00142077,66,9
S00142078,116,4
S00142079,90,1
S00142080,103,5
S00142081,90,9
S00142082,86,7
S00142083,70,12
S00142084,135,22
S00142085,61,6
S00142086,76,4
S00142087,48,10
S00142088,95,8
S00142089,101,13
S00142090,81,2
S00142091,60,8
S00142092,54,2
S00142093,120,15
S00142094,137,12
S00142095,60,7
S00142096,449,389
S00142097,113,12
S00142098,126,10
S00142099,88,4
S00142100,60,-
S00142101,132,7
S00142102,82,4
S00142103,122,5
S00142104,103,18
S00142105,68,3
S00142106,71,17
S00142107,132,5
S00142108,100,6
S00142109,113,3
S00142110,55,2
S00142111,99,8
S00142112,94,7
S00142113,98,25
S00142114,74,6
S00142115,77,11
S00142116,58,9
S00142117,94,5
S00142118,96,3
S00142119,103,12
S00142120,76,3
S00142121,113,9
S00142122,95,5
S00142123,81,12
S00142124,94,3
S00142125,98,4
S00142126,92,14
S00142127,123,6
S00142128,109,8
S00142129,144,11
S00142130,99,4
S00142131,84,2
S00142132,75,1
S00142133,83,2
S00142134,88,4
S00142135,56,6
S00142136,81,18
S00142137,60,7
S00142138,87,5
S00142139,61,5
S00142140,83,12
S00142141,116,7
S00142142,102,8
S00142143,69,10
S00142144,51,2
S00142145,68,6
S00142146,72,2
S00142147,96,10
S00142148,188,12
S00142149,101,15
S00142150,64,11
S00142151,150,11
S00142152,96,1
S00142153,115,8
S00142154,77,2
S00142155,76,4
S00142156,83,4
S00142157,113,21
S00142158,94,8
S00142159,66,4
S00142160,104,7
S00142161,81,6
S00142162,130,12
S00142163,74,8
S00142164,116,3
S00142165,74,5
S00142166,84,5
S00142167,59,-
S00142168,100,11
S00142169,123,20
S00142170,121,4
S00142171,85,3
S00142172,66,3
S00142173,108,9
S00142174,104,8
S00142175,95,18
S00142176,93,13
S00142177,83,5
S00142178,102,7
S00142179,58,10
S00142180,80,6
S00142181,70,9
S00142182,86,4
S00142183,83,8
S00142184,78,14
S00142185,147,6
S00142186,110,3
S00142187,86,4
S00142188,96,12
S00142189,60,6
S00142190,90,3
S00142191,83,7
S00142192,74,9
S00142193,85,8
S00142194,99,6
S00142195,85,5
S00142196,101,35
S00142197,65,5
S00142198,144,3
S00142199,55,-
S00142200,112,6
S00142201,98,12
S00142202,105,6
S00142203,54,4
S00142204,91,13
S00142205,98,10
S00142206,67,6
S00142207,82,9
S00142208,92,14
S00142209,97,12
S00142210,97,6
S00142211,55,-
S00142212,84,18
S00142213,120,9
S00142214,85,8
S00142215,116,19
S00142216,99,12
S00142217,58,2
S00142218,78,7
S00142219,93,11
S00142220,79,11
S00142221,65,5
S00142222,87,4
S00142223,335,271
S00142224,86,11
S00142225,87,4
S00142226,82,3
S00142227,106,16
S00142228,96,6
S00142229,134,8
S00142230,55,4
S00142231,66,4
S00142232,136,5
S00142233,65,10
S00142234,69,7
S00142235,103,4
S00142236,97,8
S00142237,103,12
S00142238,61,8
S00142239,91,4
S00142240,81,23
S00142241,129,7
S00142242,68,3
S00142243,98,4
S00142244,83,2
S00142245,96,10
S00142246,113,8
S00142247,71,10
S00142248,60,3
S00142249,93,2
S00142250,96,1
S00142251,86,6
S00142252,85,7
S00142253,90,9
S00142254,133,3
S00142255,117,6
S00142256,86,12
S00142257,81,4
S00142258,68,6
S00142259,108,9
S00142260,51,4
S00142261,81,10
S00142262,79,10
S00142263,107,5
S00142264,121,11
S00142265,81,12
S00142266,46,2
S00142267,79,19
S00142268,104,10
S00142269,81,1
S00142270,82,8
S00142271,94,4
S00142272,92,-
S00142273,97,3
S00142274,123,28
S00142275,85,6
S00142276,61,5
S00142277,147,35
S00142278,70,14
S00142279,82,5
S00142280,93,10
S00142281,68,4
S00142282,73,9
S00142283,78,4
S00142284,92,5
S00142285,472,276
S00142286,76,2
S00142287,71,10
S00142288,74,5
S00142289,98,5
S00142290,105,6
S00142291,70,1
S00142292,121,5
S00142293,119,12
S00142294,91,4
S00142295,86,15
S00142296,75,11
S00142297,88,16
S00142298,78,7
S00142299,55,3
S00142300,73,5
S00142301,104,5
S00142302,99,4
S00142303,68,8
S00142304,85,6
S00142305,65,2
S00142306,68,6
S00142307,65,5
S00142308,132,14
S00142309,227,152
S00142310,67,1
S00142311,118,23
S00142312,108,12
S00142313,60,2
S00142314,106,27
S00142315,88,9
S00142316,84,12
S00142317,83,6
S00142318,111,16
S00142319,55,1
S00142320,90,10
S00142321,92,4
S00142322,120,5
S00142323,83,14
S00142324,72,5
S00142325,82,7
S00142326,112,2
S00142327,88,3
S00142328,112,2
S00142329,87,5
S00142330,123,20
S00142331,52,6
S00142332,86,3
S00142333,138,22
S00142334,88,3
S00142335,102,8
S00142336,67,4
S00142337,157,5
S00142338,92,7
S00142339,111,5
S00142340,116,5
S00142341,60,4
S00142342,76,12
S00142343,62,6
S00142344,101,6
S00142345,108,10
S00142346,112,9
S00142347,138,9
S00142348,132,10
S00142349,106,5
S00142350,102,5
S00142351,124,7
S00142352,79,10
S00142353,82,5
S00142354,258,190
S00142355,82,3
S00142356,58,7
S00142357,98,4
S00142358,105,6
S00142359,94,3
S00142360,149,2
S00142361,135,12
S00142362,106,5
S00142363,131,9
S00142364,90,5
S00142365,96,7
S00142366,92,16
S00142367,106,7
S00142368,59,2
S00142369,122,10
S00142370,82,-
S00142371,93,6
S00142372,110,12
S00142373,97,17
S00142374,94,8
S00142375,123,3
S00142376,97,7
S00142377,80,10
S00142378,88,9
S00142379,88,4
S00142380,120,6
S00142381,106,19
S00142382,132,8
S00142383,107,26
S00142384,85,-
S00142385,63,8
S00142386,73,9
S00142387,89,4
S00142388,101,10
S00142389,84,18
S00142390,98,8
S00142391,109,14
S00142392,100,10
S00142393,71,4
S00142394,61,5
S00142395,76,3
S00142396,60,2
S00142397,94,13
S00142398,111,8
S00142399,86,7
S00142400,100,5
S00142401,67,2
S00142402,104,6
S00142403,109,8
S00142404,122,4
S00142405,66,4
S00142406,79,-
S00142407,73,1
S00142408,95,7
S00142409,69,11
S00142410,169,9
S00142411,100,7
S00142412,69,4
S00142413,66,1
S00142414,91,7
S00142415,115,12
S00142416,80,2
S00142417,131,6
S00142418,98,26
S00142419,42,3
S00142420,79,12
S00142421,96,11
S00142422,82,12
S00142423,73,28
S00142424,73,4
S00142425,145,8
S00142426,113,11
S00142427,93,4
S00142428,98,13
S00142429,141,7
S00142430,142,12
S00142431,92,4
S00142432,100,23
S00142433,99,6
S00142434,60,10
S00142435,59,5
S00142436,60,5
S00142437,87,4
S00142438,68,12
S00142439,83,4
S00142440,128,4
S00142441,102,8
S00142442,99,10
S00142443,76,6
S00142444,113,6
S00142445,94,18
S00142446,84,6
S00142447,124,8
S00142448,74,15
S00142449,91,1
S00142450,75,8
S00142451,232,184
S00142452,335,253
S00142453,96,2
S00142454,80,6
S00142455,107,4
S00142456,71,10
S00142457,85,2
S00142458,89,7
S00142459,86,10
S00142460,56,2
S00142461,94,28
S00142462,89,8
S00142463,92,8
S00142464,132,12
S00142465,107,1
S00142466,83,1
S00142467,93,6
S00142468,58,4
S00142469,113,8
S00142470,72,4
S00142471,64,5
S00142472,129,39
S00142473,80,3
S00142474,66,15
S00142475,127,6
S00142476,88,2
S00142477,101,5
S00142478,178,9
S00142479,79,4
S00142480,80,4
S00142481,115,13
S00142482,144,12
S00142483,116,16
S00142484,64,7
S00142485,87,8
S00142486,86,15
S00142487,75,7
S00142488,119,4
S00142489,110,13
S00142490,78,9
S00142491,86,35
S00142492,105,4
S00142493,80,8
S00142494,67,12
S00142495,89,8
S00142496,74,5
S00142497,81,8
S00142498,117,16
S00142499,86,-
S00142500,64,1
S00142501,118,2
S00142502,58,4
S00142503,90,16
S00142504,72,8
S00142505,78,-
S00142506,69,16
S00142507,83,3
S00142508,100,3
S00142509,86,4
S00142510,83,-
S00142511,79,3
S00142512,74,6
S00142513,57,4
S00142514,112,3
S00142515,63,4
S00142516,80,6
S00142517,98,11
S00142518,102,33
S00142519,104,6
S00142520,86,5
S00142521,90,3
S00142522,63,-
S00142523,100,21
S00142524,112,6
S00142525,77,12
S00142526,88,9
S00142527,147,16
S00142528,86,24
S00142529,82,7
S00142530,61,6
S00142531,83,21
S00142532,105,2
S00142533,59,1
S00142534,112,28
S00142535,53,1
S00142536,97,12
S00142537,84,27
S00142538,105,4
S00142539,94,19
S00142540,89,7
S00142541,62,5
S00142542,75,10
S00142543,62,6
S00142544,229,4
S00142545,263,164
S00142546,91,20
S00142547,112,21
S00142548,109,17
S00142549,67,10
S00142550,75,6
S00142551,87,5
S00142552,70,11
S00142553,82,9
S00142554,80,3
S00142555,77,8
S00142556,112,12
S00142557,111,7
S00142558,62,6
S00142559,116,4
S00142560,68,6
S00142561,49,1
S00142562,93,5
S00142563,70,3
S00142564,102,11
S00142565,73,4
S00142566,129,13
S00142567,132,31
S00142568,84,22
S00142569,75,3
S00142570,67,5
S00142571,75,9
S00142572,108,8
S00142573,76,-
S00142574,97,9
S00142575,123,29
S00142576,118,9
S00142577,83,6
S00142578,63,5
S00142579,86,-
S00142580,62,7
S00142581,81,6
S00142582,141,56
S00142583,93,11
S00142584,88,10
S00142585,87,10
S00142586,90,13
S00142587,66,8
S00142588,114,12
S00142589,96,3
S00142590,104,4
S00142591,80,7
S00142592,140,19
S00142593,90,3
S00142594,108,6
S00142595,88,6
S00142596,78,6
S00142597,95,3
S00142598,72,3
S00142599,77,8
S00142600,85,6
S00142601,59,8
S00142602,124,4
S00142603,142,25
S00142604,108,8
S00142605,78,-
S00142606,145,7
S00142607,96,15
S00142608,109,9
S00142609,70,3
S00142610,102,13
S00142611,92,7
S00142612,116,7
S00142613,51,3
S00142614,78,5
S00142615,138,5
S00142616,143,6
S00142617,111,8
S00142618,69,5
S00142619,69,1
S00142620,92,16
S00142621,87,5
S00142622,135,5
S00142623,146,21
S00142624,144,9
S00142625,82,10
S00142626,70,7
S00142627,136,22
S00142628,57,-
S00142629,76,7
S00142630,80,6
S00142631,81,4
S00142632,71,7
S00142633,121,5
S00142634,73,4
S00142635,73,9
S00142636,63,6
S00142637,75,6
S00142638,67,5
S00142639,77,3
S00142640,99,5
S00142641,80,6
S00142642,115,14
S00142643,92,12
S00142644,89,5
S00142645,77,7
S00142646,85,3
S00142647,80,4
S00142648,154,14
S00142649,71,7
S00142650,96,6
S00142651,80,5
S00142652,104,6
S00142653,112,4
S00142654,89,5
S00142655,109,1
S00142656,69,4
S00142657,59,3
S00142658,67,9
S00142659,89,9
S00142660,102,13
S00142661,115,6
S00142662,77,4
S00142663,65,5
S00142664,79,4
S00142665,84,20
S00142666,72,-
S00142667,63,4
S00142668,68,2
S00142669,97,9
S00142670,98,19
S00142671,77,14
S00142672,98,10
S00142673,81,9
S00142674,83,11
S00142675,91,5
S00142676,94,27
S00142677,94,1
S00142678,67,7
S00142679,58,6
S00142680,77,1
S00142681,108,12
S00142682,70,13
S00142683,66,5
S00142684,105,6
S00142685,130,54
S00142686,67,6
S00142687,117,16
S00142688,69,-
S00142689,103,8
S00142690,132,36
S00142691,72,9
S00142692,92,7
S00142693,67,1
S00142694,94,28
S00142695,79,4
S00142696,68,10
S00142697,99,7
S00142698,120,11
S00142699,85,5
S00142700,109,8
S00142701,101,14
S00142702,113,15
S00142703,56,2
S00142704,81,3
S00142705,62,-
S00142706,314,215
S00142707,116,2
S00142708,74,4
S00142709,66,5
S00142710,69,5
S00142711,56,3
S00142712,74,5
S00142713,82,1
S00142714,91,5
S00142715,60,5
S00142716,78,19
S00142717,51,4
S00142718,114,5
S00142719,91,11
S00142720,73,3
S00142721,108,7
S00142722,83,6
S00142723,105,13
S00142724,95,4
S00142725,93,4
S00142726,84,4
S00142727,95,8
S00142728,59,2
S00142729,71,4
S00142730,65,10
S00142731,65,4
S00142732,85,15
S00142733,72,5
S00142734,65,2
S00142735,123,8
S00142736,130,13
S00142737,132,3
S00142738,102,9
S00142739,61,7
S00142740,136,7
S00142741,74,1
S00142742,98,14
S00142743,125,6
S00142744,78,7
S00142745,70,3
S00142746,89,1
S00142747,74,19
S00142748,87,6
S00142749,81,-
S00142750,76,6
S00142751,103,5
S00142752,87,5
S00142753,59,-
S00142754,116,6
S00142755,146,10
S00142756,122,14
S00142757,61,6
S00142758,148,49
S00142759,101,3
S00142760,100,14
S00142761,66,10
S00142762,99,15
S00142763,110,5
S00142764,91,4
S00142765,119,11
S00142766,96,32
S00142767,93,14
S00142768,472,390
S00142769,95,18
S00142770,62,1
S00142771,69,3
S00142772,138,21
S00142773,79,3
S00142774,67,3
S00142775,96,9
S00142776,79,-
S00142777,83,8
S00142778,72,2
S00142779,66,8
S00142780,81,7
S00142781,101,5
S00142782,62,7
S00142783,79,20
S00142784,79,-
S00142785,123,32
S00142786,83,5
S00142787,93,3
S00142788,87,2
S00142789,91,11
S00142790,83,11
S00142791,112,8
S00142792,120,8
S00142793,85,10
S00142794,111,16
S00142795,83,4
S00142796,112,8
S00142797,88,8
S00142798,65,4
S00142799,101,5
S00142800,74,11
S00142801,69,1
S00142802,132,8
S00142803,87,9
S00142804,123,25
S00142805,59,2
S00142806,85,8
S00142807,96,14
S00142808,117,7
S00142809,85,10
S00142810,92,4
S00142811,95,4
S00142812,99,7
S00142813,115,9
S00142814,112,5
S00142815,60,-
S00142816,98,9
S00142817,139,6
S00142818,78,7
S00142819,112,7
S00142820,75,3
S00142821,125,4
S00142822,83,5
S00142823,71,3
S00142824,75,5
S00142825,107,6
S00142826,58,7
S00142827,102,3
S00142828,108,10
S00142829,81,17
S00142830,90,11
S00142831,137,15
S00142832,91,9
S00142833,100,7
S00142834,77,5
S00142835,105,5
S00142836,105,8
S00142837,95,10
S00142838,69,5
S00142839,116,7
S00142840,75,-
S00142841,85,6
S00142842,78,3
S00142843,60,2
S00142844,94,4
S00142845,85,2
S00142846,78,2
S00142847,93,14
S00142848,73,2
S00142849,90,-
S00142850,67,9
S00142851,86,-
S00142852,95,10
S00142853,103,12
S00142854,76,5
S00142855,90,9
S00142856,130,5
S00142857,118,8
S00142858,63,1
S00142859,111,7
S00142860,85,5
S00142861,56,7
S00142862,85,18
S00142863,77,11
S00142864,92,9
S00142865,67,4
S00142866,97,4
S00142867,75,14
S00142868,72,25
S00142869,68,4
S00142870,109,11
S00142871,129,11
S00142872,112,25
S00142873,110,36
S00142874,63,20
S00142875,65,11
S00142876,108,3
S00142877,76,1
S00142878,101,3
S00142879,120,16
S00142880,73,1
S00142881,105,1
S00142882,57,5
S00142883,57,3
S00142884,97,13
S00142885,127,17
S00142886,91,3
S00142887,90,9
S00142888,132,12
S00142889,97,1
S00142890,407,52
S00142891,70,7
S00142892,84,10
S00142893,130,17
S00142894,114,14
S00142895,67,3
S00142896,92,5
S00142897,85,3
S00142898,120,8
S00142899,126,21
S00142900,83,11
S00142901,93,6
S00142902,98,4
S00142903,119,28
S00142904,93,14
S00142905,69,2
S00142906,88,3
S00142907,93,2
S00142908,81,5
S00142909,148,11
S00142910,83,4
S00142911,108,7
S00142912,94,2
S00142913,96,6
S00142914,94,4
S00142915,77,4
S00142916,81,15
S00142917,87,11
S00142918,82,-
S00142919,77,3
S00142920,84,2
S00142921,116,27
S00142922,65,4
S00142923,95,6
S00142924,75,14
S00142925,77,5
S00142926,106,4
S00142927,89,9
S00142928,112,13
S00142929,56,2
S00142930,222,118
S00142931,77,3
S00142932,91,5
S00142933,101,3
S00142934,89,6
S00142935,85,7
S00142936,107,4
S00142937,123,7
S00142938,74,6
S00142939,74,3
S00142940,82,3
S00142941,75,7
S00142942,138,13
S00142943,239,175
S00142944,64,6
S00142945,60,16
S00142946,103,4
S00142947,79,2
S00142948,140,29
S00142949,65,4
S00142950,81,5
S00142951,68,16
S00142952,60,5
S00142953,78,4
S00142954,106,4
S00142955,133,3
S00142956,135,7
S00142957,68,5
S00142958,63,1
S00142959,80,-
S00142960,117,9
S00142961,75,6
S00142962,56,2
S00142963,89,3
S00142964,58,2
S00142965,87,8
S00142966,79,24
S00142967,71,6
S00142968,129,13
S00142969,93,7
S00142970,105,9
S00142971,81,4
S00142972,58,5
S00142973,231,50
S00142974,103,12
S00142975,73,2
S00142976,83,8
S00142977,90,7
S00142978,82,5
S00142979,79,4
S00142980,74,6
S00142981,102,7
S00142982,99,33
S00142983,80,7
S00142984,96,5
S00142985,123,29
S00142986,79,1
S00142987,55,5
S00142988,76,8
S00142989,59,30
S00142990,121,13
S00142991,62,3
S00142992,101,8
S00142993,123,11
S00142994,109,5
S00142995,72,10
S00142996,128,8
S00142997,119,8
S00142998,69,3
S00142999,107,22
S00143000,98,26
S00143001,86,3
S00143002,99,6
S00143003,92,6
S00143004,124,2
S00143005,87,6
S00143006,131,5
S00143007,96,8
S00143008,102,13
S00143009,54,4
S00143010,102,5
S00143011,114,4
S00143012,102,8
S00143013,95,5
S00143014,104,7
S00143015,113,2
S00143016,69,11
S00143017,98,1
S00143018,60,1
S00143019,123,11
S00143020,90,5
S00143021,76,26
S00143022,83,2
S00143023,64,5
S00143024,92,8
S00143025,126,6
S00143026,60,8
S00143027,111,6
S00143028,119,11
S00143029,85,6
S00143030,87,4
S00143031,67,4
S00143032,115,7
S00143033,108,2
S00143034,131,5
S00143035,137,13
S00143036,68,-
S00143037,86,19
S00143038,107,6
S00143039,78,5
S00143040,98,1
S00143041,103,4
S00143042,106,5
S00143043,72,5
S00143044,96,4
S00143045,91,8
S00143046,133,9
S00143047,96,2
S00143048,58,4
S00143049,85,-
S00143050,97,9
S00143051,115,8
S00143052,112,7
S00143053,71,6
S00143054,74,4
S00143055,96,3
S00143056,72,4
S00143057,89,4
S00143058,97,23
S00143059,54,-
S00143060,94,28
S00143061,87,4
S00143062,80,4
S00143063,54,-
S00143064,77,4
S00143065,120,12
S00143066,113,16
S00143067,153,10
S00143068,70,27
S00143069,101,4
S00143070,101,8
S00143071,115,9
S00143072,96,10
S00143073,94,7
S00143074,107,7
S00143075,61,25
S00143076,110,36
S00143077,92,7
S00143078,67,28
S00143079,831,789
S00143080,103,6
S00143081,94,9
S00143082,105,5
S00143083,91,2
S00143084,92,6
S00143085,64,7
S00143086,61,-
S00143087,112,2
S00143088,85,3
S00143089,105,35
S00143090,62,35
S00143091,72,5
S00143092,118,10
S00143093,103,2
S00143094,97,5
S00143095,141,54
S00143096,72,-
S00143097,276,208
S00143098,101,3
S00143099,70,6
S00143100,76,3
S00143101,76,11
S00143102,124,8
S00143103,136,12
S00143104,113,49
S00143105,124,6
S00143106,80,8
S00143107,209,133
S00143108,56,3
S00143109,133,3
S00143110,62,-
S00143111,70,29
S00143112,58,4
S00143113,142,51
S00143114,101,22
S00143115,88,9
S00143116,73,1
S00143117,83,34
S00143118,250,200
S00143119,86,4
S00143120,74,6
S00143121,110,64
S00143122,131,60
S00143123,170,7
S00143124,122,12
S00143125,154,6
S00143126,115,19
S00143127,113,7
S00143128,85,10
S00143129,158,8
S00143130,59,4
S00143131,87,31
S00143132,75,5
S00143133,88,8
S00143134,136,40
S00143135,78,2
S00143136,70,1
S00143137,131,12
S00143138,81,5
S00143139,64,2
S00143140,98,7
S00143141,90,4
S00143142,82,9
S00143143,101,2
S00143144,95,36
S00143145,108,6
S00143146,79,3
S00143147,79,2
S00143148,72,2
S00143149,107,6
S00143150,77,4
S00143151,78,7
S00143152,116,74
S00143153,75,54
S00143154,57,4
S00143155,93,4
S00143156,80,2
S00143157,133,5
S00143158,124,12
S00143159,88,21
S00143160,379,274
S00143161,62,4
S00143162,72,5
S00143163,499,432
S00143164,144,4
S00143165,59,5
S00143166,64,-
S00143167,71,30
S00143168,137,33
S00143169,82,4
S00143170,138,10
S00143171,78,1
S00143172,82,-
S00143173,78,37
S00143174,81,2
S00143175,121,-
S00143176,106,7
S00143177,137,5
S00143178,134,10
S00143179,89,9
S00143180,89,3
S00143181,99,3
S00143182,96,17
S00143183,111,48
S00143184,99,6
S00143185,60,6
S00143186,104,8
S00143187,108,32
S00143188,67,13
S00143189,102,2
S00143190,103,4
S00143191,97,27
S00143192,93,27
S00143193,87,6
S00143194,105,3
S00143195,364,286
S00143196,103,32
S00143197,190,18
S00143198,53,8
S00143199,163,23
S00143200,181,118
S00143201,184,19
S00143202,68,48
S00143203,96,7
S00143204,350,284
S00143205,162,55
S00143206,104,17
S00143207,129,6
S00143208,97,4
S00143209,63,5
S00143210,82,8
S00143211,94,6
S00143212,113,4
S00143213,99,4
S00143214,153,8
S00143215,140,12
S00143216,95,9
S00143217,85,16
S00143218,79,5
S00143219,101,7
S00143220,98,6
S00143221,95,5
S00143222,94,1
S00143223,96,6
S00143224,120,5
S00143225,83,12
S00143226,93,8
S00143227,61,10
S00143228,64,3
S00143229,417,381
S00143230,89,9
S00143231,112,55
S00143232,95,4
S00143233,130,5
S00143234,225,171
S00143235,62,1
S00143236,94,44
S00143237,99,2
S00143238,92,1
S00143239,123,8
S00143240,94,3
S00143241,122,59
S00143242,193,48
S00143243,157,73
S00143244,76,4
S00143245,104,41
S00143246,70,3
S00143247,69,27
S00143248,111,32
S00143249,117,5
S00143250,194,130
S00143251,139,11
S00143252,90,42
S00143253,113,31
S00143254,174,13
S00143255,108,48
S00143256,81,6
S00143257,140,7
S00143258,123,64
S00143259,141,6
S00143260,108,6
S00143261,62,35
S00143262,63,9
S00143263,87,46
S00143264,97,50
S00143265,154,87
S00143266,85,4
S00143267,185,126
S00143268,91,2
S00143269,91,19
S00143270,138,6
S00143271,97,2
S00143272,63,2
S00143273,97,3
S00143274,70,14
S00143275,118,5
S00143276,75,18
S00143277,73,3
S00143278,112,54
S00143279,62,5
S00143280,52,10
S00143281,90,25
S00143282,92,5
S00143283,83,4
S00143284,83,45
S00143285,162,108
S00143286,89,5
S00143287,94,4
S00143288,78,4
S00143289,131,9
S00143290,70,24
S00143291,72,2
S00143292,74,59
S00143293,63,7
S00143294,87,43
S00143295,83,8
S00143296,80,40
S00143297,77,24
S00143298,228,204
S00143299,81,31
S00143300,81,6
S00143301,108,2
S00143302,321,259
S00143303,83,2
S00143304,129,97
S00143305,77,34
S00143306,147,22
S00143307,101,21
S00143308,85,3
S00143309,94,1
S00143310,80,2
S00143311,107,38
S00143312,194,118
S00143313,76,5
S00143314,78,27
S00143315,91,7
S00143316,101,2
S00143317,86,8
S00143318,73,5
S00143319,63,5
S00143320,76,-
S00143321,162,13
S00143322,106,15
S00143323,86,20
S00143324,155,3
S00143325,77,1
S00143326,94,3
S00143327,79,6
S00143328,57,4
S00143329,95,11
S00143330,58,2
S00143331,106,28
S00143332,129,23
S00143333,125,103
S00143334,68,4
S00143335,115,65
S00143336,97,4
S00143337,123,61
S00143338,108,14
S00143339,142,70
S00143340,90,3
S00143341,108,22
S00143342,145,11
S00143343,108,1
S00143344,94,3
S00143345,125,77
S00143346,407,399
S00143347,105,8
S00143348,96,8
S00143349,101,18
S00143350,99,12
S00143351,71,9
S00143352,150,8
S00143353,70,3
S00143354,66,7
S00143355,72,3
S00143356,84,3
S00143357,81,1
S00143358,70,7
S00143359,77,2
S00143360,75,3
S00143361,144,16
S00143362,61,4
S00143363,68,1
S00143364,84,8
S00143365,110,4
S00143366,97,9
S00143367,112,14
S00143368,374,295
S00143369,115,10
S00143370,104,28
S00143371,74,5
S00143372,71,1
S00143373,121,14
S00143374,113,13
S00143375,94,18
S00143376,114,58
S00143377,114,9
S00143378,64,8
S00143379,78,4
S00143380,83,4
S00143381,78,53
S00143382,70,6
S00143383,63,1
S00143384,71,8
S00143385,164,100
S00143386,89,4
S00143387,84,1
S00143388,108,62
S00143389,76,7
S00143390,95,22
S00143391,105,36
S00143392,427,365
S00143393,101,3
S00143394,103,4
S00143395,77,47
S00143396,121,16
S00143397,129,6
S00143398,136,8
S00143399,128,73
S00143400,108,3
S00143401,87,15
S00143402,96,17
S00143403,170,64
S00143404,87,14
S00143405,109,36
S00143406,66,4
S00143407,100,32
S00143408,104,3
S00143409,84,8
S00143410,81,14
S00143411,108,20
S00143412,60,5
S00143413,82,3
S00143414,105,30
S00143415,61,18
S00143416,101,26
S00143417,114,9
S00143418,123,10
S00143419,90,12
S00143420,97,14
S00143421,102,50
S00143422,134,72
S00143423,74,6
S00143424,124,17
S00143425,138,35
S00143426,77,10
S00143427,79,7
S00143428,79,10
S00143429,160,55
S00143430,71,4
S00143431,75,3
S00143432,115,36
S00143433,102,27
S00143434,80,3
S00143435,73,4
S00143436,92,2
S00143437,117,16
S00143438,214,149
S00143439,115,7
S00143440,150,3
S00143441,91,40
S00143442,86,2
S00143443,65,-
S00143444,66,21
S00143445,69,12
S00143446,67,23
S00143447,627,555
S00143448,62,14
S00143449,78,5
S00143450,118,2
S00143451,87,4
S00143452,153,71
S00143453,131,49
S00143454,70,18
S00143455,110,13
S00143456,123,4
S00143457,103,35
S00143458,71,40
S00143459,108,53
S00143460,121,8
S00143461,93,4
S00143462,139,4
S00143463,69,30
S00143464,65,7
S00143465,121,12
S00143466,94,9
S00143467,58,1
S00143468,94,12
S00143469,112,14
S00143470,80,12
S00143471,147,59
S00143472,92,23
S00143473,91,9
S00143474,56,10
S00143475,113,57
S00143476,91,44
S00143477,83,26
S00143478,109,38
S00143479,73,5
S00143480,84,-
S00143481,56,21
S00143482,126,13
S00143483,104,36
S00143484,1281,1221
S00143485,77,2
S00143486,149,53
S00143487,73,12
S00143488,104,5
S00143489,91,8
S00143490,128,66
S00143491,121,21
S00143492,118,6
S00143493,107,15
S00143494,108,19
S00143495,73,1
S00143496,77,6
S00143497,101,22
S00143498,74,6
S00143499,84,7
S00143500,76,2
S00143501,118,39
S00143502,94,54
S00143503,62,13
S00143504,86,28
S00143505,82,10
S00143506,68,27
S00143507,602,530
S00143508,92,1
S00143509,91,4
S00143510,68,5
S00143511,73,18
S00143512,103,37
S00143513,99,6
S00143514,96,39
S00143515,79,7
S00143516,80,2
S00143517,79,21
S00143518,95,29
S00143519,124,11
S00143520,84,4
S00143521,67,11
S00143522,80,21
S00143523,65,32
S00143524,111,35
S00143525,62,35
S00143526,98,52
S00143527,95,34
S00143528,89,52
S00143529,61,31
S00143530,64,5
S00143531,402,347
S00143532,116,12
S00143533,83,3
S00143534,135,9
S00143535,84,4
S00143536,137,-
S00143537,76,23
S00143538,94,32
S00143539,149,8
S00143540,105,44
S00143541,78,5
S00143542,96,18
S00143543,80,12
S00143544,134,6
S00143545,116,48
S00143546,73,6
S00143547,101,17
S00143548,100,61
S00143549,106,17
S00143550,106,70
S00143551,139,7
S00143552,99,43
S00143553,106,39
S00143554,110,48
S00143555,96,8
S00143556,60,16
S00143557,104,13
S00143558,132,78
S00143559,56,21
S00143560,107,71
S00143561,134,12
S00143562,82,4
S00143563,112,20
S00143564,124,19
S00143565,94,8
S00143566,128,28
S00143567,70,10
S00143568,71,7
S00143569,71,4
S00143570,109,52
S00143571,90,30
S00143572,105,-
S00143573,166,116
S00143574,108,1
S00143575,208,143
S00143576,325,291
S00143577,78,2
S00143578,63,2
S00143579,257,174
S00143580,84,38
S00143581,157,75
S00143582,112,47
S00143583,71,25
S00143584,74,13
S00143585,91,29
S00143586,67,24
S00143587,117,28
S00143588,68,4
S00143589,107,5
S00143590,119,51
S00143591,160,19
S00143592,84,7
S00143593,119,25
S00143594,110,13
S00143595,190,5
S00143596,84,17
S00143597,82,42
S00143598,105,4
S00143599,110,4
S00143600,60,-
S00143601,115,6
S00143602,67,31
S00143603,86,4
S00143604,85,24
S00143605,80,-
S00143606,72,-
S00143607,123,66
S00143608,56,11
S00143609,61,3
S00143610,118,43
S00143611,80,3
S00143612,99,4
S00143613,125,63
S00143614,121,78
S00143615,83,26
S00143616,69,25
S00143617,138,73
S00143618,96,24
S00143619,48,3
S00143620,77,-
S00143621,93,10
S00143622,105,58
S00143623,63,20
S00143624,108,26
S00143625,138,39
S00143626,81,2
S00143627,70,6
S00143628,79,12
S00143629,63,8
S00143630,87,33
S00143631,100,2
S00143632,71,1
S00143633,80,50
S00143634,100,40
S00143635,99,30
S00143636,132,18
S00143637,97,28
S00143638,2284,2172
S00143639,74,2
S00143640,187,144
S00143641,101,5
S00143642,711,639
S00143643,134,5
S00143644,94,7
S00143645,90,5
S00143646,192,146
S00143647,329,288
S00143648,121,5
S00143649,112,67
S00143650,122,40
S00143651,83,35
S00143652,131,43
S00143653,73,8
S00143654,99,-
S00143655,88,16
S00143656,78,8
S00143657,80,9
S00143658,130,41
S00143659,105,26
S00143660,62,2
S00143661,474,412
S00143662,70,9
S00143663,85,5
S00143664,62,5
S00143665,72,5
S00143666,104,9
S00143667,72,1
S00143668,130,8
S00143669,98,5
S00143670,234,212
S00143671,120,44
S00143672,103,20
S00143673,62,-
S00143674,94,3
S00143675,107,83
S00143676,79,15
S00143677,144,13
S00143678,94,52
S00143679,74,3
S00143680,96,1
S00143681,124,4
S00143682,56,3
S00143683,96,28
S00143684,71,10
S00143685,53,3
S00143686,86,1
S00143687,138,8
S00143688,93,11
S00143689,72,39
S00143690,106,6
S00143691,104,21
S00143692,126,30
S00143693,61,12
S00143694,81,6
S00143695,86,19
S00143696,92,16
S00143697,125,66
S00143698,103,5
S00143699,88,8
S00143700,83,6
S00143701,75,42
S00143702,93,53
S00143703,88,-
S00143704,119,22
S00143705,106,8
S00143706,83,1
S00143707,69,17
S00143708,84,1
S00143709,132,60
S00143710,128,6
S00143711,124,29
S00143712,97,14
S00143713,137,56
S00143714,64,14
S00143715,82,2
S00143716,113,29
S00143717,100,19
S00143718,227,169
S00143719,119,44
S00143720,141,57
S00143721,54,2
S00143722,96,14
S00143723,87,6
S00143724,84,18
S00143725,80,16
S00143726,84,1
S00143727,106,42
S00143728,118,5
S00143729,83,3
S00143730,131,18
S00143731,85,3
S00143732,100,22
S00143733,117,67
S00143734,115,18
S00143735,81,34
S00143736,84,25
S00143737,82,15
S00143738,67,2
S00143739,101,5
S00143740,78,25
S00143741,78,8
S00143742,99,12
S00143743,93,5
S00143744,110,73
S00143745,88,31
S00143746,75,10
S00143747,197,135
S00143748,101,19
S00143749,91,27
S00143750,98,19
S00143751,94,13
S00143752,118,5
S00143753,76,3
S00143754,144,32
S00143755,97,45
S00143756,254,208
S00143757,105,11
S00143758,88,17
S00143759,146,65
S00143760,140,32
S00143761,116,6
S00143762,110,31
S00143763,115,14
S00143764,83,38
S00143765,118,33
S00143766,82,10
S00143767,114,18
S00143768,166,76
S00143769,112,73
S00143770,89,60
S00143771,78,1
S00143772,68,11
S00143773,67,31
S00143774,86,39
S00143775,118,23
S00143776,81,8
S00143777,85,7
S00143778,78,12
S00143779,103,26
S00143780,107,42
S00143781,86,6
S00143782,108,8
S00143783,158,91
S00143784,110,2
S00143785,127,61
S00143786,96,47
S00143787,103,10
S00143788,120,12
S00143789,69,6
S00143790,90,4
S00143791,127,10
S00143792,128,72
S00143793,107,71
S00143794,115,22
S00143795,107,22
S00143796,128,9
S00143797,98,-
S00143798,140,5
S00143799,181,21
S00143800,76,1
S00143801,67,8
S00143802,117,17
S00143803,84,17
S00143804,94,20
S00143805,60,3
S00143806,80,3
S00143807,78,15
S00143808,72,15
S00143809,89,51
S00143810,126,59
S00143811,92,1
S00143812,104,-
S00143813,166,133
S00143814,100,6
S00143815,63,20
S00143816,107,73
S00143817,108,59
S00143818,113,40
S00143819,99,36
S00143820,139,66
S00143821,95,-
S00143822,97,16
S00143823,244,197
S00143824,154,66
S00143825,178,64
S00143826,140,37
S00143827,95,15
S00143828,103,51
S00143829,79,35
S00143830,69,5
S00143831,152,22
S00143832,135,83
S00143833,69,3
S00143834,73,4
S00143835,86,2
S00143836,84,9
S00143837,60,4
S00143838,60,10
S00143839,131,69
S00143840,62,6
S00143841,76,16
S00143842,116,75
S00143843,66,3
S00143844,105,4
S00143845,113,3
S00143846,92,3
S00143847,125,28
S00143848,56,21
S00143849,79,3
S00143850,74,2
S00143851,132,36
S00143852,108,39
S00143853,56,14
S00143854,64,1
S00143855,57,4
S00143856,121,44
S00143857,117,57
S00143858,84,25
S00143859,86,7
S00143860,83,1
S00143861,123,15
S00143862,157,9
S00143863,71,16
S00143864,95,10
S00143865,63,4
S00143866,79,10
S00143867,122,6
S00143868,143,7
S00143869,91,48
S00143870,120,-
S00143871,155,124
S00143872,67,8
S00143873,97,3
S00143874,99,9
S00143875,71,18
S00143876,171,80
S00143877,117,38
S00143878,126,63
S00143879,135,62
S00143880,109,18
S00143881,134,2
S00143882,107,9
S00143883,85,2
S00143884,72,10
S00143885,87,10
S00143886,71,13
S00143887,145,99
S00143888,118,4
S00143889,150,9
S00143890,70,3
S00143891,142,30
S00143892,66,3
S00143893,111,3
S00143894,153,44
S00143895,137,66
S00143896,134,68
S00143897,59,10
S00143898,72,28
S00143899,88,6
S00143900,95,21
S00143901,68,15
S00143902,95,4
S00143903,108,10
S00143904,129,69
S00143905,68,14
S00143906,97,1
S00143907,141,68
S00143908,94,32
S00143909,77,16
S00143910,132,29
S00143911,87,5
S00143912,134,28
S00143913,92,4
S00143914,62,4
S00143915,69,8
S00143916,63,13
S00143917,82,11
S00143918,99,19
S00143919,87,21
S00143920,103,43
S00143921,63,3
S00143922,115,51
S00143923,132,43
S00143924,118,5
S00143925,120,4
S00143926,123,4
S00143927,123,49
S00143928,65,13
S00143929,96,6
S00143930,154,61
S00143931,164,12
S00143932,90,32
S00143933,87,18
S00143934,190,143
S00143935,98,10
S00143936,87,5
S00143937,114,17
S00143938,130,50
S00143939,98,13
S00143940,65,6
S00143941,112,27
S00143942,65,12
S00143943,159,5
S00143944,117,14
S00143945,72,16
S00143946,80,6
S00143947,67,4
S00143948,97,34
S00143949,62,11
S00143950,99,17
S00143951,68,26
S00143952,122,37
S00143953,99,31
S00143954,68,6
S00143955,82,3
S00143956,82,11
S00143957,88,53
S00143958,78,3
S00143959,80,13
S00143960,151,49
S00143961,77,27
S00143962,82,4
S00143963,146,13
S00143964,306,207
S00143965,80,6
S00143966,60,9
S00143967,86,37
S00143968,59,13
S00143969,120,26
S00143970,82,15
S00143971,201,71
S00143972,110,4
S00143973,129,5
S00143974,146,44
S00143975,154,87
S00143976,79,9
S00143977,97,8
S00143978,70,10
S00143979,158,21
S00143980,112,16
S00143981,64,4
S00143982,74,19
S00143983,118,7
S00143984,114,18
S00143985,85,7
S00143986,110,15
S00143987,60,1
S00143988,57,3
S00143989,62,11
S00143990,103,55
S00143991,73,7
S00143992,84,1
S00143993,85,8
S00143994,98,10
S00143995,75,8
S00143996,142,69
S00143997,101,49
S00143998,61,13
S00143999,167,62
S00144000,64,1
S00144001,94,5
S00144002,74,10
S00144003,147,21
S00144004,91,34
S00144005,71,26
S00144006,85,7
S00144007,119,14
S00144008,227,168
S00144009,329,261
S00144010,106,31
S00144011,97,9
S00144012,172,54
S00144013,64,10
S00144014,130,7
S00144015,108,15
S00144016,98,11
S00144017,98,4
S00144018,126,2
S00144019,101,17
S00144020,77,31
S00144021,93,8
S00144022,130,14
S00144023,89,6
S00144024,123,32
S00144025,70,5
S00144026,94,29
S00144027,93,2
S00144028,109,20
S00144029,85,29
S00144030,82,11
S00144031,110,22
S00144032,130,7
S00144033,103,6
S00144034,82,5
S00144035,144,6
S00144036,91,9
S00144037,90,9
S00144038,80,2
S00144039,82,6
S00144040,108,16
S00144041,96,10
S00144042,84,10
S00144043,86,7
S00144044,78,9
S00144045,169,106
S00144046,138,54
S00144047,175,84
S00144048,139,64
S00144049,70,30
S00144050,124,48
S00144051,85,7
S00144052,66,4
S00144053,111,2
S00144054,94,15
S00144055,81,8
S00144056,91,5
S00144057,132,15
S00144058,90,7
S00144059,95,15
S00144060,145,19
S00144061,95,3
S00144062,90,4
S00144063,71,2
S00144064,112,4
S00144065,105,2
S00144066,81,7
S00144067,114,8
S00144068,114,6
S00144069,165,12
S00144070,62,11
S00144071,68,8
S00144072,77,17
S00144073,109,37
S00144074,86,6
S00144075,80,12
S00144076,151,80
S00144077,102,44
S00144078,112,8
S00144079,98,4
S00144080,112,3
S00144081,66,4
S00144082,84,8
S00144083,103,48
S00144084,158,9
S00144085,84,7
S00144086,110,15
S00144087,149,83
S00144088,79,10
S00144089,105,13
S00144090,82,4
S00144091,74,3
S00144092,63,6
S00144093,117,26
S00144094,87,10
S00144095,64,5
S00144096,110,3
S00144097,76,8
S00144098,106,8
S00144099,101,6
S00144100,65,5
S00144101,115,3
S00144102,107,12
S00144103,53,8
S00144104,74,5
S00144105,78,2
S00144106,59,10
S00144107,122,15
S00144108,87,4
S00144109,157,91
S00144110,59,4
S00144111,169,11
S00144112,65,8
S00144113,77,4
S00144114,114,6
S00144115,65,2
S00144116,61,6
S00144117,109,4
S00144118,79,15
S00144119,90,16
S00144120,87,10
S00144121,153,38
S00144122,82,10
S00144123,51,5
S00144124,64,4
S00144125,150,90
S00144126,82,8
S00144127,85,6
S00144128,61,8
S00144129,94,50
S00144130,82,7
S00144131,85,12
S00144132,106,11
S00144133,104,13
S00144134,105,14
S00144135,88,16
S00144136,97,5
S00144137,58,10
S00144138,83,26
S00144139,92,12
S00144140,101,12
S00144141,88,13
S00144142,104,11
S00144143,128,54
S00144144,86,-
S00144145,100,9
S00144146,123,14
S00144147,72,7
S00144148,131,19
S00144149,121,10
S00144150,81,9
S00144151,54,4
S00144152,80,13
S00144153,64,1
S00144154,100,11
S00144155,144,24
S00144156,103,14
S00144157,107,37
S00144158,92,-
S00144159,94,20
S00144160,127,11
S00144161,72,6
S00144162,96,6
S00144163,102,8
S00144164,155,77
S00144165,149,8
S00144166,114,17
S00144167,74,7
S00144168,130,11
S00144169,113,7
S00144170,174,97
S00144171,121,16
S00144172,89,1
S00144173,122,26
S00144174,161,17
S00144175,83,9
S00144176,93,10
S00144177,164,107
S00144178,101,10
S00144179,137,18
S00144180,94,4
S00144181,92,3
S00144182,76,6
S00144183,66,4
S00144184,112,17
S00144185,70,16
S00144186,83,3
S00144187,171,9
S00144188,73,-
S00144189,109,6
S00144190,77,9
S00144191,124,23
S00144192,90,23
S00144193,55,6
S00144194,137,47
S00144195,52,9
S00144196,61,6
S00144197,120,22
S00144198,105,7
S00144199,130,11
S00144200,62,8
S00144201,68,6
S00144202,91,5
S00144203,84,5
S00144204,131,3
S00144205,84,6
S00144206,111,19
S00144207,78,9
S00144208,76,7
S00144209,84,11
S00144210,68,-
S00144211,62,21
S00144212,68,7
S00144213,53,7
S00144214,82,12
S00144215,84,9
S00144216,142,7
S00144217,98,16
S00144218,127,51
S00144219,85,6
S00144220,78,11
S00144221,69,13
S00144222,66,5
S00144223,74,7
S00144224,99,10
S00144225,67,2
S00144226,95,26
S00144227,83,18
S00144228,116,2
S00144229,99,8
S00144230,94,1
S00144231,92,23
S00144232,89,4
S00144233,62,4
S00144234,91,11
S00144235,168,3
S00144236,83,12
S00144237,95,18
S00144238,115,11
S00144239,127,38
S00144240,91,-
S00144241,77,9
S00144242,101,34
S00144243,59,18
S00144244,69,12
S00144245,109,24
S00144246,89,14
S00144247,139,14
S00144248,93,6
S00144249,96,20
S00144250,119,4
S00144251,92,9
S00144252,76,2
S00144253,97,8
S00144254,86,4
S00144255,79,6
S00144256,84,8
S00144257,136,2
S00144258,75,7
S00144259,110,18
S00144260,66,5
S00144261,63,12
S00144262,62,13
S00144263,77,9
S00144264,60,5
S00144265,77,4
S00144266,78,12
S00144267,55,4
S00144268,84,39
S00144269,74,17
S00144270,83,6
S00144271,95,21
S00144272,83,27
S00144273,120,23
S00144274,132,24
S00144275,78,5
S00144276,132,15
S00144277,93,4
S00144278,81,10
S00144279,109,23
S00144280,70,6
S00144281,104,8
S00144282,130,22
S00144283,100,14
S00144284,68,5
S00144285,122,6
S00144286,121,46
S00144287,182,27
S00144288,101,7
S00144289,111,21
S00144290,160,74
S00144291,65,6
S00144292,56,3
S00144293,98,6
S00144294,90,11
S00144295,54,5
S00144296,124,30
S00144297,56,-
S00144298,70,7
S00144299,100,6
S00144300,53,2
S00144301,108,46
S00144302,70,8
S00144303,129,12
S00144304,126,13
S00144305,108,3
S00144306,71,5
S00144307,54,12
S00144308,102,1
S00144309,80,19
S00144310,84,15
S00144311,100,8
S00144312,133,14
S00144313,126,12
S00144314,58,4
S00144315,103,14
S00144316,93,19
S00144317,108,9
S00144318,74,8
S00144319,75,4
S00144320,126,7
S00144321,80,2
S00144322,72,5
S00144323,84,8
S00144324,101,23
S00144325,98,10
S00144326,114,6
S00144327,83,7
S00144328,106,10
S00144329,59,2
S00144330,74,6
S00144331,90,26
S00144332,80,9
S00144333,55,15
S00144334,57,8
S00144335,61,2
S00144336,156,20
S00144337,70,4
S00144338,153,22
S00144339,74,10
S00144340,81,6
S00144341,102,10
S00144342,80,8
S00144343,64,6
S00144344,105,8
S00144345,68,4
S00144346,87,5
S00144347,59,4
S00144348,62,3
S00144349,88,9
S00144350,61,7
S00144351,90,5
S00144352,108,17
S00144353,134,17
S00144354,98,12
S00144355,114,6
S00144356,74,8
S00144357,111,11
S00144358,141,25
S00144359,82,12
S00144360,105,17
S00144361,71,10
S00144362,77,6
S00144363,97,21
S00144364,122,36
S00144365,60,2
S00144366,143,41
S00144367,93,5
S00144368,112,10
S00144369,76,6
S00144370,79,12
S00144371,133,39
S00144372,93,4
S00144373,80,10
S00144374,95,4
S00144375,97,17
S00144376,61,12
S00144377,121,11
S00144378,119,6
S00144379,58,6
S00144380,85,14
S00144381,99,16
S00144382,73,12
S00144383,72,11
S00144384,173,28
S00144385,60,19
S00144386,61,7
S00144387,152,83
S00144388,90,5
S00144389,129,12
S00144390,93,9
S00144391,103,7
S00144392,117,3
S00144393,118,7
S00144394,82,6
S00144395,141,13
S00144396,106,4
S00144397,448,364
S00144398,133,17
S00144399,110,12
S00144400,93,9
S00144401,69,6
S00144402,101,7
S00144403,109,20
S00144404,65,-
S00144405,62,10
S00144406,120,16
S00144407,99,7
S00144408,88,11
S00144409,125,22
S00144410,180,35
S00144411,80,11
S00144412,90,8
S00144413,102,12
S00144414,106,4
S00144415,91,15
S00144416,80,16
S00144417,108,8
S00144418,179,68
S00144419,745,23
S00144420,81,8
S00144421,101,14
S00144422,57,8
S00144423,47,4
S00144424,55,4
S00144425,78,8
S00144426,103,12
S00144427,129,4
S00144428,114,11
S00144429,75,8
S00144430,62,10
S00144431,77,5
S00144432,111,8
S00144433,104,14
S00144434,85,13
S00144435,144,8
S00144436,151,15
S00144437,73,13
S00144438,134,19
S00144439,107,18
S00144440,72,20
S00144441,66,5
S00144442,145,9
S00144443,126,5
S00144444,72,4
S00144445,138,19
S00144446,66,3
S00144447,126,16
S00144448,80,12
S00144449,100,13
S00144450,95,8
S00144451,65,5
S00144452,55,7
S00144453,114,14
S00144454,93,18
S00144455,251,22
S00144456,108,55
S00144457,84,14
S00144458,66,8
S00144459,109,6
S00144460,91,15
S00144461,82,22
S00144462,73,3
S00144463,130,8
S00144464,75,4
S00144465,91,12
S00144466,109,10
S00144467,79,11
S00144468,115,14
S00144469,93,11
S00144470,56,9
S00144471,91,8
S00144472,78,2
S00144473,72,9
S00144474,106,13
S00144475,161,7
S00144476,77,17
S00144477,82,14
S00144478,105,20
S00144479,102,7
S00144480,109,8
S00144481,127,6
S00144482,69,4
S00144483,116,23
S00144484,103,11
S00144485,89,19
S00144486,125,-
S00144487,108,6
S00144488,73,3
S00144489,124,15
S00144490,129,9
S00144491,78,12
S00144492,67,4
S00144493,88,6
S00144494,105,6
S00144495,99,26
S00144496,78,6
S00144497,94,9
S00144498,119,20
S00144499,76,15
S00144500,125,9
S00144501,69,9
S00144502,86,16
S00144503,63,1
S00144504,81,5
S00144505,88,13
S00144506,87,24
S00144507,160,16
S00144508,95,16
S00144509,141,56
S00144510,107,17
S00144511,69,-
S00144512,74,3
S00144513,84,5
S00144514,92,14
S00144515,155,15
S00144516,92,7
S00144517,86,8
S00144518,96,4
S00144519,133,14
S00144520,114,9
S00144521,96,26
S00144522,77,11
S00144523,87,7
S00144524,101,18
S00144525,61,2
S00144526,85,13
S00144527,279,183
S00144528,74,15
S00144529,86,8
S00144530,108,7
S00144531,84,16
S00144532,103,11
S00144533,115,16
S00144534,113,11
S00144535,70,11
S00144536,148,23
S00144537,63,2
S00144538,57,-
S00144539,81,10
S00144540,117,28
S00144541,130,12
S00144542,118,7
S00144543,110,4
S00144544,92,8
S00144545,95,1
S00144546,121,17
S00144547,118,12
S00144548,94,9
S00144549,105,16
S00144550,132,5
S00144551,98,18
S00144552,82,4
S00144553,86,5
S00144554,78,8
S00144555,114,16
S00144556,122,9
S00144557,63,4
S00144558,105,11
S00144559,91,6
S00144560,132,15
S00144561,92,12
S00144562,86,10
S00144563,106,12
S00144564,93,25
S00144565,116,18
S00144566,78,13
S00144567,51,4
S00144568,55,2
S00144569,97,10
S00144570,54,4
S00144571,110,6
S00144572,99,7
S00144573,105,10
S00144574,68,1
S00144575,112,21
S00144576,55,2
S00144577,81,1
S00144578,79,11
S00144579,72,8
S00144580,51,6
S00144581,84,5
S00144582,131,16
S00144583,70,5
S00144584,124,5
S00144585,115,7
S00144586,74,10
S00144587,72,8
S00144588,99,3
S00144589,109,6
S00144590,118,7
S00144591,110,26
S00144592,74,-
S00144593,89,20
S00144594,97,8
S00144595,103,11
S00144596,82,10
S00144597,84,4
S00144598,81,24
S00144599,83,6
S00144600,115,15
S00144601,85,-
S00144602,128,7
S00144603,102,21
S00144604,153,59
S00144605,82,15
S00144606,92,16
S00144607,120,9
S00144608,92,16
S00144609,94,10
S00144610,100,6
S00144611,108,4
S00144612,72,4
S00144613,63,3
S00144614,139,8
S00144615,68,8
S00144616,101,26
S00144617,112,12
S00144618,84,2
S00144619,55,8
S00144620,70,5
S00144621,117,7
S00144622,115,11
S00144623,98,11
S00144624,86,19
S00144625,120,12
S00144626,76,8
S00144627,117,8
S00144628,50,1
S00144629,196,119
S00144630,66,23
S00144631,69,6
S00144632,106,6
S00144633,78,17
S00144634,74,2
S00144635,61,7
S00144636,109,21
S00144637,82,21
S00144638,129,7
S00144639,103,5
S00144640,113,5
S00144641,86,11
S00144642,87,10
S00144643,63,3
S00144644,103,5
S00144645,102,5
S00144646,88,6
S00144647,142,2
S00144648,71,4
S00144649,83,17
S00144650,86,7
S00144651,83,6
S00144652,75,11
S00144653,133,23
S00144654,106,4
S00144655,112,10
S00144656,114,3
S00144657,73,3
S00144658,151,7
S00144659,111,10
S00144660,81,14
S00144661,95,21
S00144662,94,4
S00144663,103,4
S00144664,137,12
S00144665,84,1
S00144666,65,6
S00144667,68,8
S00144668,73,6
S00144669,83,19
S00144670,56,9
S00144671,70,7
S00144672,87,7
S00144673,74,6
S00144674,113,14
S00144675,96,6
S00144676,94,14
S00144677,116,8
S00144678,131,18
S00144679,93,9
S00144680,116,16
S00144681,73,7
S00144682,89,3
S00144683,67,18
S00144684,140,10
S00144685,53,5
S00144686,73,4
S00144687,138,9
S00144688,88,3
S00144689,91,18
S00144690,177,11
S00144691,90,5
S00144692,67,14
S00144693,97,5
S00144694,85,4
S00144695,115,3
S00144696,102,7
S00144697,67,6
S00144698,67,17
S00144699,92,21
S00144700,104,10
S00144701,66,1
S00144702,111,4
S00144703,99,3
S00144704,66,2
S00144705,157,7
S00144706,119,7
S00144707,100,4
S00144708,106,4
S00144709,92,7
S00144710,64,8
S00144711,65,4
S00144712,108,10
S00144713,101,7
S00144714,116,8
S00144715,100,3
S00144716,81,6
S00144717,119,7
S00144718,81,4
S00144719,151,8
S00144720,68,6
S00144721,144,22
S00144722,91,16
S00144723,132,8
S00144724,110,7
S00144725,65,3
S00144726,139,8
S00144727,101,11
S00144728,117,6
S00144729,63,3
S00144730,89,11
S00144731,104,5
S00144732,83,17
S00144733,124,12
S00144734,72,10
S00144735,123,5
S00144736,108,6
S00144737,142,9
S00144738,82,6
S00144739,105,15
S00144740,57,3
S00144741,70,13
S00144742,97,13
S00144743,90,8
S00144744,101,9
S00144745,84,6
S00144746,114,23
S00144747,62,9
S00144748,59,2
S00144749,87,5
S00144750,77,8
S00144751,87,8
S00144752,96,4
S00144753,124,6
S00144754,103,16
S00144755,68,7
S00144756,61,13
S00144757,128,8
S00144758,98,8
S00144759,99,6
S00144760,55,1
S00144761,110,24
S00144762,62,3
S00144763,78,15
S00144764,67,10
S00144765,67,15
S00144766,111,10
S00144767,103,17
S00144768,81,8
S00144769,89,3
S00144770,90,2
S00144771,86,6
S00144772,90,9
S00144773,98,1
S00144774,97,6
S00144775,64,7
S00144776,114,22
S00144777,108,6
S00144778,143,5
S00144779,80,23
S00144780,101,11
S00144781,76,3
S00144782,68,4
S00144783,89,14
S00144784,123,15
S00144785,96,8
S00144786,120,7
S00144787,93,17
S00144788,114,24
S00144789,69,1
S00144790,154,27
S00144791,63,11
S00144792,105,14
S00144793,92,10
S00144794,84,10
S00144795,93,6
S00144796,90,8
S00144797,106,9
S00144798,82,10
S00144799,86,4
S00144800,87,9
S00144801,95,10
S00144802,92,18
S00144803,84,7
S00144804,63,7
S00144805,95,7
S00144806,126,19
S00144807,56,5
S00144808,70,8
S00144809,123,8
S00144810,94,3
S00144811,76,9
S00144812,91,3
S00144813,62,4
S00144814,105,11
S00144815,56,1
S00144816,69,8
S00144817,62,4
S00144818,60,2
S00144819,50,5
S00144820,104,12
S00144821,131,8
S00144822,86,8
S00144823,69,-
S00144824,88,9
S00144825,80,6
S00144826,67,19
S00144827,85,8
S00144828,81,5
S00144829,69,3
S00144830,101,7
S00144831,72,1
S00144832,177,10
S00144833,87,8
S00144834,98,3
S00144835,91,5
S00144836,96,11
S00144837,88,3
S00144838,83,7
S00144839,88,4
S00144840,94,9
S00144841,116,7
S00144842,80,8
S00144843,95,9
S00144844,169,9
S00144845,79,7
S00144846,105,8
S00144847,83,7
S00144848,82,7
S00144849,76,9
S00144850,107,6
S00144851,55,1
S00144852,87,9
S00144853,71,4
S00144854,81,25
S00144855,79,12
S00144856,87,5
S00144857,76,9
S00144858,73,2
S00144859,126,13
S00144860,158,13
S00144861,94,11
S00144862,57,1
S00144863,75,3
S00144864,110,23
S00144865,85,12
S00144866,107,4
S00144867,1675,1507
S00144868,71,5
S00144869,105,7
S00144870,75,5
S00144871,70,3
S00144872,64,12
S00144873,102,18
S00144874,93,6
S00144875,110,8
S00144876,94,11
S00144877,76,7
S00144878,90,6
S00144879,287,134
S00144880,79,7
S00144881,78,6
S00144882,50,1
S00144883,91,4
S00144884,96,5
S00144885,104,8
S00144886,93,8
S00144887,120,4
S00144888,60,2
S00144889,100,8
S00144890,56,13
S00144891,84,2
S00144892,89,6
S00144893,131,6
S00144894,90,4
S00144895,51,9
S00144896,54,4
S00144897,97,12
S00144898,83,8
S00144899,113,7
S00144900,61,4
S00144901,124,3
S00144902,74,2
S00144903,103,5
S00144904,82,7
S00144905,114,6
S00144906,70,8
S00144907,81,2
S00144908,83,5
S00144909,123,11
S00144910,99,8
S00144911,76,8
S00144912,106,3
S00144913,74,7
S00144914,63,2
S00144915,77,5
S00144916,75,14
S00144917,91,13
S00144918,95,11
S00144919,104,1
S00144920,138,14
S00144921,82,2
S00144922,128,8
S00144923,93,11
S00144924,102,13
S00144925,82,2
S00144926,83,9
S00144927,75,7
S00144928,120,10
S00144929,127,17
S00144930,92,12
S00144931,75,5
S00144932,82,3
S00144933,95,8
S00144934,104,10
S00144935,70,9
S00144936,115,8
S00144937,102,6
S00144938,100,10
S00144939,103,6
S00144940,93,19
S00144941,129,11
S00144942,104,8
S00144943,110,14
S00144944,139,5
S00144945,94,8
S00144946,183,13
S00144947,86,4
S00144948,130,12
S00144949,117,6
S00144950,72,4
S00144951,93,11
S00144952,125,9
S00144953,86,4
S00144954,112,18
S00144955,98,3
S00144956,114,5
S00144957,76,16
S00144958,83,1
S00144959,61,2
S00144960,64,6
S00144961,80,6
S00144962,129,12
S00144963,114,8
S00144964,160,7
S00144965,74,-
S00144966,94,6
S00144967,100,8
S00144968,168,2
S00144969,82,5
S00144970,132,15
S00144971,113,3
S00144972,70,8
S00144973,145,6
S00144974,78,9
S00144975,108,9
S00144976,107,18
S00144977,63,12
S00144978,81,-
S00144979,61,7
S00144980,52,2
S00144981,109,16
S00144982,54,4
S00144983,85,12
S00144984,68,10
S00144985,88,5
S00144986,52,2
S00144987,80,3
S00144988,158,10
S00144989,82,9
S00144990,71,9
S00144991,114,5
S00144992,134,2
S00144993,61,2
S00144994,92,4
S00144995,100,14
S00144996,92,2
S00144997,102,5
S00144998,71,7
S00144999,58,1
S00145000,150,17
S00145001,101,12
S00145002,71,5
S00145003,144,20
S00145004,131,11
S00145005,91,9
S00145006,60,3
S00145007,131,4
S00145008,122,11
S00145009,88,9
S00145010,107,6
S00145011,104,9
S00145012,87,10
S00145013,109,9
S00145014,98,3
S00145015,96,10
S00145016,109,12
S00145017,97,5
S00145018,88,3
S00145019,112,8
S00145020,79,3
S00145021,74,8
S00145022,75,2
S00145023,65,6
S00145024,88,7
S00145025,73,6
S00145026,116,16
S00145027,146,5
S00145028,94,13
S00145029,99,6
S00145030,97,3
S00145031,157,8
S00145032,83,2
S00145033,81,3
S00145034,77,4
S00145035,77,-
S00145036,64,8
S00145037,86,4
S00145038,107,13
S00145039,91,5
S00145040,75,4
S00145041,89,7
S00145042,146,21
S00145043,92,2
S00145044,56,8
S00145045,105,4
S00145046,110,16
S00145047,117,4
S00145048,182,4
S00145049,99,9
S00145050,127,10
S00145051,105,9
S00145052,100,30
S00145053,74,6
S00145054,87,2
S00145055,73,2
S00145056,105,3
S00145057,88,10
S00145058,96,7
S00145059,127,14
S00145060,103,5
S00145061,108,5
S00145062,127,14
S00145063,85,4
S00145064,70,12
S00145065,84,6
S00145066,93,7
S00145067,71,4
S00145068,92,4
S00145069,61,6
S00145070,106,3
S00145071,61,1
S00145072,91,9
S00145073,74,2
S00145074,99,19
S00145075,79,4
S00145076,81,10
S00145077,127,11
S00145078,155,29
S00145079,76,1
S00145080,153,15
S00145081,79,4
S00145082,87,10
S00145083,160,12
S00145084,101,7
S00145085,81,4
S00145086,108,4
S00145087,56,1
S00145088,87,2
S00145089,90,9
S00145090,95,7
S00145091,91,3
S00145092,101,5
S00145093,122,7
S00145094,103,7
S00145095,102,8
S00145096,143,12
S00145097,95,3
S00145098,88,7
S00145099,67,4
S00145100,89,4
S00145101,81,4
S00145102,57,2
S00145103,96,8
S00145104,85,8
S00145105,111,7
S00145106,50,-
S00145107,156,8
S00145108,66,4
S00145109,76,11
S00145110,136,8
S00145111,75,5
S00145112,107,11
S00145113,132,11
S00145114,113,7
S00145115,98,4
S00145116,96,11
S00145117,116,5
S00145118,102,7
S00145119,106,4
S00145120,83,-
S00145121,85,11
S00145122,42,4
S00145123,94,6
S00145124,78,2
S00145125,114,8
S00145126,61,2
S00145127,61,5
S00145128,79,5
S00145129,125,10
S00145130,113,10
S00145131,62,5
S00145132,126,13
S00145133,72,11
S00145134,139,9
S00145135,81,-
S00145136,149,19
S00145137,63,2
S00145138,93,6
S00145139,158,-
S00145140,138,6
S00145141,116,6
S00145142,76,7
S00145143,81,4
S00145144,103,6
S00145145,83,4
S00145146,69,2
S00145147,138,8
S00145148,70,7
S00145149,98,7
S00145150,166,11
S00145151,169,8
S00145152,123,2
S00145153,136,8
S00145154,104,9
S00145155,101,3
S00145156,88,3
S00145157,88,8
S00145158,102,9
S00145159,114,8
S00145160,76,-
S00145161,76,5
S00145162,71,7
S00145163,77,4
S00145164,90,-
S00145165,80,4
S00145166,121,3
S00145167,134,7
S00145168,71,10
S00145169,131,4
S00145170,55,3
S00145171,115,8
S00145172,143,28
S00145173,102,3
S00145174,96,3
S00145175,92,7
S00145176,92,10
S00145177,71,4
S00145178,111,6
S00145179,65,3
S00145180,53,5
S00145181,60,3
S00145182,52,2
S00145183,67,5
S00145184,97,14
S00145185,139,5
S00145186,85,9
S00145187,102,2
S00145188,105,12
S00145189,68,3
S00145190,98,4
S00145191,75,5
S00145192,79,4
S00145193,127,7
S00145194,69,1
S00145195,119,9
S00145196,98,10
S00145197,102,3
S00145198,103,8
S00145199,94,7
S00145200,81,8
S00145201,70,6
S00145202,72,8
S00145203,105,3
S00145204,82,2
S00145205,95,2
S00145206,117,11
S00145207,84,4
S00145208,121,21
S00145209,94,4
S00145210,96,4
S00145211,59,2
S00145212,88,5
S00145213,114,12
S00145214,109,18
S00145215,96,4
S00145216,66,5
S00145217,92,3
S00145218,109,11
S00145219,94,4
S00145220,132,3
S00145221,122,6
S00145222,54,2
S00145223,77,2
S00145224,96,8
S00145225,64,4
S00145226,140,7
S00145227,114,12
S00145228,91,2
S00145229,86,12
S00145230,85,5
S00145231,93,8
S00145232,160,7
S00145233,85,2
S00145234,60,1
S00145235,113,5
S00145236,106,11
S00145237,108,10
S00145238,105,1
S00145239,105,2
S00145240,107,6
S00145241,99,3
S00145242,97,7
S00145243,101,3
S00145244,148,15
S00145245,51,5
S00145246,57,2
S00145247,134,22
S00145248,68,4
S00145249,74,8
S00145250,92,6
S00145251,82,5
S00145252,146,7
S00145253,145,13
S00145254,91,7
S00145255,71,2
S00145256,157,9
S00145257,121,5
S00145258,99,6
S00145259,230,15
S00145260,73,5
S00145261,117,5
S00145262,123,14
S00145263,125,13
S00145264,109,8
S00145265,124,9
S00145266,97,5
S00145267,72,1
S00145268,103,10
S00145269,116,2
S00145270,96,6
S00145271,98,6
S00145272,98,20
S00145273,82,8
S00145274,120,11
S00145275,74,1
S00145276,61,7
S00145277,103,3
S00145278,112,11
S00145279,149,15
S00145280,85,8
S00145281,119,3
S00145282,82,4
S00145283,463,3
S00145284,118,8
S00145285,85,6
S00145286,99,10
S00145287,102,5
S00145288,103,8
S00145289,103,14
S00145290,114,11
S00145291,141,6
S00145292,91,2
S00145293,64,12
S00145294,86,10
S00145295,102,6
S00145296,71,5
S00145297,114,5
S00145298,99,6
S00145299,105,8
S00145300,113,12
S00145301,65,1
S00145302,124,5
S00145303,63,4
S00145304,67,4
S00145305,138,9
S00145306,82,6
S00145307,114,11
S00145308,109,5
S00145309,57,4
S00145310,105,13
S00145311,76,8
S00145312,97,2
S00145313,93,8
S00145314,134,6
S00145315,80,-
S00145316,71,3
S00145317,63,-
S00145318,65,3
S00145319,132,3
S00145320,100,17
S00145321,87,6
S00145322,84,4
S00145323,55,2
S00145324,75,4
S00145325,73,3
S00145326,59,5
S00145327,93,4
S00145328,101,3
S00145329,97,4
S00145330,84,5
S00145331,92,11
S00145332,118,9
S00145333,139,10
S00145334,161,16
S00145335,95,12
S00145336,81,11
S00145337,72,4
S00145338,75,9
S00145339,100,11
S00145340,78,6
S00145341,88,8
S00145342,121,5
S00145343,105,2
S00145344,97,6
S00145345,72,4
S00145346,74,3
S00145347,56,1
S00145348,81,3
S00145349,61,-
S00145350,109,14
S00145351,104,4
S00145352,94,1
S00145353,54,6
S00145354,64,5
S00145355,59,5
S00145356,109,16
S00145357,78,5
S00145358,91,5
S00145359,131,18
S00145360,81,7
S00145361,95,1
S00145362,77,6
S00145363,61,5
S00145364,100,1
S00145365,84,7
S00145366,89,1
S00145367,127,14
S00145368,93,9
S00145369,99,8
S00145370,89,6
S00145371,114,4
S00145372,124,6
S00145373,56,4
S00145374,113,4
S00145375,120,7
S00145376,121,6
S00145377,125,10
S00145378,109,5
S00145379,76,4
S00145380,116,6
S00145381,106,15
S00145382,148,7
S00145383,78,5
S00145384,78,3
S00145385,95,3
S00145386,121,3
S00145387,152,6
S00145388,131,4
S00145389,59,4
S00145390,74,2
S00145391,132,5
S00145392,121,5
S00145393,96,7
S00145394,73,-
S00145395,99,-
S00145396,104,7
S00145397,57,3
S00145398,106,5
S00145399,78,6
S00145400,83,2
S00145401,106,3
S00145402,87,9
S00145403,88,3
S00145404,83,-
S00145405,102,8
S00145406,99,6
S00145407,127,8
S00145408,93,7
S00145409,119,10
S00145410,136,8
S00145411,75,3
S00145412,75,4
S00145413,78,6
S00145414,98,7
S00145415,100,8
S00145416,120,6
S00145417,71,2
S00145418,75,-
S00145419,133,12
S00145420,203,21
S00145421,88,10
S00145422,136,7
S00145423,66,7
S00145424,77,4
S00145425,115,4
S00145426,79,2
S00145427,105,5
S00145428,83,3
S00145429,78,1
S00145430,104,6
S00145431,90,4
S00145432,87,7
S00145433,111,13
S00145434,108,7
S00145435,122,11
S00145436,74,-
S00145437,100,4
S00145438,96,6
S00145439,102,5
S00145440,110,16
S00145441,119,7
S00145442,102,9
S00145443,59,-
S00145444,141,18
S00145445,118,6
S00145446,84,2
S00145447,72,5
S00145448,89,5
S00145449,94,6
S00145450,77,10
S00145451,110,14
S00145452,85,3
S00145453,80,3
S00145454,110,6
S00145455,96,3
S00145456,111,16
S00145457,104,6
S00145458,114,2
S00145459,95,6
S00145460,83,9
S00145461,84,2
S00145462,96,9
S00145463,78,3
S00145464,91,8
S00145465,89,11
S00145466,86,3
S00145467,50,2
S00145468,125,7
S00145469,82,4
S00145470,110,5
S00145471,118,5
S00145472,119,7
S00145473,77,9
S00145474,56,1
S00145475,111,4
S00145476,149,13
S00145477,95,3
S00145478,120,7
S00145479,93,7
S00145480,113,1
S00145481,127,10
S00145482,119,15
S00145483,111,6
S00145484,115,6
S00145485,68,9
S00145486,108,4
S00145487,85,-
S00145488,88,12
S00145489,162,6
S00145490,93,9
S00145491,78,6
S00145492,126,10
S00145493,135,12
S00145494,88,3
S00145495,64,4
S00145496,111,18
S00145497,63,6
S00145498,116,10
S00145499,55,4
S00145500,152,19
S00145501,118,7
S00145502,67,6
S00145503,130,16
S00145504,144,15
S00145505,80,4
S00145506,81,9
S00145507,102,7
S00145508,90,-
S00145509,160,13
S00145510,114,7
S00145511,107,13
S00145512,108,9
S00145513,79,7
S00145514,82,5
S00145515,96,3
S00145516,95,10
S00145517,61,3
S00145518,151,17
S00145519,86,7
S00145520,108,4
S00145521,79,5
S00145522,70,2
S00145523,94,4
S00145524,85,4
S00145525,59,4
S00145526,110,7
S00145527,110,3
S00145528,77,4
S00145529,95,8
S00145530,101,6
S00145531,155,12
S00145532,124,4
S00145533,59,1
S00145534,140,15
S00145535,98,6
S00145536,117,10
S00145537,100,5
S00145538,105,5
S00145539,60,3
S00145540,77,5
S00145541,119,6
S00145542,130,10
S00145543,112,9
S00145544,177,6
S00145545,78,7
S00145546,105,3
S00145547,158,7
S00145548,122,2
S00145549,134,5
S00145550,117,7
S00145551,85,8
S00145552,105,6
S00145553,145,13
S00145554,132,9
S00145555,103,6
S00145556,66,5
S00145557,91,4
S00145558,70,2
S00145559,56,4
S00145560,74,2
S00145561,84,4
S00145562,89,2
S00145563,97,8
S00145564,125,11
S00145565,148,16
S00145566,61,3
S00145567,60,5
S00145568,99,5
S00145569,86,9
S00145570,131,7
S00145571,82,6
S00145572,58,5
S00145573,70,2
S00145574,126,7
S00145575,126,5
S00145576,159,13
S00145577,113,12
S00145578,158,13
S00145579,108,3
S00145580,99,5
S00145581,110,4
S00145582,75,1
S00145583,111,7
S00145584,74,1
S00145585,160,9
S00145586,100,5
S00145587,69,6
S00145588,113,3
S00145589,94,2
S00145590,149,11
S00145591,121,9
S00145592,88,2
S00145593,81,4
S00145594,82,5
S00145595,132,9
S00145596,97,5
S00145597,146,9
S00145598,126,30
S00145599,64,5
S00145600,115,12
S00145601,86,2
S00145602,60,12
S00145603,158,10
S00145604,119,5
S00145605,124,15
S00145606,116,24
S00145607,106,6
S00145608,82,6
S00145609,120,4
S00145610,102,4
S00145611,78,4
S00145612,59,1
S00145613,87,2
S00145614,123,7
S00145615,59,3
S00145616,115,9
S00145617,131,12
S00145618,133,6
S00145619,75,-
S00145620,119,7
S00145621,71,-
S00145622,96,4
S00145623,81,9
S00145624,104,6
S00145625,87,1
S00145626,83,4
S00145627,106,1
S00145628,126,3
S00145629,140,5
S00145630,107,1
S00145631,91,2
S00145632,117,3
S00145633,96,4
S00145634,81,5
S00145635,80,6
S00145636,73,4
S00145637,85,1
S00145638,60,3
S00145639,63,2
S00145640,66,1
S00145641,63,2
S00145642,67,3
S00145643,106,2
S00145644,90,2
S00145645,91,3
S00145646,93,4
S00145647,92,7
S00145648,98,3
S00145649,103,8
S00145650,73,2
S00145651,88,1
S00145652,85,-
S00145653,111,6
S00145654,80,8
S00145655,115,9
S00145656,80,1
S00145657,88,4
S00145658,64,1
S00145659,106,7
S00145660,93,2
S00145661,71,1
S00145662,72,2
S00145663,96,3
S00145664,123,8
S00145665,86,6
S00145666,136,10
S00145667,61,6
S00145668,72,4
S00145669,53,4
S00145670,70,2
S00145671,88,2
S00145672,101,5
S00145673,79,6
S00145674,75,3
S00145675,82,-
S00145676,82,3
S00145677,108,5
S00145678,82,6
S00145679,84,-
S00145680,63,2
S00145681,80,4
S00145682,58,3
S00145683,82,5
S00145684,84,4
S00145685,124,9
S00145686,57,4
S00145687,78,2
S00145688,120,3
S00145689,106,5
S00145690,96,1
S00145691,55,8
S00145692,97,-
S00145693,96,4
S00145694,86,5
S00145695,78,1
S00145696,123,3
S00145697,63,2
S00145698,55,1
S00145699,92,6
S00145700,103,4
S00145701,80,5
S00145702,48,3
S00145703,121,5
S00145704,82,7
S00145705,92,3
S00145706,125,12
S00145707,78,10
S00145708,80,3
S00145709,83,3
S00145710,78,9
S00145711,100,6
S00145712,84,10
S00145713,69,1
S00145714,100,7
S00145715,109,5
S00145716,52,7
S00145717,89,7
S00145718,57,1
S00145719,82,5
S00145720,53,4
S00145721,75,5
S00145722,70,-
S00145723,90,3
S00145724,88,5
S00145725,117,6
S00145726,125,7
S00145727,125,9
S00145728,74,4
S00145729,126,4
S00145730,100,3
S00145731,153,8
S00145732,76,5
S00145733,125,15
S00145734,109,4
S00145735,56,5
S00145736,114,15
S00145737,59,1
S00145738,73,2
S00145739,133,9
S00145740,864,21
S00145741,55,6
S00145742,49,5
S00145743,93,7
S00145744,112,-
S00145745,79,3
S00145746,90,2
S00145747,142,15
S00145748,53,4
S00145749,103,9
S00145750,105,8
S00145751,168,13
S00145752,80,-
S00145753,104,8
S00145754,144,7
S00145755,118,1
S00145756,97,9
S00145757,78,2
S00145758,137,9
S00145759,98,5
S00145760,62,2
S00145761,159,5
S00145762,124,2
S00145763,91,7
S00145764,105,9
S00145765,116,1
S00145766,121,9
S00145767,111,8
S00145768,73,4
S00145769,112,8
S00145770,84,4
S00145771,134,8
S00145772,91,5
S00145773,81,3
S00145774,143,10
S00145775,73,5
S00145776,74,-
S00145777,82,-
S00145778,105,6
S00145779,80,-
S00145780,128,12
S00145781,81,3
S00145782,100,3
S00145783,89,-
S00145784,61,2
S00145785,100,11
S00145786,119,6
S00145787,75,6
S00145788,59,2
S00145789,84,-
S00145790,118,4
S00145791,71,4
S00145792,67,3
S00145793,79,4
S00145794,89,3
S00145795,63,3
S00145796,85,5
S00145797,124,10
S00145798,85,8
S00145799,66,2
S00145800,118,-
S00145801,83,5
S00145802,147,7
S00145803,61,3
S00145804,114,12
S00145805,106,7
S00145806,123,6
S00145807,105,9
S00145808,131,13
S00145809,59,4
S00145810,92,5
S00145811,128,5
S00145812,113,2
S00145813,101,-
S00145814,111,2
S00145815,93,1
S00145816,67,1
S00145817,88,7
S00145818,114,9
S00145819,93,6
S00145820,80,7
S00145821,75,4
S00145822,81,3
S00145823,133,9
S00145824,69,5
S00145825,132,6
S00145826,96,2
S00145827,115,12
S00145828,95,-
S00145829,126,7
S00145830,135,5
S00145831,67,5
S00145832,103,3
S00145833,113,11
S00145834,102,5
S00145835,134,5
S00145836,76,10
S00145837,99,3
S00145838,94,6
S00145839,97,4
S00145840,111,10
S00145841,136,8
S00145842,129,6
S00145843,72,1
S00145844,99,4
S00145845,159,6
S00145846,112,9
S00145847,107,14
S00145848,60,4
S00145849,160,14
S00145850,125,8
S00145851,85,8
S00145852,54,4
S00145853,78,4
S00145854,99,3
S00145855,71,9
S00145856,84,4
S00145857,93,4
S00145858,102,-
S00145859,112,4
S00145860,96,2
S00145861,77,2
S00145862,49,8
S00145863,107,9
S00145864,80,-
S00145865,73,2
S00145866,101,5
S00145867,117,10
S00145868,99,7
S00145869,98,6
S00145870,98,8
S00145871,95,7
S00145872,107,7
S00145873,110,9
S00145874,181,12
S00145875,112,3
S00145876,89,2
S00145877,71,3
S00145878,91,4
S00145879,116,12
S00145880,57,3
S00145881,167,9
S00145882,74,11
S00145883,114,5
S00145884,142,13
S00145885,82,7
S00145886,126,5
S00145887,139,6
S00145888,90,5
S00145889,56,-
S00145890,105,5
S00145891,96,3
S00145892,106,3
S00145893,143,6
S00145894,140,8
S00145895,109,6
S00145896,63,3
S00145897,101,4
S00145898,79,4
S00145899,59,3
S00145900,167,8
S00145901,108,2
S00145902,78,3
S00145903,148,3
S00145904,56,1
S00145905,112,5
S00145906,108,3
S00145907,104,7
S00145908,71,8
S00145909,85,2
S00145910,64,2
S00145911,86,4
S00145912,93,3
S00145913,72,5
S00145914,154,8
S00145915,79,3
S00145916,115,9
S00145917,69,1
S00145918,149,5
S00145919,79,6
S00145920,102,2
S00145921,71,3
S00145922,89,6
S00145923,80,-
S00145924,102,6
S00145925,70,4
S00145926,115,-
S00145927,100,3
S00145928,93,11
S00145929,93,6
S00145930,95,5
S00145931,80,3
S00145932,81,4
S00145933,127,7
S00145934,89,6
S00145935,94,5
S00145936,77,1
S00145937,72,6
S00145938,143,9
S00145939,82,4
S00145940,83,6
S00145941,123,4
S00145942,117,6
S00145943,96,-
S00145944,87,6
S00145945,72,7
S00145946,111,12
S00145947,99,6
S00145948,71,7
S00145949,75,-
S00145950,108,10
S00145951,101,2
S00145952,60,7
S00145953,62,-
S00145954,142,7
S00145955,108,9
S00145956,81,4
S00145957,109,8
S00145958,94,7
S00145959,121,9
S00145960,90,7
S00145961,102,4
S00145962,85,6
S00145963,136,5
S00145964,64,7
S00145965,54,2
S00145966,77,3
S00145967,63,5
S00145968,154,20
S00145969,96,3
S00145970,156,20
S00145971,63,2
S00145972,69,1
S00145973,61,6
S00145974,123,7
S00145975,86,1
S00145976,79,6
S00145977,77,2
S00145978,103,9
S00145979,72,5
S00145980,115,6
S00145981,127,9
S00145982,107,12
S00145983,97,1
S00145984,54,3
S00145985,65,2
S00145986,92,6
S00145987,94,6
S00145988,110,6
S00145989,128,4
S00145990,80,1
S00145991,99,6
S00145992,89,7
S00145993,89,1
S00145994,109,6
S00145995,129,7
S00145996,104,6
S00145997,82,2
S00145998,107,2
S00145999,121,3
S00146000,85,2
S00146001,160,11
S00146002,100,5
S00146003,74,3
S00146004,77,3
S00146005,81,4
S00146006,120,4
S00146007,84,4
S00146008,75,2
S00146009,85,8
S00146010,78,6
S00146011,67,6
S00146012,123,7
S00146013,67,4
S00146014,103,6
S00146015,87,5
S00146016,129,3
S00146017,57,-
S00146018,75,4
S00146019,102,3
S00146020,46,2
S00146021,135,11
S00146022,75,2
S00146023,108,7
S00146024,88,-
S00146025,82,3
S00146026,87,2
S00146027,103,7
S00146028,133,3
S00146029,133,4
S00146030,99,1
S00146031,120,4
S00146032,71,5
S00146033,62,-
S00146034,70,-
S00146035,70,2
S00146036,90,5
S00146037,85,3
S00146038,94,12
S00146039,92,-
S00146040,98,2
S00146041,105,7
S00146042,75,5
S00146043,76,5
S00146044,86,1
S00146045,73,4
S00146046,118,5
S00146047,72,3
S00146048,79,7
S00146049,74,6
S00146050,85,-
S00146051,92,8
S00146052,61,1
S00146053,58,4
S00146054,74,-
S00146055,74,6
S00146056,105,4
S00146057,138,4
S00146058,123,7
S00146059,115,5
S00146060,60,2
S00146061,100,1
S00146062,79,7
S00146063,67,-
S00146064,115,-
S00146065,77,6
S00146066,78,5
S00146067,89,1
S00146068,82,5
S00146069,119,9
S00146070,112,8
S00146071,78,8
S00146072,88,8
S00146073,83,3
S00146074,105,4
S00146075,86,2
S00146076,69,2
S00146077,171,8
S00146078,88,2
S00146079,54,6
S00146080,115,3
S00146081,133,7
S00146082,109,7
S00146083,79,-
S00146084,93,2
S00146085,78,7
S00146086,89,5
S00146087,60,3
S00146088,87,-
S00146089,81,4
S00146090,105,4
S00146091,71,3
S00146092,110,7
S00146093,115,2
S00146094,128,3
S00146095,92,3
S00146096,105,4
S00146097,56,-
S00146098,86,2
S00146099,159,3
S00146100,57,3
S00146101,92,2
S00146102,65,2
S00146103,115,8
S00146104,85,3
S00146105,77,4
S00146106,104,3
S00146107,89,5
S00146108,104,10
S00146109,75,2
S00146110,109,10
S00146111,147,9
S00146112,56,1
S00146113,64,3
S00146114,72,1
S00146115,79,7
S00146116,83,4
S00146117,74,4
S00146118,78,4
S00146119,121,1
S00146120,98,2
S00146121,111,5
S00146122,106,5
S00146123,152,9
S00146124,84,2
S00146125,107,4
S00146126,43,1
S00146127,103,1
S00146128,95,3
S00146129,95,5
S00146130,112,11
S00146131,84,4
S00146132,88,-
S00146133,65,4
S00146134,116,3
S00146135,142,9
S00146136,108,1
S00146137,94,5
S00146138,89,2
S00146139,65,-
S00146140,67,4
S00146141,56,-
S00146142,93,2
S00146143,51,1
S00146144,51,2
S00146145,91,3
S00146146,93,2
S00146147,110,4
S00146148,72,3
S00146149,81,2
S00146150,140,5
S00146151,125,4
S00146152,70,2
S00146153,135,10
S00146154,76,4
S00146155,152,12
S00146156,72,-
S00146157,84,1
S00146158,127,7
S00146159,98,4
S00146160,96,6
S00146161,63,4
S00146162,116,1
S00146163,144,8
S00146164,88,7
S00146165,67,4
S00146166,60,2
S00146167,59,-
S00146168,76,3
S00146169,95,3
S00146170,78,7
S00146171,80,4
S00146172,131,2
S00146173,117,5
S00146174,70,3
S00146175,143,5
S00146176,74,2
S00146177,132,3
S00146178,134,5
S00146179,95,7
S00146180,134,8
S00146181,150,5
S00146182,130,2
S00146183,97,2
S00146184,69,1
S00146185,73,2
S00146186,156,-
S00146187,142,9
S00146188,70,-
S00146189,81,4
S00146190,120,5
S00146191,137,5
S00146192,57,5
S00146193,114,6
S00146194,88,3
S00146195,76,3
S00146196,89,4
S00146197,110,1
S00146198,152,4
S00146199,131,4
S00146200,110,3
S00146201,112,2
S00146202,88,1
S00146203,139,6
S00146204,104,4
S00146205,56,3
S00146206,123,6
S00146207,57,2
S00146208,79,1
S00146209,159,7
S00146210,59,3
S00146211,96,-
S00146212,71,-
S00146213,74,2
S00146214,61,-
S00146215,69,1
S00146216,95,6
S00146217,62,1
S00146218,78,4
S00146219,123,8
S00146220,103,3
S00146221,133,5
S00146222,77,-
S00146223,134,6
S00146224,96,4
S00146225,62,3
S00146226,113,1
S00146227,124,5
S00146228,143,2
S00146229,125,8
S00146230,122,4
S00146231,127,6
S00146232,106,5
S00146233,162,11
S00146234,114,5
S00146235,80,1
S00146236,121,3
S00146237,78,1
S00146238,120,5
S00146239,87,3
S00146240,72,3
S00146241,143,8
S00146242,59,1
S00146243,69,9
S00146244,85,5
S00146245,103,4
S00146246,54,-
S00146247,112,7
S00146248,56,2
S00146249,115,2
S00146250,122,6
S00146251,53,3
S00146252,149,-
S00146253,96,5
S00146254,101,5
S00146255,63,8
S00146256,69,4
S00146257,81,4
S00146258,120,6
S00146259,61,3
S00146260,126,3
S00146261,87,1
S00146262,106,5
S00146263,106,5
S00146264,152,9
S00146265,59,4
S00146266,148,6
S00146267,150,5
S00146268,94,1
S00146269,85,1
S00146270,88,5
S00146271,129,4
S00146272,115,5
S00146273,133,12
S00146274,85,2
S00146275,66,4
S00146276,111,1
S00146277,115,7
S00146278,97,2
S00146279,121,8
S00146280,101,5
S00146281,99,1
S00146282,91,4
S00146283,129,4
S00146284,108,6
S00146285,111,4
S00146286,144,3
S00146287,78,6
S00146288,55,3
S00146289,163,2
S00146290,97,1
S00146291,68,4
S00146292,71,2
S00146293,74,1
S00146294,72,4
S00146295,121,4
S00146296,172,13
S00146297,98,8
S00146298,115,6
S00146299,130,6
S00146300,60,3
S00146301,64,-
S00146302,95,4
S00146303,81,1
S00146304,118,16
S00146305,48,2
S00146306,111,5
S00146307,111,-
S00146308,104,-
S00146309,92,3
S00146310,97,2
S00146311,123,7
S00146312,78,4
S00146313,155,-
S00146314,91,5
S00146315,70,5
S00146316,85,2
S00146317,102,3
S00146318,63,2
S00146319,104,1
S00146320,120,4
S00146321,73,-
S00146322,100,-
S00146323,93,2
S00146324,86,-
S00146325,129,4
S00146326,86,3
S00146327,85,4
S00146328,91,4
S00146329,84,1
S00146330,90,1
S00146331,73,2
S00146332,86,3
S00146333,132,7
S00146334,66,1
S00146335,110,3
S00146336,105,2
S00146337,86,2
S00146338,105,2
S00146339,99,3
S00146340,97,4
S00146341,50,3
S00146342,144,4
S00146343,115,5
S00146344,134,7
S00146345,91,10
S00146346,56,1
S00146347,84,4
S00146348,121,-
S00146349,91,8
S00146350,91,3
S00146351,69,3
S00146352,109,3
S00146353,132,3
S00146354,126,9
S00146355,142,5
S00146356,99,5
S00146357,78,1
S00146358,85,-
S00146359,73,7
S00146360,105,8
S00146361,132,-
S00146362,96,-
S00146363,83,2
S00146364,72,3
S00146365,101,4
S00146366,135,9
S00146367,98,3
S00146368,107,4
S00146369,106,17
S00146370,90,1
S00146371,82,1
S00146372,84,-
S00146373,108,6
S00146374,59,4
S00146375,139,15
S00146376,93,3
S00146377,99,4
S00146378,53,2
S00146379,89,3
S00146380,81,2
S00146381,72,1
S00146382,91,9
S00146383,102,3
S00146384,72,5
S00146385,87,5
S00146386,119,10
S00146387,149,6
S00146388,70,3
S00146389,98,3
S00146390,89,2
S00146391,53,2
S00146392,62,1
S00146393,83,6
S00146394,99,3
S00146395,98,4
S00146396,94,7
S00146397,112,5
S00146398,59,4
S00146399,111,10
S00146400,148,18
S00146401,90,3
S00146402,88,2
S00146403,86,3
S00146404,69,2
S00146405,141,8
S00146406,90,6
S00146407,114,5
S00146408,94,4
S00146409,130,6
S00146410,69,5
S00146411,106,4
S00146412,73,2
S00146413,69,2
S00146414,58,5
S00146415,76,3
S00146416,78,5
S00146417,97,4
S00146418,81,4
S00146419,65,2
S00146420,55,3
S00146421,162,11
S00146422,105,6
S00146423,64,2
S00146424,110,8
S00146425,141,6
S00146426,82,4
S00146427,65,4
S00146428,114,9
S00146429,142,5
S00146430,123,2
S00146431,125,2
S00146432,85,4
S00146433,49,-
S00146434,68,-
S00146435,124,6
S00146436,114,6
S00146437,125,8
S00146438,64,4
S00146439,63,3
S00146440,58,-
S00146441,159,12
S00146442,84,1
S00146443,65,1
S00146444,67,-
S00146445,100,8
S00146446,68,-
S00146447,126,4
S00146448,87,6
S00146449,190,6
S00146450,119,7
S00146451,89,10
S00146452,77,1
S00146453,139,7
S00146454,95,3
S00146455,73,6
S00146456,61,6
S00146457,69,2
S00146458,94,3
S00146459,77,5
S00146460,63,4
S00146461,95,8
S00146462,75,3
S00146463,129,2
S00146464,90,4
S00146465,112,8
S00146466,113,4
S00146467,163,7
S00146468,122,10
S00146469,70,6
S00146470,113,6
S00146471,113,10
S00146472,153,2
S00146473,72,11
S00146474,121,4
S00146475,112,11
S00146476,153,9
S00146477,71,5
S00146478,79,4
S00146479,129,16
S00146480,63,3
S00146481,85,3
S00146482,75,-
S00146483,77,4
S00146484,203,2
S00146485,93,5
S00146486,95,7
S00146487,127,9
S00146488,89,4
S00146489,103,9
S00146490,71,4
S00146491,102,2
S00146492,106,4
S00146493,68,3
S00146494,69,2
S00146495,115,6
S00146496,57,1
S00146497,61,1
S00146498,129,4
S00146499,99,11
S00146500,135,7
S00146501,119,10
S00146502,160,7
S00146503,118,-
S00146504,153,8
S00146505,101,7
S00146506,98,2
S00146507,91,8
S00146508,150,11
S00146509,69,1
S00146510,104,3
S00146511,47,2
S00146512,101,3
S00146513,84,2
S00146514,111,3
S00146515,55,1
S00146516,109,6
S00146517,59,1
S00146518,118,5
S00146519,49,3
S00146520,156,5
S00146521,94,2
S00146522,105,12
S00146523,94,3
S00146524,69,5
S00146525,149,2
S00146526,119,12
S00146527,99,5
S00146528,108,9
S00146529,125,5
S00146530,115,5
S00146531,76,2
S00146532,82,11
S00146533,71,1
S00146534,98,4
S00146535,173,5
S00146536,95,6
S00146537,137,11
S00146538,84,20
S00146539,110,11
S00146540,232,1
S00146541,70,5
S00146542,78,5
S00146543,134,7
S00146544,96,4
S00146545,77,13
S00146546,97,3
S00146547,100,20
S00146548,109,-
S00146549,91,6
S00146550,103,12
S00146551,89,4
S00146552,63,2
S00146553,102,5
S00146554,101,6
S00146555,130,10
S00146556,91,2
S00146557,137,6
S00146558,105,4
S00146559,102,5
S00146560,68,3
S00146561,126,3
S00146562,117,3
S00146563,88,4
S00146564,111,2
S00146565,98,9
S00146566,48,1
S00146567,59,3
S00146568,93,10
S00146569,105,-
S00146570,133,11
S00146571,97,7
S00146572,135,14
S00146573,92,6
S00146574,61,5
S00146575,67,3
S00146576,72,7
S00146577,85,7
S00146578,63,7
S00146579,62,2
S00146580,68,1
S00146581,100,7
S00146582,121,3
S00146583,68,3
S00146584,60,-
S00146585,89,1
S00146586,71,5
S00146587,81,7
S00146588,87,8
S00146589,92,4
S00146590,89,-
S00146591,57,3
S00146592,140,7
S00146593,99,6
S00146594,143,8
S00146595,92,14
S00146596,101,8
S00146597,145,1
S00146598,87,3
S00146599,72,3
S00146600,100,5
S00146601,73,12
S00146602,77,2
S00146603,96,5
S00146604,86,4
S00146605,59,5
S00146606,93,6
S00146607,139,2
S00146608,96,6
S00146609,96,-
S00146610,84,4
S00146611,139,9
S00146612,82,3
S00146613,83,5
S00146614,65,5
S00146615,59,2
S00146616,53,6
S00146617,69,3
S00146618,106,6
S00146619,76,4
S00146620,63,8
S00146621,71,4
S00146622,121,11
S00146623,76,3
S00146624,72,2
S00146625,59,-
S00146626,105,7
S00146627,124,10
S00146628,151,9
S00146629,106,10
S00146630,101,4
S00146631,136,4
S00146632,67,2
S00146633,77,-
S00146634,116,7
S00146635,91,8
S00146636,109,1
S00146637,108,7
S00146638,106,1
S00146639,91,10
S00146640,68,4
S00146641,115,10
S00146642,84,9
S00146643,130,6
S00146644,96,4
S00146645,94,6
S00146646,111,4
S00146647,108,2
S00146648,53,-
S00146649,86,1
S00146650,85,4
S00146651,66,3
S00146652,79,3
S00146653,96,1
S00146654,65,7
S00146655,87,4
S00146656,135,11
S00146657,139,5
S00146658,205,4
S00146659,84,5
S00146660,122,5
S00146661,128,16
S00146662,99,5
S00146663,66,5
S00146664,96,4
S00146665,85,2
S00146666,139,6
S00146667,84,3
S00146668,99,1
S00146669,50,5
S00146670,66,2
S00146671,122,2
S00146672,92,7
S00146673,107,9
S00146674,109,1
S00146675,74,5
S00146676,138,1
S00146677,83,4
S00146678,67,-
S00146679,75,13
S00146680,74,2
S00146681,133,6
S00146682,104,2
S00146683,64,2
S00146684,112,2
S00146685,140,2
S00146686,127,10
S00146687,131,6
S00146688,91,2
S00146689,75,3
S00146690,82,3
S00146691,102,3
S00146692,101,6
S00146693,89,4
S00146694,86,4
S00146695,52,3
S00146696,104,5
S00146697,66,-
S00146698,73,3
S00146699,102,3
S00146700,81,3
S00146701,111,-
S00146702,83,1
S00146703,147,4
S00146704,81,6
S00146705,87,2
S00146706,67,3
S00146707,112,8
S00146708,120,5
S00146709,94,-
S00146710,123,4
S00146711,116,7
S00146712,101,7
S00146713,159,38
S00146714,106,7
S00146715,104,6
S00146716,108,4
S00146717,92,1
S00146718,68,-
S00146719,68,-
S00146720,121,8
S00146721,90,4
S00146722,121,5
S00146723,106,-
S00146724,143,-
S00146725,69,1
S00146726,164,2
S00146727,89,-
S00146728,92,-
S00146729,148,8
S00146730,150,3
S00146731,135,2
S00146732,92,2
S00146733,93,2
S00146734,101,2
S00146735,121,5
S00146736,103,5
S00146737,120,5
S00146738,68,-
S00146739,87,3
S00146740,136,7
S00146741,145,2
S00146742,118,4
S00146743,106,-
S00146744,93,5
S00146745,108,7
S00146746,145,5
S00146747,81,2
S00146748,69,-
S00146749,102,7
S00146750,95,3
S00146751,163,4
S00146752,107,2
S00146753,114,2
S00146754,58,5
S00146755,57,-
S00146756,116,7
S00146757,74,4
S00146758,108,4
S00146759,112,7
S00146760,103,1
S00146761,146,3
S00146762,125,10
S00146763,114,-
S00146764,118,6
S00146765,58,-
S00146766,83,4
S00146767,96,-
S00146768,107,5
S00146769,71,1
S00146770,76,3
S00146771,101,4
S00146772,100,6
S00146773,64,4
S00146774,137,4
S00146775,107,6
S00146776,109,4
S00146777,121,7
S00146778,63,4
S00146779,73,2
S00146780,97,5
S00146781,171,6
S00146782,125,6
S00146783,71,3
S00146784,136,8
S00146785,111,8
S00146786,80,1
S00146787,97,-
S00146788,133,8
S00146789,55,1
S00146790,146,11
S00146791,80,4
S00146792,61,4
S00146793,83,2
S00146794,90,5
S00146795,95,6
S00146796,129,7
S00146797,66,3
S00146798,113,1
S00146799,103,5
S00146800,91,2
S00146801,63,3
S00146802,83,7
S00146803,120,3
S00146804,80,2
S00146805,83,4
S00146806,69,4
S00146807,58,4
S00146808,81,-
S00146809,81,4
S00146810,129,1
S00146811,76,2
S00146812,74,-
S00146813,96,4
S00146814,77,8
S00146815,106,-
S00146816,70,2
S00146817,131,6
S00146818,119,10
S00146819,64,1
S00146820,134,1
S00146821,66,2
S00146822,106,3
S00146823,68,4
S00146824,82,3
S00146825,80,7
S00146826,63,4
S00146827,110,5
S00146828,73,4
S00146829,70,-
S00146830,71,2
S00146831,74,1
S00146832,73,3
S00146833,93,3
S00146834,55,2
S00146835,108,6
S00146836,113,1
S00146837,96,4
S00146838,68,3
S00146839,47,1
S00146840,67,3
S00146841,77,6
S00146842,117,4
S00146843,71,4
S00146844,76,2
S00146845,177,5
S00146846,149,2
S00146847,139,2
S00146848,77,6
S00146849,139,8
S00146850,109,3
S00146851,139,-
S00146852,67,3
S00146853,53,-
S00146854,143,1
S00146855,115,4
S00146856,66,5
S00146857,63,3
S00146858,111,5
S00146859,66,1
S00146860,95,7
S00146861,74,3
S00146862,87,5
S00146863,89,5
S00146864,73,2
S00146865,64,1
S00146866,90,-
S00146867,75,3
S00146868,68,6
S00146869,124,1
S00146870,56,-
S00146871,77,1
S00146872,90,4
S00146873,94,6
S00146874,87,4
S00146875,79,-
S00146876,109,4
S00146877,90,7
S00146878,60,3
S00146879,94,2
S00146880,135,8
S00146881,69,2
S00146882,101,8
S00146883,69,3
S00146884,99,8
S00146885,95,2
S00146886,95,7
S00146887,136,3
S00146888,69,2
S00146889,90,3
S00146890,101,6
S00146891,114,3
S00146892,108,8
S00146893,77,2
S00146894,131,2
S00146895,81,4
S00146896,69,4
S00146897,94,3
S00146898,80,4
S00146899,59,1
S00146900,97,2
S00146901,89,-
S00146902,118,5
S00146903,86,11
S00146904,68,2
S00146905,98,6
S00146906,106,3
S00146907,82,2
S00146908,107,3
S00146909,81,3
S00146910,68,-
S00146911,76,2
S00146912,66,1
S00146913,115,5
S00146914,97,5
S00146915,109,-
S00146916,92,4
S00146917,59,3
S00146918,119,2
S00146919,118,-
S00146920,92,2
S00146921,84,3
S00146922,133,6
S00146923,123,4
S00146924,43,1
S00146925,86,4
S00146926,80,2
S00146927,101,6
S00146928,72,-
S00146929,119,2
S00146930,89,5
S00146931,58,1
S00146932,103,2
S00146933,106,4
S00146934,98,3
S00146935,67,3
S00146936,116,4
S00146937,59,1
S00146938,104,2
S00146939,84,7
S00146940,71,3
S00146941,110,3
S00146942,79,8
S00146943,58,2
S00146944,59,7
S00146945,114,4
S00146946,149,10
S00146947,83,4
S00146948,84,1
S00146949,94,2
S00146950,56,3
S00146951,89,-
S00146952,79,3
S00146953,122,4
S00146954,116,6
S00146955,88,4
S00146956,81,1
S00146957,68,1
S00146958,75,3
S00146959,112,5
S00146960,73,3
S00146961,144,5
S00146962,106,2
S00146963,77,5
S00146964,153,3
S00146965,138,7
S00146966,124,5
S00146967,112,3
S00146968,78,4
S00146969,135,1
S00146970,121,9
S00146971,69,2
S00146972,91,5
S00146973,71,1
S00146974,81,3
S00146975,141,8
S00146976,142,5
S00146977,150,6
S00146978,140,4
S00146979,82,3
S00146980,62,3
S00146981,91,5
S00146982,117,5
S00146983,71,1
S00146984,85,5
S00146985,74,4
S00146986,86,7
S00146987,109,7
S00146988,93,8
S00146989,133,4
S00146990,63,5
S00146991,61,1
S00146992,70,2
S00146993,81,2
S00146994,70,2
S00146995,102,4
S00146996,144,4
S00146997,133,3
S00146998,66,2
S00146999,71,3
S00147000,92,5
S00147001,62,7
S00147002,86,1
S00147003,68,5
S00147004,88,3
S00147005,111,3
S00147006,60,4
S00147007,120,1
S00147008,101,5
S00147009,117,2
S00147010,114,7
S00147011,73,1
S00147012,97,3
S00147013,88,5
S00147014,59,1
S00147015,110,5
S00147016,136,1
S00147017,141,3
S00147018,90,4
S00147019,141,3
S00147020,123,1
S00147021,134,4
S00147022,65,5
S00147023,103,1
S00147024,77,3
S00147025,111,1
S00147026,75,1
S00147027,78,2
S00147028,118,4
S00147029,99,6
S00147030,59,-
S00147031,88,6
S00147032,137,5
S00147033,50,4
S00147034,69,4
S00147035,163,7
S00147036,78,-
S00147037,84,5
S00147038,71,10
S00147039,77,4
S00147040,62,4
S00147041,145,3
S00147042,65,-
S00147043,127,5
S00147044,80,3
S00147045,87,-
S00147046,110,4
S00147047,84,5
S00147048,96,4
S00147049,118,4
S00147050,76,1
S00147051,127,4
S00147052,120,-
S00147053,87,-
S00147054,82,5
S00147055,87,3
S00147056,75,-
S00147057,100,2
S00147058,74,1
S00147059,111,4
S00147060,70,3
S00147061,53,-
S00147062,98,8
S00147063,79,5
S00147064,74,4
S00147065,96,3
S00147066,67,1
S00147067,56,2
S00147068,102,-
S00147069,106,6
S00147070,69,1
S00147071,69,2
S00147072,96,5
S00147073,82,-
S00147074,105,2
S00147075,92,5
S00147076,85,5
S00147077,119,2
S00147078,119,2
S00147079,108,4
S00147080,82,1
S00147081,108,4
S00147082,76,1
S00147083,70,4
S00147084,80,6
S00147085,85,4
S00147086,61,6
S00147087,121,7
S00147088,122,3
S00147089,58,4
S00147090,91,-
S00147091,89,1
S00147092,99,5
S00147093,104,5
S00147094,75,-
S00147095,61,1
S00147096,67,3
S00147097,70,2
S00147098,76,5
S00147099,66,2
S00147100,64,5
S00147101,102,4
S00147102,84,2
S00147103,100,7
S00147104,72,-
S00147105,85,11
S00147106,75,6
S00147107,88,2
S00147108,85,4
S00147109,51,5
S00147110,91,7
S00147111,86,3
S00147112,78,6
S00147113,52,4
S00147114,100,2
S00147115,100,-
S00147116,90,3
S00147117,92,10
S00147118,98,7
S00147119,95,19
S00147120,63,1
S00147121,75,6
S00147122,76,3
S00147123,102,2
S00147124,127,6
S00147125,99,7
S00147126,55,3
S00147127,121,5
S00147128,84,9
S00147129,121,3
S00147130,133,4
S00147131,72,3
S00147132,134,10
S00147133,67,4
S00147134,74,3
S00147135,76,-
S00147136,75,3
S00147137,67,9
S00147138,94,3
S00147139,122,6
S00147140,73,-
S00147141,147,4
S00147142,87,3
S00147143,74,2
S00147144,133,6
S00147145,96,8
S00147146,83,2
S00147147,118,17
S00147148,73,-
S00147149,134,7
S00147150,69,1
S00147151,79,4
S00147152,108,1
S00147153,80,3
S00147154,107,3
S00147155,49,5
S00147156,114,5
S00147157,106,3
S00147158,62,6
S00147159,110,4
S00147160,116,7
S00147161,74,2
S00147162,59,3
S00147163,79,3
S00147164,94,5
S00147165,80,4
S00147166,123,3
S00147167,105,8
S00147168,65,-
S00147169,125,3
S00147170,103,-
S00147171,61,5
S00147172,59,1
S00147173,109,4
S00147174,61,3
S00147175,62,2
S00147176,94,1
S00147177,116,2
S00147178,109,4
S00147179,78,4
S00147180,62,1
S00147181,131,7
S00147182,88,3
S00147183,98,4
S00147184,129,8
S00147185,102,-
S00147186,151,8
S00147187,119,8
S00147188,62,3
S00147189,117,7
S00147190,94,1
S00147191,105,2
S00147192,115,13
S00147193,85,4
S00147194,112,8
S00147195,104,4
S00147196,71,3
S00147197,65,5
S00147198,60,-
S00147199,99,2
S00147200,53,2
S00147201,82,3
S00147202,142,2
S00147203,100,1
S00147204,105,4
S00147205,93,4
S00147206,133,3
S00147207,69,3
S00147208,93,3
S00147209,89,1
S00147210,93,3
S00147211,73,4
S00147212,72,2
S00147213,131,3
S00147214,112,2
S00147215,63,1
S00147216,77,-
S00147217,72,3
S00147218,68,1
S00147219,81,5
S00147220,74,5
S00147221,102,1
S00147222,61,3
S00147223,97,4
S00147224,99,-
S00147225,119,9
S00147226,74,2
S00147227,104,1
S00147228,92,2
S00147229,61,5
S00147230,93,3
S00147231,142,4
S00147232,123,1
S00147233,107,3
S00147234,132,1
S00147235,53,-
S00147236,120,5
S00147237,59,2
S00147238,106,7
S00147239,58,-
S00147240,60,3
S00147241,87,1
S00147242,79,4
S00147243,86,1
S00147244,98,5
S00147245,72,3
S00147246,94,4
S00147247,76,2
S00147248,95,3
S00147249,95,-
S00147250,119,7
S00147251,78,5
S00147252,94,3
S00147253,147,4
S00147254,105,1
S00147255,138,8
S00147256,107,2
S00147257,90,2
S00147258,82,-
S00147259,93,-
S00147260,81,6
S00147261,64,3
S00147262,61,-
S00147263,79,6
S00147264,66,1
S00147265,68,-
S00147266,134,3
S00147267,78,3
S00147268,85,4
S00147269,70,4
S00147270,103,5
S00147271,79,4
S00147272,82,2
S00147273,98,6
S00147274,85,-
S00147275,77,4
S00147276,91,1
S00147277,127,2
S00147278,64,4
S00147279,97,3
S00147280,124,2
S00147281,58,2
S00147282,147,4
S00147283,144,4
S00147284,70,8
S00147285,86,3
S00147286,51,-
S00147287,76,-
S00147288,88,5
S00147289,57,2
S00147290,111,2
S00147291,64,3
S00147292,75,-
S00147293,111,2
S00147294,85,1
S00147295,134,3
S00147296,94,6
S00147297,72,-
S00147298,77,6
S00147299,63,4
S00147300,70,-
S00147301,77,3
S00147302,81,1
S00147303,141,1
S00147304,110,3
S00147305,60,4
S00147306,57,3
S00147307,126,4
S00147308,82,2
S00147309,119,5
S00147310,78,2
S00147311,90,1
S00147312,95,2
S00147313,60,-
S00147314,69,2
S00147315,112,3
S00147316,69,-
S00147317,67,2
S00147318,69,6
S00147319,104,3
S00147320,98,4
S00147321,104,2
S00147322,64,3
S00147323,142,7
S00147324,81,1
S00147325,60,-
S00147326,107,1
S00147327,95,3
S00147328,74,1
S00147329,55,4
S00147330,157,15
S00147331,134,11
S00147332,133,12
S00147333,175,15
S00147334,164,7
S00147335,94,4
S00147336,103,4
S00147337,74,4
S00147338,94,8
S00147339,68,4
S00147340,135,8
S00147341,75,2
S00147342,88,3
S00147343,105,12
S00147344,103,10
S00147345,96,5
S00147346,103,5
S00147347,67,3
S00147348,69,4
S00147349,118,10
S00147350,64,2
S00147351,159,11
S00147352,86,4
S00147353,121,8
S00147354,97,7
S00147355,81,8
S00147356,77,4
S00147357,124,9
S00147358,79,6
S00147359,108,7
S00147360,160,24
S00147361,104,10
S00147362,90,6
S00147363,162,13
S00147364,51,2
S00147365,140,3
S00147366,152,6
S00147367,136,14
S00147368,67,11
S00147369,121,8
S00147370,80,4
S00147371,142,13
S00147372,105,8
S00147373,66,2
S00147374,144,15
S00147375,97,7
S00147376,80,4
S00147377,86,6
S00147378,125,10
S00147379,130,7
S00147380,75,6
S00147381,113,7
S00147382,107,6
S00147383,177,14
S00147384,111,5
S00147385,50,5
S00147386,115,7
S00147387,71,4
S00147388,79,4
S00147389,89,6
S00147390,129,16
S00147391,47,1
S00147392,95,23
S00147393,137,12
S00147394,98,13
S00147395,69,3
S00147396,65,5
S00147397,100,5
S00147398,84,5
S00147399,132,11
S00147400,85,6
S00147401,119,18
S00147402,93,-
S00147403,73,1
S00147404,142,10
S00147405,79,6
S00147406,137,12
S00147407,81,20
S00147408,75,4
S00147409,104,16
S00147410,70,2
S00147411,72,9
S00147412,92,3
S00147413,96,7
S00147414,78,7
S00147415,115,14
S00147416,56,1
S00147417,88,4
S00147418,87,2
S00147419,156,5
S00147420,99,11
S00147421,98,13
S00147422,119,9
S00147423,96,2
S00147424,76,5
S00147425,77,3
S00147426,62,4
S00147427,80,7
S00147428,91,4
S00147429,131,8
S00147430,101,10
S00147431,103,8
S00147432,152,8
S00147433,72,3
S00147434,149,12
S00147435,60,3
S00147436,105,3
S00147437,74,12
S00147438,78,6
S00147439,107,13
S00147440,49,4
S00147441,73,6
S00147442,72,3
S00147443,117,17
S00147444,87,7
S00147445,90,5
S00147446,115,7
S00147447,87,13
S00147448,96,7
S00147449,58,6
S00147450,118,7
S00147451,72,6
S00147452,93,4
S00147453,62,-
S00147454,101,4
S00147455,102,6
S00147456,101,5
S00147457,67,3
S00147458,114,6
S00147459,72,1
S00147460,116,13
S00147461,90,5
S00147462,75,9
S00147463,75,6
S00147464,64,4
S00147465,119,7
S00147466,85,3
S00147467,88,6
S00147468,86,2
S00147469,139,7
S00147470,87,7
S00147471,144,17
S00147472,143,15
S00147473,86,11
S00147474,125,8
S00147475,82,-
S00147476,108,22
S00147477,157,8
S00147478,90,3
S00147479,90,4
S00147480,106,3
S00147481,76,3
S00147482,83,4
S00147483,87,4
S00147484,86,4
S00147485,141,13
S00147486,108,17
S00147487,69,6
S00147488,92,9
S00147489,87,5
S00147490,86,3
S00147491,83,5
S00147492,96,4
S00147493,106,4
S00147494,160,21
S00147495,110,6
S00147496,106,20
S00147497,90,16
S00147498,104,7
S00147499,117,8
S00147500,114,8
S00147501,140,14
S00147502,91,4
S00147503,114,14
S00147504,134,17
S00147505,107,15
S00147506,123,7
S00147507,87,4
S00147508,126,7
S00147509,129,22
S00147510,138,10
S00147511,146,10
S00147512,117,4
S00147513,103,6
S00147514,103,8
S00147515,89,4
S00147516,60,3
S00147517,70,7
S00147518,105,13
S00147519,88,7
S00147520,104,4
S00147521,139,10
S00147522,77,8
S00147523,92,7
S00147524,120,9
S00147525,64,2
S00147526,71,8
S00147527,63,2
S00147528,105,5
S00147529,61,4
S00147530,102,10
S00147531,96,7
S00147532,59,6
S00147533,67,4
S00147534,92,5
S00147535,61,3
S00147536,116,5
S00147537,59,1
S00147538,66,6
S00147539,141,18
S00147540,62,3
S00147541,111,6
S00147542,66,-
S00147543,71,6
S00147544,119,4
S00147545,125,3
S00147546,121,10
S00147547,94,4
S00147548,77,2
S00147549,69,4
S00147550,82,2
S00147551,76,7
S00147552,94,3
S00147553,71,5
S00147554,122,9
S00147555,113,7
S00147556,89,6
S00147557,98,6
S00147558,82,5
S00147559,100,4
S00147560,62,7
S00147561,68,2
S00147562,106,13
S00147563,82,7
S00147564,89,6
S00147565,90,5
S00147566,89,6
S00147567,66,-
S00147568,92,2
S00147569,65,4
S00147570,83,5
S00147571,94,6
S00147572,134,9
S00147573,95,3
S00147574,67,4
S00147575,90,4
S00147576,64,8
S00147577,78,3
S00147578,81,8
S00147579,67,5
S00147580,78,-
S00147581,76,13
S00147582,77,2
S00147583,90,7
S00147584,84,6
S00147585,40,-
S00147586,110,14
S00147587,60,3
S00147588,103,5
S00147589,80,4
S00147590,66,10
S00147591,66,4
S00147592,88,1
S00147593,75,3
S00147594,119,4
S00147595,110,8
S00147596,130,8
S00147597,120,8
S00147598,82,5
S00147599,70,7
S00147600,62,8
S00147601,93,6
S00147602,102,10
S00147603,76,1
S00147604,78,6
S00147605,66,4
S00147606,105,7
S00147607,88,9
S00147608,89,3
S00147609,66,4
S00147610,71,8
S00147611,120,11
S00147612,62,4
S00147613,74,1
S00147614,80,1
S00147615,91,4
S00147616,76,3
S00147617,65,3
S00147618,66,5
S00147619,158,7
S00147620,65,4
S00147621,75,5
S00147622,115,8
S00147623,101,4
S00147624,85,5
S00147625,92,8
S00147626,119,2
S00147627,70,10
S00147628,116,17
S00147629,107,7
S00147630,151,12
S00147631,90,4
S00147632,127,5
S00147633,93,5
S00147634,126,14
S00147635,77,2
S00147636,155,12
S00147637,64,4
S00147638,101,1
S00147639,84,9
S00147640,98,7
S00147641,128,2
S00147642,74,10
S00147643,90,6
S00147644,95,6
S00147645,85,6
S00147646,78,8
S00147647,181,17
S00147648,127,2
S00147649,110,9
S00147650,61,2
S00147651,82,9
S00147652,103,15
S00147653,101,5
S00147654,109,12
S00147655,89,4
S00147656,114,9
S00147657,95,4
S00147658,145,13
S00147659,161,13
S00147660,140,13
S00147661,91,6
S00147662,112,9
S00147663,123,19
S00147664,77,7
S00147665,74,14
S00147666,74,13
S00147667,125,11
S00147668,55,2
S00147669,56,7
S00147670,82,7
S00147671,204,143
S00147672,70,5
S00147673,137,19
S00147674,98,7
S00147675,84,2
S00147676,100,9
S00147677,103,5
S00147678,103,7
S00147679,67,1
S00147680,120,11
S00147681,65,5
S00147682,99,4
S00147683,119,5
S00147684,100,12
S00147685,72,8
S00147686,98,8
S00147687,103,8
S00147688,68,4
S00147689,64,5
S00147690,74,6
S00147691,129,6
S00147692,65,4
S00147693,68,-
S00147694,107,10
S00147695,105,9
S00147696,117,6
S00147697,101,3
S00147698,135,7
S00147699,63,6
S00147700,152,7
S00147701,102,10
S00147702,92,4
S00147703,75,8
S00147704,51,5
S00147705,86,6
S00147706,57,6
S00147707,74,11
S00147708,57,-
S00147709,98,5
S00147710,81,5
S00147711,61,4
S00147712,98,17
S00147713,72,-
S00147714,116,4
S00147715,71,6
S00147716,68,6
S00147717,79,6
S00147718,74,4
S00147719,93,7
S00147720,98,20
S00147721,61,2
S00147722,120,15
S00147723,105,6
S00147724,93,6
S00147725,140,13
S00147726,85,4
S00147727,95,3
S00147728,93,2
S00147729,66,2
S00147730,58,2
S00147731,93,7
S00147732,127,7
S00147733,148,13
S00147734,98,12
S00147735,97,10
S00147736,78,2
S00147737,159,14
S00147738,68,3
S00147739,107,7
S00147740,118,7
S00147741,72,-
S00147742,66,7
S00147743,52,4
S00147744,49,6
S00147745,95,10
S00147746,133,7
S00147747,76,3
S00147748,93,1
S00147749,91,2
S00147750,69,1
S00147751,71,4
S00147752,82,3
S00147753,95,11
S00147754,116,4
S00147755,59,-
S00147756,71,10
S00147757,100,10
S00147758,75,2
S00147759,111,13
S00147760,61,2
S00147761,70,3
S00147762,89,4
S00147763,99,4
S00147764,97,2
S00147765,114,4
S00147766,79,2
S00147767,109,6
S00147768,108,5
S00147769,65,13
S00147770,135,11
S00147771,68,3
S00147772,55,3
S00147773,59,6
S00147774,76,5
S00147775,110,14
S00147776,101,8
S00147777,103,1
S00147778,71,3
S00147779,71,-
S00147780,89,6
S00147781,73,3
S00147782,85,7
S00147783,145,19
S00147784,84,2
S00147785,145,9
S00147786,69,5
S00147787,82,4
S00147788,66,8
S00147789,78,4
S00147790,112,6
S00147791,79,16
S00147792,86,4
S00147793,91,10
S00147794,90,8
S00147795,99,6
S00147796,77,4
S00147797,109,11
S00147798,65,1
S00147799,61,4
S00147800,101,7
S00147801,113,11
S00147802,89,3
S00147803,75,6
S00147804,86,5
S00147805,76,4
S00147806,111,8
S00147807,53,5
S00147808,68,4
S00147809,94,6
S00147810,81,3
S00147811,89,4
S00147812,145,7
S00147813,83,2
S00147814,85,-
S00147815,120,8
S00147816,95,3
S00147817,78,7
S00147818,98,5
S00147819,126,11
S00147820,105,5
S00147821,143,15
S00147822,92,6
S00147823,68,6
S00147824,77,5
S00147825,140,9
S00147826,124,5
S00147827,59,-
S00147828,124,3
S00147829,136,11
S00147830,94,3
S00147831,62,3
S00147832,84,2
S00147833,86,9
S00147834,96,5
S00147835,114,3
S00147836,108,10
S00147837,60,4
S00147838,98,13
S00147839,84,6
S00147840,73,5
S00147841,115,12
S00147842,46,8
S00147843,61,3
S00147844,117,5
S00147845,85,8
S00147846,90,14
S00147847,87,5
S00147848,98,6
S00147849,127,12
S00147850,63,4
S00147851,86,4
S00147852,91,3
S00147853,77,4
S00147854,78,5
S00147855,50,3
S00147856,92,10
S00147857,84,6
S00147858,74,-
S00147859,92,9
S00147860,72,6
S00147861,92,7
S00147862,53,-
S00147863,55,-
S00147864,135,15
S00147865,57,5
S00147866,178,8
S00147867,104,4
S00147868,92,8
S00147869,57,1
S00147870,95,3
S00147871,112,3
S00147872,96,11
S00147873,118,9
S00147874,102,11
S00147875,81,4
S00147876,118,9
S00147877,63,5
S00147878,86,6
S00147879,137,23
S00147880,61,4
S00147881,78,8
S00147882,125,11
S00147883,75,1
S00147884,63,2
S00147885,142,13
S00147886,62,13
S00147887,96,3
S00147888,74,1
S00147889,93,4
S00147890,61,4
S00147891,72,3
S00147892,87,4
S00147893,58,6
S00147894,85,4
S00147895,117,12
S00147896,99,6
S00147897,104,4
S00147898,94,6
S00147899,64,5
S00147900,80,4
S00147901,55,12
S00147902,54,-
S00147903,88,9
S00147904,94,8
S00147905,94,5
S00147906,82,7
S00147907,73,11
S00147908,73,2
S00147909,86,7
S00147910,97,5
S00147911,136,9
S00147912,65,4
S00147913,140,10
S00147914,78,8
S00147915,53,1
S00147916,132,18
S00147917,128,6
S00147918,92,4
S00147919,77,6
S00147920,81,6
S00147921,57,1
S00147922,83,12
S00147923,61,4
S00147924,110,5
S00147925,79,5
S00147926,72,16
S00147927,74,2
S00147928,110,7
S00147929,97,4
S00147930,86,4
S00147931,85,16
S00147932,66,11
S00147933,66,6
S00147934,55,8
S00147935,89,2
S00147936,74,4
S00147937,112,4
S00147938,77,6
S00147939,73,2
S00147940,62,4
S00147941,80,10
S00147942,96,10
S00147943,97,7
S00147944,66,4
S00147945,93,10
S00147946,66,15
S00147947,116,2
S00147948,118,6
S00147949,83,9
S00147950,93,4
S00147951,113,6
S00147952,106,7
S00147953,101,7
S00147954,58,3
S00147955,73,3
S00147956,85,6
S00147957,68,1
S00147958,67,2
S00147959,98,12
S00147960,79,2
S00147961,72,3
S00147962,98,4
S00147963,111,3
S00147964,103,10
S00147965,60,2
S00147966,64,2
S00147967,77,5
S00147968,84,9
S00147969,67,5
S00147970,107,6
S00147971,147,30
S00147972,74,14
S00147973,62,3
S00147974,83,2
S00147975,73,3
S00147976,83,6
S00147977,74,5
S00147978,120,9
S00147979,66,1
S00147980,87,10
S00147981,107,3
S00147982,69,15
S00147983,108,8
S00147984,103,17
S00147985,83,10
S00147986,125,5
S00147987,99,6
S00147988,108,6
S00147989,87,9
S00147990,98,9
S00147991,63,2
S00147992,62,-
S00147993,64,8
S00147994,54,9
S00147995,103,7
S00147996,114,9
S00147997,77,6
S00147998,92,6
S00147999,108,14
S00148000,93,5
S00148001,86,17
S00148002,76,5
S00148003,80,3
S00148004,93,7
S00148005,99,6
S00148006,84,7
S00148007,98,11
S00148008,130,10
S00148009,87,5
S00148010,62,-
S00148011,94,2
S00148012,77,1
S00148013,86,6
S00148014,72,15
S00148015,119,5
S00148016,74,2
S00148017,83,2
S00148018,59,6
S00148019,91,11
S00148020,116,1
S00148021,61,4
S00148022,108,13
S00148023,98,-
S00148024,120,30
S00148025,63,1
S00148026,61,9
S00148027,72,9
S00148028,119,12
S00148029,72,8
S00148030,124,8
S00148031,134,8
S00148032,73,13
S00148033,118,8
S00148034,100,3
S00148035,88,1
S00148036,70,6
S00148037,99,13
S00148038,80,6
S00148039,65,9
S00148040,97,11
S00148041,115,9
S00148042,85,21
S00148043,78,10
S00148044,55,1
S00148045,98,4
S00148046,80,5
S00148047,90,8
S00148048,104,10
S00148049,125,9
S00148050,131,11
S00148051,113,11
S00148052,68,2
S00148053,152,3
S00148054,125,24
S00148055,95,5
S00148056,120,11
S00148057,59,8
S00148058,126,23
S00148059,73,8
S00148060,91,6
S00148061,105,7
S00148062,88,4
S00148063,70,3
S00148064,95,2
S00148065,105,23
S00148066,120,6
S00148067,60,10
S00148068,88,10
S00148069,81,1
S00148070,96,10
S00148071,114,19
S00148072,75,1
S00148073,90,23
S00148074,69,6
S00148075,54,8
S00148076,63,-
S00148077,95,5
S00148078,88,12
S00148079,60,13
S00148080,90,10
S00148081,68,14
S00148082,82,5
S00148083,76,7
S00148084,87,5
S00148085,91,15
S00148086,63,2
S00148087,62,7
S00148088,100,5
S00148089,105,2
S00148090,72,4
S00148091,88,11
S00148092,94,14
S00148093,73,1
S00148094,91,9
S00148095,44,10
S00148096,74,-
S00148097,65,6
S00148098,91,7
S00148099,61,2
S00148100,91,8
S00148101,63,5
S00148102,110,13
S00148103,76,10
S00148104,112,13
S00148105,83,11
S00148106,144,12
S00148107,93,4
S00148108,82,13
S00148109,83,11
S00148110,78,-
S00148111,120,5
S00148112,131,8
S00148113,96,7
S00148114,104,5
S00148115,93,8
S00148116,120,6
S00148117,111,18
S00148118,71,16
S00148119,65,11
S00148120,163,15
S00148121,74,2
S00148122,89,29
S00148123,88,5
S00148124,116,5
S00148125,92,5
S00148126,71,10
S00148127,67,20
S00148128,58,4
S00148129,131,9
S00148130,60,13
S00148131,105,10
S00148132,85,24
S00148133,95,12
S00148134,61,4
S00148135,134,8
S00148136,107,3
S00148137,121,11
S00148138,96,3
S00148139,75,9
S00148140,70,9
S00148141,70,2
S00148142,131,6
S00148143,113,4
S00148144,87,16
S00148145,97,-
S00148146,68,4
S00148147,95,1
S00148148,63,6
S00148149,107,8
S00148150,122,3
S00148151,97,7
S00148152,80,5
S00148153,132,18
S00148154,97,15
S00148155,83,3
S00148156,71,28
S00148157,55,7
S00148158,116,2
S00148159,71,-
S00148160,87,11
S00148161,114,-
S00148162,155,12
S00148163,56,4
S00148164,83,4
S00148165,91,14
S00148166,72,-
S00148167,145,7
S00148168,107,7
S00148169,63,16
S00148170,103,1
S00148171,70,21
S00148172,94,21
S00148173,99,7
S00148174,100,26
S00148175,117,3
S00148176,90,27
S00148177,105,14
S00148178,124,47
S00148179,92,12
S00148180,93,4
S00148181,63,-
S00148182,88,5
S00148183,107,4
S00148184,99,4
S00148185,60,6
S00148186,100,8
S00148187,117,8
S00148188,104,1
S00148189,125,32
S00148190,66,7
S00148191,87,14
S00148192,130,12
S00148193,94,2
S00148194,53,8
S00148195,104,22
S00148196,66,2
S00148197,58,4
S00148198,48,13
S00148199,186,20
S00148200,60,1
S00148201,84,14
S00148202,127,7
S00148203,110,8
S00148204,69,5
S00148205,86,10
S00148206,73,8
S00148207,84,6
S00148208,55,5
S00148209,68,1
S00148210,50,3
S00148211,61,4
S00148212,123,20
S00148213,75,6
S00148214,60,-
S00148215,70,10
S00148216,65,-
S00148217,74,5
S00148218,66,5
S00148219,73,10
S00148220,99,12
S00148221,80,4
S00148222,143,22
S00148223,81,11
S00148224,71,20
S00148225,93,16
S00148226,65,9
S00148227,95,4
S00148228,132,17
S00148229,84,8
S00148230,60,5
S00148231,88,2
S00148232,88,1
S00148233,102,10
S00148234,114,7
S00148235,59,1
S00148236,79,10
S00148237,109,9
S00148238,59,6
S00148239,82,12
S00148240,91,5
S00148241,65,-
S00148242,68,1
S00148243,70,5
S00148244,101,8
S00148245,87,18
S00148246,57,6
S00148247,68,2
S00148248,104,7
S00148249,114,2
S00148250,62,5
S00148251,67,5
S00148252,85,4
S00148253,73,6
S00148254,56,5
S00148255,67,9
S00148256,64,6
S00148257,120,8
S00148258,110,23
S00148259,96,4
S00148260,88,5
S00148261,89,12
S00148262,91,10
S00148263,80,3
S00148264,60,2
S00148265,125,22
S00148266,137,36
S00148267,92,4
S00148268,72,3
S00148269,50,6
S00148270,56,3
S00148271,84,5
S00148272,128,19
S00148273,57,2
S00148274,117,20
S00148275,68,4
S00148276,94,15
S00148277,76,8
S00148278,73,6
S00148279,111,4
S00148280,82,9
S00148281,86,6
S00148282,74,4
S00148283,131,9
S00148284,96,36
S00148285,70,8
S00148286,87,4
S00148287,83,3
S00148288,80,12
S00148289,65,9
S00148290,87,29
S00148291,86,1
S00148292,88,11
S00148293,59,11
S00148294,113,26
S00148295,150,8
S00148296,77,16
S00148297,73,-
S00148298,64,7
S00148299,63,-
S00148300,85,10
S00148301,68,1
S00148302,134,39
S00148303,120,6
S00148304,116,25
S00148305,81,8
S00148306,124,3
S00148307,94,17
S00148308,123,3
S00148309,74,3
S00148310,85,59
S00148311,114,29
S00148312,157,15
S00148313,119,4
S00148314,60,4
S00148315,68,9
S00148316,174,11
S00148317,66,3
S00148318,100,8
S00148319,72,14
S00148320,70,1
S00148321,70,8
S00148322,114,8
S00148323,76,4
S00148324,168,108
S00148325,94,12
S00148326,98,4
S00148327,79,4
S00148328,54,17
S00148329,93,20
S00148330,68,9
S00148331,84,1
S00148332,79,1
S00148333,70,9
S00148334,75,13
S00148335,72,2
S00148336,61,15
S00148337,56,4
S00148338,104,9
S00148339,110,8
S00148340,60,16
S00148341,94,3
S00148342,57,1
S00148343,103,9
S00148344,78,7
S00148345,63,2
S00148346,119,11
S00148347,55,2
S00148348,63,7
S00148349,78,15
S00148350,113,18
S00148351,73,11
S00148352,98,10
S00148353,76,5
S00148354,94,18
S00148355,79,10
S00148356,91,19
S00148357,121,6
S00148358,92,11
S00148359,97,15
S00148360,63,5
S00148361,64,3
S00148362,104,6
S00148363,72,6
S00148364,81,7
S00148365,72,12
S00148366,61,3
S00148367,111,47
S00148368,164,29
S00148369,78,12
S00148370,79,5
S00148371,123,9
S00148372,94,8
S00148373,95,12
S00148374,88,2
S00148375,60,7
S00148376,48,9
S00148377,67,16
S00148378,92,2
S00148379,111,26
S00148380,80,5
S00148381,105,31
S00148382,117,12
S00148383,95,6
S00148384,102,27
S00148385,83,4
S00148386,85,9
S00148387,79,11
S00148388,56,3
S00148389,72,3
S00148390,59,6
S00148391,93,21
S00148392,62,9
S00148393,76,12
S00148394,104,39
S00148395,95,5
S00148396,115,12
S00148397,53,1
S00148398,69,7
S00148399,110,14
S00148400,68,5
S00148401,132,31
S00148402,71,15
S00148403,107,6
S00148404,154,55
S00148405,69,5
S00148406,109,6
S00148407,57,12
S00148408,94,39
S00148409,97,44
S00148410,237,129
S00148411,92,9
S00148412,88,11
S00148413,122,14
S00148414,63,5
S00148415,103,2
S00148416,113,13
S00148417,64,2
S00148418,215,68
S00148419,60,22
S00148420,197,14
S00148421,129,34
S00148422,133,49
S00148423,65,-
S00148424,85,19
S00148425,81,6
S00148426,66,23
S00148427,50,12
S00148428,117,44
S00148429,59,3
S00148430,113,29
S00148431,67,-
S00148432,89,26
S00148433,108,23
S00148434,82,4
S00148435,103,4
S00148436,93,8
S00148437,106,65
S00148438,74,7
S00148439,53,1
S00148440,59,1
S00148441,94,42
S00148442,78,10
S00148443,61,2
S00148444,81,13
S00148445,79,7
S00148446,61,4
S00148447,108,4
S00148448,90,14
S00148449,101,31
S00148450,66,19
S00148451,117,6
S00148452,82,2
S00148453,105,27
S00148454,55,1
S00148455,55,6
S00148456,81,24
S00148457,115,44
S00148458,230,166
S00148459,88,10
S00148460,110,7
S00148461,82,34
S00148462,119,39
S00148463,108,38
S00148464,79,18
S00148465,132,70
S00148466,65,8
S00148467,566,494
S00148468,84,46
S00148469,65,11
S00148470,124,26
S00148471,122,6
S00148472,105,38
S00148473,92,26
S00148474,118,32
S00148475,86,3
S00148476,76,40
S00148477,131,9
S00148478,139,55
S00148479,160,101
S00148480,308,235
S00148481,137,44
S00148482,95,30
S00148483,83,2
S00148484,71,6
S00148485,72,24
S00148486,67,-
S00148487,128,57
S00148488,82,17
S00148489,1237,1219
S00148490,119,20
S00148491,74,24
S00148492,114,30
S00148493,109,28
S00148494,51,20
S00148495,143,96
S00148496,93,13
S00148497,126,12
S00148498,115,31
S00148499,106,56
S00148500,179,155
S00148501,77,27
S00148502,175,137
S00148503,82,15
S00148504,123,52
S00148505,106,21
S00148506,58,25
S00148507,91,25
S00148508,85,8
S00148509,90,18
S00148510,76,40
S00148511,156,104
S00148512,104,12
S00148513,85,2
S00148514,219,152
S00148515,85,47
S00148516,50,11
S00148517,81,2
S00148518,87,4
S00148519,86,18
S00148520,118,7
S00148521,57,14
S00148522,90,42
S00148523,92,17
S00148524,185,102
S00148525,133,68
S00148526,86,15
S00148527,91,37
S00148528,76,32
S00148529,101,54
S00148530,55,22
S00148531,101,24
S00148532,110,53
S00148533,89,10
S00148534,167,128
S00148535,84,28
S00148536,110,15
S00148537,92,21
S00148538,123,41
S00148539,129,20
S00148540,116,85
S00148541,73,29
S00148542,63,3
S00148543,74,21
S00148544,100,27
S00148545,71,36
S00148546,70,28
S00148547,86,25
S00148548,127,16
S00148549,71,4
S00148550,84,51
S00148551,115,18
S00148552,138,10
S00148553,77,1
S00148554,117,98
S00148555,60,30
S00148556,57,34
S00148557,90,40
S00148558,87,36
S00148559,98,72
S00148560,534,492
S00148561,95,-
S00148562,92,20
S00148563,75,2
S00148564,295,214
S00148565,163,127
S00148566,113,6
S00148567,72,52
S00148568,82,1
S00148569,502,458
S00148570,119,78
S00148571,79,7
S00148572,83,2
S00148573,66,17
S00148574,138,23
S00148575,85,26
S00148576,73,37
S00148577,112,6
S00148578,143,102
S00148579,128,38
S00148580,98,7
S00148581,84,15
S00148582,122,50
S00148583,92,1
S00148584,62,10
S00148585,114,17
S00148586,103,53
S00148587,97,83
S00148588,136,10
S00148589,110,9
S00148590,139,11
S00148591,199,167
S00148592,111,51
S00148593,71,51
S00148594,617,576
S00148595,103,66
S00148596,68,20
S00148597,97,13
S00148598,74,29
S00148599,90,57
S00148600,65,28
S00148601,86,33
S00148602,88,11
S00148603,113,68
S00148604,66,25
S00148605,66,11
S00148606,101,33
S00148607,109,37
S00148608,89,34
S00148609,66,41
S00148610,85,24
S00148611,84,11
S00148612,82,32
S00148613,142,85
S00148614,333,271
S00148615,84,34
S00148616,120,50
S00148617,71,25
S00148618,90,24
S00148619,89,26
S00148620,120,38
S00148621,67,29
S00148622,85,27
S00148623,93,37
S00148624,139,40
S00148625,100,27
S00148626,113,32
S00148627,93,59
S00148628,66,46
S00148629,109,24
S00148630,162,44
S00148631,127,63
S00148632,60,19
S00148633,93,40
S00148634,62,15
S00148635,118,51
S00148636,64,18
S00148637,179,13
S00148638,120,8
S00148639,102,5
S00148640,153,8
S00148641,193,13
S00148642,84,3
S00148643,102,7
S00148644,108,3
S00148645,112,3
S00148646,102,7
S00148647,59,6
S00148648,98,7
S00148649,66,3
S00148650,101,9
S00148651,157,9
S00148652,111,6
S00148653,104,7
S00148654,135,6
S00148655,89,3
S00148656,136,9
S00148657,106,3
S00148658,123,5
S00148659,80,12
S00148660,136,10
S00148661,82,4
S00148662,143,5
S00148663,85,3
S00148664,71,2
S00148665,130,7
S00148666,169,15
S00148667,132,13
S00148668,103,1
S00148669,104,7
S00148670,87,-
S00148671,76,5
S00148672,73,4
S00148673,82,10
S00148674,72,7
S00148675,100,2
S00148676,89,2
S00148677,107,6
S00148678,75,6
S00148679,100,2
S00148680,92,12
S00148681,95,12
S00148682,103,8
S00148683,80,4
S00148684,102,7
S00148685,112,7
S00148686,102,1
S00148687,98,2
S00148688,77,10
S00148689,50,1
S00148690,56,2
S00148691,79,10
S00148692,76,6
S00148693,54,2
S00148694,70,2
S00148695,62,2
S00148696,80,3
S00148697,61,5
S00148698,99,2
S00148699,92,6
S00148700,61,7
S00148701,123,7
S00148702,85,9
S00148703,159,16
S00148704,71,2
S00148705,95,2
S00148706,61,2
S00148707,86,3
S00148708,94,8
S00148709,75,7
S00148710,72,4
S00148711,76,5
S00148712,128,9
S00148713,131,11
S00148714,78,4
S00148715,67,6
S00148716,87,3
S00148717,101,7
S00148718,81,2
S00148719,66,2
S00148720,74,4
S00148721,84,12
S00148722,155,14
S00148723,73,11
S00148724,86,10
S00148725,71,3
S00148726,122,7
S00148727,96,9
S00148728,118,10
S00148729,75,6
S00148730,152,4
S00148731,109,9
S00148732,90,1
S00148733,126,10
S00148734,103,7
S00148735,96,4
S00148736,205,6
S00148737,153,13
S00148738,90,6
S00148739,102,9
S00148740,85,5
S00148741,77,7
S00148742,79,4
S00148743,81,10
S00148744,105,9
S00148745,86,4
S00148746,71,5
S00148747,147,6
S00148748,117,12
S00148749,56,4
S00148750,76,3
S00148751,104,12
S00148752,123,6
S00148753,66,5
S00148754,115,4
S00148755,101,7
S00148756,77,3
S00148757,126,7
S00148758,72,2
S00148759,85,4
S00148760,91,3
S00148761,162,6
S00148762,134,6
S00148763,122,12
S00148764,92,5
S00148765,114,2
S00148766,113,3
S00148767,108,5
S00148768,120,9
S00148769,97,8
S00148770,69,2
S00148771,111,11
S00148772,104,10
S00148773,159,7
S00148774,75,6
S00148775,135,11
S00148776,143,11
S00148777,100,7
S00148778,84,18
S00148779,141,7
S00148780,192,27
S00148781,133,5
S00148782,109,11
S00148783,86,8
S00148784,81,10
S00148785,108,5
S00148786,79,4
S00148787,71,7
S00148788,98,13
S00148789,154,17
S00148790,110,2
S00148791,98,11
S00148792,83,-
S00148793,97,3
S00148794,151,11
S00148795,100,-
S00148796,95,5
S00148797,155,4
S00148798,109,6
S00148799,113,3
S00148800,56,1
S00148801,93,13
S00148802,62,3
S00148803,46,1
S00148804,97,11
S00148805,72,3
S00148806,95,4
S00148807,69,8
S00148808,91,5
S00148809,83,2
S00148810,96,13
S00148811,80,5
S00148812,92,2
S00148813,67,8
S00148814,148,14
S00148815,86,8
S00148816,124,17
S00148817,85,6
S00148818,92,3
S00148819,134,10
S00148820,64,-
S00148821,115,6
S00148822,67,5
S00148823,83,1
S00148824,126,8
S00148825,66,7
S00148826,97,9
S00148827,154,10
S00148828,103,9
S00148829,91,-
S00148830,81,4
S00148831,88,7
S00148832,91,7
S00148833,136,8
S00148834,70,5
S00148835,178,11
S00148836,82,6
S00148837,82,2
S00148838,138,3
S00148839,94,3
S00148840,105,5
S00148841,143,15
S00148842,77,4
S00148843,111,2
S00148844,141,8
S00148845,134,9
S00148846,130,12
S00148847,76,11
S00148848,75,7
S00148849,71,3
S00148850,114,6
S00148851,81,6
S00148852,157,11
S00148853,92,3
S00148854,87,8
S00148855,136,6
S00148856,181,14
S00148857,140,22
S00148858,55,6
S00148859,48,3
S00148860,84,6
S00148861,97,5
S00148862,106,8
S00148863,76,1
S00148864,125,1
S00148865,104,7
S00148866,114,15
S00148867,168,12
S00148868,72,7
S00148869,82,2
S00148870,67,3
S00148871,132,11
S00148872,149,10
S00148873,108,6
S00148874,114,10
S00148875,72,10
S00148876,88,8
S00148877,89,8
S00148878,99,12
S00148879,125,11
S00148880,63,5
S00148881,98,2
S00148882,149,9
S00148883,82,7
S00148884,93,4
S00148885,74,4
S00148886,97,14
S00148887,91,10
S00148888,62,5
S00148889,109,8
S00148890,116,13
S00148891,128,18
S00148892,93,7
S00148893,118,6
S00148894,89,10
S00148895,138,8
S00148896,111,10
S00148897,95,4
S00148898,64,3
S00148899,69,2
S00148900,98,7
S00148901,56,3
S00148902,111,9
S00148903,151,8
S00148904,123,10
S00148905,67,5
S00148906,106,11
S00148907,110,8
S00148908,78,4
S00148909,64,10
S00148910,123,11
S00148911,77,7
S00148912,79,3
S00148913,68,8
S00148914,96,1
S00148915,115,12
S00148916,85,6
S00148917,58,3
S00148918,87,2
S00148919,99,6
S00148920,91,3
S00148921,108,6
S00148922,107,6
S00148923,117,10
S00148924,79,4
S00148925,56,4
S00148926,65,3
S00148927,57,5
S00148928,77,8
S00148929,91,6
S00148930,59,2
S00148931,61,4
S00148932,81,4
S00148933,99,8
S00148934,96,8
S00148935,139,13
S00148936,110,10
S00148937,99,9
S00148938,83,5
S00148939,73,2
S00148940,86,3
S00148941,72,8
S00148942,120,5
S00148943,93,4
S00148944,75,5
S00148945,93,7
S00148946,66,3
S00148947,88,5
S00148948,75,6
S00148949,68,-
S00148950,82,2
S00148951,81,4
S00148952,159,13
S00148953,123,3
S00148954,87,6
S00148955,107,5
S00148956,86,3
S00148957,81,3
S00148958,148,8
S00148959,88,3
S00148960,127,6
S00148961,52,-
S00148962,76,2
S00148963,99,9
S00148964,79,1
S00148965,136,6
S00148966,99,5
S00148967,120,6
S00148968,139,3
S00148969,69,3
S00148970,82,6
S00148971,101,6
S00148972,74,9
S00148973,83,8
S00148974,84,8
S00148975,98,4
S00148976,130,11
S00148977,93,9
S00148978,109,12
S00148979,64,1
S00148980,86,3
S00148981,61,2
S00148982,104,5
S00148983,118,10
S00148984,60,4
S00148985,114,6
S00148986,92,5
S00148987,89,3
S00148988,137,7
S00148989,80,-
S00148990,116,4
S00148991,131,5
S00148992,135,10
S00148993,64,3
S00148994,88,3
S00148995,133,7
S00148996,96,6
S00148997,148,9
S00148998,66,1
S00148999,87,7
S00149000,128,9
S00149001,116,5
S00149002,83,6
S00149003,72,3
S00149004,151,4
S00149005,79,2
S00149006,181,16
S00149007,112,7
S00149008,113,10
S00149009,135,7
S00149010,83,2
S00149011,64,8
S00149012,106,6
S00149013,124,5
S00149014,124,7
S00149015,124,5
S00149016,82,4
S00149017,88,11
S00149018,81,9
S00149019,167,7
S00149020,80,-
S00149021,118,7
S00149022,77,4
S00149023,88,6
S00149024,77,-
S00149025,72,3
S00149026,144,9
S00149027,105,6
S00149028,86,6
S00149029,128,10
S00149030,86,3
S00149031,69,2
S00149032,77,4
S00149033,92,5
S00149034,122,4
S00149035,78,5
S00149036,62,4
S00149037,64,1
S00149038,86,2
S00149039,111,4
S00149040,118,8
S00149041,95,6
S00149042,86,6
S00149043,96,7
S00149044,80,8
S00149045,60,-
S00149046,145,9
S00149047,90,11
S00149048,78,5
S00149049,141,4
S00149050,91,3
S00149051,87,4
S00149052,107,3
S00149053,71,7
S00149054,95,8
S00149055,94,8
S00149056,94,6
S00149057,66,5
S00149058,67,3
S00149059,80,3
S00149060,84,4
S00149061,93,5
S00149062,179,13
S00149063,103,6
S00149064,106,5
S00149065,123,10
S00149066,135,12
S00149067,74,8
S00149068,99,4
S00149069,88,2
S00149070,95,5
S00149071,71,1
S00149072,131,4
S00149073,123,14
S00149074,83,5
S00149075,109,5
S00149076,69,1
S00149077,88,1
S00149078,90,6
S00149079,51,2
S00149080,67,3
S00149081,112,-
S00149082,59,4
S00149083,127,4
S00149084,70,13
S00149085,110,3
S00149086,70,1
S00149087,180,10
S00149088,147,11
S00149089,98,-
S00149090,68,5
S00149091,69,2
S00149092,90,2
S00149093,59,6
S00149094,98,2
S00149095,112,7
S00149096,106,4
S00149097,104,8
S00149098,75,8
S00149099,126,6
S00149100,89,2
S00149101,63,5
S00149102,144,5
S00149103,58,3
S00149104,90,2
S00149105,72,3
S00149106,69,8
S00149107,103,3
S00149108,161,10
S00149109,56,2
S00149110,93,6
S00149111,65,4
S00149112,90,5
S00149113,108,3
S00149114,76,9
S00149115,104,-
S00149116,172,11
S00149117,89,4
S00149118,100,6
S00149119,63,2
S00149120,82,3
S00149121,104,8
S00149122,150,7
S00149123,54,4
S00149124,54,-
S00149125,136,11
S00149126,112,2
S00149127,65,8
S00149128,93,4
S00149129,97,4
S00149130,68,3
S00149131,46,1
S00149132,93,6
S00149133,82,5
S00149134,69,8
S00149135,68,4
S00149136,75,3
S00149137,105,8
S00149138,89,6
S00149139,60,3
S00149140,59,2
S00149141,116,9
S00149142,102,2
S00149143,91,9
S00149144,63,2
S00149145,148,17
S00149146,95,5
S00149147,159,1
S00149148,96,6
S00149149,71,4
S00149150,68,9
S00149151,92,6
S00149152,148,13
S00149153,122,10
S00149154,89,6
S00149155,113,6
S00149156,82,4
S00149157,114,5
S00149158,113,3
S00149159,121,3
S00149160,121,4
S00149161,80,1
S00149162,111,6
S00149163,61,4
S00149164,91,7
S00149165,64,2
S00149166,182,23
S00149167,77,1
S00149168,95,7
S00149169,105,5
S00149170,111,4
S00149171,59,2
S00149172,127,13
S00149173,125,5
S00149174,59,1
S00149175,116,6
S00149176,96,9
S00149177,65,2
S00149178,110,5
S00149179,67,5
S00149180,113,15
S00149181,72,1
S00149182,58,1
S00149183,119,15
S00149184,124,9
S00149185,132,5
S00149186,136,5
S00149187,100,2
S00149188,91,3
S00149189,102,2
S00149190,157,14
S00149191,63,2
S00149192,101,5
S00149193,78,2
S00149194,147,8
S00149195,73,3
S00149196,68,1
S00149197,113,4
S00149198,96,11
S00149199,81,-
S00149200,71,3
S00149201,63,2
S00149202,70,4
S00149203,509,4
S00149204,110,4
S00149205,119,4
S00149206,82,6
S00149207,91,4
S00149208,103,8
S00149209,66,7
S00149210,70,3
S00149211,122,8
S00149212,119,10
S00149213,129,4
S00149214,129,4
S00149215,84,7
S00149216,146,4
S00149217,54,1
S00149218,126,5
S00149219,70,3
S00149220,95,3
S00149221,114,5
S00149222,100,8
S00149223,94,7
S00149224,90,3
S00149225,145,17
S00149226,66,1
S00149227,119,12
S00149228,55,-
S00149229,158,12
S00149230,69,6
S00149231,96,7
S00149232,83,12
S00149233,87,4
S00149234,98,13
S00149235,154,10
S00149236,72,5
S00149237,90,3
S00149238,59,3
S00149239,106,6
S00149240,109,12
S00149241,69,6
S00149242,58,1
S00149243,85,-
S00149244,134,6
S00149245,93,7
S00149246,107,7
S00149247,124,7
S00149248,92,2
S00149249,100,2
S00149250,83,6
S00149251,80,5
S00149252,78,1
S00149253,85,4
S00149254,78,6
S00149255,102,4
S00149256,68,-
S00149257,88,7
S00149258,113,8
S00149259,77,3
S00149260,91,4
S00149261,84,3
S00149262,65,2
S00149263,85,6
S00149264,89,2
S00149265,112,4
S00149266,158,8
S00149267,68,4
S00149268,90,4
S00149269,99,9
S00149270,68,4
S00149271,57,2
S00149272,115,3
S00149273,102,4
S00149274,102,1
S00149275,61,5
S00149276,96,3
S00149277,108,10
S00149278,93,4
S00149279,85,4
S00149280,89,7
S00149281,114,5
S00149282,105,5
S00149283,81,5
S00149284,119,5
S00149285,54,5
S00149286,79,5
S00149287,58,8
S00149288,81,3
S00149289,75,7
S00149290,62,3
S00149291,60,3
S00149292,81,-
S00149293,147,11
S00149294,83,2
S00149295,111,7
S00149296,130,4
S00149297,59,4
S00149298,63,4
S00149299,122,12
S00149300,106,3
S00149301,85,4
S00149302,59,3
S00149303,93,7
S00149304,103,11
S00149305,108,3
S00149306,102,14
S00149307,93,8
S00149308,72,4
S00149309,103,14
S00149310,93,7
S00149311,110,11
S00149312,90,7
S00149313,71,10
S00149314,86,3
S00149315,74,3
S00149316,99,3
S00149317,92,5
S00149318,62,3
S00149319,80,4
S00149320,78,4
S00149321,113,10
S00149322,82,7
S00149323,77,4
S00149324,78,5
S00149325,80,9
S00149326,93,13
S00149327,58,-
S00149328,129,20
S00149329,76,6
S00149330,88,7
S00149331,58,5
S00149332,87,9
S00149333,89,6
S00149334,65,5
S00149335,80,7
S00149336,60,3
S00149337,62,1
S00149338,112,8
S00149339,89,1
S00149340,127,10
S00149341,113,4
S00149342,62,4
S00149343,93,2
S00149344,108,2
S00149345,78,2
S00149346,78,2
S00149347,84,2
S00149348,114,3
S00149349,108,11
S00149350,91,2
S00149351,118,6
S00149352,80,5
S00149353,81,4
S00149354,99,3
S00149355,122,8
S00149356,122,2
S00149357,90,11
S00149358,94,-
S00149359,153,9
S00149360,116,3
S00149361,124,3
S00149362,126,5
S00149363,88,2
S00149364,117,14
S00149365,96,1
S00149366,69,2
S00149367,108,-
S00149368,109,4
S00149369,91,1
S00149370,111,1
S00149371,113,7
S00149372,65,2
S00149373,69,1
S00149374,92,8
S00149375,99,1
S00149376,134,10
S00149377,61,3
S00149378,116,4
S00149379,80,4
S00149380,104,2
S00149381,74,1
S00149382,63,5
S00149383,95,6
S00149384,145,9
S00149385,136,3
S00149386,84,4
S00149387,56,3
S00149388,84,3
S00149389,74,2
S00149390,101,6
S00149391,60,1
S00149392,112,6
S00149393,77,3
S00149394,114,7
S00149395,166,7
S00149396,91,-
S00149397,101,5
S00149398,104,-
S00149399,94,1
S00149400,87,4
S00149401,97,7
S00149402,64,-
S00149403,71,3
S00149404,82,11
S00149405,78,5
S00149406,79,10
S00149407,75,-
S00149408,78,5
S00149409,54,6
S00149410,140,7
S00149411,95,5
S00149412,89,5
S00149413,115,8
S00149414,95,2
S00149415,75,5
S00149416,120,6
S00149417,57,6
S00149418,87,9
S00149419,93,4
S00149420,105,11
S00149421,44,1
S00149422,105,7
S00149423,77,7
S00149424,76,7
S00149425,128,4
S00149426,53,3
S00149427,79,4
S00149428,63,3
S00149429,95,1
S00149430,74,-
S00149431,112,7
S00149432,155,4
S00149433,77,3
S00149434,139,10
S00149435,72,8
S00149436,103,11
S00149437,76,4
S00149438,64,6
S00149439,71,2
S00149440,67,5
S00149441,97,6
S00149442,91,5
S00149443,63,5
S00149444,98,2
S00149445,92,4
S00149446,73,5
S00149447,88,2
S00149448,111,5
S00149449,90,5
S00149450,130,7
S00149451,89,11
S00149452,88,-
S00149453,147,6
S00149454,73,2
S00149455,110,3
S00149456,87,1
S00149457,120,3
S00149458,78,4
S00149459,125,9
S00149460,93,5
S00149461,125,6
S00149462,185,15
S00149463,77,-
S00149464,62,2
S00149465,74,3
S00149466,166,11
S00149467,167,10
S00149468,106,3
S00149469,114,7
S00149470,105,5
S00149471,147,9
S00149472,105,5
S00149473,68,5
S00149474,93,5
S00149475,139,1
S00149476,123,7
S00149477,105,8
S00149478,57,2
S00149479,54,2
S00149480,77,2
S00149481,102,2
S00149482,81,5
S00149483,101,7
S00149484,124,-
S00149485,111,7
S00149486,58,6
S00149487,66,-
S00149488,141,3
S00149489,80,5
S00149490,69,-
S00149491,132,9
S00149492,109,8
S00149493,95,-
S00149494,136,2
S00149495,125,3
S00149496,91,2
S00149497,89,11
S00149498,86,-
S00149499,90,3
S00149500,113,6
S00149501,56,1
S00149502,102,11
S00149503,79,1
S00149504,94,7
S00149505,77,1
S00149506,81,5
S00149507,88,-
S00149508,107,2
S00149509,97,12
S00149510,112,1
S00149511,77,2
S00149512,80,3
S00149513,59,2
S00149514,96,11
S00149515,68,-
S00149516,102,3
S00149517,67,6
S00149518,106,10
S00149519,64,5
S00149520,61,2
S00149521,82,5
S00149522,63,1
S00149523,115,7
S00149524,73,2
S00149525,93,10
S00149526,93,4
S00149527,114,4
S00149528,171,7
S00149529,86,8
S00149530,116,3
S00149531,92,-
S00149532,109,4
S00149533,89,6
S00149534,96,6
S00149535,111,3
S00149536,50,1
S00149537,142,12
S00149538,110,4
S00149539,83,5
S00149540,72,5
S00149541,114,6
S00149542,97,3
S00149543,97,13
S00149544,91,2
S00149545,81,4
S00149546,131,13
S00149547,103,11
S00149548,103,6
S00149549,77,1
S00149550,101,7
S00149551,70,5
S00149552,69,3
S00149553,85,4
S00149554,125,9
S00149555,71,2
S00149556,48,3
S00149557,126,9
S00149558,109,5
S00149559,92,5
S00149560,94,10
S00149561,117,8
S00149562,129,6
S00149563,131,6
S00149564,197,14
S00149565,77,2
S00149566,82,4
S00149567,121,4
S00149568,79,7
S00149569,94,11
S00149570,92,7
S00149571,90,9
S00149572,84,9
S00149573,74,4
S00149574,124,2
S00149575,92,7
S00149576,68,8
S00149577,80,4
S00149578,69,1
S00149579,96,2
S00149580,143,3
S00149581,89,3
S00149582,114,3
S00149583,144,3
S00149584,59,1
S00149585,89,4
S00149586,142,4
S00149587,127,2
S00149588,78,5
S00149589,120,2
S00149590,157,14
S00149591,82,4
S00149592,64,1
S00149593,75,4
S00149594,88,1
S00149595,117,5
S00149596,87,6
S00149597,91,6
S00149598,86,2
S00149599,99,6
S00149600,87,3
S00149601,103,15
S00149602,78,3
S00149603,74,-
S00149604,121,6
S00149605,69,1
S00149606,61,3
S00149607,68,3
S00149608,63,-
S00149609,61,3
S00149610,80,-
S00149611,108,2
S00149612,119,3
S00149613,91,1
S00149614,86,2
S00149615,98,5
S00149616,110,6
S00149617,100,7
S00149618,82,1
S00149619,72,6
S00149620,76,3
S00149621,82,7
S00149622,68,4
S00149623,101,3
S00149624,71,5
S00149625,65,2
S00149626,107,-
S00149627,60,2
S00149628,172,7
S00149629,75,7
S00149630,134,6
S00149631,92,5
S00149632,84,2
S00149633,93,4
S00149634,131,5
S00149635,225,9
S00149636,89,4
S00149637,146,12
S00149638,126,12
S00149639,74,3
S00149640,84,3
S00149641,94,4
S00149642,66,4
S00149643,105,11
S00149644,57,2
S00149645,68,5
S00149646,104,8
S00149647,108,2
S00149648,125,5
S00149649,85,5
S00149650,82,5
S00149651,151,2
S00149652,159,4
S00149653,84,-
S00149654,102,9
S00149655,142,9
S00149656,120,14
S00149657,84,3
S00149658,110,6
S00149659,61,7
S00149660,106,4
S00149661,123,16
S00149662,64,3
S00149663,93,6
S00149664,141,6
S00149665,67,2
S00149666,63,4
S00149667,96,9
S00149668,155,23
S00149669,99,7
S00149670,171,10
S00149671,161,14
S00149672,119,8
S00149673,132,9
S00149674,144,6
S00149675,86,-
S00149676,254,9
S00149677,95,5
S00149678,119,11
S00149679,88,6
S00149680,81,2
S00149681,73,10
S00149682,63,4
S00149683,137,18
S00149684,75,9
S00149685,125,10
S00149686,76,5
S00149687,102,8
S00149688,110,11
S00149689,105,6
S00149690,113,14
S00149691,70,6
S00149692,136,10
S00149693,131,12
S00149694,122,16
S00149695,58,7
S00149696,135,1
S00149697,66,1
S00149698,144,17
S00149699,116,3
S00149700,100,9
S00149701,85,1
S00149702,104,9
S00149703,122,4
S00149704,146,10
S00149705,76,6
S00149706,65,4
S00149707,83,9
S00149708,80,6
S00149709,119,5
S00149710,127,13
S00149711,89,6
S00149712,63,3
S00149713,101,15
S00149714,101,6
S00149715,79,5
S00149716,90,2
S00149717,106,12
S00149718,106,10
S00149719,101,7
S00149720,68,8
S00149721,119,7
S00149722,126,8
S00149723,76,5
S00149724,92,4
S00149725,112,4
S00149726,101,3
S00149727,84,-
S00149728,76,3
S00149729,91,4
S00149730,82,4
S00149731,116,4
S00149732,82,2
S00149733,59,3
S00149734,60,4
S00149735,101,6
S00149736,134,7
S00149737,89,9
S00149738,155,17
S00149739,69,2
S00149740,143,5
S00149741,216,10
S00149742,128,2
S00149743,74,-
S00149744,109,8
S00149745,126,16
S00149746,68,10
S00149747,116,4
S00149748,117,8
S00149749,92,5
S00149750,90,7
S00149751,94,3
S00149752,101,6
S00149753,81,5
S00149754,114,6
S00149755,101,8
S00149756,127,4
S00149757,116,5
S00149758,215,17
S00149759,78,6
S00149760,123,6
S00149761,53,-
S00149762,63,5
S00149763,109,10
S00149764,62,5
S00149765,148,9
S00149766,179,14
S00149767,94,1
S00149768,53,1
S00149769,79,7
S00149770,118,11
S00149771,69,8
S00149772,136,13
S00149773,90,4
S00149774,76,5
S00149775,54,5
S00149776,58,6
S00149777,88,2
S00149778,97,17
S00149779,95,8
S00149780,76,3
S00149781,99,5
S00149782,93,9
S00149783,92,10
S00149784,92,7
S00149785,88,14
S00149786,77,4
S00149787,85,4
S00149788,127,9
S00149789,132,5
S00149790,131,13
S00149791,101,12
S00149792,80,1
S00149793,102,7
S00149794,93,14
S00149795,91,10
S00149796,111,9
S00149797,86,6
S00149798,136,14
S00149799,89,6
S00149800,106,10
S00149801,53,1
S00149802,86,2
S00149803,64,2
S00149804,154,18
S00149805,76,3
S00149806,109,3
S00149807,55,5
S00149808,81,6
S00149809,124,13
S00149810,125,15
S00149811,84,3
S00149812,92,5
S00149813,121,5
S00149814,128,3
S00149815,59,2
S00149816,95,6
S00149817,84,12
S00149818,83,-
S00149819,59,3
S00149820,133,6
S00149821,104,4
S00149822,91,6
S00149823,112,7
S00149824,107,5
S00149825,57,1
S00149826,84,3
S00149827,98,4
S00149828,119,6
S00149829,117,13
S00149830,107,11
S00149831,89,-
S00149832,87,6
S00149833,77,7
S00149834,97,5
S00149835,135,8
S00149836,74,6
S00149837,64,8
S00149838,82,5
S00149839,101,5
S00149840,75,4
S00149841,93,9
S00149842,166,18
S00149843,116,10
S00149844,73,4
S00149845,77,6
S00149846,52,5
S00149847,94,4
S00149848,62,2
S00149849,60,2
S00149850,81,5
S00149851,158,8
S00149852,80,5
S00149853,112,7
S00149854,66,4
S00149855,75,8
S00149856,110,4
S00149857,99,2
S00149858,124,10
S00149859,71,3
S00149860,84,4
S00149861,127,10
S00149862,89,8
S00149863,121,12
S00149864,115,5
S00149865,89,1
S00149866,78,6
S00149867,49,-
S00149868,91,3
S00149869,137,12
S00149870,123,7
S00149871,87,3
S00149872,77,4
S00149873,96,6
S00149874,123,6
S00149875,129,15
S00149876,159,10
S00149877,62,-
S00149878,73,3
S00149879,101,9
S00149880,57,2
S00149881,74,-
S00149882,74,12
S00149883,104,7
S00149884,72,10
S00149885,83,4
S00149886,105,10
S00149887,122,15
S00149888,96,3
S00149889,113,10
S00149890,59,4
S00149891,99,2
S00149892,67,4
S00149893,137,7
S00149894,92,8
S00149895,71,1
S00149896,57,3
S00149897,97,-
S00149898,57,8
S00149899,72,3
S00149900,148,6
S00149901,83,6
S00149902,83,2
S00149903,73,1
S00149904,53,3
S00149905,74,8
S00149906,115,4
S00149907,60,2
S00149908,62,1
S00149909,131,7
S00149910,98,7
S00149911,71,2
S00149912,87,5
S00149913,73,2
S00149914,97,3
S00149915,70,3
S00149916,84,-
S00149917,114,9
S00149918,147,12
S00149919,94,3
S00149920,95,4
S00149921,56,5
S00149922,116,3
S00149923,112,2
S00149924,102,18
S00149925,74,4
S00149926,57,5
S00149927,91,5
S00149928,137,20
S00149929,128,7
S00149930,107,10
S00149931,94,7
S00149932,123,11
S00149933,85,10
S00149934,99,10
S00149935,127,5
S00149936,102,8
S00149937,97,8
S00149938,183,12
S00149939,117,7
S00149940,114,11
S00149941,110,8
S00149942,126,7
S00149943,148,10
S00149944,74,10
S00149945,123,8
S00149946,129,13
S00149947,133,9
S00149948,80,5
S00149949,87,2
S00149950,102,8
S00149951,94,3
S00149952,152,9
S00149953,177,18
S00149954,75,17
S00149955,91,7
S00149956,134,10
S00149957,96,7
S00149958,87,7
S00149959,131,9
S00149960,68,8
S00149961,66,1
S00149962,77,5
S00149963,85,7
S00149964,76,5
S00149965,86,7
S00149966,101,4
S00149967,85,2
S00149968,76,4
S00149969,94,4
S00149970,114,13
S00149971,100,10
S00149972,78,2
S00149973,82,4
S00149974,78,6
S00149975,88,6
S00149976,64,5
S00149977,114,4
S00149978,93,-
S00149979,113,14
S00149980,80,2
S00149981,151,9
S00149982,96,11
S00149983,99,7
S00149984,59,7
S00149985,108,9
S00149986,74,2
S00149987,75,4
S00149988,132,11
S00149989,66,3
S00149990,76,3
S00149991,145,20
S00149992,110,5
S00149993,147,10
S00149994,107,8
S00149995,83,5
S00149996,109,8
S00149997,98,3
S00149998,78,1
S00149999,165,11
S00150000,78,4
S00150001,103,8
S00150002,83,3
S00150003,67,3
S00150004,64,6
S00150005,147,5
S00150006,104,5
S00150007,121,14
S00150008,75,1
S00150009,122,5
S00150010,107,10
S00150011,51,6
S00150012,77,10
S00150013,71,8
S00150014,132,6
S00150015,89,3
S00150016,96,9
S00150017,92,6
S00150018,128,6
S00150019,55,17
S00150020,85,1
S00150021,134,13
S00150022,148,6
S00150023,136,16
S00150024,138,12
S00150025,60,-
S00150026,84,5
S00150027,103,9
S00150028,86,4
S00150029,110,8
S00150030,91,10
S00150031,77,7
S00150032,101,10
S00150033,146,9
S00150034,52,2
S00150035,144,12
S00150036,88,3
S00150037,89,6
S00150038,131,11
S00150039,49,2
S00150040,84,5
S00150041,51,8
S00150042,83,4
S00150043,61,3
S00150044,78,3
S00150045,111,1
S00150046,58,1
S00150047,85,2
S00150048,235,18
S00150049,86,7
S00150050,77,3
S00150051,118,4
S00150052,67,5
S00150053,56,3
S00150054,198,25
S00150055,130,6
S00150056,59,3
S00150057,70,3
S00150058,94,4
S00150059,114,5
S00150060,83,9
S00150061,71,-
S00150062,64,4
S00150063,77,9
S00150064,175,15
S00150065,120,11
S00150066,93,1
S00150067,97,6
S00150068,126,10
S00150069,75,4
S00150070,53,3
S00150071,112,6
S00150072,122,12
S00150073,88,5
S00150074,98,10
S00150075,89,6
S00150076,66,7
S00150077,68,4
S00150078,165,17
S00150079,129,8
S00150080,68,3
S00150081,96,7
S00150082,132,10
S00150083,93,15
S00150084,91,3
S00150085,52,2
S00150086,105,11
S00150087,84,10
S00150088,110,3
S00150089,87,7
S00150090,166,20
S00150091,77,7
S00150092,129,8
S00150093,85,8
S00150094,92,7
S00150095,57,4
S00150096,131,5
S00150097,89,6
S00150098,136,11
S00150099,85,3
S00150100,104,16
S00150101,158,6
S00150102,98,3
S00150103,65,3
S00150104,82,8
S00150105,190,18
S00150106,82,9
S00150107,89,3
S00150108,81,7
S00150109,68,7
S00150110,142,16
S00150111,118,15
S00150112,83,4
S00150113,101,5
S00150114,98,11
S00150115,113,6
S00150116,60,-
S00150117,101,5
S00150118,142,7
S00150119,138,12
S00150120,61,7
S00150121,118,7
S00150122,93,7
S00150123,141,8
S00150124,161,17
S00150125,158,8
S00150126,91,9
S00150127,80,3
S00150128,61,4
S00150129,82,6
S00150130,78,7
S00150131,134,13
S00150132,126,8
S00150133,116,2
S00150134,109,8
S00150135,100,7
S00150136,126,10
S00150137,107,4
S00150138,137,10
S00150139,127,5
S00150140,122,9
S00150141,100,6
S00150142,125,9
S00150143,57,6
S00150144,74,7
S00150145,48,-
S00150146,84,6
S00150147,95,9
S00150148,169,22
S00150149,100,10
S00150150,74,5
S00150151,99,10
S00150152,96,5
S00150153,80,3
S00150154,129,6
S00150155,97,-
S00150156,104,10
S00150157,96,8
S00150158,116,8
S00150159,105,17
S00150160,163,10
S00150161,151,10
S00150162,98,3
S00150163,156,15
S00150164,663,21
S00150165,146,11
S00150166,81,4
S00150167,149,13
S00150168,135,10
S00150169,156,12
S00150170,75,4
S00150171,108,7
S00150172,106,9
S00150173,138,9
S00150174,133,12
S00150175,88,8
S00150176,106,2
S00150177,139,14
S00150178,103,7
S00150179,74,14
S00150180,118,5
S00150181,141,15
S00150182,149,7
S00150183,106,1
S00150184,93,8
S00150185,49,5
S00150186,78,8
S00150187,72,9
S00150188,137,12
S00150189,94,12
S00150190,109,4
S00150191,140,7
S00150192,85,4
S00150193,103,8
S00150194,119,4
S00150195,106,9
S00150196,90,6
S00150197,149,11
S00150198,94,5
S00150199,75,4
S00150200,97,4
S00150201,84,4
S00150202,98,12
S00150203,100,10
S00150204,102,11
S00150205,88,4
S00150206,147,18
S00150207,98,8
S00150208,88,10
S00150209,70,6
S00150210,164,17
S00150211,79,5
S00150212,108,7
S00150213,88,4
S00150214,122,15
S00150215,104,7
S00150216,88,8
S00150217,93,9
S00150218,155,12
S00150219,133,5
S00150220,92,1
S00150221,114,5
S00150222,62,9
S00150223,107,3
S00150224,60,3
S00150225,106,5
S00150226,192,1
S00150227,77,2
S00150228,90,6
S00150229,72,10
S00150230,124,7
S00150231,83,4
S00150232,66,2
S00150233,114,6
S00150234,88,2
S00150235,109,8
S00150236,105,9
S00150237,125,7
S00150238,107,3
S00150239,98,10
S00150240,131,14
S00150241,82,5
S00150242,98,7
S00150243,102,9
S00150244,112,11
S00150245,106,6
S00150246,117,6
S00150247,149,7
S00150248,61,1
S00150249,68,3
S00150250,116,7
S00150251,132,13
S00150252,86,3
S00150253,70,7
S00150254,119,11
S00150255,122,7
S00150256,129,7
S00150257,100,1
S00150258,56,2
S00150259,69,6
S00150260,126,9
S00150261,85,3
S00150262,94,8
S00150263,100,4
S00150264,121,4
S00150265,95,1
S00150266,100,9
S00150267,99,8
S00150268,111,6
S00150269,91,5
S00150270,91,4
S00150271,121,11
S00150272,68,6
S00150273,114,12
S00150274,115,7
S00150275,128,3
S00150276,107,8
S00150277,130,5
S00150278,91,7
S00150279,99,12
S00150280,114,2
S00150281,142,12
S00150282,130,13
S00150283,61,3
S00150284,91,8
S00150285,133,12
S00150286,141,11
S00150287,95,14
S00150288,96,8
S00150289,107,10
S00150290,84,2
S00150291,103,6
S00150292,129,9
S00150293,97,5
S00150294,80,3
S00150295,121,6
S00150296,137,8
S00150297,81,4
S00150298,100,7
S00150299,104,12
S00150300,89,7
S00150301,158,7
S00150302,55,1
S00150303,82,4
S00150304,108,6
S00150305,92,6
S00150306,111,12
S00150307,78,4
S00150308,62,3
S00150309,122,4
S00150310,50,4
S00150311,95,5
S00150312,117,9
S00150313,80,3
S00150314,51,1
S00150315,93,5
S00150316,96,15
S00150317,78,2
S00150318,80,5
S00150319,95,5
S00150320,137,8
S00150321,72,3
S00150322,91,2
S00150323,107,7
S00150324,90,2
S00150325,137,-
S00150326,129,4
S00150327,147,17
S00150328,97,9
S00150329,98,5
S00150330,93,9
S00150331,93,4
S00150332,158,15
S00150333,105,8
S00150334,137,12
S00150335,153,13
S00150336,97,4
S00150337,103,6
S00150338,116,15
S00150339,79,4
S00150340,91,1
S00150341,85,7
S00150342,85,6
S00150343,100,6
S00150344,138,7
S00150345,173,10
S00150346,123,10
S00150347,120,5
S00150348,126,4
S00150349,73,3
S00150350,150,14
S00150351,126,6
S00150352,150,15
S00150353,106,11
S00150354,83,10
S00150355,59,4
S00150356,87,5
S00150357,77,5
S00150358,136,16
S00150359,102,6
S00150360,107,8
S00150361,106,5
S00150362,153,21
S00150363,95,6
S00150364,108,10
S00150365,97,9
S00150366,99,-
S00150367,145,7
S00150368,75,3
S00150369,88,6
S00150370,116,10
S00150371,123,7
S00150372,112,1
S00150373,138,4
S00150374,89,4
S00150375,82,6
S00150376,101,7
S00150377,139,11
S00150378,109,5
S00150379,91,6
S00150380,84,5
S00150381,160,5
S00150382,92,4
S00150383,89,5
S00150384,107,12
S00150385,93,6
S00150386,156,4
S00150387,82,4
S00150388,77,4
S00150389,98,6
S00150390,149,12
S00150391,102,5
S00150392,94,3
S00150393,93,3
S00150394,73,8
S00150395,101,5
S00150396,114,8
S00150397,77,7
S00150398,128,10
S00150399,72,5
S00150400,94,7
S00150401,146,7
S00150402,61,-
S00150403,108,9
S00150404,99,9
S00150405,84,4
S00150406,89,9
S00150407,101,6
S00150408,147,9
S00150409,129,8
S00150410,89,6
S00150411,86,4
S00150412,71,6
S00150413,133,11
S00150414,66,2
S00150415,92,6
S00150416,55,4
S00150417,105,5
S00150418,94,8
S00150419,193,10
S00150420,129,7
S00150421,61,5
S00150422,103,6
S00150423,78,6
S00150424,131,9
S00150425,108,10
S00150426,82,5
S00150427,79,6
S00150428,145,4
S00150429,115,9
S00150430,134,6
S00150431,96,3
S00150432,100,4
S00150433,106,6
S00150434,105,4
S00150435,124,16
S00150436,101,12
S00150437,79,3
S00150438,143,22
S00150439,89,4
S00150440,154,17
S00150441,87,7
S00150442,64,7
S00150443,107,5
S00150444,95,2
S00150445,71,5
S00150446,79,6
S00150447,106,10
S00150448,110,6
S00150449,80,7
S00150450,104,10
S00150451,99,7
S00150452,109,5
S00150453,121,7
S00150454,72,-
S00150455,102,5
S00150456,115,9
S00150457,165,14
S00150458,144,10
S00150459,122,7
S00150460,78,3
S00150461,101,5
S00150462,89,5
S00150463,125,11
S00150464,78,2
S00150465,123,11
S00150466,116,9
S00150467,83,2
S00150468,100,8
S00150469,104,10
S00150470,146,8
S00150471,75,1
S00150472,105,4
S00150473,64,2
S00150474,97,1
S00150475,98,6
S00150476,158,8
S00150477,128,7
S00150478,103,8
S00150479,123,11
S00150480,59,-
S00150481,65,2
S00150482,138,14
S00150483,124,12
S00150484,134,10
S00150485,99,10
S00150486,81,6
S00150487,135,9
S00150488,93,4
S00150489,94,3
S00150490,112,1
S00150491,107,4
S00150492,85,6
S00150493,114,16
S00150494,82,7
S00150495,100,4
S00150496,115,5
S00150497,151,14
S00150498,113,-
S00150499,99,11
S00150500,125,15
S00150501,71,6
S00150502,123,1
S00150503,62,-
S00150504,76,-
S00150505,81,3
S00150506,119,7
S00150507,127,6
S00150508,136,3
S00150509,191,28
S00150510,127,4
S00150511,156,34
S00150512,83,4
S00150513,64,10
S00150514,81,2
S00150515,174,14
S00150516,131,9
S00150517,92,8
S00150518,91,2
S00150519,118,11
S00150520,98,14
S00150521,91,13
S00150522,87,10
S00150523,106,9
S00150524,122,10
S00150525,91,13
S00150526,85,11
S00150527,79,1
S00150528,117,2
S00150529,87,9
S00150530,70,6
S00150531,121,12
S00150532,72,4
S00150533,114,10
S00150534,103,3
S00150535,70,3
S00150536,103,10
S00150537,124,13
S00150538,78,9
S00150539,84,8
S00150540,110,8
S00150541,106,1
S00150542,116,5
S00150543,57,5
S00150544,123,18
S00150545,106,4
S00150546,78,2
S00150547,94,3
S00150548,86,5
S00150549,115,3
S00150550,84,4
S00150551,60,2
S00150552,154,16
S00150553,93,3
S00150554,117,8
S00150555,78,2
S00150556,83,-
S00150557,102,4
S00150558,174,11
S00150559,110,11
S00150560,70,2
S00150561,112,4
S00150562,102,8
S00150563,77,4
S00150564,75,3
S00150565,116,5
S00150566,99,-
S00150567,106,3
S00150568,75,5
S00150569,145,11
S00150570,144,7
S00150571,83,2
S00150572,114,8
S00150573,72,3
S00150574,66,3
S00150575,109,6
S00150576,54,-
S00150577,67,-
S00150578,150,-
S00150579,61,1
S00150580,75,1
S00150581,70,3
S00150582,70,5
S00150583,96,4
S00150584,142,8
S00150585,114,3
S00150586,74,3
S00150587,126,9
S00150588,85,2
S00150589,104,6
S00150590,112,6
S00150591,126,3
S00150592,127,8
S00150593,150,2
S00150594,86,3
S00150595,103,7
S00150596,83,2
S00150597,66,-
S00150598,78,3
S00150599,112,10
S00150600,96,5
S00150601,85,2
S00150602,141,9
S00150603,113,9
S00150604,74,1
S00150605,78,7
S00150606,66,2
S00150607,87,4
S00150608,101,6
S00150609,113,6
S00150610,68,3
S00150611,109,4
S00150612,76,5
S00150613,127,7
S00150614,97,3
S00150615,92,-
S00150616,126,4
S00150617,102,8
S00150618,115,9
S00150619,77,2
S00150620,90,3
S00150621,106,8
S00150622,84,-
S00150623,130,6
S00150624,72,4
S00150625,103,-
S00150626,76,-
S00150627,123,7
S00150628,108,5
S00150629,92,4
S00150630,81,2
S00150631,91,2
S00150632,97,5
S00150633,79,2
S00150634,83,4
S00150635,97,2
S00150636,77,10
S00150637,62,-
S00150638,87,3
S00150639,105,7
S00150640,120,2
S00150641,69,1
S00150642,104,1
S00150643,97,4
S00150644,73,6
S00150645,139,12
S00150646,184,6
S00150647,91,4
S00150648,112,13
S00150649,96,2
S00150650,71,3
S00150651,64,6
S00150652,153,1
S00150653,86,3
S00150654,88,8
S00150655,145,4
S00150656,117,3
S00150657,89,2
S00150658,100,6
S00150659,83,7
S00150660,77,-
S00150661,137,4
S00150662,119,5
S00150663,98,4
S00150664,78,1
S00150665,75,1
S00150666,52,3
S00150667,126,17
S00150668,98,8
S00150669,129,14
S00150670,92,3
S00150671,83,2
S00150672,122,28
S00150673,81,3
S00150674,78,3
S00150675,66,1
S00150676,89,9
S00150677,118,1
S00150678,102,4
S00150679,58,4
S00150680,107,4
S00150681,105,2
S00150682,68,3
S00150683,104,8
S00150684,77,5
S00150685,74,3
S00150686,68,4
S00150687,126,1
S00150688,131,4
S00150689,123,6
S00150690,62,1
S00150691,59,3
S00150692,144,12
S00150693,94,7
S00150694,94,3
S00150695,97,5
S00150696,81,4
S00150697,62,3
S00150698,87,10
S00150699,118,2
S00150700,103,1
S00150701,52,-
S00150702,49,-
S00150703,69,1
S00150704,100,1
S00150705,103,9
S00150706,125,3
S00150707,68,7
S00150708,102,6
S00150709,57,-
S00150710,117,5
S00150711,88,8
S00150712,101,4
S00150713,69,-
S00150714,103,2
S00150715,156,11
S00150716,150,7
S00150717,93,3
S00150718,63,3
S00150719,128,8
S00150720,90,-
S00150721,136,1
S00150722,89,2
S00150723,97,4
S00150724,82,2
S00150725,76,3
S00150726,176,4
S00150727,143,13
S00150728,86,5
S00150729,60,-
S00150730,113,12
S00150731,113,4
S00150732,98,-
S00150733,64,1
S00150734,82,2
S00150735,105,3
S00150736,143,10
S00150737,135,10
S00150738,101,4
S00150739,82,1
S00150740,102,10
S00150741,106,4
S00150742,73,3
S00150743,99,7
S00150744,107,4
S00150745,68,2
S00150746,178,2
S00150747,197,11
S00150748,146,12
S00150749,134,8
S00150750,101,7
S00150751,79,4
S00150752,182,21
S00150753,108,7
S00150754,71,3
S00150755,175,18
S00150756,71,3
S00150757,126,8
S00150758,118,2
S00150759,102,4
S00150760,89,6
S00150761,97,-
S00150762,64,2
S00150763,105,10
S00150764,88,1
S00150765,106,6
S00150766,73,6
S00150767,83,3
S00150768,97,-
S00150769,109,14
S00150770,85,3
S00150771,90,4
S00150772,131,5
S00150773,177,15
S00150774,78,5
S00150775,68,-
S00150776,83,3
S00150777,90,4
S00150778,70,1
S00150779,90,5
S00150780,91,8
S00150781,96,3
S00150782,67,3
S00150783,74,7
S00150784,109,-
S00150785,76,1
S00150786,115,2
S00150787,56,8
S00150788,62,4
S00150789,56,1
S00150790,156,8
S00150791,143,2
S00150792,137,8
S00150793,94,2
S00150794,125,2
S00150795,64,-
S00150796,123,5
S00150797,80,3
S00150798,153,3
S00150799,113,4
S00150800,82,7
S00150801,103,-
S00150802,114,6
S00150803,101,2
S00150804,101,3
S00150805,75,2
S00150806,71,1
S00150807,68,-
S00150808,65,-
S00150809,83,3
S00150810,142,6
S00150811,112,4
S00150812,72,-
S00150813,75,3
S00150814,117,1
S00150815,97,4
S00150816,132,6
S00150817,107,6
S00150818,117,3
S00150819,112,2
S00150820,91,3
S00150821,114,5
S00150822,101,1
S00150823,96,6
S00150824,127,5
S00150825,82,4
S00150826,112,4
S00150827,65,2
S00150828,62,1
S00150829,102,12
S00150830,120,2
S00150831,101,1
S00150832,65,1
S00150833,71,1
S00150834,143,4
S00150835,86,3
S00150836,91,1
S00150837,143,7
S00150838,139,6
S00150839,119,4
S00150840,60,3
S00150841,109,4
S00150842,106,4
S00150843,116,2
S00150844,78,4
S00150845,78,-
S00150846,83,5
S00150847,85,4
S00150848,69,4
S00150849,98,5
S00150850,68,1
S00150851,175,15
S00150852,107,2
S00150853,115,-
S00150854,79,2
S00150855,78,3
S00150856,129,5
S00150857,138,7
S00150858,99,7
S00150859,64,5
S00150860,82,4
S00150861,112,5
S00150862,96,9
S00150863,112,3
S00150864,45,6
S00150865,74,4
S00150866,141,4
S00150867,104,4
S00150868,123,6
S00150869,123,3
S00150870,135,7
S00150871,158,14
S00150872,121,11
S00150873,90,1
S00150874,115,4
S00150875,131,1
S00150876,74,1
S00150877,75,-
S00150878,129,11
S00150879,145,5
S00150880,85,10
S00150881,81,8
S00150882,98,5
S00150883,85,5
S00150884,126,5
S00150885,88,4
S00150886,109,11
S00150887,102,2
S00150888,74,3
S00150889,92,3
S00150890,104,3
S00150891,98,3
S00150892,176,11
S00150893,71,4
S00150894,121,6
S00150895,79,3
S00150896,123,5
S00150897,86,8
S00150898,122,8
S00150899,63,1
S00150900,103,7
S00150901,103,8
S00150902,122,8
S00150903,153,9
S00150904,92,13
S00150905,120,3
S00150906,90,4
S00150907,74,4
S00150908,82,3
S00150909,107,6
S00150910,115,7
S00150911,85,4
S00150912,103,3
S00150913,79,5
S00150914,136,6
S00150915,88,3
S00150916,98,5
S00150917,93,9
S00150918,130,13
S00150919,48,-
S00150920,69,3
S00150921,93,12
S00150922,59,2
S00150923,111,5
S00150924,69,4
S00150925,140,12
S00150926,65,1
S00150927,114,5
S00150928,99,3
S00150929,81,2
S00150930,85,6
S00150931,85,4
S00150932,89,1
S00150933,95,5
S00150934,114,7
S00150935,75,-
S00150936,83,-
S00150937,68,2
S00150938,116,6
S00150939,58,2
S00150940,124,3
S00150941,81,1
S00150942,87,1
S00150943,75,-
S00150944,109,3
S00150945,57,1
S00150946,76,2
S00150947,114,7
S00150948,157,14
S00150949,80,4
S00150950,99,4
S00150951,97,2
S00150952,91,-
S00150953,122,4
S00150954,117,3
S00150955,78,5
S00150956,99,7
S00150957,84,4
S00150958,96,5
S00150959,106,6
S00150960,98,1
S00150961,109,11
S00150962,96,12
S00150963,102,5
S00150964,63,1
S00150965,79,3
S00150966,87,1
S00150967,90,4
S00150968,93,2
S00150969,64,4
S00150970,108,7
S00150971,96,4
S00150972,128,7
S00150973,78,6
S00150974,62,-
S00150975,106,4
S00150976,73,6
S00150977,78,7
S00150978,92,7
S00150979,111,3
S00150980,58,1
S00150981,97,7
S00150982,119,3
S00150983,113,3
S00150984,91,4
S00150985,91,3
S00150986,76,4
S00150987,90,6
S00150988,143,4
S00150989,64,3
S00150990,120,5
S00150991,84,6
S00150992,111,8
S00150993,102,3
S00150994,106,4
S00150995,125,11
S00150996,83,-
S00150997,89,4
S00150998,65,-
S00150999,71,7
S00151000,56,1
S00151001,92,5
S00151002,93,3
S00151003,94,8
S00151004,101,5
S00151005,121,4
S00151006,56,2
S00151007,122,3
S00151008,143,2
S00151009,62,1
S00151010,106,8
S00151011,123,2
S00151012,79,4
S00151013,80,5
S00151014,78,2
S00151015,99,9
S00151016,94,8
S00151017,82,3
S00151018,133,4
S00151019,182,8
S00151020,73,2
S00151021,64,1
S00151022,67,1
S00151023,104,-
S00151024,83,3
S00151025,78,1
S00151026,128,8
S00151027,85,2
S00151028,78,-
S00151029,104,2
S00151030,106,4
S00151031,115,10
S00151032,113,4
S00151033,58,5
S00151034,130,3
S00151035,95,6
S00151036,140,10
S00151037,90,1
S00151038,73,2
S00151039,86,5
S00151040,135,5
S00151041,125,7
S00151042,99,6
S00151043,149,12
S00151044,144,7
S00151045,92,9
S00151046,114,7
S00151047,146,3
S00151048,103,5
S00151049,96,14
S00151050,120,9
S00151051,81,3
S00151052,107,12
S00151053,193,12
S00151054,93,4
S00151055,139,4
S00151056,137,7
S00151057,154,6
S00151058,122,9
S00151059,164,8
S00151060,115,4
S00151061,159,13
S00151062,62,4
S00151063,93,4
S00151064,161,6
S00151065,135,10
S00151066,93,11
S00151067,98,5
S00151068,103,7
S00151069,86,4
S00151070,112,6
S00151071,131,7
S00151072,141,7
S00151073,183,5
S00151074,115,9
S00151075,155,12
S00151076,112,6
S00151077,136,11
S00151078,68,-
S00151079,117,6
S00151080,141,12
S00151081,130,7
S00151082,127,5
S00151083,148,4
S00151084,71,2
S00151085,141,7
S00151086,84,6
S00151087,61,1
S00151088,72,-
S00151089,68,7
S00151090,89,1
S00151091,81,8
S00151092,71,5
S00151093,101,10
S00151094,77,4
S00151095,91,4
S00151096,102,3
S00151097,69,3
S00151098,131,4
S00151099,87,4
S00151100,133,2
S00151101,120,5
S00151102,109,4
S00151103,88,1
S00151104,76,4
S00151105,95,5
S00151106,80,-
S00151107,239,138
S00151108,147,6
S00151109,140,4
S00151110,71,2
S00151111,78,7
S00151112,86,11
S00151113,120,6
S00151114,60,2
S00151115,88,3
S00151116,96,7
S00151117,108,7
S00151118,75,1
S00151119,124,14
S00151120,65,3
S00151121,59,2
S00151122,112,4
S00151123,104,10
S00151124,93,5
S00151125,115,4
S00151126,106,9
S00151127,101,5
S00151128,129,12
S00151129,75,5
S00151130,104,9
S00151131,130,7
S00151132,70,3
S00151133,59,2
S00151134,110,4
S00151135,103,5
S00151136,141,8
S00151137,75,5
S00151138,120,11
S00151139,82,8
S00151140,89,4
S00151141,68,5
S00151142,87,8
S00151143,88,-
S00151144,69,2
S00151145,98,6
S00151146,50,1
S00151147,119,4
S00151148,74,4
S00151149,110,11
S00151150,98,3
S00151151,111,2
S00151152,104,2
S00151153,123,7
S00151154,83,3
S00151155,85,2
S00151156,56,2
S00151157,92,4
S00151158,101,5
S00151159,66,-
S00151160,80,12
S00151161,60,2
S00151162,74,6
S00151163,52,1
S00151164,72,2
S00151165,139,8
S00151166,108,3
S00151167,112,3
S00151168,133,5
S00151169,85,3
S00151170,105,11
S00151171,132,14
S00151172,99,8
S00151173,71,4
S00151174,70,6
S00151175,104,5
S00151176,80,5
S00151177,92,9
S00151178,115,6
S00151179,112,6
S00151180,70,1
S00151181,87,1
S00151182,78,3
S00151183,101,6
S00151184,67,3
S00151185,105,-
S00151186,97,2
S00151187,150,6
S00151188,63,2
S00151189,70,-
S00151190,101,10
S00151191,60,6
S00151192,102,7
S00151193,66,6
S00151194,97,2
S00151195,64,4
S00151196,77,10
S00151197,99,5
S00151198,97,11
S00151199,127,8
S00151200,92,3
S00151201,135,5
S00151202,111,11
S00151203,103,5
S00151204,80,1
S00151205,77,5
S00151206,107,-
S00151207,88,3
S00151208,135,12
S00151209,110,5
S00151210,94,6
S00151211,57,1
S00151212,62,1
S00151213,90,8
S00151214,86,3
S00151215,102,2
S00151216,68,-
S00151217,96,7
S00151218,89,1
S00151219,109,8
S00151220,101,1
S00151221,107,8
S00151222,74,-
S00151223,69,-
S00151224,66,1
S00151225,80,2
S00151226,87,7
S00151227,122,7
S00151228,83,2
S00151229,111,5
S00151230,83,1
S00151231,126,6
S00151232,76,4
S00151233,84,1
S00151234,104,11
S00151235,147,10
S00151236,96,6
S00151237,107,6
S00151238,70,5
S00151239,128,2
S00151240,106,2
S00151241,103,10
S00151242,99,-
S00151243,124,4
S00151244,65,2
S00151245,105,4
S00151246,108,3
S00151247,79,3
S00151248,76,7
S00151249,107,3
S00151250,78,4
S00151251,110,5
S00151252,65,3
S00151253,84,4
S00151254,107,2
S00151255,85,1
S00151256,69,2
S00151257,104,6
S00151258,167,14
S00151259,75,5
S00151260,105,5
S00151261,56,1
S00151262,123,4
S00151263,62,4
S00151264,77,6
S00151265,82,1
S00151266,88,3
S00151267,90,2
S00151268,134,8
S00151269,73,4
S00151270,70,2
S00151271,95,3
S00151272,70,5
S00151273,84,1
S00151274,59,2
S00151275,132,3
S00151276,166,7
S00151277,106,1
S00151278,93,3
S00151279,82,2
S00151280,88,5
S00151281,135,1
S00151282,91,4
S00151283,70,4
S00151284,100,7
S00151285,101,5
S00151286,84,5
S00151287,106,12
S00151288,185,17
S00151289,96,3
S00151290,96,5
S00151291,157,3
S00151292,66,1
S00151293,98,5
S00151294,164,12
S00151295,161,12
S00151296,136,10
S00151297,91,3
S00151298,79,1
S00151299,78,2
S00151300,177,18
S00151301,110,1
S00151302,134,7
S00151303,140,7
S00151304,104,6
S00151305,89,6
S00151306,120,7
S00151307,84,6
S00151308,118,8
S00151309,111,4
S00151310,107,8
S00151311,91,4
S00151312,128,5
S00151313,102,5
S00151314,76,7
S00151315,104,2
S00151316,98,4
S00151317,157,8
S00151318,71,7
S00151319,186,12
S00151320,123,13
S00151321,63,5
S00151322,61,2
S00151323,91,4
S00151324,126,10
S00151325,77,6
S00151326,839,767
S00151327,106,2
S00151328,121,-
S00151329,194,23
S00151330,95,5
S00151331,91,4
S00151332,82,5
S00151333,80,6
S00151334,102,4
S00151335,81,6
S00151336,99,2
S00151337,95,4
S00151338,86,4
S00151339,87,9
S00151340,77,2
S00151341,140,10
S00151342,123,10
S00151343,65,2
S00151344,111,1
S00151345,147,10
S00151346,69,12
S00151347,97,6
S00151348,101,6
S00151349,88,2
S00151350,93,4
S00151351,102,5
S00151352,112,3
S00151353,66,2
S00151354,141,12
S00151355,101,10
S00151356,103,3
S00151357,90,2
S00151358,99,7
S00151359,90,5
S00151360,108,6
S00151361,88,4
S00151362,94,7
S00151363,110,4
S00151364,131,7
S00151365,120,8
S00151366,70,3
S00151367,61,2
S00151368,109,5
S00151369,58,2
S00151370,101,6
S00151371,84,-
S00151372,101,7
S00151373,101,3
S00151374,110,5
S00151375,144,3
S00151376,103,3
S00151377,132,6
S00151378,104,5
S00151379,101,6
S00151380,64,6
S00151381,151,7
S00151382,128,3
S00151383,112,7
S00151384,104,7
S00151385,125,7
S00151386,131,5
S00151387,61,2
S00151388,106,7
S00151389,78,4
S00151390,113,3
S00151391,109,-
S00151392,145,5
S00151393,92,4
S00151394,94,6
S00151395,90,2
S00151396,114,7
S00151397,120,13
S00151398,107,4
S00151399,94,3
S00151400,72,2
S00151401,113,8
S00151402,150,8
S00151403,119,6
S00151404,122,6
S00151405,138,2
S00151406,100,9
S00151407,94,1
S00151408,75,5
S00151409,86,5
S00151410,125,6
S00151411,147,7
S00151412,77,-
S00151413,105,7
S00151414,117,3
S00151415,139,6
S00151416,143,-
S00151417,114,5
S00151418,112,5
S00151419,87,6
S00151420,142,4
S00151421,141,4
S00151422,138,2
S00151423,74,4
S00151424,180,14
S00151425,87,6
S00151426,148,11
S00151427,105,6
S00151428,82,3
S00151429,94,1
S00151430,71,4
S00151431,99,4
S00151432,107,16
S00151433,77,2
S00151434,148,8
S00151435,100,9
S00151436,100,3
S00151437,87,6
S00151438,120,1
S00151439,67,1
S00151440,77,-
S00151441,119,3
S00151442,99,6
S00151443,110,7
S00151444,81,5
S00151445,105,3
S00151446,71,5
S00151447,126,1
S00151448,55,5
S00151449,114,5
S00151450,58,5
S00151451,85,1
S00151452,61,3
S00151453,125,10
S00151454,86,2
S00151455,110,6
S00151456,166,6
S00151457,86,8
S00151458,95,7
S00151459,71,7
S00151460,121,11
S00151461,72,4
S00151462,101,3
S00151463,94,1
S00151464,139,9
S00151465,74,4
S00151466,161,25
S00151467,124,10
S00151468,95,4
S00151469,134,15
S00151470,88,1
S00151471,90,8
S00151472,105,11
S00151473,111,5
S00151474,145,13
S00151475,88,5
S00151476,154,18
S00151477,156,10
S00151478,143,19
S00151479,82,5
S00151480,119,9
S00151481,75,7
S00151482,107,7
S00151483,121,11
S00151484,134,10
S00151485,87,2
S00151486,116,8
S00151487,91,7
S00151488,133,18
S00151489,54,2
S00151490,134,8
S00151491,126,14
S00151492,104,8
S00151493,71,13
S00151494,57,2
S00151495,100,1
S00151496,102,1
S00151497,136,13
S00151498,142,13
S00151499,89,5
S00151500,106,7
S00151501,87,8
S00151502,84,8
S00151503,85,7
S00151504,110,3
S00151505,106,13
S00151506,98,9
S00151507,64,1
S00151508,108,10
S00151509,84,-
S00151510,79,-
S00151511,109,12
S00151512,156,4
S00151513,107,-
S00151514,56,4
S00151515,78,8
S00151516,99,7
S00151517,97,7
S00151518,53,5
S00151519,81,4
S00151520,111,7
S00151521,133,17
S00151522,77,5
S00151523,119,9
S00151524,156,14
S00151525,102,11
S00151526,98,7
S00151527,72,2
S00151528,107,4
S00151529,91,7
S00151530,77,14
S00151531,132,13
S00151532,91,-
S00151533,114,14
S00151534,61,1
S00151535,115,13
S00151536,124,4
S00151537,133,5
S00151538,100,14
S00151539,86,3
S00151540,57,11
S00151541,106,7
S00151542,93,8
S00151543,106,8
S00151544,102,9
S00151545,148,14
S00151546,74,6
S00151547,95,7
S00151548,73,7
S00151549,85,10
S00151550,135,11
S00151551,71,11
S00151552,69,1
S00151553,88,1
S00151554,104,6
S00151555,76,-
S00151556,144,9
S00151557,155,20
S00151558,101,8
S00151559,71,4
S00151560,112,8
S00151561,79,8
S00151562,113,12
S00151563,83,-
S00151564,76,4
S00151565,158,14
S00151566,66,3
S00151567,103,13
S00151568,97,9
S00151569,129,16
S00151570,101,9
S00151571,112,4
S00151572,63,1
S00151573,84,8
S00151574,60,2
S00151575,168,18
S00151576,72,6
S00151577,130,4
S00151578,143,17
S00151579,67,15
S00151580,105,8
S00151581,125,12
S00151582,111,9
S00151583,123,11
S00151584,60,2
S00151585,64,-
S00151586,93,12
S00151587,66,2
S00151588,146,9
S00151589,109,9
S00151590,101,9
S00151591,67,4
S00151592,135,15
S00151593,88,12
S00151594,182,25
S00151595,64,6
S00151596,76,-
S00151597,130,14
S00151598,88,7
S00151599,111,15
S00151600,64,2
S00151601,110,6
S00151602,86,9
S00151603,48,3
S00151604,93,4
S00151605,116,8
S00151606,126,6
S00151607,112,8
S00151608,81,5
S00151609,59,2
S00151610,93,6
S00151611,90,4
S00151612,107,3
S00151613,89,8
S00151614,128,17
S00151615,63,11
S00151616,64,3
S00151617,60,1
S00151618,95,11
S00151619,106,5
S00151620,127,13
S00151621,81,-
S00151622,93,2
S00151623,80,4
S00151624,124,10
S00151625,60,-
S00151626,87,8
S00151627,147,19
S00151628,106,6
S00151629,83,1
S00151630,107,13
S00151631,98,11
S00151632,143,18
S00151633,150,10
S00151634,106,11
S00151635,105,11
S00151636,133,12
S00151637,85,6
S00151638,110,9
S00151639,86,2
S00151640,109,10
S00151641,92,2
S00151642,61,2
S00151643,149,18
S00151644,71,2
S00151645,133,2
S00151646,92,2
S00151647,74,1
S00151648,83,3
S00151649,162,24
S00151650,90,-
S00151651,91,7
S00151652,64,4
S00151653,78,5
S00151654,95,10
S00151655,109,12
S00151656,106,7
S00151657,80,2
S00151658,77,6
S00151659,58,3
S00151660,104,8
S00151661,91,12
S00151662,111,8
S00151663,141,11
S00151664,91,1
S00151665,115,11
S00151666,121,8
S00151667,56,4
S00151668,95,11
S00151669,106,11
S00151670,67,5
S00151671,108,15
S00151672,139,-
S00151673,95,-
S00151674,94,8
S00151675,100,8
S00151676,65,6
S00151677,95,2
S00151678,80,2
S00151679,108,14
S00151680,86,11
S00151681,108,10
S00151682,79,5
S00151683,124,10
S00151684,143,18
S00151685,93,7
S00151686,103,4
S00151687,106,10
S00151688,150,15
S00151689,145,7
S00151690,103,-
S00151691,70,2
S00151692,134,4
S00151693,92,3
S00151694,91,12
S00151695,80,5
S00151696,99,5
S00151697,80,1
S00151698,93,10
S00151699,111,12
S00151700,81,4
S00151701,129,8
S00151702,85,-
S00151703,181,13
S00151704,94,7
S00151705,139,6
S00151706,88,5
S00151707,61,4
S00151708,87,6
S00151709,73,3
S00151710,83,4
S00151711,106,7
S00151712,86,5
S00151713,56,2
S00151714,77,1
S00151715,156,11
S00151716,123,7
S00151717,74,4
S00151718,164,7
S00151719,72,6
S00151720,127,3
S00151721,88,8
S00151722,126,10
S00151723,102,7
S00151724,143,9
S00151725,155,12
S00151726,70,6
S00151727,151,3
S00151728,71,2
S00151729,93,12
S00151730,114,9
S00151731,145,10
S00151732,103,10
S00151733,229,23
S00151734,131,2
S00151735,128,16
S00151736,67,4
S00151737,98,4
S00151738,114,17
S00151739,87,6
S00151740,106,7
S00151741,107,8
S00151742,152,10
S00151743,130,7
S00151744,48,1
S00151745,154,16
S00151746,164,9
S00151747,177,8
S00151748,102,3
S00151749,66,9
S00151750,97,8
S00151751,92,3
S00151752,125,7
S00151753,68,3
S00151754,83,10
S00151755,97,12
S00151756,115,18
S00151757,60,4
S00151758,94,5
S00151759,86,4
S00151760,107,6
S00151761,71,3
S00151762,76,8
S00151763,72,5
S00151764,69,5
S00151765,131,5
S00151766,82,4
S00151767,57,7
S00151768,80,2
S00151769,134,19
S00151770,98,13
S00151771,88,9
S00151772,131,12
S00151773,129,19
S00151774,89,7
S00151775,107,7
S00151776,93,7
S00151777,113,17
S00151778,92,16
S00151779,124,8
S00151780,176,18
S00151781,86,4
S00151782,108,13
S00151783,56,7
S00151784,109,11
S00151785,102,16
S00151786,101,6
S00151787,115,12
S00151788,78,3
S00151789,119,20
S00151790,76,6
S00151791,108,11
S00151792,96,8
S00151793,80,2
S00151794,126,3
S00151795,74,4
S00151796,87,10
S00151797,103,5
S00151798,105,6
S00151799,74,14
S00151800,92,6
S00151801,93,14
S00151802,80,2
S00151803,94,9
S00151804,136,18
S00151805,141,7
S00151806,82,11
S00151807,112,11
S00151808,112,8
S00151809,88,4
S00151810,105,12
S00151811,133,12
S00151812,98,1
S00151813,124,24
S00151814,86,4
S00151815,153,18
S00151816,111,16
S00151817,82,4
S00151818,112,12
S00151819,114,9
S00151820,111,16
S00151821,108,5
S00151822,65,6
S00151823,121,6
S00151824,93,5
S00151825,133,6
S00151826,95,7
S00151827,106,8
S00151828,196,20
S00151829,117,15
S00151830,108,16
S00151831,89,5
S00151832,95,13
S00151833,131,9
S00151834,109,8
S00151835,89,2
S00151836,178,22
S00151837,67,3
S00151838,80,3
S00151839,173,16
S00151840,91,10
S00151841,84,6
S00151842,100,14
S00151843,141,18
S00151844,76,2
S00151845,84,5
S00151846,124,6
S00151847,90,9
S00151848,131,9
S00151849,91,7
S00151850,50,3
S00151851,101,5
S00151852,84,4
S00151853,101,11
S00151854,100,8
S00151855,82,4
S00151856,142,10
S00151857,179,17
S00151858,57,4
S00151859,66,4
S00151860,185,23
S00151861,83,2
S00151862,77,6
S00151863,103,10
S00151864,103,8
S00151865,80,3
S00151866,66,4
S00151867,96,10
S00151868,64,2
S00151869,91,9
S00151870,156,12
S00151871,121,7
S00151872,105,7
S00151873,122,7
S00151874,107,17
S00151875,103,12
S00151876,106,10
S00151877,157,18
S00151878,122,7
S00151879,148,13
S00151880,108,13
S00151881,109,15
S00151882,108,13
S00151883,107,8
S00151884,87,1
S00151885,104,9
S00151886,104,9
S00151887,150,12
S00151888,113,8
S00151889,86,5
S00151890,94,15
S00151891,142,10
S00151892,96,10
S00151893,82,9
S00151894,87,11
S00151895,91,10
S00151896,65,1
S00151897,147,16
S00151898,118,4
S00151899,107,7
S00151900,97,-
S00151901,141,13
S00151902,100,7
S00151903,102,11
S00151904,93,13
S00151905,94,3
S00151906,128,12
S00151907,68,7
S00151908,68,4
S00151909,111,5
S00151910,107,7
S00151911,89,2
S00151912,117,9
S00151913,115,15
S00151914,111,10
S00151915,72,8
S00151916,130,15
S00151917,129,12
S00151918,104,4
S00151919,82,12
S00151920,126,7
S00151921,132,3
S00151922,123,7
S00151923,86,10
S00151924,122,13
S00151925,96,7
S00151926,118,8
S00151927,176,21
S00151928,148,10
S00151929,141,20
S00151930,93,8
S00151931,157,27
S00151932,121,7
S00151933,84,6
S00151934,70,9
S00151935,87,4
S00151936,111,7
S00151937,139,11
S00151938,106,9
S00151939,96,7
S00151940,87,8
S00151941,136,15
S00151942,121,7
S00151943,111,7
S00151944,133,2
S00151945,78,8
S00151946,120,18
S00151947,85,6
S00151948,71,3
S00151949,91,6
S00151950,128,11
S00151951,135,9
S00151952,103,6
S00151953,83,6
S00151954,101,4
S00151955,61,2
S00151956,144,17
S00151957,131,15
S00151958,184,26
S00151959,59,-
S00151960,79,8
S00151961,142,14
S00151962,140,16
S00151963,111,6
S00151964,123,9
S00151965,104,16
S00151966,82,1
S00151967,123,17
S00151968,70,3
S00151969,161,17
S00151970,94,4
S00151971,125,12
S00151972,94,9
S00151973,75,2
S00151974,71,2
S00151975,89,6
S00151976,52,-
S00151977,126,8
S00151978,139,9
S00151979,108,7
S00151980,68,4
S00151981,42,4
S00151982,87,5
S00151983,114,10
S00151984,117,7
S00151985,76,3
S00151986,119,4
S00151987,98,5
S00151988,112,10
S00151989,79,7
S00151990,98,8
S00151991,134,8
S00151992,79,7
S00151993,164,19
S00151994,83,6
S00151995,141,13
S00151996,94,6
S00151997,121,16
S00151998,102,10
S00151999,123,8
S00152000,97,4
S00152001,111,8
S00152002,98,6
S00152003,143,8
S00152004,127,14
S00152005,89,6
S00152006,161,12
S00152007,95,7
S00152008,165,12
S00152009,97,11
S00152010,61,5
S00152011,85,15
S00152012,138,9
S00152013,124,11
S00152014,133,9
S00152015,119,14
S00152016,182,17
S00152017,85,19
S00152018,87,6
S00152019,138,12
S00152020,99,12
S00152021,69,5
S00152022,86,2
S00152023,76,3
S00152024,65,5
S00152025,113,6
S00152026,153,12
S00152027,161,18
S00152028,117,9
S00152029,163,17
S00152030,112,4
S00152031,136,6
S00152032,126,10
S00152033,71,3
S00152034,96,8
S00152035,130,13
S00152036,72,7
S00152037,111,10
S00152038,52,1
S00152039,121,10
S00152040,146,5
S00152041,132,13
S00152042,152,15
S00152043,86,10
S00152044,101,-
S00152045,131,20
S00152046,63,4
S00152047,82,9
S00152048,159,18
S00152049,98,9
S00152050,105,10
S00152051,113,11
S00152052,122,4
S00152053,119,15
S00152054,109,11
S00152055,88,1
S00152056,101,10
S00152057,112,12
S00152058,99,3
S00152059,74,11
S00152060,117,12
S00152061,61,1
S00152062,84,8
S00152063,164,17
S00152064,93,7
S00152065,100,3
S00152066,123,8
S00152067,127,20
S00152068,138,15
S00152069,110,14
S00152070,82,3
S00152071,87,6
S00152072,116,17
S00152073,149,19
S00152074,83,4
S00152075,80,3
S00152076,148,17
S00152077,118,8
S00152078,173,33
S00152079,87,6
S00152080,73,7
S00152081,84,7
S00152082,93,12
S00152083,110,7
S00152084,128,21
S00152085,160,21
S00152086,124,13
S00152087,66,6
S00152088,89,3
S00152089,105,7
S00152090,109,7
S00152091,82,4
S00152092,95,10
S00152093,123,3
S00152094,115,13
S00152095,167,16
S00152096,51,-
S00152097,107,9
S00152098,134,11
S00152099,111,12
S00152100,76,-
S00152101,117,9
S00152102,97,15
S00152103,136,24
S00152104,141,11
S00152105,147,11
S00152106,76,13
S00152107,161,32
S00152108,174,8
S00152109,96,6
S00152110,94,5
S00152111,141,16
S00152112,155,18
S00152113,105,7
S00152114,85,6
S00152115,152,8
S00152116,84,1
S00152117,90,11
S00152118,103,12
S00152119,96,10
S00152120,92,6
S00152121,105,7
S00152122,74,4
S00152123,94,4
S00152124,102,16
S00152125,137,10
S00152126,93,11
S00152127,145,8
S00152128,106,7
S00152129,122,11
S00152130,78,11
S00152131,83,8
S00152132,73,7
S00152133,77,5
S00152134,106,18
S00152135,100,3
S00152136,89,5
S00152137,83,7
S00152138,87,6
S00152139,122,12
S00152140,125,10
S00152141,57,1
S00152142,110,14
S00152143,57,2
S00152144,113,13
S00152145,135,11
S00152146,138,13
S00152147,89,11
S00152148,171,20
S00152149,116,10
S00152150,115,11
S00152151,103,5
S00152152,102,9
S00152153,99,10
S00152154,133,11
S00152155,113,12
S00152156,121,9
S00152157,116,5
S00152158,87,3
S00152159,85,3
S00152160,118,5
S00152161,129,10
S00152162,108,6
S00152163,84,6
S00152164,127,10
S00152165,118,5
S00152166,59,8
S00152167,134,11
S00152168,97,10
S00152169,67,5
S00152170,84,5
S00152171,120,13
S00152172,104,4
S00152173,106,1
S00152174,119,8
S00152175,191,13
S00152176,58,6
S00152177,67,4
S00152178,91,8
S00152179,124,6
S00152180,89,6
S00152181,78,1
S00152182,92,1
S00152183,79,6
S00152184,125,4
S00152185,98,8
S00152186,112,8
S00152187,49,5
S00152188,59,4
S00152189,77,3
S00152190,218,16
S00152191,56,4
S00152192,102,8
S00152193,96,4
S00152194,83,7
S00152195,84,7
S00152196,103,4
S00152197,95,2
S00152198,121,5
S00152199,78,6
S00152200,97,4
S00152201,64,2
S00152202,95,3
S00152203,111,2
S00152204,105,7
S00152205,98,14
S00152206,101,13
S00152207,81,2
S00152208,87,-
S00152209,121,8
S00152210,163,15
S00152211,86,6
S00152212,125,7
S00152213,96,11
S00152214,76,1
S00152215,57,1
S00152216,142,10
S00152217,105,4
S00152218,169,3
S00152219,139,11
S00152220,105,4
S00152221,79,-
S00152222,112,3
S00152223,81,1
S00152224,152,9
S00152225,158,5
S00152226,117,13
S00152227,104,4
S00152228,99,13
S00152229,99,12
S00152230,104,10
S00152231,123,8
S00152232,154,15
S00152233,151,15
S00152234,178,20
S00152235,84,6
S00152236,137,9
S00152237,185,25
S00152238,120,8
S00152239,155,17
S00152240,105,10
S00152241,63,2
S00152242,93,3
S00152243,110,5
S00152244,77,8
S00152245,108,21
S00152246,97,6
S00152247,115,9
S00152248,115,2
S00152249,107,4
S00152250,90,5
S00152251,46,3
S00152252,144,9
S00152253,127,6
S00152254,115,3
S00152255,73,-
S00152256,106,6
S00152257,75,3
S00152258,113,5
S00152259,139,9
S00152260,74,5
S00152261,102,3
S00152262,79,5
S00152263,149,15
S00152264,135,19
S00152265,78,4
S00152266,60,1
S00152267,134,9
S00152268,103,4
S00152269,67,2
S00152270,105,7
S00152271,154,3
S00152272,160,13
S00152273,103,5
S00152274,113,4
S00152275,102,12
S00152276,62,3
S00152277,145,4
S00152278,57,-
S00152279,90,4
S00152280,84,4
S00152281,92,4
S00152282,99,6
S00152283,121,1
S00152284,119,4
S00152285,111,6
S00152286,106,1
S00152287,106,14
S00152288,116,10
S00152289,71,2
S00152290,72,3
S00152291,76,1
S00152292,78,4
S00152293,127,13
S00152294,96,4
S00152295,75,1
S00152296,97,5
S00152297,52,2
S00152298,79,5
S00152299,157,11
S00152300,102,6
S00152301,77,5
S00152302,73,7
S00152303,112,5
S00152304,64,1
S00152305,128,1
S00152306,111,2
S00152307,94,2
S00152308,109,3
S00152309,128,9
S00152310,76,5
S00152311,100,3
S00152312,78,5
S00152313,82,6
S00152314,77,1
S00152315,76,5
S00152316,101,5
S00152317,84,3
S00152318,81,4
S00152319,95,4
S00152320,65,4
S00152321,79,5
S00152322,68,1
S00152323,88,5
S00152324,74,2
S00152325,76,1
S00152326,68,4
S00152327,136,9
S00152328,91,3
S00152329,115,10
S00152330,97,6
S00152331,99,4
S00152332,109,7
S00152333,71,8
S00152334,94,7
S00152335,100,8
S00152336,118,2
S00152337,103,3
S00152338,148,7
S00152339,68,2
S00152340,124,4
S00152341,129,6
S00152342,64,2
S00152343,93,6
S00152344,82,2
S00152345,124,8
S00152346,100,3
S00152347,66,4
S00152348,89,6
S00152349,79,8
S00152350,93,4
S00152351,66,-
S00152352,112,5
S00152353,92,2
S00152354,82,5
S00152355,137,4
S00152356,91,3
S00152357,71,-
S00152358,92,2
S00152359,68,4
S00152360,94,2
S00152361,129,5
S00152362,139,14
S00152363,57,3
S00152364,108,3
S00152365,99,8
S00152366,82,5
S00152367,95,6
S00152368,93,8
S00152369,94,7
S00152370,86,6
S00152371,88,8
S00152372,109,3
S00152373,106,7
S00152374,103,1
S00152375,104,3
S00152376,61,3
S00152377,108,11
S00152378,90,4
S00152379,83,6
S00152380,127,8
S00152381,154,14
S00152382,163,10
S00152383,125,3
S00152384,78,4
S00152385,87,4
S00152386,141,11
S00152387,64,1
S00152388,67,3
S00152389,72,2
S00152390,69,9
S00152391,58,-
S00152392,99,8
S00152393,71,2
S00152394,79,5
S00152395,123,12
S00152396,87,1
S00152397,88,-
S00152398,71,1
S00152399,111,4
S00152400,92,5
S00152401,150,6
S00152402,99,1
S00152403,127,6
S00152404,149,12
S00152405,105,4
S00152406,129,8
S00152407,60,1
S00152408,97,6
S00152409,144,6
S00152410,115,3
S00152411,70,4
S00152412,123,4
S00152413,67,4
S00152414,123,5
S00152415,131,4
S00152416,141,3
S00152417,60,-
S00152418,101,6
S00152419,113,8
S00152420,67,11
S00152421,99,4
S00152422,87,4
S00152423,89,8
S00152424,75,3
S00152425,73,8
S00152426,89,3
S00152427,109,5
S00152428,97,7
S00152429,77,4
S00152430,96,9
S00152431,78,5
S00152432,85,1
S00152433,55,3
S00152434,57,2
S00152435,54,5
S00152436,74,-
S00152437,62,6
S00152438,96,4
S00152439,102,2
S00152440,105,5
S00152441,123,4
S00152442,85,5
S00152443,77,1
S00152444,64,4
S00152445,68,6
S00152446,96,5
S00152447,134,8
S00152448,144,5
S00152449,129,11
S00152450,112,4
S00152451,147,12
S00152452,122,13
S00152453,90,4
S00152454,69,5
S00152455,53,3
S00152456,96,2
S00152457,65,2
S00152458,231,9
S00152459,113,4
S00152460,71,4
S00152461,97,19
S00152462,72,-
S00152463,136,8
S00152464,77,4
S00152465,63,2
S00152466,103,13
S00152467,74,6
S00152468,105,3
S00152469,120,4
S00152470,79,3
S00152471,62,3
S00152472,145,10
S00152473,92,7
S00152474,72,2
S00152475,113,7
S00152476,147,9
S00152477,114,10
S00152478,130,12
S00152479,123,5
S00152480,90,7
S00152481,158,11
S00152482,121,6
S00152483,88,7
S00152484,124,12
S00152485,68,4
S00152486,152,7
S00152487,155,5
S00152488,135,12
S00152489,114,8
S00152490,80,8
S00152491,118,10
S00152492,84,-
S00152493,80,4
S00152494,171,14
S00152495,102,11
S00152496,117,12
S00152497,89,1
S00152498,106,8
S00152499,170,13
S00152500,127,6
S00152501,89,6
S00152502,118,7
S00152503,118,7
S00152504,60,8
S00152505,73,1
S00152506,101,12
S00152507,112,5
S00152508,84,4
S00152509,128,5
S00152510,84,6
S00152511,54,5
S00152512,88,2
S00152513,53,3
S00152514,96,10
S00152515,95,6
S00152516,114,7
S00152517,81,4
S00152518,104,12
S00152519,107,12
S00152520,81,7
S00152521,80,5
S00152522,113,9
S00152523,80,4
S00152524,151,16
S00152525,148,8
S00152526,114,2
S00152527,78,7
S00152528,163,18
S00152529,71,4
S00152530,124,5
S00152531,82,4
S00152532,102,7
S00152533,69,1
S00152534,110,6
S00152535,68,2
S00152536,71,3
S00152537,116,14
S00152538,110,10
S00152539,57,2
S00152540,116,6
S00152541,80,3
S00152542,77,3
S00152543,109,9
S00152544,76,2
S00152545,81,6
S00152546,105,8
S00152547,104,5
S00152548,107,7
S00152549,97,4
S00152550,94,4
S00152551,68,2
S00152552,99,3
S00152553,90,8
S00152554,49,4
S00152555,91,5
S00152556,66,7
S00152557,81,5
S00152558,65,2
S00152559,85,3
S00152560,120,6
S00152561,56,3
S00152562,119,13
S00152563,71,12
S00152564,68,3
S00152565,68,2
S00152566,113,9
S00152567,85,3
S00152568,93,9
S00152569,96,4
S00152570,106,8
S00152571,90,6
S00152572,79,8
S00152573,50,2
S00152574,72,3
S00152575,113,-
S00152576,105,2
S00152577,73,5
S00152578,72,6
S00152579,125,5
S00152580,77,1
S00152581,89,3
S00152582,81,4
S00152583,55,-
S00152584,87,6
S00152585,106,2
S00152586,85,6
S00152587,107,7
S00152588,121,4
S00152589,117,9
S00152590,96,8
S00152591,109,1
S00152592,88,7
S00152593,101,12
S00152594,76,5
S00152595,78,2
S00152596,93,3
S00152597,82,6
S00152598,86,3
S00152599,99,6
S00152600,72,3
S00152601,84,8
S00152602,143,10
S00152603,60,-
S00152604,72,-
S00152605,136,3
S00152606,98,9
S00152607,64,2
S00152608,68,3
S00152609,83,4
S00152610,67,4
S00152611,111,4
S00152612,58,2
S00152613,137,9
S00152614,96,8
S00152615,122,5
S00152616,133,6
S00152617,89,2
S00152618,94,11
S00152619,149,2
S00152620,99,2
S00152621,90,8
S00152622,84,4
S00152623,67,2
S00152624,58,-
S00152625,74,4
S00152626,106,7
S00152627,208,9
S00152628,132,9
S00152629,77,-
S00152630,114,4
S00152631,92,2
S00152632,61,4
S00152633,131,19
S00152634,74,1
S00152635,160,13
S00152636,106,5
S00152637,131,4
S00152638,98,8
S00152639,101,8
S00152640,71,3
S00152641,127,8
S00152642,79,-
S00152643,70,3
S00152644,106,5
S00152645,98,8
S00152646,55,1
S00152647,88,5
S00152648,58,2
S00152649,62,3
S00152650,72,1
S00152651,102,5
S00152652,121,2
S00152653,116,9
S00152654,72,1
S00152655,60,2
S00152656,93,14
S00152657,70,5
S00152658,67,3
S00152659,65,5
S00152660,99,7
S00152661,100,4
S00152662,123,7
S00152663,58,1
S00152664,78,3
S00152665,89,3
S00152666,108,12
S00152667,82,4
S00152668,76,6
S00152669,91,6
S00152670,63,3
S00152671,92,3
S00152672,62,-
S00152673,52,3
S00152674,62,5
S00152675,69,3
S00152676,58,1
S00152677,176,8
S00152678,68,6
S00152679,110,10
S00152680,104,9
S00152681,102,2
S00152682,94,5
S00152683,78,2
S00152684,83,2
S00152685,170,18
S00152686,104,6
S00152687,168,11
S00152688,63,4
S00152689,98,6
S00152690,55,1
S00152691,89,5
S00152692,85,5
S00152693,134,8
S00152694,90,4
S00152695,58,-
S00152696,97,10
S00152697,139,2
S00152698,65,3
S00152699,85,4
S00152700,77,4
S00152701,104,5
S00152702,72,1
S00152703,91,7
S00152704,93,4
S00152705,115,7
S00152706,123,4
S00152707,102,-
S00152708,101,4
S00152709,118,8
S00152710,57,-
S00152711,141,10
S00152712,103,3
S00152713,91,8
S00152714,115,2
S00152715,88,4
S00152716,84,6
S00152717,71,4
S00152718,70,3
S00152719,103,5
S00152720,101,3
S00152721,126,4
S00152722,108,6
S00152723,66,2
S00152724,97,6
S00152725,98,8
S00152726,131,4
S00152727,70,4
S00152728,79,4
S00152729,91,1
S00152730,98,2
S00152731,119,7
S00152732,65,1
S00152733,90,6
S00152734,123,7
S00152735,130,4
S00152736,77,1
S00152737,66,2
S00152738,53,3
S00152739,104,8
S00152740,63,3
S00152741,143,4
S00152742,67,3
S00152743,118,3
S00152744,84,3
S00152745,59,4
S00152746,69,2
S00152747,65,6
S00152748,110,1
S00152749,81,2
S00152750,57,2
S00152751,66,8
S00152752,115,2
S00152753,70,3
S00152754,112,6
S00152755,91,3
S00152756,123,3
S00152757,69,2
S00152758,78,4
S00152759,93,5
S00152760,76,4
S00152761,96,8
S00152762,80,-
S00152763,132,8
S00152764,74,2
S00152765,54,-
S00152766,82,8
S00152767,79,1
S00152768,74,6
S00152769,89,3
S00152770,63,5
S00152771,56,2
S00152772,102,8
S00152773,141,10
S00152774,104,3
S00152775,148,6
S00152776,75,3
S00152777,64,-
S00152778,94,2
S00152779,59,4
S00152780,105,6
S00152781,78,5
S00152782,130,2
S00152783,71,6
S00152784,134,4
S00152785,105,-
S00152786,82,-
S00152787,112,6
S00152788,124,12
S00152789,81,3
S00152790,74,2
S00152791,83,5
S00152792,86,9
S00152793,102,4
S00152794,130,5
S00152795,72,9
S00152796,111,1
S00152797,80,6
S00152798,80,8
S00152799,100,10
S00152800,96,11
S00152801,87,4
S00152802,92,3
S00152803,85,3
S00152804,63,7
S00152805,95,3
S00152806,108,4
S00152807,79,-
S00152808,163,9
S00152809,64,-
S00152810,110,3
S00152811,100,2
S00152812,54,-
S00152813,74,-
S00152814,96,7
S00152815,77,1
S00152816,62,4
S00152817,84,-
S00152818,73,5
S00152819,78,3
S00152820,53,-
S00152821,103,7
S00152822,94,4
S00152823,73,5
S00152824,73,4
S00152825,70,4
S00152826,70,1
S00152827,93,3
S00152828,109,3
S00152829,94,6
S00152830,62,3
S00152831,109,8
S00152832,107,7
S00152833,66,2
S00152834,101,4
S00152835,64,3
S00152836,76,8
S00152837,112,9
S00152838,95,6
S00152839,112,9
S00152840,60,4
S00152841,67,3
S00152842,93,7
S00152843,67,-
S00152844,63,5
S00152845,90,5
S00152846,73,3
S00152847,119,8
S00152848,81,4
S00152849,75,2
S00152850,97,6
S00152851,94,5
S00152852,57,2
S00152853,94,2
S00152854,95,6
S00152855,139,10
S00152856,101,5
S00152857,61,7
S00152858,90,-
S00152859,63,4
S00152860,96,3
S00152861,71,-
S00152862,56,1
S00152863,118,13
S00152864,116,8
S00152865,89,7
S00152866,69,1
S00152867,81,6
S00152868,125,7
S00152869,82,4
S00152870,86,3
S00152871,96,5
S00152872,100,9
S00152873,76,12
S00152874,89,4
S00152875,53,3
S00152876,52,3
S00152877,71,-
S00152878,109,9
S00152879,78,1
S00152880,113,9
S00152881,80,5
S00152882,72,5
S00152883,53,-
S00152884,78,7
S00152885,101,10
S00152886,83,7
S00152887,113,3
S00152888,58,3
S00152889,106,4
S00152890,58,-
S00152891,75,13
S00152892,78,6
S00152893,83,5
S00152894,82,3
S00152895,93,4
S00152896,110,4
S00152897,76,5
S00152898,102,6
S00152899,95,6
S00152900,130,9
S00152901,108,2
S00152902,62,2
S00152903,91,4
S00152904,113,10
S00152905,60,10
S00152906,88,1
S00152907,77,4
S00152908,103,7
S00152909,92,6
S00152910,90,3
S00152911,67,5
S00152912,84,3
S00152913,76,-
S00152914,103,4
S00152915,100,12
S00152916,100,3
S00152917,118,8
S00152918,59,5
S00152919,136,7
S00152920,147,3
S00152921,66,-
S00152922,95,8
S00152923,125,5
S00152924,138,5
S00152925,75,9
S00152926,56,3
S00152927,75,-
S00152928,83,4
S00152929,89,6
S00152930,72,1
S00152931,131,4
S00152932,60,1
S00152933,152,6
S00152934,73,4
S00152935,101,5
S00152936,107,8
S00152937,53,2
S00152938,114,5
S00152939,118,10
S00152940,88,7
S00152941,118,9
S00152942,83,2
S00152943,87,8
S00152944,115,4
S00152945,93,4
S00152946,90,7
S00152947,121,5
S00152948,56,1
S00152949,106,-
S00152950,91,4
S00152951,123,5
S00152952,58,-
S00152953,100,4
S00152954,89,2
S00152955,61,-
S00152956,99,-
S00152957,96,3
S00152958,67,2
S00152959,89,2
S00152960,57,2
S00152961,210,23
S00152962,128,6
S00152963,66,3
S00152964,46,1
S00152965,103,5
S00152966,127,12
S00152967,81,5
S00152968,99,5
S00152969,102,14
S00152970,123,8
S00152971,113,5
S00152972,68,7
S00152973,75,7
S00152974,106,6
S00152975,83,4
S00152976,70,2
S00152977,96,4
S00152978,83,7
S00152979,86,4
S00152980,134,7
S00152981,110,1
S00152982,102,3
S00152983,94,1
S00152984,100,3
S00152985,69,4
S00152986,87,4
S00152987,137,7
S00152988,111,6
S00152989,104,3
S00152990,85,2
S00152991,71,1
S00152992,130,5
S00152993,87,8
S00152994,107,7
S00152995,84,4
S00152996,70,-
S00152997,98,6
S00152998,100,6
S00152999,123,3
S00153000,95,6
S00153001,80,8
S00153002,109,9
S00153003,64,-
S00153004,143,9
S00153005,98,8
S00153006,136,7
S00153007,114,5
S00153008,91,4
S00153009,151,8
S00153010,98,14
S00153011,124,8
S00153012,145,6
S00153013,123,7
S00153014,54,3
S00153015,93,5
S00153016,69,5
S00153017,137,4
S00153018,93,11
S00153019,90,1
S00153020,112,10
S00153021,121,5
S00153022,101,1
S00153023,93,10
S00153024,157,18
S00153025,105,11
S00153026,120,7
S00153027,87,2
S00153028,125,9
S00153029,149,10
S00153030,118,9
S00153031,134,14
S00153032,65,7
S00153033,155,8
S00153034,91,2
S00153035,126,7
S00153036,124,6
S00153037,72,8
S00153038,70,2
S00153039,61,5
S00153040,82,-
S00153041,97,4
S00153042,174,19
S00153043,120,7
S00153044,61,3
S00153045,173,10
S00153046,78,5
S00153047,76,3
S00153048,105,5
S00153049,87,5
S00153050,104,4
S00153051,111,3
S00153052,140,2
S00153053,109,6
S00153054,95,3
S00153055,142,12
S00153056,103,3
S00153057,112,2
S00153058,101,8
S00153059,123,3
S00153060,89,-
S00153061,85,4
S00153062,103,5
S00153063,86,8
S00153064,77,5
S00153065,70,-
S00153066,106,3
S00153067,92,8
S00153068,85,4
S00153069,125,3
S00153070,99,10
S00153071,90,4
S00153072,72,1
S00153073,72,3
S00153074,97,4
S00153075,79,9
S00153076,94,2
S00153077,111,9
S00153078,73,1
S00153079,84,2
S00153080,91,5
S00153081,98,7
S00153082,73,3
S00153083,132,7
S00153084,69,5
S00153085,94,4
S00153086,54,3
S00153087,111,7
S00153088,91,3
S00153089,98,1
S00153090,111,2
S00153091,79,1
S00153092,76,5
S00153093,104,5
S00153094,108,11
S00153095,79,3
S00153096,127,6
S00153097,90,4
S00153098,116,10
S00153099,112,8
S00153100,106,5
S00153101,68,3
S00153102,99,5
S00153103,127,3
S00153104,126,6
S00153105,127,8
S00153106,77,2
S00153107,69,4
S00153108,115,6
S00153109,56,-
S00153110,155,12
S00153111,127,18
S00153112,124,7
S00153113,84,6
S00153114,114,4
S00153115,87,7
S00153116,62,3
S00153117,75,-
S00153118,78,5
S00153119,84,5
S00153120,114,10
S00153121,113,11
S00153122,77,5
S00153123,58,4
S00153124,132,9
S00153125,93,5
S00153126,68,1
S00153127,89,4
S00153128,80,-
S00153129,110,4
S00153130,124,5
S00153131,88,5
S00153132,130,17
S00153133,148,7
S00153134,106,8
S00153135,78,2
S00153136,102,2
S00153137,139,16
S00153138,94,2
S00153139,114,5
S00153140,79,6
S00153141,94,-
S00153142,100,5
S00153143,70,3
S00153144,135,8
S00153145,63,5
S00153146,72,2
S00153147,113,12
S00153148,91,2
S00153149,62,3
S00153150,80,6
S00153151,136,13
S00153152,106,-
S00153153,81,3
S00153154,113,3
S00153155,85,11
S00153156,118,14
S00153157,130,2
S00153158,96,2
S00153159,61,3
S00153160,103,1
S00153161,82,2
S00153162,64,5
S00153163,102,-
S00153164,102,5
S00153165,70,5
S00153166,82,3
S00153167,117,-
S00153168,81,5
S00153169,155,9
S00153170,101,6
S00153171,148,7
S00153172,52,8
S00153173,120,9
S00153174,102,-
S00153175,96,1
S00153176,107,9
S00153177,68,3
S00153178,69,3
S00153179,100,10
S00153180,91,2
S00153181,118,10
S00153182,68,6
S00153183,103,6
S00153184,134,4
S00153185,84,6
S00153186,135,7
S00153187,108,6
S00153188,110,4
S00153189,92,8
S00153190,77,9
S00153191,111,3
S00153192,65,4
S00153193,101,5
S00153194,70,4
S00153195,146,11
S00153196,111,9
S00153197,99,6
S00153198,95,4
S00153199,124,4
S00153200,107,5
S00153201,100,-
S00153202,161,12
S00153203,74,3
S00153204,174,22
S00153205,127,5
S00153206,89,4
S00153207,139,12
S00153208,93,3
S00153209,155,7
S00153210,80,3
S00153211,86,8
S00153212,105,3
S00153213,84,6
S00153214,129,11
S00153215,107,10
S00153216,149,10
S00153217,94,4
S00153218,96,-
S00153219,59,1
S00153220,103,-
S00153221,104,15
S00153222,75,7
S00153223,89,4
S00153224,125,3
S00153225,117,8
S00153226,132,3
S00153227,161,10
S00153228,95,5
S00153229,112,3
S00153230,83,5
S00153231,126,4
S00153232,132,1
S00153233,108,-
S00153234,86,2
S00153235,132,6
S00153236,73,6
S00153237,58,6
S00153238,103,10
S00153239,115,8
S00153240,95,5
S00153241,170,25
S00153242,108,5
S00153243,68,1
S00153244,74,9
S00153245,62,1
S00153246,90,7
S00153247,79,8
S00153248,60,5
S00153249,94,4
S00153250,111,6
S00153251,80,-
S00153252,107,5
S00153253,58,2
S00153254,138,4
S00153255,108,14
S00153256,81,1
S00153257,133,12
S00153258,126,4
S00153259,91,4
S00153260,78,8
S00153261,90,6
S00153262,128,8
S00153263,60,6
S00153264,86,9
S00153265,123,4
S00153266,75,4
S00153267,93,3
S00153268,90,6
S00153269,83,12
S00153270,183,19
S00153271,124,4
S00153272,74,2
S00153273,201,8
S00153274,91,2
S00153275,90,10
S00153276,55,-
S00153277,86,4
S00153278,60,1
S00153279,89,3
S00153280,107,3
S00153281,77,7
S00153282,137,6
S00153283,85,-
S00153284,166,11
S00153285,110,4
S00153286,52,1
S00153287,103,1
S00153288,122,9
S00153289,56,2
S00153290,113,2
S00153291,59,1
S00153292,92,2
S00153293,99,2
S00153294,123,11
S00153295,137,5
S00153296,140,4
S00153297,86,1
S00153298,73,1
S00153299,163,12
S00153300,131,6
S00153301,83,7
S00153302,83,3
S00153303,152,9
S00153304,123,5
S00153305,61,4
S00153306,108,-
S00153307,64,-
S00153308,51,1
S00153309,73,7
S00153310,146,7
S00153311,110,3
S00153312,82,2
S00153313,99,6
S00153314,113,7
S00153315,74,6
S00153316,90,7
S00153317,108,3
S00153318,121,12
S00153319,123,7
S00153320,129,4
S00153321,85,4
S00153322,60,4
S00153323,90,9
S00153324,61,2
S00153325,55,13
S00153326,120,13
S00153327,58,-
S00153328,134,10
S00153329,85,6
S00153330,60,3
S00153331,123,5
S00153332,144,4
S00153333,107,1
S00153334,74,3
S00153335,108,3
S00153336,107,6
S00153337,151,9
S00153338,73,4
S00153339,79,10
S00153340,74,2
S00153341,106,4
S00153342,156,8
S00153343,88,3
S00153344,73,2
S00153345,96,9
S00153346,92,7
S00153347,106,3
S00153348,67,3
S00153349,114,17
S00153350,59,4
S00153351,94,4
S00153352,145,5
S00153353,53,4
S00153354,86,5
S00153355,82,3
S00153356,59,1
S00153357,90,6
S00153358,73,5
S00153359,57,3
S00153360,153,17
S00153361,122,9
S00153362,118,6
S00153363,86,3
S00153364,154,12
S00153365,116,7
S00153366,107,5
S00153367,84,2
S00153368,129,8
S00153369,104,7
S00153370,97,9
S00153371,182,24
S00153372,182,12
S00153373,143,8
S00153374,57,8
S00153375,99,4
S00153376,86,2
S00153377,113,7
S00153378,151,10
S00153379,54,2
S00153380,134,3
S00153381,142,3
S00153382,96,4
S00153383,78,5
S00153384,169,10
S00153385,100,8
S00153386,67,2
S00153387,79,2
S00153388,57,-
S00153389,118,5
S00153390,110,3
S00153391,83,6
S00153392,115,4
S00153393,96,6
S00153394,73,5
S00153395,94,6
S00153396,88,4
S00153397,312,6
S00153398,116,9
S00153399,56,4
S00153400,118,8
S00153401,207,10
S00153402,68,3
S00153403,130,9
S00153404,174,9
S00153405,163,8
S00153406,135,9
S00153407,170,13
S00153408,95,7
S00153409,59,3
S00153410,64,2
S00153411,99,5
S00153412,58,4
S00153413,92,8
S00153414,92,4
S00153415,133,12
S00153416,100,5
S00153417,63,-
S00153418,126,5
S00153419,61,2
S00153420,201,22
S00153421,75,8
S00153422,97,10
S00153423,94,9
S00153424,83,9
S00153425,65,2
S00153426,67,7
S00153427,135,7
S00153428,147,20
S00153429,96,3
S00153430,90,3
S00153431,103,5
S00153432,91,3
S00153433,146,8
S00153434,111,4
S00153435,98,3
S00153436,55,-
S00153437,139,12
S00153438,75,2
S00153439,103,8
S00153440,155,5
S00153441,154,16
S00153442,127,10
S00153443,66,7
S00153444,81,2
S00153445,105,6
S00153446,173,10
S00153447,96,1
S00153448,164,17
S00153449,115,14
S00153450,102,3
S00153451,55,3
S00153452,116,13
S00153453,110,16
S00153454,90,6
S00153455,67,11
S00153456,81,5
S00153457,109,4
S00153458,67,3
S00153459,98,2
S00153460,168,9
S00153461,83,4
S00153462,104,2
S00153463,73,4
S00153464,84,2
S00153465,142,13
S00153466,102,5
S00153467,139,7
S00153468,80,4
S00153469,97,9
S00153470,83,4
S00153471,85,10
S00153472,133,8
S00153473,79,5
S00153474,77,1
S00153475,120,10
S00153476,145,8
S00153477,91,2
S00153478,148,11
S00153479,81,5
S00153480,139,22
S00153481,156,19
S00153482,60,4
S00153483,99,9
S00153484,135,8
S00153485,124,7
S00153486,78,1
S00153487,86,6
S00153488,96,6
S00153489,119,8
S00153490,87,6
S00153491,112,6
S00153492,88,2
S00153493,84,8
S00153494,87,13
S00153495,88,5
S00153496,144,7
S00153497,106,4
S00153498,86,-
S00153499,100,7
S00153500,52,2
S00153501,72,4
S00153502,55,3
S00153503,78,5
S00153504,134,13
S00153505,82,4
S00153506,91,7
S00153507,112,4
S00153508,95,5
S00153509,70,9
S00153510,99,12
S00153511,134,7
S00153512,86,2
S00153513,145,18
S00153514,138,12
S00153515,89,6
S00153516,153,9
S00153517,97,4
S00153518,82,3
S00153519,140,10
S00153520,136,2
S00153521,60,2
S00153522,54,2
S00153523,118,8
S00153524,105,3
S00153525,78,8
S00153526,114,5
S00153527,89,8
S00153528,94,5
S00153529,97,7
S00153530,75,7
S00153531,100,4
S00153532,68,3
S00153533,87,3
S00153534,82,2
S00153535,85,4
S00153536,82,4
S00153537,104,5
S00153538,103,9
S00153539,69,3
S00153540,114,5
S00153541,137,10
S00153542,131,12
S00153543,126,8
S00153544,96,5
S00153545,95,2
S00153546,68,2
S00153547,109,15
S00153548,113,7
S00153549,59,2
S00153550,94,11
S00153551,137,10
S00153552,56,3
S00153553,152,8
S00153554,91,2
S00153555,73,2
S00153556,80,13
S00153557,94,3
S00153558,111,8
S00153559,113,6
S00153560,57,3
S00153561,93,7
S00153562,83,4
S00153563,148,16
S00153564,130,6
S00153565,64,8
S00153566,81,4
S00153567,79,6
S00153568,76,7
S00153569,76,7
S00153570,140,8
S00153571,73,2
S00153572,118,2
S00153573,96,5
S00153574,70,2
S00153575,94,7
S00153576,79,1
S00153577,56,3
S00153578,129,5
S00153579,79,5
S00153580,71,6
S00153581,130,14
S00153582,79,5
S00153583,56,4
S00153584,57,2
S00153585,76,3
S00153586,65,-
S00153587,66,4
S00153588,80,7
S00153589,97,9
S00153590,64,2
S00153591,83,9
S00153592,62,3
S00153593,136,10
S00153594,122,3
S00153595,95,8
S00153596,88,2
S00153597,131,13
S00153598,69,3
S00153599,91,8
S00153600,121,5
S00153601,83,4
S00153602,58,5
S00153603,88,4
S00153604,69,10
S00153605,89,5
S00153606,131,4
S00153607,122,11
S00153608,140,9
S00153609,85,4
S00153610,153,3
S00153611,112,8
S00153612,65,6
S00153613,131,3
S00153614,106,1
S00153615,116,10
S00153616,97,5
S00153617,115,13
S00153618,149,6
S00153619,146,2
S00153620,122,5
S00153621,64,2
S00153622,125,15
S00153623,138,7
S00153624,88,2
S00153625,113,3
S00153626,99,6
S00153627,75,4
S00153628,94,5
S00153629,337,7
S00153630,92,8
S00153631,87,5
S00153632,112,14
S00153633,80,5
S00153634,70,11
S00153635,131,8
S00153636,123,3
S00153637,79,2
S00153638,100,11
S00153639,79,7
S00153640,82,24
S00153641,94,6
S00153642,91,2
S00153643,98,5
S00153644,80,3
S00153645,83,8
S00153646,74,4
S00153647,106,7
S00153648,86,6
S00153649,72,1
S00153650,87,6
S00153651,80,3
S00153652,104,8
S00153653,120,3
S00153654,60,23
S00153655,137,8
S00153656,55,2
S00153657,77,15
S00153658,140,8
S00153659,67,19
S00153660,56,1
S00153661,67,9
S00153662,127,20
S00153663,84,7
S00153664,90,14
S00153665,129,6
S00153666,86,4
S00153667,60,3
S00153668,80,9
S00153669,93,14
S00153670,124,35
S00153671,101,9
S00153672,138,19
S00153673,68,4
S00153674,84,10
S00153675,83,7
S00153676,113,5
S00153677,94,3
S00153678,104,5
S00153679,141,4
S00153680,106,4
S00153681,74,-
S00153682,85,5
S00153683,79,4
S00153684,133,5
S00153685,82,3
S00153686,65,4
S00153687,122,1
S00153688,60,-
S00153689,92,2
S00153690,95,5
S00153691,75,1
S00153692,103,6
S00153693,100,4
S00153694,89,7
S00153695,103,7
S00153696,60,2
S00153697,72,3
S00153698,80,8
S00153699,79,3
S00153700,75,-
S00153701,130,6
S00153702,143,7
S00153703,143,102
S00153704,60,5
S00153705,451,392
S00153706,107,10
S00153707,67,6
S00153708,85,3
S00153709,90,1
S00153710,208,187
S00153711,2976,2855
S00153712,88,50
S00153713,372,352
S00153714,78,31
S00153715,131,117
S00153716,134,117
S00153717,116,97
S00153718,165,123
S00153719,462,413
S00153720,140,109
S00153721,122,75
S00153722,106,10
S00153723,99,94
S00153724,135,128
S00153725,134,118
S00153726,88,79
S00153727,68,18
S00153728,76,28
S00153729,174,115
S00153730,94,62
S00153731,77,53
S00153732,339,295
S00153733,124,85
S00153734,107,76
S00153735,123,82
S00153736,119,62
S00153737,136,54
S00153738,87,63
S00153739,64,2
S00153740,67,16
S00153741,139,6
S00153742,91,9
S00153743,88,3
S00153744,94,28
S00153745,104,58
S00153746,160,115
S00153747,157,13
S00153748,129,107
S00153749,104,52
S00153750,85,18
S00153751,83,57
S00153752,90,9
S00153753,87,12
S00153754,87,-
S00153755,92,44
S00153756,133,14
S00153757,126,24
S00153758,95,37
S00153759,53,8
S00153760,159,17
S00153761,124,88
S00153762,127,68
S00153763,63,3
S00153764,186,45
S00153765,85,4
S00153766,114,61
S00153767,95,55
S00153768,125,60
S00153769,62,19
S00153770,83,5
S00153771,87,50
S00153772,213,144
S00153773,156,91
S00153774,77,5
S00153775,96,20
S00153776,76,23
S00153777,69,1
S00153778,129,52
S00153779,85,26
S00153780,51,23
S00153781,94,5
S00153782,94,42
S00153783,78,14
S00153784,91,20
S00153785,91,25
S00153786,49,1
S00153787,129,18
S00153788,68,18
S00153789,89,17
S00153790,104,22
S00153791,120,16
S00153792,104,4
S00153793,101,41
S00153794,61,11
S00153795,72,29
S00153796,116,11
S00153797,90,4
S00153798,133,49
S00153799,82,11
S00153800,68,6
S00153801,105,21
S00153802,108,3
S00153803,87,6
S00153804,81,10
S00153805,57,1
S00153806,97,18
S00153807,56,14
S00153808,88,8
S00153809,125,7
S00153810,65,10
S00153811,84,15
S00153812,104,28
S00153813,119,48
S00153814,73,5
S00153815,84,25
S00153816,88,9
S00153817,85,4
S00153818,105,32
S00153819,101,39
S00153820,104,10
S00153821,84,20
S00153822,113,24
S00153823,136,12
S00153824,114,3
S00153825,95,25
S00153826,74,5
S00153827,87,21
S00153828,112,28
S00153829,89,5
S00153830,74,10
S00153831,119,20
S00153832,82,5
S00153833,71,10
S00153834,136,23
S00153835,112,2
S00153836,81,7
S00153837,115,11
S00153838,132,7
S00153839,141,-
S00153840,112,4
S00153841,81,3
S00153842,100,1
S00153843,78,2
S00153844,124,13
S00153845,68,6
S00153846,101,6
S00153847,101,3
S00153848,134,7
S00153849,111,7
S00153850,43,4
S00153851,75,5
S00153852,88,3
S00153853,126,4
S00153854,73,1
S00153855,72,2
S00153856,60,5
S00153857,101,4
S00153858,95,6
S00153859,73,8
S00153860,105,11
S00153861,134,9
S00153862,64,6
S00153863,70,3
S00153864,107,5
S00153865,77,4
S00153866,98,13
S00153867,69,3
S00153868,198,40
S00153869,99,7
S00153870,100,8
S00153871,91,8
S00153872,91,4
S00153873,85,7
S00153874,137,9
S00153875,54,1
S00153876,58,7
S00153877,104,16
S00153878,91,3
S00153879,116,9
S00153880,152,11
S00153881,65,5
S00153882,48,-
S00153883,104,5
S00153884,97,1
S00153885,110,10
S00153886,88,1
S00153887,128,7
S00153888,80,1
S00153889,110,13
S00153890,116,4
S00153891,79,3
S00153892,124,15
S00153893,79,4
S00153894,85,6
S00153895,106,8
S00153896,136,9
S00153897,130,8
S00153898,99,2
S00153899,57,2
S00153900,114,6
S00153901,94,6
S00153902,73,10
S00153903,72,1
S00153904,142,13
S00153905,95,2
S00153906,88,8
S00153907,109,4
S00153908,169,1
S00153909,86,5
S00153910,82,3
S00153911,65,8
S00153912,83,2
S00153913,113,5
S00153914,111,-
S00153915,101,1
S00153916,85,3
S00153917,104,5
S00153918,88,8
S00153919,88,1
S00153920,107,5
S00153921,94,-
S00153922,100,5
S00153923,112,7
S00153924,66,2
S00153925,147,2
S00153926,107,6
S00153927,121,2
S00153928,87,6
S00153929,88,3
S00153930,67,3
S00153931,61,5
S00153932,101,4
S00153933,128,7
S00153934,92,6
S00153935,71,2
S00153936,122,7
S00153937,76,-
S00153938,129,7
S00153939,67,1
S00153940,82,4
S00153941,119,4
S00153942,66,-
S00153943,130,4
S00153944,102,10
S00153945,93,5
S00153946,105,7
S00153947,164,9
S00153948,118,9
S00153949,84,5
S00153950,118,5
S00153951,139,5
S00153952,81,2
S00153953,56,1
S00153954,146,5
S00153955,121,13
S00153956,87,-
S00153957,75,-
S00153958,63,3
S00153959,94,3
S00153960,96,4
S00153961,89,7
S00153962,81,2
S00153963,136,10
S00153964,110,6
S00153965,104,-
S00153966,136,5
S00153967,115,6
S00153968,78,6
S00153969,130,6
S00153970,128,8
S00153971,79,1
S00153972,74,3
S00153973,58,7
S00153974,69,5
S00153975,154,9
S00153976,88,4
S00153977,56,-
S00153978,77,2
S00153979,74,4
S00153980,121,5
S00153981,111,4
S00153982,83,1
S00153983,124,6
S00153984,94,7
S00153985,113,2
S00153986,134,7
S00153987,122,10
S00153988,116,4
S00153989,112,2
S00153990,101,2
S00153991,69,5
S00153992,136,13
S00153993,80,3
S00153994,134,6
S00153995,88,2
S00153996,86,4
S00153997,74,-
S00153998,104,3
S00153999,71,4
S00154000,115,9
S00154001,114,7
S00154002,71,4
S00154003,56,3
S00154004,110,5
S00154005,95,2
S00154006,103,5
S00154007,70,13
S00154008,124,8
S00154009,48,2
S00154010,108,4
S00154011,115,10
S00154012,114,5
S00154013,72,5
S00154014,122,5
S00154015,124,9
S00154016,87,3
S00154017,124,7
S00154018,125,4
S00154019,99,3
S00154020,81,3
S00154021,74,1
S00154022,116,5
S00154023,123,5
S00154024,81,2
S00154025,78,4
S00154026,78,4
S00154027,79,2
S00154028,85,-
S00154029,66,1
S00154030,62,2
S00154031,95,4
S00154032,69,1
S00154033,92,2
S00154034,61,2
S00154035,96,2
S00154036,125,4
S00154037,132,6
S00154038,80,1
S00154039,81,6
S00154040,59,4
S00154041,133,3
S00154042,65,5
S00154043,107,3
S00154044,154,6
S00154045,101,2
S00154046,79,7
S00154047,63,5
S00154048,72,1
S00154049,63,-
S00154050,144,6
S00154051,78,6
S00154052,67,-
S00154053,58,6
S00154054,122,5
S00154055,68,7
S00154056,106,7
S00154057,88,6
S00154058,69,2
S00154059,61,2
S00154060,64,-
S00154061,135,11
S00154062,72,2
S00154063,73,3
S00154064,81,1
S00154065,134,6
S00154066,72,3
S00154067,71,4
S00154068,80,2
S00154069,80,3
S00154070,186,7
S00154071,146,8
S00154072,87,3
S00154073,92,7
S00154074,83,2
S00154075,67,6
S00154076,62,2
S00154077,98,5
S00154078,108,7
S00154079,88,7
S00154080,116,1
S00154081,139,3
S00154082,115,4
S00154083,64,7
S00154084,123,11
S00154085,79,2
S00154086,63,-
S00154087,98,4
S00154088,121,2
S00154089,80,5
S00154090,127,7
S00154091,189,5
S00154092,116,10
S00154093,87,4
S00154094,116,7
S00154095,61,3
S00154096,72,4
S00154097,132,7
S00154098,127,6
S00154099,111,3
S00154100,70,2
S00154101,61,2
S00154102,68,-
S00154103,81,7
S00154104,86,5
S00154105,80,5
S00154106,90,2
S00154107,125,23
S00154108,60,1
S00154109,111,8
S00154110,152,11
S00154111,81,9
S00154112,123,6
S00154113,61,4
S00154114,118,6
S00154115,92,16
S00154116,114,5
S00154117,69,1
S00154118,55,-
S00154119,76,3
S00154120,88,3
S00154121,125,7
S00154122,95,5
S00154123,102,2
S00154124,91,8
S00154125,56,3
S00154126,74,-
S00154127,54,3
S00154128,102,-
S00154129,66,1
S00154130,60,-
S00154131,126,3
S00154132,161,10
S00154133,132,6
S00154134,137,4
S00154135,79,1
S00154136,134,7
S00154137,136,5
S00154138,93,4
S00154139,150,1
S00154140,108,1
S00154141,154,19
S00154142,91,3
S00154143,72,2
S00154144,101,4
S00154145,86,3
S00154146,139,3
S00154147,131,3
S00154148,111,5
S00154149,125,11
S00154150,130,7
S00154151,62,7
S00154152,120,10
S00154153,52,4
S00154154,107,10
S00154155,80,5
S00154156,86,4
S00154157,54,2
S00154158,59,7
S00154159,60,1
S00154160,92,4
S00154161,100,5
S00154162,91,2
S00154163,58,4
S00154164,87,1
S00154165,125,3
S00154166,71,6
S00154167,95,4
S00154168,158,9
S00154169,76,-
S00154170,115,4
S00154171,98,21
S00154172,59,4
S00154173,94,-
S00154174,81,5
S00154175,90,4
S00154176,100,3
S00154177,71,3
S00154178,104,7
S00154179,93,5
S00154180,91,3
S00154181,71,8
S00154182,86,5
S00154183,63,-
S00154184,105,10
S00154185,93,1
S00154186,112,3
S00154187,64,4
S00154188,100,6
S00154189,79,4
S00154190,68,1
S00154191,84,1
S00154192,74,2
S00154193,68,2
S00154194,56,-
S00154195,72,4
S00154196,53,2
S00154197,61,4
S00154198,141,7
S00154199,87,1
S00154200,70,2
S00154201,120,7
S00154202,67,3
S00154203,58,4
S00154204,60,2
S00154205,111,-
S00154206,87,7
S00154207,102,2
S00154208,66,2
S00154209,119,17
S00154210,107,9
S00154211,79,3
S00154212,93,1
S00154213,81,5
S00154214,70,4
S00154215,112,3
S00154216,56,3
S00154217,131,5
S00154218,146,14
S00154219,79,3
S00154220,84,8
S00154221,71,5
S00154222,90,4
S00154223,68,10
S00154224,93,7
S00154225,107,-
S00154226,122,-
S00154227,151,9
S00154228,97,10
S00154229,98,-
S00154230,79,9
S00154231,120,3
S00154232,65,-
S00154233,100,7
S00154234,106,5
S00154235,84,-
S00154236,103,4
S00154237,89,5
S00154238,105,7
S00154239,106,8
S00154240,127,8
S00154241,103,6
S00154242,126,4
S00154243,72,1
S00154244,74,3
S00154245,78,2
S00154246,94,-
S00154247,101,4
S00154248,121,5
S00154249,53,-
S00154250,100,5
S00154251,74,1
S00154252,130,6
S00154253,73,2
S00154254,72,6
S00154255,50,5
S00154256,114,6
S00154257,57,9
S00154258,89,2
S00154259,67,-
S00154260,97,2
S00154261,86,2
S00154262,155,6
S00154263,69,1
S00154264,102,2
S00154265,88,-
S00154266,74,7
S00154267,103,2
S00154268,81,-
S00154269,113,9
S00154270,126,5
S00154271,128,10
S00154272,105,6
S00154273,74,3
S00154274,81,4
S00154275,114,8
S00154276,70,5
S00154277,86,6
S00154278,124,10
S00154279,87,4
S00154280,80,2
S00154281,52,5
S00154282,180,22
S00154283,104,4
S00154284,94,4
S00154285,123,9
S00154286,80,2
S00154287,92,3
S00154288,66,1
S00154289,102,2
S00154290,73,4
S00154291,101,6
S00154292,104,4
S00154293,138,2
S00154294,123,4
S00154295,91,4
S00154296,111,6
S00154297,68,1
S00154298,100,7
S00154299,116,4
S00154300,84,3
S00154301,118,-
S00154302,123,9
S00154303,96,2
S00154304,71,9
S00154305,83,2
S00154306,83,5
S00154307,78,5
S00154308,111,13
S00154309,103,8
S00154310,106,4
S00154311,122,7
S00154312,58,3
S00154313,150,11
S00154314,89,4
S00154315,57,3
S00154316,75,4
S00154317,81,1
S00154318,65,3
S00154319,74,4
S00154320,84,3
S00154321,76,1
S00154322,142,6
S00154323,92,6
S00154324,63,4
S00154325,122,11
S00154326,91,2
S00154327,79,7
S00154328,121,11
S00154329,61,8
S00154330,132,29
S00154331,82,-
S00154332,93,5
S00154333,71,1
S00154334,159,8
S00154335,73,4
S00154336,71,3
S00154337,71,5
S00154338,101,7
S00154339,73,7
S00154340,87,7
S00154341,139,7
S00154342,65,1
S00154343,64,1
S00154344,68,2
S00154345,82,5
S00154346,58,1
S00154347,113,5
S00154348,149,8
S00154349,100,8
S00154350,80,3
S00154351,94,4
S00154352,63,4
S00154353,85,5
S00154354,105,29
S00154355,120,11
S00154356,109,5
S00154357,105,9
S00154358,79,5
S00154359,85,1
S00154360,86,6
S00154361,76,1
S00154362,103,4
S00154363,52,6
S00154364,107,5
S00154365,72,6
S00154366,81,8
S00154367,63,2
S00154368,71,4
S00154369,92,1
S00154370,99,4
S00154371,79,3
S00154372,104,4
S00154373,79,3
S00154374,76,10
S00154375,72,4
S00154376,128,9
S00154377,71,2
S00154378,190,3
S00154379,85,3
S00154380,143,7
S00154381,101,5
S00154382,88,3
S00154383,75,1
S00154384,96,1
S00154385,95,2
S00154386,53,4
S00154387,103,11
S00154388,149,3
S00154389,97,6
S00154390,90,4
S00154391,73,4
S00154392,64,2
S00154393,127,8
S00154394,103,16
S00154395,55,-
S00154396,95,-
S00154397,56,1
S00154398,85,4
S00154399,102,5
S00154400,126,4
S00154401,76,-
S00154402,67,5
S00154403,83,2
S00154404,76,4
S00154405,73,6
S00154406,61,3
S00154407,78,16
S00154408,115,8
S00154409,73,-
S00154410,92,23
S00154411,46,-
S00154412,97,3
S00154413,56,-
S00154414,101,7
S00154415,91,15
S00154416,83,5
S00154417,113,6
S00154418,113,16
S00154419,122,4
S00154420,120,3
S00154421,59,5
S00154422,151,12
S00154423,103,7
S00154424,126,-
S00154425,89,2
S00154426,92,10
S00154427,59,1
S00154428,99,29
S00154429,77,4
S00154430,152,7
S00154431,66,2
S00154432,121,1
S00154433,101,3
S00154434,123,16
S00154435,85,6
S00154436,91,4
S00154437,59,3
S00154438,61,7
S00154439,92,4
S00154440,81,4
S00154441,50,8
S00154442,88,7
S00154443,117,7
S00154444,128,14
S00154445,55,1
S00154446,75,6
S00154447,95,8
S00154448,89,12
S00154449,102,12
S00154450,83,6
S00154451,115,9
S00154452,118,22
S00154453,47,3
S00154454,77,3
S00154455,61,5
S00154456,150,16
S00154457,70,3
S00154458,112,6
S00154459,92,7
S00154460,116,3
S00154461,97,1
S00154462,77,1
S00154463,178,3
S00154464,75,1
S00154465,100,4
S00154466,68,4
S00154467,102,8
S00154468,98,7
S00154469,76,4
S00154470,84,6
S00154471,156,6
S00154472,103,5
S00154473,69,8
S00154474,109,4
S00154475,124,4
S00154476,71,4
S00154477,121,6
S00154478,83,28
S00154479,80,3
S00154480,110,4
S00154481,128,25
S00154482,69,4
S00154483,82,2
S00154484,97,3
S00154485,133,5
S00154486,76,1
S00154487,92,9
S00154488,113,1
S00154489,144,18
S00154490,82,1
S00154491,100,7
S00154492,92,6
S00154493,82,7
S00154494,128,12
S00154495,111,7
S00154496,79,4
S00154497,95,5
S00154498,97,2
S00154499,74,2
S00154500,67,1
S00154501,64,5
S00154502,114,5
S00154503,102,7
S00154504,73,2
S00154505,85,7
S00154506,136,8
S00154507,75,4
S00154508,110,-
S00154509,84,15
S00154510,77,3
S00154511,77,-
S00154512,106,11
S00154513,77,4
S00154514,114,5
S00154515,121,7
S00154516,98,8
S00154517,83,1
S00154518,146,13
S00154519,95,2
S00154520,98,-
S00154521,97,8
S00154522,68,2
S00154523,74,6
S00154524,102,3
S00154525,97,6
S00154526,110,5
S00154527,60,2
S00154528,108,4
S00154529,107,13
S00154530,119,10
S00154531,92,7
S00154532,53,-
S00154533,100,8
S00154534,134,8
S00154535,75,4
S00154536,80,-
S00154537,86,11
S00154538,64,3
S00154539,120,3
S00154540,69,3
S00154541,98,3
S00154542,109,11
S00154543,65,2
S00154544,72,9
S00154545,82,7
S00154546,90,6
S00154547,102,1
S00154548,139,10
S00154549,76,6
S00154550,85,3
S00154551,89,4
S00154552,84,4
S00154553,68,4
S00154554,71,7
S00154555,101,12
S00154556,90,7
S00154557,112,12
S00154558,74,5
S00154559,76,1
S00154560,104,4
S00154561,77,4
S00154562,98,3
S00154563,115,12
S00154564,108,12
S00154565,82,2
S00154566,113,9
S00154567,63,5
S00154568,85,5
S00154569,112,16
S00154570,58,1
S00154571,72,5
S00154572,83,18
S00154573,68,1
S00154574,184,6
S00154575,61,4
S00154576,116,11
S00154577,104,4
S00154578,96,11
S00154579,120,13
S00154580,68,3
S00154581,95,3
S00154582,128,10
S00154583,80,9
S00154584,52,6
S00154585,77,5
S00154586,136,5
S00154587,99,6
S00154588,145,8
S00154589,109,5
S00154590,73,3
S00154591,88,15
S00154592,71,5
S00154593,63,-
S00154594,84,4
S00154595,106,4
S00154596,69,4
S00154597,76,3
S00154598,64,1
S00154599,81,5
S00154600,68,5
S00154601,127,25
S00154602,69,5
S00154603,114,4
S00154604,120,10
S00154605,99,14
S00154606,100,-
S00154607,140,11
S00154608,124,8
S00154609,92,8
S00154610,58,8
S00154611,123,7
S00154612,107,10
S00154613,69,8
S00154614,121,5
S00154615,89,8
S00154616,92,7
S00154617,92,10
S00154618,64,7
S00154619,57,3
S00154620,98,3
S00154621,114,22
S00154622,72,1
S00154623,86,8
S00154624,120,7
S00154625,115,5
S00154626,150,12
S00154627,127,8
S00154628,108,13
S00154629,91,6
S00154630,71,4
S00154631,61,10
S00154632,124,10
S00154633,95,3
S00154634,138,6
S00154635,65,3
S00154636,60,2
S00154637,115,4
S00154638,57,5
S00154639,69,3
S00154640,74,3
S00154641,68,-
S00154642,93,6
S00154643,62,5
S00154644,62,-
S00154645,73,3
S00154646,106,4
S00154647,86,5
S00154648,75,4
S00154649,70,2
S00154650,122,14
S00154651,141,9
S00154652,113,9
S00154653,71,-
S00154654,81,3
S00154655,71,4
S00154656,74,6
S00154657,58,-
S00154658,107,8
S00154659,72,-
S00154660,93,16
S00154661,126,15
S00154662,75,6
S00154663,127,7
S00154664,66,1
S00154665,60,2
S00154666,78,3
S00154667,113,7
S00154668,168,11
S00154669,71,2
S00154670,111,15
S00154671,75,1
S00154672,67,5
S00154673,70,9
S00154674,88,11
S00154675,93,15
S00154676,142,8
S00154677,104,17
S00154678,83,2
S00154679,123,5
S00154680,78,3
S00154681,102,8
S00154682,80,4
S00154683,103,4
S00154684,93,10
S00154685,137,9
S00154686,127,8
S00154687,106,11
S00154688,76,8
S00154689,143,8
S00154690,125,3
S00154691,80,5
S00154692,134,9
S00154693,94,5
S00154694,92,5
S00154695,78,3
S00154696,122,11
S00154697,102,12
S00154698,86,6
S00154699,116,13
S00154700,76,7
S00154701,136,9
S00154702,57,3
S00154703,77,12
S00154704,91,4
S00154705,57,5
S00154706,122,9
S00154707,97,6
S00154708,71,6
S00154709,91,7
S00154710,85,16
S00154711,85,3
S00154712,97,9
S00154713,74,3
S00154714,62,1
S00154715,111,10
S00154716,93,9
S00154717,86,5
S00154718,106,28
S00154719,111,20
S00154720,70,4
S00154721,83,5
S00154722,84,-
S00154723,59,10
S00154724,90,11
S00154725,77,-
S00154726,135,13
S00154727,73,4
S00154728,85,4
S00154729,97,6
S00154730,119,12
S00154731,110,4
S00154732,130,12
S00154733,119,8
S00154734,85,5
S00154735,71,4
S00154736,74,3
S00154737,108,2
S00154738,79,6
S00154739,76,9
S00154740,132,9
S00154741,55,3
S00154742,99,8
S00154743,65,2
S00154744,63,2
S00154745,95,4
S00154746,69,1
S00154747,102,-
S00154748,103,-
S00154749,142,7
S00154750,67,3
S00154751,80,8
S00154752,96,3
S00154753,98,2
S00154754,129,6
S00154755,163,4
S00154756,70,4
S00154757,135,2
S00154758,126,13
S00154759,72,4
S00154760,67,4
S00154761,137,3
S00154762,122,2
S00154763,98,2
S00154764,85,5
S00154765,90,11
S00154766,113,13
S00154767,80,-
S00154768,58,9
S00154769,152,4
S00154770,81,2
S00154771,77,1
S00154772,67,5
S00154773,109,4
S00154774,69,4
S00154775,94,2
S00154776,83,5
S00154777,106,7
S00154778,130,7
S00154779,75,-
S00154780,113,3
S00154781,53,-
S00154782,117,1
S00154783,65,3
S00154784,115,7
S00154785,87,5
S00154786,76,1
S00154787,53,1
S00154788,56,7
S00154789,93,-
S00154790,76,2
S00154791,72,6
S00154792,144,9
S00154793,90,1
S00154794,107,5
S00154795,133,2
S00154796,82,10
S00154797,99,4
S00154798,63,4
S00154799,115,10
S00154800,66,4
S00154801,98,3
S00154802,66,5
S00154803,137,16
S00154804,130,8
S00154805,145,36
S00154806,69,1
S00154807,95,5
S00154808,86,9
S00154809,96,5
S00154810,111,9
S00154811,68,1
S00154812,91,9
S00154813,117,4
S00154814,104,20
S00154815,65,1
S00154816,69,-
S00154817,69,3
S00154818,61,-
S00154819,66,2
S00154820,83,4
S00154821,126,6
S00154822,62,1
S00154823,111,9
S00154824,177,15
S00154825,65,-
S00154826,137,6
S00154827,84,4
S00154828,79,5
S00154829,104,4
S00154830,121,7
S00154831,137,9
S00154832,73,3
S00154833,59,4
S00154834,132,11
S00154835,119,1
S00154836,65,-
S00154837,54,8
S00154838,106,5
S00154839,127,2
S00154840,106,8
S00154841,92,3
S00154842,128,5
S00154843,108,3
S00154844,95,11
S00154845,80,1
S00154846,84,3
S00154847,112,3
S00154848,103,9
S00154849,118,3
S00154850,158,13
S00154851,57,-
S00154852,91,2
S00154853,89,5
S00154854,76,6
S00154855,76,12
S00154856,86,6
S00154857,89,3
S00154858,105,8
S00154859,69,6
S00154860,109,3
S00154861,104,14
S00154862,121,5
S00154863,70,3
S00154864,69,4
S00154865,87,5
S00154866,67,2
S00154867,58,-
S00154868,110,5
S00154869,98,9
S00154870,101,1
S00154871,76,4
S00154872,136,3
S00154873,69,5
S00154874,105,3
S00154875,70,4
S00154876,56,4
S00154877,100,10
S00154878,142,6
S00154879,52,4
S00154880,103,6
S00154881,133,10
S00154882,73,3
S00154883,97,7
S00154884,121,6
S00154885,87,3
S00154886,89,3
S00154887,63,2
S00154888,123,6
S00154889,82,4
S00154890,94,2
S00154891,57,4
S00154892,83,5
S00154893,89,8
S00154894,56,2
S00154895,95,10
S00154896,106,6
S00154897,62,5
S00154898,63,3
S00154899,112,6
S00154900,62,8
S00154901,72,3
S00154902,65,-
S00154903,109,2
S00154904,70,4
S00154905,66,-
S00154906,78,5
S00154907,75,2
S00154908,106,11
S00154909,100,4
S00154910,74,7
S00154911,143,5
S00154912,112,7
S00154913,110,9
S00154914,125,6
S00154915,66,2
S00154916,213,11
S00154917,73,7
S00154918,99,3
S00154919,102,10
S00154920,54,-
S00154921,65,7
S00154922,51,1
S00154923,105,2
S00154924,64,5
S00154925,153,12
S00154926,85,1
S00154927,113,3
S00154928,111,4
S00154929,178,5
S00154930,104,3
S00154931,76,3
S00154932,67,-
S00154933,64,1
S00154934,100,2
S00154935,121,2
S00154936,96,-
S00154937,112,5
S00154938,99,11
S00154939,133,5
S00154940,147,6
S00154941,94,9
S00154942,80,-
S00154943,85,1
S00154944,78,-
S00154945,75,4
S00154946,66,1
S00154947,78,3
S00154948,101,7
S00154949,71,4
S00154950,107,6
S00154951,141,5
S00154952,54,3
S00154953,87,2
S00154954,54,2
S00154955,116,2
S00154956,108,5
S00154957,100,6
S00154958,69,4
S00154959,105,2
S00154960,126,-
S00154961,97,5
S00154962,78,1
S00154963,63,2
S00154964,87,7
S00154965,98,7
S00154966,77,7
S00154967,61,-
S00154968,133,2
S00154969,136,13
S00154970,57,-
S00154971,98,2
S00154972,63,1
S00154973,57,4
S00154974,122,2
S00154975,82,5
S00154976,112,9
S00154977,83,10
S00154978,99,4
S00154979,79,4
S00154980,74,4
S00154981,116,9
S00154982,116,4
S00154983,60,1
S00154984,54,2
S00154985,72,4
S00154986,85,5
S00154987,94,1
S00154988,95,1
S00154989,75,5
S00154990,81,4
S00154991,127,10
S00154992,73,1
S00154993,144,9
S00154994,103,8
S00154995,111,2
S00154996,130,-
S00154997,99,1
S00154998,81,4
S00154999,123,3
S00155000,132,7
S00155001,54,1
S00155002,96,1
S00155003,109,3
S00155004,110,5
S00155005,82,3
S00155006,95,4
S00155007,113,8
S00155008,223,17
S00155009,61,-
S00155010,83,9
S00155011,132,9
S00155012,103,7
S00155013,57,2
S00155014,77,4
S00155015,80,2
S00155016,70,4
S00155017,83,-
S00155018,138,11
S00155019,78,7
S00155020,84,8
S00155021,166,1
S00155022,125,6
S00155023,94,1
S00155024,131,14
S00155025,57,1
S00155026,123,6
S00155027,89,4
S00155028,112,7
S00155029,70,2
S00155030,146,4
S00155031,118,5
S00155032,127,7
S00155033,133,9
S00155034,97,7
S00155035,77,-
S00155036,107,12
S00155037,121,10
S00155038,115,4
S00155039,160,12
S00155040,86,11
S00155041,128,1
S00155042,91,3
S00155043,86,5
S00155044,72,2
S00155045,61,-
S00155046,128,11
S00155047,130,10
S00155048,77,2
S00155049,99,8
S00155050,114,3
S00155051,106,5
S00155052,98,-
S00155053,124,11
S00155054,171,5
S00155055,98,5
S00155056,70,2
S00155057,70,2
S00155058,113,7
S00155059,108,3
S00155060,121,4
S00155061,70,-
S00155062,96,6
S00155063,71,1
S00155064,120,8
S00155065,77,5
S00155066,85,4
S00155067,101,2
S00155068,105,4
S00155069,93,3
S00155070,69,1
S00155071,136,3
S00155072,94,4
S00155073,60,7
S00155074,89,3
S00155075,81,5
S00155076,104,6
S00155077,138,13
S00155078,97,4
S00155079,53,2
S00155080,113,4
S00155081,135,5
S00155082,80,-
S00155083,96,4
S00155084,61,4
S00155085,65,2
S00155086,116,4
S00155087,195,9
S00155088,87,-
S00155089,84,3
S00155090,133,13
S00155091,52,-
S00155092,148,10
S00155093,118,12
S00155094,73,7
S00155095,127,7
S00155096,96,8
S00155097,99,11
S00155098,88,5
S00155099,140,3
S00155100,169,11
S00155101,133,6
S00155102,96,3
S00155103,99,4
S00155104,105,9
S00155105,76,5
S00155106,73,5
S00155107,77,4
S00155108,96,7
S00155109,112,2
S00155110,67,-
S00155111,65,7
S00155112,119,4
S00155113,57,2
S00155114,107,4
S00155115,84,4
S00155116,103,7
S00155117,68,6
S00155118,99,3
S00155119,138,6
S00155120,103,4
S00155121,145,15
S00155122,113,1
S00155123,97,4
S00155124,66,10
S00155125,108,6
S00155126,86,3
S00155127,95,6
S00155128,87,2
S00155129,117,3
S00155130,68,-
S00155131,71,-
S00155132,107,3
S00155133,93,3
S00155134,85,1
S00155135,98,4
S00155136,205,14
S00155137,79,5
S00155138,128,7
S00155139,100,8
S00155140,143,7
S00155141,102,3
S00155142,101,10
S00155143,126,5
S00155144,95,1
S00155145,81,2
S00155146,83,3
S00155147,97,4
S00155148,67,3
S00155149,108,6
S00155150,77,3
S00155151,113,4
S00155152,122,2
S00155153,72,5
S00155154,58,1
S00155155,62,3
S00155156,80,2
S00155157,62,-
S00155158,86,6
S00155159,67,-
S00155160,76,8
S00155161,129,6
S00155162,89,-
S00155163,69,3
S00155164,81,6
S00155165,65,4
S00155166,69,1
S00155167,119,8
S00155168,98,6
S00155169,82,2
S00155170,98,9
S00155171,129,9
S00155172,92,6
S00155173,86,8
S00155174,91,7
S00155175,56,4
S00155176,55,3
S00155177,73,4
S00155178,47,2
S00155179,101,1
S00155180,78,23
S00155181,71,4
S00155182,61,3
S00155183,48,3
S00155184,80,6
S00155185,130,11
S00155186,63,2
S00155187,106,4
S00155188,66,4
S00155189,67,3
S00155190,60,12
S00155191,73,2
S00155192,64,3
S00155193,87,5
S00155194,96,13
S00155195,79,1
S00155196,72,3
S00155197,54,-
S00155198,103,5
S00155199,107,7
S00155200,78,5
S00155201,94,4
S00155202,89,3
S00155203,50,6
S00155204,97,5
S00155205,74,7
S00155206,71,-
S00155207,121,8
S00155208,124,11
S00155209,76,8
S00155210,119,3
S00155211,83,7
S00155212,86,8
S00155213,117,5
S00155214,76,6
S00155215,142,4
S00155216,92,8
S00155217,86,4
S00155218,118,9
S00155219,96,6
S00155220,77,-
S00155221,49,2
S00155222,73,5
S00155223,110,5
S00155224,96,3
S00155225,82,9
S00155226,107,1
S00155227,89,6
S00155228,137,16
S00155229,99,7
S00155230,52,3
S00155231,100,8
S00155232,67,6
S00155233,77,-
S00155234,70,5
S00155235,104,10
S00155236,70,3
S00155237,87,12
S00155238,45,1
S00155239,130,4
S00155240,167,5
S00155241,82,1
S00155242,100,4
S00155243,90,9
S00155244,91,4
S00155245,76,11
S00155246,87,8
S00155247,84,4
S00155248,63,4
S00155249,100,12
S00155250,126,6
S00155251,73,4
S00155252,58,1
S00155253,156,10
S00155254,95,8
S00155255,73,6
S00155256,71,6
S00155257,89,6
S00155258,70,4
S00155259,119,17
S00155260,67,5
S00155261,84,8
S00155262,98,8
S00155263,82,3
S00155264,75,7
S00155265,71,9
S00155266,91,3
S00155267,62,4
S00155268,129,12
S00155269,120,1
S00155270,124,7
S00155271,80,3
S00155272,72,2
S00155273,129,11
S00155274,81,1
S00155275,111,9
S00155276,112,9
S00155277,96,2
S00155278,100,3
S00155279,81,4
S00155280,88,3
S00155281,104,2
S00155282,72,-
S00155283,71,6
S00155284,93,3
S00155285,136,5
S00155286,88,5
S00155287,109,4
S00155288,89,5
S00155289,70,9
S00155290,103,4
S00155291,95,2
S00155292,97,10
S00155293,99,19
S00155294,152,8
S00155295,125,10
S00155296,148,3
S00155297,126,6
S00155298,52,5
S00155299,71,4
S00155300,62,3
S00155301,108,6
S00155302,65,2
S00155303,66,9
S00155304,82,2
S00155305,63,2
S00155306,121,6
S00155307,116,8
S00155308,57,3
S00155309,94,2
S00155310,106,5
S00155311,65,5
S00155312,91,2
S00155313,72,2
S00155314,116,4
S00155315,55,1
S00155316,125,2
S00155317,69,8
S00155318,198,15
S00155319,79,4
S00155320,73,2
S00155321,106,13
S00155322,75,2
S00155323,102,1
S00155324,118,4
S00155325,66,7
S00155326,73,1
S00155327,114,5
S00155328,115,5
S00155329,111,10
S00155330,84,5
S00155331,87,5
S00155332,61,-
S00155333,122,6
S00155334,104,12
S00155335,87,6
S00155336,164,7
S00155337,99,4
S00155338,81,10
S00155339,73,13
S00155340,125,12
S00155341,60,2
S00155342,83,3
S00155343,114,5
S00155344,118,4
S00155345,91,4
S00155346,69,7
S00155347,95,28
S00155348,105,10
S00155349,66,2
S00155350,118,10
S00155351,119,20
S00155352,102,2
S00155353,132,15
S00155354,56,-
S00155355,81,6
S00155356,109,5
S00155357,72,-
S00155358,74,2
S00155359,77,6
S00155360,63,3
S00155361,157,6
S00155362,70,4
S00155363,50,2
S00155364,140,19
S00155365,88,6
S00155366,133,17
S00155367,75,3
S00155368,65,4
S00155369,92,4
S00155370,52,1
S00155371,105,5
S00155372,87,8
S00155373,105,10
S00155374,79,5
S00155375,101,5
S00155376,57,-
S00155377,70,1
S00155378,84,5
S00155379,68,3
S00155380,89,6
S00155381,58,2
S00155382,92,-
S00155383,83,6
S00155384,86,6
S00155385,59,-
S00155386,101,7
S00155387,62,4
S00155388,100,3
S00155389,56,3
S00155390,73,2
S00155391,79,3
S00155392,53,2
S00155393,75,10
S00155394,59,1
S00155395,159,11
S00155396,62,4
S00155397,101,1
S00155398,82,2
S00155399,112,1
S00155400,136,2
S00155401,135,1
S00155402,82,5
S00155403,55,2
S00155404,118,3
S00155405,95,8
S00155406,100,6
S00155407,80,2
S00155408,142,9
S00155409,68,3
S00155410,81,4
S00155411,121,11
S00155412,76,2
S00155413,80,2
S00155414,69,1
S00155415,127,10
S00155416,97,5
S00155417,69,-
S00155418,123,9
S00155419,82,2
S00155420,66,2
S00155421,138,14
S00155422,109,5
S00155423,65,1
S00155424,119,9
S00155425,79,8
S00155426,95,7
S00155427,155,2
S00155428,63,4
S00155429,68,13
S00155430,113,12
S00155431,114,5
S00155432,75,4
S00155433,108,3
S00155434,63,7
S00155435,61,5
S00155436,80,4
S00155437,58,4
S00155438,132,13
S00155439,116,10
S00155440,132,2
S00155441,135,15
S00155442,76,9
S00155443,68,6
S00155444,105,8
S00155445,80,6
S00155446,161,11
S00155447,108,3
S00155448,154,10
S00155449,74,10
S00155450,142,12
S00155451,78,4
S00155452,85,2
S00155453,58,2
S00155454,97,2
S00155455,92,-
S00155456,112,3
S00155457,83,8
S00155458,94,-
S00155459,67,7
S00155460,78,4
S00155461,70,4
S00155462,113,2
S00155463,101,-
S00155464,87,5
S00155465,120,5
S00155466,106,5
S00155467,113,5
S00155468,66,6
S00155469,110,2
S00155470,162,13
S00155471,114,6
S00155472,121,3
S00155473,82,1
S00155474,143,6
S00155475,89,3
S00155476,71,6
S00155477,64,2
S00155478,59,3
S00155479,59,-
S00155480,112,9
S00155481,96,3
S00155482,114,4
S00155483,142,4
S00155484,145,5
S00155485,78,-
S00155486,129,10
S00155487,117,6
S00155488,75,3
S00155489,116,3
S00155490,81,6
S00155491,104,4
S00155492,126,8
S00155493,63,1
S00155494,105,2
S00155495,96,3
S00155496,89,10
S00155497,73,1
S00155498,74,3
S00155499,104,4
S00155500,55,4
S00155501,99,6
S00155502,79,4
S00155503,94,6
S00155504,120,21
S00155505,121,3
S00155506,86,6
S00155507,82,3
S00155508,69,4
S00155509,99,3
S00155510,126,8
S00155511,89,8
S00155512,68,4
S00155513,114,7
S00155514,89,5
S00155515,148,12
S00155516,106,6
S00155517,107,5
S00155518,56,2
S00155519,73,6
S00155520,69,2
S00155521,61,3
S00155522,92,1
S00155523,67,3
S00155524,81,7
S00155525,198,8
S00155526,117,4
S00155527,80,1
S00155528,73,5
S00155529,70,5
S00155530,121,7
S00155531,81,4
S00155532,66,8
S00155533,99,3
S00155534,114,9
S00155535,79,3
S00155536,96,4
S00155537,82,2
S00155538,85,8
S00155539,95,3
S00155540,66,6
S00155541,65,2
S00155542,108,5
S00155543,89,4
S00155544,91,5
S00155545,113,6
S00155546,75,8
S00155547,129,12
S00155548,102,3
S00155549,59,2
S00155550,81,1
S00155551,126,11
S00155552,58,2
S00155553,96,7
S00155554,68,3
S00155555,131,10
S00155556,113,5
S00155557,95,8
S00155558,145,10
S00155559,172,13
S00155560,159,9
S00155561,58,2
S00155562,74,5
S00155563,93,7
S00155564,69,5
S00155565,70,2
S00155566,68,15
S00155567,100,4
S00155568,131,4
S00155569,77,4
S00155570,85,5
S00155571,156,2
S00155572,74,5
S00155573,67,3
S00155574,74,4
S00155575,123,4
S00155576,137,12
S00155577,75,2
S00155578,152,7
S00155579,78,4
S00155580,104,4
S00155581,82,4
S00155582,74,6
S00155583,91,5
S00155584,80,4
S00155585,76,4
S00155586,177,7
S00155587,72,1
S00155588,55,-
S00155589,85,4
S00155590,63,1
S00155591,99,4
S00155592,107,5
S00155593,142,2
S00155594,132,1
S00155595,67,2
S00155596,82,6
S00155597,65,3
S00155598,140,15
S00155599,92,2
S00155600,88,4
S00155601,140,3
S00155602,69,3
S00155603,123,2
S00155604,77,8
S00155605,101,6
S00155606,86,2
S00155607,81,-
S00155608,66,-
S00155609,79,2
S00155610,69,5
S00155611,102,2
S00155612,69,8
S00155613,86,1
S00155614,66,-
S00155615,68,4
S00155616,74,4
S00155617,72,2
S00155618,54,3
S00155619,72,2
S00155620,77,2
S00155621,66,3
S00155622,126,4
S00155623,53,5
S00155624,61,2
S00155625,87,11
S00155626,92,5
S00155627,92,5
S00155628,115,7
S00155629,89,8
S00155630,70,7
S00155631,105,7
S00155632,120,9
S00155633,116,3
S00155634,60,4
S00155635,62,3
S00155636,109,4
S00155637,117,4
S00155638,56,5
S00155639,143,8
S00155640,99,4
S00155641,66,5
S00155642,54,4
S00155643,95,9
S00155644,67,4
S00155645,90,3
S00155646,65,3
S00155647,128,3
S00155648,89,3
S00155649,121,2
S00155650,84,4
S00155651,140,10
S00155652,138,6
S00155653,52,3
S00155654,65,2
S00155655,148,18
S00155656,121,8
S00155657,99,13
S00155658,89,3
S00155659,115,-
S00155660,170,5
S00155661,103,-
S00155662,90,8
S00155663,81,2
S00155664,80,1
S00155665,85,4
S00155666,112,8
S00155667,83,7
S00155668,98,9
S00155669,102,9
S00155670,108,3
S00155671,80,2
S00155672,87,4
S00155673,97,5
S00155674,125,5
S00155675,72,7
S00155676,69,2
S00155677,90,7
S00155678,95,8
S00155679,123,6
S00155680,137,10
S00155681,52,4
S00155682,66,4
S00155683,57,12
S00155684,57,2
S00155685,140,18
S00155686,57,5
S00155687,77,3
S00155688,58,3
S00155689,65,4
S00155690,131,1
S00155691,61,-
S00155692,59,6
S00155693,66,7
S00155694,87,6
S00155695,110,5
S00155696,81,3
S00155697,64,2
S00155698,111,5
S00155699,82,-
S00155700,83,5
S00155701,62,8
S00155702,65,7
S00155703,57,-
S00155704,125,4
S00155705,75,7
S00155706,107,3
S00155707,74,4
S00155708,104,1
S00155709,106,13
S00155710,85,5
S00155711,99,3
S00155712,79,2
S00155713,69,4
S00155714,49,2
S00155715,110,7
S00155716,106,7
S00155717,146,12
S00155718,125,5
S00155719,96,31
S00155720,115,6
S00155721,71,5
S00155722,67,6
S00155723,112,3
S00155724,90,4
S00155725,135,12
S00155726,64,10
S00155727,106,2
S00155728,113,7
S00155729,68,5
S00155730,97,2
S00155731,73,7
S00155732,86,1
S00155733,66,3
S00155734,178,7
S00155735,54,-
S00155736,102,2
S00155737,66,5
S00155738,113,2
S00155739,76,11
S00155740,81,5
S00155741,80,-
S00155742,104,-
S00155743,83,2
S00155744,127,9
S00155745,104,5
S00155746,97,4
S00155747,55,3
S00155748,83,2
S00155749,114,2
S00155750,129,7
S00155751,82,3
S00155752,49,6
S00155753,71,6
S00155754,152,13
S00155755,133,7
S00155756,67,4
S00155757,97,15
S00155758,62,3
S00155759,133,5
S00155760,44,-
S00155761,106,3
S00155762,89,10
S00155763,83,1
S00155764,81,3
S00155765,105,3
S00155766,79,1
S00155767,61,4
S00155768,79,9
S00155769,135,4
S00155770,143,2
S00155771,77,1
S00155772,95,7
S00155773,123,6
S00155774,149,10
S00155775,71,4
S00155776,143,4
S00155777,190,17
S00155778,94,5
S00155779,101,5
S00155780,141,7
S00155781,148,6
S00155782,134,8
S00155783,73,-
S00155784,116,5
S00155785,123,2
S00155786,97,3
S00155787,121,4
S00155788,137,6
S00155789,102,3
S00155790,103,3
S00155791,126,6
S00155792,67,4
S00155793,86,3
S00155794,129,6
S00155795,114,5
S00155796,103,11
S00155797,68,2
S00155798,75,3
S00155799,87,9
S00155800,126,6
S00155801,63,-
S00155802,65,2
S00155803,135,9
S00155804,86,2
S00155805,149,10
S00155806,101,5
S00155807,102,7
S00155808,113,8
S00155809,109,4
S00155810,129,3
S00155811,58,-
S00155812,81,3
S00155813,79,5
S00155814,127,1
S00155815,60,2
S00155816,112,-
S00155817,160,2
S00155818,148,10
S00155819,140,10
S00155820,109,9
S00155821,68,2
S00155822,80,3
S00155823,175,17
S00155824,155,5
S00155825,142,11
S00155826,131,6
S00155827,65,4
S00155828,60,2
S00155829,97,9
S00155830,104,5
S00155831,163,10
S00155832,100,10
S00155833,119,5
S00155834,166,5
S00155835,124,6
S00155836,61,3
S00155837,76,5
S00155838,91,8
S00155839,91,1
S00155840,70,3
S00155841,130,4
S00155842,83,3
S00155843,143,7
S00155844,100,4
S00155845,75,1
S00155846,67,3
S00155847,101,4
S00155848,118,7
S00155849,147,17
S00155850,79,4
S00155851,111,3
S00155852,81,5
S00155853,159,9
S00155854,65,2
S00155855,54,4
S00155856,85,7
S00155857,115,8
S00155858,97,2
S00155859,124,8
S00155860,69,1
S00155861,99,2
S00155862,112,10
S00155863,146,7
S00155864,173,3
S00155865,70,3
S00155866,131,5
S00155867,151,15
S00155868,71,5
S00155869,132,6
S00155870,75,4
S00155871,162,4
S00155872,97,6
S00155873,109,1
S00155874,101,4
S00155875,113,12
S00155876,172,14
S00155877,72,-
S00155878,110,4
S00155879,80,3
S00155880,95,10
S00155881,108,4
S00155882,115,11
S00155883,85,3
S00155884,86,1
S00155885,95,3
S00155886,118,4
S00155887,108,5
S00155888,52,4
S00155889,105,4
S00155890,138,9
S00155891,87,-
S00155892,76,3
S00155893,121,6
S00155894,79,3
S00155895,91,-
S00155896,96,5
S00155897,55,4
S00155898,107,10
S00155899,70,3
S00155900,101,6
S00155901,103,6
S00155902,99,5
S00155903,126,11
S00155904,67,4
S00155905,74,4
S00155906,150,7
S00155907,68,2
S00155908,95,3
S00155909,78,7
S00155910,76,-
S00155911,107,3
S00155912,80,-
S00155913,111,4
S00155914,105,10
S00155915,87,7
S00155916,85,3
S00155917,67,2
S00155918,93,2
S00155919,82,6
S00155920,152,8
S00155921,115,6
S00155922,64,7
S00155923,115,4
S00155924,81,2
S00155925,65,3
S00155926,70,5
S00155927,68,3
S00155928,57,-
S00155929,59,1
S00155930,95,3
S00155931,75,4
S00155932,103,2
S00155933,86,10
S00155934,105,7
S00155935,90,9
S00155936,90,7
S00155937,89,6
S00155938,92,3
S00155939,69,1
S00155940,64,2
S00155941,83,6
S00155942,111,11
S00155943,86,3
S00155944,138,8
S00155945,89,5
S00155946,74,7
S00155947,89,2
S00155948,81,2
S00155949,104,-
S00155950,82,3
S00155951,107,2
S00155952,62,2
S00155953,118,7
S00155954,76,4
S00155955,92,2
S00155956,103,1
S00155957,113,9
S00155958,99,3
S00155959,71,4
S00155960,119,6
S00155961,67,3
S00155962,80,2
S00155963,56,4
S00155964,95,7
S00155965,159,9
S00155966,78,6
S00155967,113,17
S00155968,99,10
S00155969,119,13
S00155970,105,4
S00155971,75,1
S00155972,90,5
S00155973,82,3
S00155974,99,5
S00155975,81,11
S00155976,84,3
S00155977,118,8
S00155978,126,8
S00155979,72,3
S00155980,107,6
S00155981,66,3
S00155982,152,12
S00155983,99,3
S00155984,62,6
S00155985,84,5
S00155986,141,10
S00155987,165,10
S00155988,142,8
S00155989,57,9
S00155990,114,11
S00155991,139,2
S00155992,103,11
S00155993,100,4
S00155994,121,5
S00155995,118,6
S00155996,125,14
S00155997,75,2
S00155998,142,4
S00155999,77,7
S00156000,109,12
S00156001,116,8
S00156002,73,-
S00156003,71,-
S00156004,54,5
S00156005,65,-
S00156006,89,7
S00156007,83,5
S00156008,136,18
S00156009,167,14
S00156010,67,5
S00156011,113,5
S00156012,75,6
S00156013,81,8
S00156014,92,4
S00156015,70,6
S00156016,103,4
S00156017,194,13
S00156018,101,6
S00156019,85,1
S00156020,91,6
S00156021,98,8
S00156022,84,4
S00156023,125,9
S00156024,92,6
S00156025,56,1
S00156026,136,4
S00156027,90,7
S00156028,67,3
S00156029,85,3
S00156030,89,5
S00156031,97,8
S00156032,114,3
S00156033,154,2
S00156034,99,3
S00156035,97,5
S00156036,73,2
S00156037,139,9
S00156038,91,8
S00156039,91,3
S00156040,98,7
S00156041,58,2
S00156042,97,2
S00156043,98,6
S00156044,69,-
S00156045,119,7
S00156046,84,4
S00156047,158,10
S00156048,75,-
S00156049,97,4
S00156050,124,3
S00156051,51,1
S00156052,82,2
S00156053,107,-
S00156054,110,3
S00156055,136,10
S00156056,74,3
S00156057,97,4
S00156058,150,11
S00156059,105,8
S00156060,104,6
S00156061,94,6
S00156062,143,5
S00156063,74,4
S00156064,98,5
S00156065,101,3
S00156066,126,8
S00156067,122,4
S00156068,113,4
S00156069,91,1
S00156070,60,2
S00156071,94,4
S00156072,57,4
S00156073,92,2
S00156074,119,10
S00156075,72,5
S00156076,73,6
S00156077,139,12
S00156078,124,12
S00156079,125,5
S00156080,103,8
S00156081,87,2
S00156082,75,4
S00156083,148,4
S00156084,94,5
S00156085,96,6
S00156086,119,5
S00156087,64,2
S00156088,104,9
S00156089,125,4
S00156090,129,10
S00156091,87,10
S00156092,114,6
S00156093,113,4
S00156094,103,4
S00156095,109,13
S00156096,71,3
S00156097,117,5
S00156098,81,4
S00156099,66,8
S00156100,101,3
S00156101,149,6
S00156102,88,8
S00156103,58,5
S00156104,96,10
S00156105,125,9
S00156106,78,3
S00156107,134,5
S00156108,58,1
S00156109,92,5
S00156110,108,12
S00156111,82,3
S00156112,61,2
S00156113,71,-
S00156114,91,3
S00156115,54,1
S00156116,85,7
S00156117,71,8
S00156118,112,7
S00156119,59,2
S00156120,76,3
S00156121,45,2
S00156122,101,8
S00156123,108,4
S00156124,134,3
S00156125,74,8
S00156126,147,11
S00156127,112,10
S00156128,125,7
S00156129,106,10
S00156130,78,2
S00156131,96,7
S00156132,91,5
S00156133,65,3
S00156134,83,9
S00156135,115,7
S00156136,101,3
S00156137,92,8
S00156138,99,3
S00156139,110,10
S00156140,94,6
S00156141,61,3
S00156142,114,6
S00156143,96,2
S00156144,125,5
S00156145,110,5
S00156146,127,7
S00156147,65,5
S00156148,79,3
S00156149,66,1
S00156150,80,-
S00156151,120,7
S00156152,125,11
S00156153,146,5
S00156154,79,1
S00156155,79,4
S00156156,96,5
S00156157,66,3
S00156158,76,2
S00156159,67,2
S00156160,76,3
S00156161,119,4
S00156162,91,9
S00156163,126,3
S00156164,91,2
S00156165,76,2
S00156166,85,2
S00156167,155,18
S00156168,122,2
S00156169,77,4
S00156170,96,5
S00156171,101,10
S00156172,100,7
S00156173,76,4
S00156174,137,14
S00156175,61,2
S00156176,86,4
S00156177,81,2
S00156178,64,2
S00156179,120,6
S00156180,128,1
S00156181,81,8
S00156182,101,6
S00156183,81,2
S00156184,139,4
S00156185,112,6
S00156186,68,4
S00156187,109,10
S00156188,84,4
S00156189,126,3
S00156190,96,-
S00156191,77,4
S00156192,103,1
S00156193,91,2
S00156194,81,5
S00156195,69,2
S00156196,70,2
S00156197,82,9
S00156198,123,7
S00156199,98,9
S00156200,52,-
S00156201,119,2
S00156202,94,10
S00156203,152,3
S00156204,109,4
S00156205,154,13
S00156206,83,2
S00156207,93,4
S00156208,137,9
S00156209,101,7
S00156210,93,5
S00156211,93,3
S00156212,126,5
S00156213,99,5
S00156214,54,2
S00156215,77,4
S00156216,91,3
S00156217,93,6
S00156218,81,8
S00156219,85,2
S00156220,97,7
S00156221,100,1
S00156222,108,5
S00156223,83,7
S00156224,124,8
S00156225,103,9
S00156226,99,8
S00156227,80,2
S00156228,146,12
S00156229,64,5
S00156230,71,-
S00156231,70,1
S00156232,80,2
S00156233,70,2
S00156234,140,9
S00156235,65,3
S00156236,85,10
S00156237,60,3
S00156238,102,7
S00156239,72,1
S00156240,111,9
S00156241,118,6
S00156242,87,3
S00156243,103,5
S00156244,52,3
S00156245,91,1
S00156246,62,6
S00156247,112,7
S00156248,112,4
S00156249,163,11
S00156250,59,2
S00156251,77,1
S00156252,71,7
S00156253,125,3
S00156254,95,3
S00156255,59,1
S00156256,87,2
S00156257,87,4
S00156258,109,11
S00156259,81,3
S00156260,78,4
S00156261,53,6
S00156262,100,8
S00156263,139,7
S00156264,86,3
S00156265,76,3
S00156266,127,11
S00156267,97,7
S00156268,69,2
S00156269,77,-
S00156270,112,5
S00156271,58,-
S00156272,89,7
S00156273,73,7
S00156274,95,11
S00156275,105,4
S00156276,80,4
S00156277,71,6
S00156278,71,-
S00156279,101,3
S00156280,92,5
S00156281,112,4
S00156282,81,2
S00156283,153,5
S00156284,137,8
S00156285,62,4
S00156286,106,5
S00156287,73,6
S00156288,92,5
S00156289,73,2
S00156290,110,8
S00156291,143,12
S00156292,68,5
S00156293,66,3
S00156294,120,16
S00156295,72,12
S00156296,81,5
S00156297,100,7
S00156298,117,4
S00156299,99,4
S00156300,105,4
S00156301,123,5
S00156302,85,3
S00156303,59,4
S00156304,130,7
S00156305,75,3
S00156306,66,2
S00156307,125,10
S00156308,172,19
S00156309,91,7
S00156310,143,8
S00156311,75,2
S00156312,83,2
S00156313,66,3
S00156314,64,-
S00156315,156,18
S00156316,89,4
S00156317,141,12
S00156318,95,4
S00156319,79,5
S00156320,122,7
S00156321,62,4
S00156322,154,12
S00156323,129,8
S00156324,56,4
S00156325,146,12
S00156326,95,3
S00156327,199,29
S00156328,115,6
S00156329,71,5
S00156330,157,22
S00156331,71,7
S00156332,66,7
S00156333,90,3
S00156334,64,3
S00156335,93,4
S00156336,66,4
S00156337,95,4
S00156338,123,5
S00156339,73,2
S00156340,87,3
S00156341,173,10
S00156342,179,14
S00156343,143,11
S00156344,87,6
S00156345,111,4
S00156346,138,1
S00156347,100,4
S00156348,126,13
S00156349,78,3
S00156350,126,2
S00156351,121,17
S00156352,109,4
S00156353,88,1
S00156354,94,4
S00156355,107,4
S00156356,97,4
S00156357,88,4
S00156358,124,4
S00156359,168,14
S00156360,147,4
S00156361,154,6
S00156362,104,1
S00156363,123,8
S00156364,123,1
S00156365,73,3
S00156366,90,7
S00156367,97,6
S00156368,85,5
S00156369,88,2
S00156370,142,8
S00156371,127,7
S00156372,104,13
S00156373,129,7
S00156374,106,11
S00156375,60,2
S00156376,114,9
S00156377,122,4
S00156378,86,1
S00156379,137,15
S00156380,74,13
S00156381,63,10
S00156382,99,6
S00156383,79,3
S00156384,128,8
S00156385,69,8
S00156386,106,10
S00156387,129,6
S00156388,73,4
S00156389,65,-
S00156390,138,9
S00156391,150,11
S00156392,129,5
S00156393,150,9
S00156394,140,8
S00156395,94,5
S00156396,79,7
S00156397,85,10
S00156398,61,4
S00156399,94,10
S00156400,96,4
S00156401,116,5
S00156402,111,6
S00156403,126,6
S00156404,78,7
S00156405,56,5
S00156406,94,3
S00156407,147,27
S00156408,109,6
S00156409,74,6
S00156410,93,2
S00156411,77,6
S00156412,154,11
S00156413,80,3
S00156414,133,6
S00156415,95,5
S00156416,69,4
S00156417,79,4
S00156418,187,21
S00156419,77,7
S00156420,84,13
S00156421,116,7
S00156422,131,15
S00156423,110,11
S00156424,103,1
S00156425,136,4
S00156426,90,3
S00156427,94,9
S00156428,64,8
S00156429,138,1
S00156430,161,13
S00156431,116,8
S00156432,144,10
S00156433,48,1
S00156434,109,7
S00156435,65,1
S00156436,91,3
S00156437,116,6
S00156438,117,6
S00156439,131,4
S00156440,77,5
S00156441,89,2
S00156442,63,5
S00156443,144,9
S00156444,67,3
S00156445,86,3
S00156446,76,2
S00156447,57,4
S00156448,96,8
S00156449,143,7
S00156450,87,4
S00156451,183,11
S00156452,153,11
S00156453,133,18
S00156454,137,10
S00156455,92,5
S00156456,96,7
S00156457,71,9
S00156458,107,6
S00156459,117,11
S00156460,88,4
S00156461,177,14
S00156462,74,8
S00156463,113,3
S00156464,115,6
S00156465,106,8
S00156466,110,4
S00156467,111,5
S00156468,81,5
S00156469,112,4
S00156470,58,4
S00156471,70,2
S00156472,88,2
S00156473,88,4
S00156474,156,11
S00156475,94,-
S00156476,107,5
S00156477,65,4
S00156478,104,2
S00156479,67,3
S00156480,111,2
S00156481,106,3
S00156482,71,3
S00156483,111,5
S00156484,98,9
S00156485,96,2
S00156486,93,8
S00156487,77,1
S00156488,75,3
S00156489,126,4
S00156490,127,7
S00156491,81,7
S00156492,55,-
S00156493,103,8
S00156494,103,5
S00156495,112,3
S00156496,89,6
S00156497,150,4
S00156498,95,2
S00156499,164,17
S00156500,117,8
S00156501,140,10
S00156502,56,4
S00156503,82,2
S00156504,60,3
S00156505,122,4
S00156506,124,6
S00156507,68,3
S00156508,110,2
S00156509,107,6
S00156510,104,3
S00156511,128,6
S00156512,82,8
S00156513,97,4
S00156514,80,5
S00156515,64,1
S00156516,104,3
S00156517,111,5
S00156518,67,2
S00156519,85,4
S00156520,63,3
S00156521,94,5
S00156522,79,4
S00156523,121,7
S00156524,106,5
S00156525,64,2
S00156526,113,5
S00156527,111,7
S00156528,53,2
S00156529,59,3
S00156530,70,4
S00156531,115,-
S00156532,54,-
S00156533,98,2
S00156534,80,4
S00156535,83,4
S00156536,174,21
S00156537,126,4
S00156538,134,5
S00156539,99,2
S00156540,99,5
S00156541,69,1
S00156542,87,4
S00156543,119,3
S00156544,106,4
S00156545,78,7
S00156546,120,10
S00156547,78,8
S00156548,87,6
S00156549,60,-
S00156550,81,5
S00156551,79,7
S00156552,89,4
S00156553,116,3
S00156554,113,6
S00156555,61,1
S00156556,59,4
S00156557,110,5
S00156558,107,5
S00156559,131,8
S00156560,92,6
S00156561,132,6
S00156562,95,3
S00156563,71,4
S00156564,130,3
S00156565,104,1
S00156566,207,3
S00156567,105,4
S00156568,130,13
S00156569,88,4
S00156570,87,5
S00156571,66,3
S00156572,89,1
S00156573,114,7
S00156574,50,5
S00156575,98,3
S00156576,110,6
S00156577,60,3
S00156578,77,5
S00156579,78,4
S00156580,72,1
S00156581,53,1
S00156582,82,2
S00156583,94,5
S00156584,122,13
S00156585,123,2
S00156586,113,1
S00156587,78,5
S00156588,98,1
S00156589,59,2
S00156590,104,4
S00156591,84,10
S00156592,94,2
S00156593,130,12
S00156594,63,2
S00156595,89,4
S00156596,114,7
S00156597,137,11
S00156598,88,4
S00156599,76,-
S00156600,72,4
S00156601,74,3
S00156602,57,3
S00156603,77,5
S00156604,105,5
S00156605,184,12
S00156606,123,7
S00156607,112,3
S00156608,94,3
S00156609,105,8
S00156610,99,2
S00156611,123,3
S00156612,179,21
S00156613,89,1
S00156614,72,4
S00156615,94,2
S00156616,115,5
S00156617,54,4
S00156618,124,5
S00156619,130,3
S00156620,106,1
S00156621,66,2
S00156622,98,2
S00156623,127,8
S00156624,89,2
S00156625,66,6
S00156626,72,1
S00156627,89,10
S00156628,137,11
S00156629,90,8
S00156630,69,5
S00156631,116,4
S00156632,127,7
S00156633,86,1
S00156634,74,1
S00156635,79,4
S00156636,83,10
S00156637,117,2
S00156638,95,4
S00156639,150,10
S00156640,56,4
S00156641,145,16
S00156642,90,1
S00156643,78,4
S00156644,73,1
S00156645,106,3
S00156646,103,6
S00156647,99,6
S00156648,123,13
S00156649,139,7
S00156650,134,7
S00156651,83,3
S00156652,107,5
S00156653,50,4
S00156654,61,1
S00156655,90,4
S00156656,98,6
S00156657,162,4
S00156658,140,7
S00156659,164,5
S00156660,68,3
S00156661,55,2
S00156662,94,4
S00156663,121,8
S00156664,111,7
S00156665,61,4
S00156666,84,1
S00156667,139,4
S00156668,142,9
S00156669,149,6
S00156670,110,8
S00156671,72,7
S00156672,72,6
S00156673,93,5
S00156674,88,5
S00156675,103,7
S00156676,113,10
S00156677,71,5
S00156678,89,5
S00156679,45,3
S00156680,58,2
S00156681,91,4
S00156682,69,4
S00156683,73,2
S00156684,114,12
S00156685,103,2
S00156686,86,1
S00156687,68,2
S00156688,106,10
S00156689,66,-
S00156690,88,9
S00156691,78,8
S00156692,50,7
S00156693,68,4
S00156694,187,11
S00156695,49,2
S00156696,123,4
S00156697,96,6
S00156698,110,3
S00156699,63,2
S00156700,83,4
S00156701,100,6
S00156702,82,2
S00156703,64,3
S00156704,76,7
S00156705,125,10
S00156706,103,5
S00156707,109,11
S00156708,139,5
S00156709,93,3
S00156710,110,5
S00156711,102,7
S00156712,96,4
S00156713,81,1
S00156714,119,12
S00156715,124,7
S00156716,74,1
S00156717,112,5
S00156718,72,5
S00156719,125,9
S00156720,64,6
S00156721,64,2
S00156722,114,15
S00156723,85,10
S00156724,95,11
S00156725,113,7
S00156726,150,13
S00156727,104,9
S00156728,116,6
S00156729,167,16
S00156730,88,8
S00156731,128,8
S00156732,136,12
S00156733,68,2
S00156734,66,3
S00156735,114,13
S00156736,58,11
S00156737,128,12
S00156738,75,7
S00156739,104,8
S00156740,96,12
S00156741,61,1
S00156742,121,8
S00156743,78,-
S00156744,81,13
S00156745,125,13
S00156746,102,4
S00156747,90,5
S00156748,71,9
S00156749,89,6
S00156750,105,5
S00156751,101,2
S00156752,123,23
S00156753,68,3
S00156754,64,6
S00156755,70,12
S00156756,66,-
S00156757,90,8
S00156758,59,2
S00156759,104,6
S00156760,108,9
S00156761,84,2
S00156762,81,-
S00156763,107,11
S00156764,98,17
S00156765,128,22
S00156766,73,9
S00156767,135,15
S00156768,93,8
S00156769,80,1
S00156770,59,5
S00156771,54,5
S00156772,68,6
S00156773,50,4
S00156774,70,6
S00156775,61,7
S00156776,121,23
S00156777,108,7
S00156778,102,17
S00156779,108,11
S00156780,118,14
S00156781,98,7
S00156782,109,8
S00156783,99,10
S00156784,91,4
S00156785,127,21
S00156786,72,6
S00156787,73,10
S00156788,80,7
S00156789,159,23
S00156790,96,15
S00156791,89,18
S00156792,57,3
S00156793,56,13
S00156794,63,3
S00156795,86,8
S00156796,84,4
S00156797,128,12
S00156798,45,1
S00156799,63,6
S00156800,84,18
S00156801,60,9
S00156802,82,5
S00156803,48,2
S00156804,70,6
S00156805,52,3
S00156806,57,7
S00156807,51,-
S00156808,57,4
S00156809,61,11
S00156810,119,10
S00156811,97,14
S00156812,119,18
S00156813,52,2
S00156814,65,9
S00156815,65,5
S00156816,84,4
S00156817,82,9
S00156818,95,10
S00156819,78,3
S00156820,65,4
S00156821,117,20
S00156822,121,26
S00156823,71,4
S00156824,88,8
S00156825,264,5
S00156826,91,8
S00156827,106,12
S00156828,73,8
S00156829,99,6
S00156830,87,7
S00156831,137,13
S00156832,129,20
S00156833,94,6
S00156834,94,3
S00156835,145,12
S00156836,175,20
S00156837,151,10
S00156838,113,19
S00156839,312,231
S00156840,98,4
S00156841,85,6
S00156842,75,9
S00156843,120,4
S00156844,91,9
S00156845,133,18
S00156846,125,3
S00156847,93,9
S00156848,104,15
S00156849,104,6
S00156850,131,10
S00156851,78,6
S00156852,71,6
S00156853,56,2
S00156854,87,6
S00156855,70,5
S00156856,79,3
S00156857,74,6
S00156858,91,9
S00156859,129,3
S00156860,86,4
S00156861,88,7
S00156862,57,4
S00156863,121,7
S00156864,97,10
S00156865,111,8
S00156866,100,5
S00156867,76,5
S00156868,86,4
S00156869,119,9
S00156870,103,6
S00156871,99,12
S00156872,87,2
S00156873,56,1
S00156874,54,3
S00156875,98,4
S00156876,133,12
S00156877,163,20
S00156878,63,22
S00156879,109,4
S00156880,132,12
S00156881,116,12
S00156882,80,6
S00156883,71,-
S00156884,95,7
S00156885,102,3
S00156886,85,4
S00156887,129,8
S00156888,97,15
S00156889,123,22
S00156890,71,4
S00156891,58,3
S00156892,83,6
S00156893,116,7
S00156894,125,9
S00156895,94,9
S00156896,80,6
S00156897,108,12
S00156898,86,3
S00156899,85,5
S00156900,151,11
S00156901,102,5
S00156902,80,4
S00156903,81,11
S00156904,89,5
S00156905,59,7
S00156906,104,14
S00156907,72,7
S00156908,121,7
S00156909,65,5
S00156910,81,8
S00156911,66,6
S00156912,80,5
S00156913,80,9
S00156914,94,6
S00156915,87,24
S00156916,106,15
S00156917,73,4
S00156918,72,10
S00156919,85,7
S00156920,81,10
S00156921,110,8
S00156922,85,6
S00156923,69,7
S00156924,56,12
S00156925,116,17
S00156926,116,8
S00156927,90,12
S00156928,63,6
S00156929,92,3
S00156930,66,2
S00156931,126,15
S00156932,109,10
S00156933,78,4
S00156934,83,4
S00156935,92,5
S00156936,110,7
S00156937,90,7
S00156938,116,6
S00156939,65,5
S00156940,73,5
S00156941,89,15
S00156942,69,8
S00156943,105,20
S00156944,95,16
S00156945,68,7
S00156946,113,20
S00156947,104,6
S00156948,78,10
S00156949,109,19
S00156950,102,11
S00156951,95,9
S00156952,120,4
S00156953,139,7
S00156954,76,5
S00156955,88,6
S00156956,107,5
S00156957,76,6
S00156958,87,5
S00156959,84,6
S00156960,101,10
S00156961,103,19
S00156962,135,8
S00156963,51,6
S00156964,81,6
S00156965,74,6
S00156966,104,16
S00156967,87,12
S00156968,110,9
S00156969,63,12
S00156970,84,6
S00156971,72,4
S00156972,128,12
S00156973,89,8
S00156974,79,3
S00156975,67,2
S00156976,68,6
S00156977,83,7
S00156978,98,11
S00156979,112,11
S00156980,78,1
S00156981,95,5
S00156982,88,8
S00156983,103,6
S00156984,73,1
S00156985,64,4
S00156986,113,10
S00156987,114,15
S00156988,62,2
S00156989,108,5
S00156990,89,8
S00156991,109,1
S00156992,81,1
S00156993,73,9
S00156994,79,11
S00156995,159,9
S00156996,90,11
S00156997,51,4
S00156998,107,5
S00156999,87,2
S00157000,83,8
S00157001,87,10
S00157002,101,10
S00157003,103,12
S00157004,65,11
S00157005,70,6
S00157006,81,6
S00157007,82,3
S00157008,111,5
S00157009,124,14
S00157010,95,14
S00157011,101,10
S00157012,87,11
S00157013,98,6
S00157014,132,5
S00157015,144,24
S00157016,83,4
S00157017,90,10
S00157018,143,9
S00157019,88,3
S00157020,78,8
S00157021,84,10
S00157022,95,11
S00157023,63,2
S00157024,60,5
S00157025,56,5
S00157026,85,13
S00157027,87,9
S00157028,116,3
S00157029,96,11
S00157030,145,9
S00157031,95,4
S00157032,81,1
S00157033,64,5
S00157034,95,4
S00157035,126,12
S00157036,79,4
S00157037,121,9
S00157038,76,3
S00157039,75,1
S00157040,71,3
S00157041,139,10
S00157042,98,23
S00157043,79,2
S00157044,74,6
S00157045,132,15
S00157046,79,1
S00157047,121,8
S00157048,70,9
S00157049,117,19
S00157050,66,9
S00157051,76,12
S00157052,183,14
S00157053,185,20
S00157054,134,19
S00157055,112,22
S00157056,66,5
S00157057,91,7
S00157058,57,5
S00157059,98,11
S00157060,80,5
S00157061,108,13
S00157062,70,1
S00157063,76,10
S00157064,58,2
S00157065,86,4
S00157066,108,14
S00157067,131,12
S00157068,61,10
S00157069,62,4
S00157070,96,11
S00157071,81,7
S00157072,68,8
S00157073,90,6
S00157074,130,10
S00157075,113,5
S00157076,71,15
S00157077,108,10
S00157078,95,22
S00157079,141,20
S00157080,77,11
S00157081,88,17
S00157082,72,7
S00157083,58,-
S00157084,76,10
S00157085,75,4
S00157086,66,14
S00157087,97,23
S00157088,85,11
S00157089,116,8
S00157090,68,4
S00157091,133,16
S00157092,62,2
S00157093,84,3
S00157094,111,17
S00157095,111,12
S00157096,101,18
S00157097,77,9
S00157098,57,4
S00157099,59,5
S00157100,113,13
S00157101,104,7
S00157102,77,12
S00157103,94,12
S00157104,117,21
S00157105,142,26
S00157106,153,8
S00157107,122,12
S00157108,83,6
S00157109,61,6
S00157110,156,10
S00157111,91,17
S00157112,106,13
S00157113,103,10
S00157114,109,11
S00157115,87,8
S00157116,127,10
S00157117,138,9
S00157118,129,12
S00157119,81,3
S00157120,79,24
S00157121,92,9
S00157122,126,11
S00157123,78,16
S00157124,96,9
S00157125,127,7
S00157126,76,4
S00157127,106,7
S00157128,79,8
S00157129,54,1
S00157130,108,5
S00157131,97,5
S00157132,89,7
S00157133,66,7
S00157134,77,9
S00157135,114,12
S00157136,84,25
S00157137,77,9
S00157138,67,-
S00157139,122,10
S00157140,128,8
S00157141,96,25
S00157142,75,13
S00157143,92,8
S00157144,125,14
S00157145,131,5
S00157146,136,2
S00157147,85,7
S00157148,72,5
S00157149,67,3
S00157150,98,4
S00157151,57,6
S00157152,93,10
S00157153,92,17
S00157154,71,-
S00157155,111,8
S00157156,79,11
S00157157,154,15
S00157158,80,7
S00157159,60,8
S00157160,75,6
S00157161,118,10
S00157162,81,23
S00157163,138,11
S00157164,103,14
S00157165,73,4
S00157166,109,11
S00157167,173,19
S00157168,79,6
S00157169,81,12
S00157170,103,8
S00157171,85,5
S00157172,104,2
S00157173,103,5
S00157174,97,7
S00157175,85,3
S00157176,140,12
S00157177,67,14
S00157178,84,6
S00157179,111,7
S00157180,111,16
S00157181,86,7
S00157182,113,6
S00157183,65,6
S00157184,72,4
S00157185,67,8
S00157186,45,2
S00157187,98,19
S00157188,122,13
S00157189,142,16
S00157190,79,19
S00157191,110,11
S00157192,173,7
S00157193,128,14
S00157194,91,9
S00157195,112,-
S00157196,118,18
S00157197,102,7
S00157198,104,29
S00157199,86,18
S00157200,56,10
S00157201,135,18
S00157202,170,15
S00157203,67,-
S00157204,72,5
S00157205,78,5
S00157206,46,2
S00157207,119,2
S00157208,112,22
S00157209,68,17
S00157210,88,7
S00157211,147,6
S00157212,70,5
S00157213,93,17
S00157214,94,6
S00157215,70,6
S00157216,115,18
S00157217,121,11
S00157218,96,6
S00157219,119,23
S00157220,89,18
S00157221,96,16
S00157222,70,7
S00157223,86,5
S00157224,69,8
S00157225,79,25
S00157226,150,8
S00157227,61,3
S00157228,69,4
S00157229,93,4
S00157230,94,14
S00157231,93,15
S00157232,96,10
S00157233,140,12
S00157234,63,5
S00157235,73,5
S00157236,140,16
S00157237,71,11
S00157238,125,5
S00157239,93,11
S00157240,60,3
S00157241,57,3
S00157242,97,9
S00157243,117,44
S00157244,112,6
S00157245,166,11
S00157246,72,3
S00157247,143,20
S00157248,78,2
S00157249,57,8
S00157250,105,10
S00157251,65,9
S00157252,129,4
S00157253,92,6
S00157254,123,7
S00157255,106,4
S00157256,63,5
S00157257,153,15
S00157258,135,21
S00157259,104,16
S00157260,108,4
S00157261,51,6
S00157262,186,41
S00157263,102,7
S00157264,82,7
S00157265,95,19
S00157266,130,9
S00157267,88,18
S00157268,89,8
S00157269,133,10
S00157270,75,7
S00157271,96,8
S00157272,86,5
S00157273,95,5
S00157274,82,3
S00157275,62,8
S00157276,118,18
S00157277,116,7
S00157278,88,13
S00157279,72,12
S00157280,116,10
S00157281,62,5
S00157282,132,10
S00157283,81,11
S00157284,68,7
S00157285,95,12
S00157286,68,9
S00157287,106,12
S00157288,77,4
S00157289,74,3
S00157290,82,22
S00157291,79,7
S00157292,122,13
S00157293,66,1
S00157294,76,4
S00157295,89,11
S00157296,133,14
S00157297,61,8
S00157298,103,9
S00157299,63,8
S00157300,70,2
S00157301,65,1
S00157302,73,8
S00157303,62,6
S00157304,69,8
S00157305,62,10
S00157306,126,27
S00157307,125,12
S00157308,129,14
S00157309,118,4
S00157310,55,2
S00157311,111,14
S00157312,85,5
S00157313,93,2
S00157314,64,1
S00157315,160,40
S00157316,89,12
S00157317,98,12
S00157318,189,23
S00157319,72,3
S00157320,154,1
S00157321,91,5
S00157322,81,11
S00157323,112,2
S00157324,118,11
S00157325,70,1
S00157326,72,11
S00157327,111,4
S00157328,196,33
S00157329,152,35
S00157330,88,4
S00157331,44,2
S00157332,55,4
S00157333,162,10
S00157334,66,4
S00157335,96,5
S00157336,82,11
S00157337,123,13
S00157338,101,5
S00157339,64,-
S00157340,84,6
S00157341,55,8
S00157342,85,9
S00157343,105,12
S00157344,73,4
S00157345,88,4
S00157346,128,8
S00157347,139,13
S00157348,97,4
S00157349,97,9
S00157350,96,11
S00157351,128,9
S00157352,107,5
S00157353,79,9
S00157354,150,2
S00157355,77,4
S00157356,68,3
S00157357,68,8
S00157358,70,4
S00157359,91,11
S00157360,110,13
S00157361,89,4
S00157362,117,7
S00157363,83,7
S00157364,96,7
S00157365,78,3
S00157366,162,9
S00157367,106,17
S00157368,76,5
S00157369,144,15
S00157370,104,16
S00157371,80,5
S00157372,64,5
S00157373,145,20
S00157374,114,5
S00157375,72,2
S00157376,83,2
S00157377,142,5
S00157378,84,5
S00157379,102,20
S00157380,91,3
S00157381,128,14
S00157382,64,6
S00157383,96,10
S00157384,72,1
S00157385,129,7
S00157386,97,13
S00157387,138,7
S00157388,93,4
S00157389,59,6
S00157390,153,11
S00157391,78,7
S00157392,81,4
S00157393,57,1
S00157394,60,3
S00157395,59,4
S00157396,101,10
S00157397,127,8
S00157398,134,25
S00157399,76,4
S00157400,81,5
S00157401,137,7
S00157402,81,4
S00157403,55,6
S00157404,109,12
S00157405,78,4
S00157406,82,3
S00157407,59,3
S00157408,102,11
S00157409,63,3
S00157410,84,8
S00157411,101,6
S00157412,88,4
S00157413,103,6
S00157414,81,6
S00157415,106,2
S00157416,76,4
S00157417,92,2
S00157418,107,5
S00157419,93,7
S00157420,63,6
S00157421,118,11
S00157422,72,13
S00157423,89,12
S00157424,66,6
S00157425,100,12
S00157426,55,2
S00157427,116,9
S00157428,108,11
S00157429,93,6
S00157430,91,11
S00157431,149,14
S00157432,86,11
S00157433,171,22
S00157434,129,6
S00157435,92,7
S00157436,78,9
S00157437,75,3
S00157438,74,3
S00157439,136,12
S00157440,97,6
S00157441,78,9
S00157442,52,-
S00157443,101,30
S00157444,113,16
S00157445,82,5
S00157446,108,5
S00157447,113,5
S00157448,80,6
S00157449,142,12
S00157450,64,-
S00157451,65,2
S00157452,150,16
S00157453,92,14
S00157454,114,11
S00157455,113,8
S00157456,90,12
S00157457,105,13
S00157458,78,4
S00157459,78,17
S00157460,63,5
S00157461,126,23
S00157462,91,5
S00157463,110,2
S00157464,97,2
S00157465,112,9
S00157466,111,23
S00157467,128,6
S00157468,69,11
S00157469,69,4
S00157470,123,10
S00157471,61,9
S00157472,111,6
S00157473,60,4
S00157474,52,3
S00157475,75,5
S00157476,148,24
S00157477,115,17
S00157478,87,7
S00157479,89,19
S00157480,113,16
S00157481,99,13
S00157482,72,8
S00157483,97,5
S00157484,64,3
S00157485,50,2
S00157486,112,3
S00157487,94,9
S00157488,95,13
S00157489,129,10
S00157490,115,9
S00157491,70,2
S00157492,123,15
S00157493,67,4
S00157494,76,3
S00157495,57,6
S00157496,73,14
S00157497,193,5
S00157498,135,7
S00157499,84,4
S00157500,56,4
S00157501,145,13
S00157502,89,5
S00157503,107,4
S00157504,75,7
S00157505,95,11
S00157506,76,10
S00157507,73,6
S00157508,78,3
S00157509,85,4
S00157510,87,3
S00157511,108,29
S00157512,72,9
S00157513,113,9
S00157514,113,6
S00157515,69,3
S00157516,103,5
S00157517,55,10
S00157518,104,8
S00157519,124,12
S00157520,76,4
S00157521,83,8
S00157522,116,3
S00157523,72,7
S00157524,71,-
S00157525,124,10
S00157526,145,18
S00157527,60,2
S00157528,81,6
S00157529,77,10
S00157530,85,10
S00157531,61,4
S00157532,124,9
S00157533,140,17
S00157534,98,13
S00157535,59,10
S00157536,60,6
S00157537,67,4
S00157538,131,8
S00157539,101,8
S00157540,65,3
S00157541,111,17
S00157542,80,9
S00157543,73,6
S00157544,111,18
S00157545,53,4
S00157546,95,15
S00157547,68,8
S00157548,150,26
S00157549,60,4
S00157550,117,17
S00157551,143,13
S00157552,136,18
S00157553,80,10
S00157554,58,6
S00157555,85,3
S00157556,152,18
S00157557,71,12
S00157558,78,8
S00157559,115,20
S00157560,97,10
S00157561,159,22
S00157562,78,4
S00157563,79,2
S00157564,85,19
S00157565,70,8
S00157566,67,1
S00157567,122,13
S00157568,115,20
S00157569,91,16
S00157570,107,4
S00157571,72,7
S00157572,66,13
S00157573,91,3
S00157574,82,6
S00157575,51,3
S00157576,84,9
S00157577,104,4
S00157578,53,4
S00157579,92,14
S00157580,146,6
S00157581,106,12
S00157582,108,7
S00157583,104,12
S00157584,75,6
S00157585,66,10
S00157586,131,15
S00157587,122,5
S00157588,98,15
S00157589,93,9
S00157590,53,10
S00157591,140,11
S00157592,82,15
S00157593,74,6
S00157594,85,4
S00157595,74,7
S00157596,85,11
S00157597,65,9
S00157598,63,6
S00157599,115,2
S00157600,115,20
S00157601,101,8
S00157602,58,7
S00157603,117,14
S00157604,72,9
S00157605,134,27
S00157606,144,13
S00157607,92,7
S00157608,118,11
S00157609,88,6
S00157610,85,17
S00157611,74,13
S00157612,115,23
S00157613,69,2
S00157614,92,4
S00157615,78,12
S00157616,101,11
S00157617,85,30
S00157618,78,16
S00157619,75,3
S00157620,76,4
S00157621,85,3
S00157622,62,12
S00157623,137,32
S00157624,129,9
S00157625,103,31
S00157626,76,5
S00157627,72,12
S00157628,144,9
S00157629,69,10
S00157630,94,6
S00157631,123,9
S00157632,96,7
S00157633,84,16
S00157634,82,4
S00157635,61,4
S00157636,99,10
S00157637,66,13
S00157638,84,9
S00157639,95,12
S00157640,73,14
S00157641,115,6
S00157642,95,10
S00157643,91,4
S00157644,87,7
S00157645,89,9
S00157646,100,23
S00157647,72,2
S00157648,94,20
S00157649,92,10
S00157650,76,3
S00157651,132,22
S00157652,78,9
S00157653,91,6
S00157654,81,4
S00157655,80,5
S00157656,93,18
S00157657,77,1
S00157658,75,13
S00157659,74,11
S00157660,115,1
S00157661,85,4
S00157662,61,7
S00157663,86,8
S00157664,87,8
S00157665,75,6
S00157666,75,11
S00157667,224,16
S00157668,89,10
S00157669,142,17
S00157670,100,26
S00157671,87,5
S00157672,54,3
S00157673,70,6
S00157674,78,21
S00157675,103,15
S00157676,59,6
S00157677,72,9
S00157678,101,16
S00157679,72,7
S00157680,672,569
S00157681,91,3
S00157682,56,18
S00157683,117,22
S00157684,125,20
S00157685,184,23
S00157686,250,153
S00157687,90,12
S00157688,76,11
S00157689,58,8
S00157690,106,7
S00157691,77,3
S00157692,186,52
S00157693,114,13
S00157694,111,22
S00157695,108,4
S00157696,53,5
S00157697,85,18
S00157698,106,6
S00157699,78,10
S00157700,93,6
S00157701,52,4
S00157702,82,1
S00157703,77,20
S00157704,85,9
S00157705,51,12
S00157706,99,16
S00157707,106,9
S00157708,82,13
S00157709,81,2
S00157710,108,6
S00157711,122,13
S00157712,126,10
S00157713,107,13
S00157714,121,8
S00157715,65,3
S00157716,161,13
S00157717,125,30
S00157718,126,13
S00157719,69,7
S00157720,84,13
S00157721,84,8
S00157722,76,5
S00157723,57,8
S00157724,72,10
S00157725,101,5
S00157726,70,4
S00157727,63,8
S00157728,140,7
S00157729,122,9
S00157730,140,42
S00157731,122,12
S00157732,83,3
S00157733,81,20
S00157734,137,11
S00157735,75,9
S00157736,127,11
S00157737,136,16
S00157738,83,7
S00157739,87,4
S00157740,80,10
S00157741,97,17
S00157742,61,12
S00157743,102,9
S00157744,87,6
S00157745,96,15
S00157746,56,3
S00157747,96,12
S00157748,1306,1226
S00157749,60,3
S00157750,59,1
S00157751,88,12
S00157752,79,12
S00157753,110,28
S00157754,122,28
S00157755,91,25
S00157756,114,25
S00157757,116,9
S00157758,60,4
S00157759,98,12
S00157760,75,16
S00157761,86,2
S00157762,172,10
S00157763,118,34
S00157764,111,15
S00157765,107,32
S00157766,84,5
S00157767,94,7
S00157768,66,8
S00157769,56,6
S00157770,97,32
S00157771,161,2
S00157772,139,17
S00157773,57,10
S00157774,101,14
S00157775,65,12
S00157776,96,4
S00157777,65,7
S00157778,106,5
S00157779,58,-
S00157780,49,3
S00157781,133,23
S00157782,98,9
S00157783,92,15
S00157784,108,12
S00157785,85,20
S00157786,68,9
S00157787,102,1
S00157788,105,12
S00157789,92,4
S00157790,71,5
S00157791,63,2
S00157792,80,9
S00157793,86,3
S00157794,119,11
S00157795,111,6
S00157796,82,10
S00157797,102,10
S00157798,78,3
S00157799,105,1
S00157800,85,5
S00157801,89,7
S00157802,103,22
S00157803,86,10
S00157804,61,3
S00157805,100,29
S00157806,75,11
S00157807,84,12
S00157808,86,9
S00157809,94,7
S00157810,119,12
S00157811,76,7
S00157812,166,21
S00157813,117,5
S00157814,76,2
S00157815,113,12
S00157816,53,1
S00157817,69,6
S00157818,76,11
S00157819,79,17
S00157820,90,9
S00157821,114,12
S00157822,105,13
S00157823,94,14
S00157824,91,7
S00157825,133,19
S00157826,92,25
S00157827,59,9
S00157828,133,2
S00157829,93,21
S00157830,88,17
S00157831,125,24
S00157832,85,9
S00157833,63,7
S00157834,59,3
S00157835,75,11
S00157836,59,13
S00157837,411,333
S00157838,89,18
S00157839,111,6
S00157840,86,5
S00157841,114,22
S00157842,109,20
S00157843,82,8
S00157844,113,51
S00157845,84,9
S00157846,100,28
S00157847,113,5
S00157848,84,11
S00157849,52,14
S00157850,85,5
S00157851,94,7
S00157852,89,4
S00157853,68,1
S00157854,95,6
S00157855,98,4
S00157856,117,4
S00157857,110,11
S00157858,71,12
S00157859,124,9
S00157860,105,10
S00157861,79,9
S00157862,112,32
S00157863,92,10
S00157864,176,29
S00157865,91,11
S00157866,99,7
S00157867,74,3
S00157868,98,16
S00157869,77,8
S00157870,63,5
S00157871,96,6
S00157872,82,28
S00157873,81,24
S00157874,65,9
S00157875,61,6
S00157876,97,17
S00157877,59,4
S00157878,116,6
S00157879,78,11
S00157880,107,8
S00157881,68,13
S00157882,108,13
S00157883,82,5
S00157884,100,5
S00157885,116,6
S00157886,96,11
S00157887,98,10
S00157888,53,6
S00157889,92,23
S00157890,84,3
S00157891,100,7
S00157892,90,17
S00157893,103,7
S00157894,133,10
S00157895,108,8
S00157896,111,7
S00157897,65,13
S00157898,104,12
S00157899,76,12
S00157900,101,6
S00157901,86,12
S00157902,103,11
S00157903,108,12
S00157904,59,3
S00157905,124,10
S00157906,144,17
S00157907,82,6
S00157908,75,8
S00157909,85,9
S00157910,61,5
S00157911,85,16
S00157912,101,29
S00157913,73,8
S00157914,118,7
S00157915,61,7
S00157916,133,22
S00157917,76,10
S00157918,56,9
S00157919,77,4
S00157920,96,7
S00157921,81,12
S00157922,85,16
S00157923,88,13
S00157924,123,49
S00157925,131,12
S00157926,99,14
S00157927,97,17
S00157928,148,13
S00157929,86,9
S00157930,94,1
S00157931,96,4
S00157932,124,25
S00157933,90,20
S00157934,113,4
S00157935,85,31
S00157936,61,4
S00157937,111,9
S00157938,98,12
S00157939,79,5
S00157940,83,5
S00157941,88,5
S00157942,59,7
S00157943,104,21
S00157944,103,12
S00157945,128,17
S00157946,89,3
S00157947,83,10
S00157948,85,19
S00157949,102,22
S00157950,56,5
S00157951,113,12
S00157952,97,16
S00157953,71,17
S00157954,63,6
S00157955,79,2
S00157956,96,35
S00157957,73,8
S00157958,98,3
S00157959,93,7
S00157960,115,10
S00157961,73,11
S00157962,122,31
S00157963,83,13
S00157964,101,3
S00157965,100,6
S00157966,66,2
S00157967,104,14
S00157968,137,32
S00157969,56,3
S00157970,76,3
S00157971,85,10
S00157972,154,20
S00157973,64,2
S00157974,58,8
S00157975,88,2
S00157976,89,8
S00157977,68,6
S00157978,90,7
S00157979,61,8
S00157980,55,9
S00157981,72,12
S00157982,107,12
S00157983,58,5
S00157984,131,7
S00157985,106,3
S00157986,94,6
S00157987,78,4
S00157988,60,12
S00157989,62,5
S00157990,110,8
S00157991,88,3
S00157992,60,4
S00157993,85,6
S00157994,81,3
S00157995,84,14
S00157996,61,10
S00157997,64,8
S00157998,135,10
S00157999,86,9
S00158000,103,7
S00158001,82,12
S00158002,68,6
S00158003,104,8
S00158004,114,7
S00158005,69,12
S00158006,115,2
S00158007,94,9
S00158008,58,8
S00158009,75,4
S00158010,92,6
S00158011,113,10
S00158012,62,2
S00158013,81,6
S00158014,77,14
S00158015,87,13
S00158016,78,20
S00158017,72,12
S00158018,125,15
S00158019,84,1
S00158020,111,16
S00158021,78,12
S00158022,114,9
S00158023,96,14
S00158024,52,4
S00158025,61,9
S00158026,102,16
S00158027,55,2
S00158028,99,14
S00158029,101,14
S00158030,60,9
S00158031,105,6
S00158032,115,4
S00158033,75,8
S00158034,85,5
S00158035,79,13
S00158036,90,7
S00158037,80,9
S00158038,71,11
S00158039,81,2
S00158040,84,11
S00158041,106,7
S00158042,81,8
S00158043,60,6
S00158044,107,10
S00158045,99,6
S00158046,85,4
S00158047,66,5
S00158048,88,23
S00158049,111,18
S00158050,93,18
S00158051,114,20
S00158052,59,2
S00158053,101,7
S00158054,91,5
S00158055,113,29
S00158056,78,-
S00158057,128,11
S00158058,66,6
S00158059,86,18
S00158060,121,21
S00158061,69,5
S00158062,137,29
S00158063,56,4
S00158064,90,10
S00158065,121,14
S00158066,68,8
S00158067,56,6
S00158068,92,18
S00158069,122,6
S00158070,123,18
S00158071,93,2
S00158072,116,19
S00158073,61,3
S00158074,84,6
S00158075,111,6
S00158076,49,4
S00158077,158,25
S00158078,84,2
S00158079,64,4
S00158080,118,28
S00158081,107,6
S00158082,117,11
S00158083,87,13
S00158084,63,5
S00158085,109,8
S00158086,74,14
S00158087,94,11
S00158088,58,3
S00158089,111,7
S00158090,58,18
S00158091,53,3
S00158092,84,8
S00158093,83,21
S00158094,129,4
S00158095,76,4
S00158096,105,10
S00158097,99,8
S00158098,59,4
S00158099,184,26
S00158100,123,18
S00158101,86,23
S00158102,134,25
S00158103,71,10
S00158104,85,6
S00158105,82,18
S00158106,83,6
S00158107,82,3
S00158108,69,10
S00158109,65,9
S00158110,69,3
S00158111,117,13
S00158112,78,9
S00158113,120,11
S00158114,91,12
S00158115,60,10
S00158116,73,8
S00158117,135,13
S00158118,112,9
S00158119,91,10
S00158120,114,13
S00158121,59,5
S00158122,74,6
S00158123,112,6
S00158124,59,4
S00158125,65,3
S00158126,120,6
S00158127,73,5
S00158128,63,1
S00158129,62,7
S00158130,67,9
S00158131,73,29
S00158132,99,9
S00158133,69,2
S00158134,105,5
S00158135,79,9
S00158136,72,13
S00158137,85,12
S00158138,80,14
S00158139,88,12
S00158140,89,14
S00158141,125,30
S00158142,54,10
S00158143,120,5
S00158144,72,2
S00158145,92,7
S00158146,82,10
S00158147,91,26
S00158148,150,28
S00158149,78,11
S00158150,80,15
S00158151,80,6
S00158152,110,23
S00158153,65,-
S00158154,77,8
S00158155,94,4
S00158156,59,3
S00158157,130,18
S00158158,91,24
S00158159,63,3
S00158160,143,60
S00158161,71,5
S00158162,90,8
S00158163,91,51
S00158164,110,15
S00158165,61,3
S00158166,54,2
S00158167,105,5
S00158168,99,24
S00158169,118,30
S00158170,102,18
S00158171,70,18
S00158172,78,8
S00158173,82,12
S00158174,132,27
S00158175,75,5
S00158176,84,6
S00158177,107,25
S00158178,71,8
S00158179,80,9
S00158180,153,50
S00158181,78,6
S00158182,60,15
S00158183,164,5
S00158184,95,6
S00158185,106,45
S00158186,108,59
S00158187,65,17
S00158188,111,13
S00158189,109,31
S00158190,84,-
S00158191,129,29
S00158192,70,3
S00158193,109,43
S00158194,107,6
S00158195,125,6
S00158196,128,5
S00158197,68,10
S00158198,128,47
S00158199,95,7
S00158200,168,86
S00158201,100,23
S00158202,93,23
S00158203,87,22
S00158204,77,32
S00158205,112,3
S00158206,75,8
S00158207,91,21
S00158208,63,12
S00158209,116,13
S00158210,144,13
S00158211,158,8
S00158212,133,83
S00158213,117,12
S00158214,145,3
S00158215,59,16
S00158216,142,24
S00158217,81,17
S00158218,118,14
S00158219,118,41
S00158220,78,5
S00158221,109,69
S00158222,82,22
S00158223,128,23
S00158224,102,31
S00158225,100,24
S00158226,89,5
S00158227,210,121
S00158228,52,12
S00158229,96,14
S00158230,124,49
S00158231,78,5
S00158232,67,15
S00158233,90,22
S00158234,55,6
S00158235,75,8
S00158236,103,64
S00158237,141,15
S00158238,101,27
S00158239,103,6
S00158240,72,7
S00158241,125,9
S00158242,105,7
S00158243,70,22
S00158244,94,52
S00158245,69,9
S00158246,77,7
S00158247,130,10
S00158248,114,74
S00158249,85,39
S00158250,64,14
S00158251,105,7
S00158252,90,8
S00158253,78,4
S00158254,84,18
S00158255,73,18
S00158256,151,16
S00158257,93,10
S00158258,54,7
S00158259,59,9
S00158260,99,11
S00158261,145,40
S00158262,62,12
S00158263,74,10
S00158264,97,40
S00158265,65,-
S00158266,53,6
S00158267,110,13
S00158268,90,9
S00158269,92,7
S00158270,93,7
S00158271,100,18
S00158272,65,4
S00158273,92,58
S00158274,136,71
S00158275,112,51
S00158276,113,31
S00158277,109,3
S00158278,61,9
S00158279,144,22
S00158280,98,35
S00158281,128,61
S00158282,66,2
S00158283,106,53
S00158284,53,13
S00158285,101,32
S00158286,79,5
S00158287,53,2
S00158288,92,25
S00158289,72,7
S00158290,80,5
S00158291,143,26
S00158292,77,-
S00158293,62,24
S00158294,81,15
S00158295,91,12
S00158296,85,20
S00158297,96,51
S00158298,95,15
S00158299,158,94
S00158300,80,11
S00158301,90,4
S00158302,64,4
S00158303,65,4
S00158304,150,47
S00158305,106,30
S00158306,179,113
S00158307,119,25
S00158308,87,17
S00158309,86,31
S00158310,68,9
S00158311,129,52
S00158312,84,8
S00158313,149,90
S00158314,67,8
S00158315,93,6
S00158316,84,3
S00158317,81,18
S00158318,58,28
S00158319,82,2
S00158320,94,4
S00158321,134,29
S00158322,122,12
S00158323,99,14
S00158324,94,23
S00158325,118,33
S00158326,86,9
S00158327,76,4
S00158328,142,13
S00158329,171,90
S00158330,109,16
S00158331,157,10
S00158332,69,1
S00158333,74,9
S00158334,125,9
S00158335,183,14
S00158336,129,19
S00158337,79,45
S00158338,117,24
S00158339,152,41
S00158340,82,9
S00158341,187,73
S00158342,76,3
S00158343,139,59
S00158344,112,54
S00158345,64,2
S00158346,93,29
S00158347,75,13
S00158348,114,9
S00158349,138,17
S00158350,69,11
S00158351,82,8
S00158352,78,17
S00158353,128,13
S00158354,94,11
S00158355,68,6
S00158356,121,11
S00158357,80,6
S00158358,101,47
S00158359,84,39
S00158360,115,24
S00158361,106,23
S00158362,97,16
S00158363,118,18
S00158364,54,11
S00158365,79,10
S00158366,113,22
S00158367,81,2
S00158368,116,38
S00158369,117,18
S00158370,64,6
S00158371,105,30
S00158372,75,10
S00158373,70,18
S00158374,177,39
S00158375,104,13
S00158376,65,11
S00158377,54,5
S00158378,81,18
S00158379,180,11
S00158380,89,5
S00158381,117,52
S00158382,79,15
S00158383,134,60
S00158384,107,22
S00158385,117,16
S00158386,120,85
S00158387,113,65
S00158388,93,29
S00158389,143,14
S00158390,112,23
S00158391,86,4
S00158392,87,4
S00158393,74,5
S00158394,100,2
S00158395,135,17
S00158396,76,11
S00158397,60,4
S00158398,103,12
S00158399,59,5
S00158400,182,40
S00158401,110,49
S00158402,75,5
S00158403,81,14
S00158404,117,26
S00158405,82,18
S00158406,90,17
S00158407,96,4
S00158408,82,15
S00158409,120,23
S00158410,112,38
S00158411,59,8
S00158412,85,21
S00158413,110,13
S00158414,121,10
S00158415,112,26
S00158416,74,10
S00158417,78,25
S00158418,86,10
S00158419,60,16
S00158420,78,4
S00158421,173,25
S00158422,106,8
S00158423,77,10
S00158424,188,24
S00158425,60,20
S00158426,75,17
S00158427,76,13
S00158428,138,8
S00158429,140,27
S00158430,62,7
S00158431,75,11
S00158432,101,7
S00158433,67,7
S00158434,128,27
S00158435,110,13
S00158436,79,9
S00158437,74,16
S00158438,152,86
S00158439,91,4
S00158440,106,44
S00158441,118,33
S00158442,120,55
S00158443,94,7
S00158444,83,10
S00158445,99,10
S00158446,79,30
S00158447,59,16
S00158448,65,23
S00158449,90,20
S00158450,99,17
S00158451,113,7
S00158452,116,10
S00158453,95,6
S00158454,141,2
S00158455,93,36
S00158456,116,12
S00158457,71,7
S00158458,76,26
S00158459,99,3
S00158460,82,2
S00158461,119,23
S00158462,79,8
S00158463,79,19
S00158464,105,9
S00158465,68,3
S00158466,82,15
S00158467,98,18
S00158468,117,17
S00158469,109,4
S00158470,124,16
S00158471,108,16
S00158472,96,30
S00158473,65,6
S00158474,71,20
S00158475,98,33
S00158476,59,16
S00158477,107,78
S00158478,63,2
S00158479,120,16
S00158480,123,42
S00158481,74,23
S00158482,107,13
S00158483,76,16
S00158484,119,5
S00158485,87,24
S00158486,141,9
S00158487,66,21
S00158488,111,4
S00158489,116,22
S00158490,71,7
S00158491,98,3
S00158492,150,63
S00158493,121,17
S00158494,120,29
S00158495,63,10
S00158496,82,14
S00158497,62,7
S00158498,126,27
S00158499,119,27
S00158500,70,5
S00158501,85,17
S00158502,92,2
S00158503,91,12
S00158504,65,22
S00158505,105,14
S00158506,61,27
S00158507,65,4
S00158508,95,4
S00158509,66,15
S00158510,140,8
S00158511,108,37
S00158512,87,9
S00158513,56,12
S00158514,57,4
S00158515,241,173
S00158516,75,13
S00158517,89,7
S00158518,112,31
S00158519,64,14
S00158520,93,2
S00158521,120,30
S00158522,106,23
S00158523,66,19
S00158524,96,9
S00158525,87,17
S00158526,128,78
S00158527,109,26
S00158528,78,55
S00158529,75,11
S00158530,90,17
S00158531,154,61
S00158532,69,4
S00158533,77,13
S00158534,95,4
S00158535,91,10
S00158536,79,16
S00158537,81,14
S00158538,84,17
S00158539,169,91
S00158540,97,9
S00158541,87,31
S00158542,100,14
S00158543,68,16
S00158544,92,8
S00158545,116,43
S00158546,62,12
S00158547,76,6
S00158548,77,13
S00158549,86,3
S00158550,61,16
S00158551,60,6
S00158552,48,7
S00158553,111,62
S00158554,77,25
S00158555,79,16
S00158556,163,36
S00158557,86,8
S00158558,79,9
S00158559,90,29
S00158560,82,7
S00158561,95,10
S00158562,80,23
S00158563,99,14
S00158564,74,9
S00158565,425,336
S00158566,87,21
S00158567,104,18
S00158568,78,19
S00158569,911,16
S00158570,103,26
S00158571,293,231
S00158572,96,6
S00158573,78,13
S00158574,78,13
S00158575,206,145
S00158576,111,8
S00158577,62,9
S00158578,70,11
S00158579,101,43
S00158580,111,7
S00158581,94,28
S00158582,64,24
S00158583,115,39
S00158584,107,4
S00158585,94,10
S00158586,57,21
S00158587,94,3
S00158588,84,5
S00158589,124,34
S00158590,106,31
S00158591,68,11
S00158592,91,6
S00158593,74,28
S00158594,156,21
S00158595,88,40
S00158596,89,15
S00158597,117,55
S00158598,60,11
S00158599,103,30
S00158600,126,17
S00158601,125,58
S00158602,129,9
S00158603,115,24
S00158604,91,4
S00158605,70,16
S00158606,75,17
S00158607,537,472
S00158608,95,17
S00158609,85,19
S00158610,80,19
S00158611,96,41
S00158612,264,189
S00158613,79,14
S00158614,65,1
S00158615,105,32
S00158616,75,4
S00158617,86,8
S00158618,75,30
S00158619,90,40
S00158620,83,6
S00158621,74,32
S00158622,85,4
S00158623,125,44
S00158624,55,3
S00158625,121,26
S00158626,91,43
S00158627,144,22
S00158628,115,58
S00158629,86,21
S00158630,81,24
S00158631,49,10
S00158632,110,9
S00158633,74,-
S00158634,1300,1207
S00158635,72,22
S00158636,189,103
S00158637,83,42
S00158638,108,38
S00158639,123,24
S00158640,66,6
S00158641,67,12
S00158642,111,34
S00158643,56,7
S00158644,104,42
S00158645,95,10
S00158646,75,8
S00158647,79,15
S00158648,112,7
S00158649,119,11
S00158650,100,9
S00158651,131,9
S00158652,76,5
S00158653,119,57
S00158654,81,12
S00158655,124,21
S00158656,1026,931
S00158657,59,3
S00158658,75,6
S00158659,107,8
S00158660,184,79
S00158661,109,20
S00158662,96,13
S00158663,110,22
S00158664,92,22
S00158665,84,19
S00158666,120,41
S00158667,142,25
S00158668,86,11
S00158669,107,41
S00158670,97,8
S00158671,96,3
S00158672,116,14
S00158673,69,4
S00158674,892,756
S00158675,111,9
S00158676,71,10
S00158677,73,6
S00158678,96,7
S00158679,63,6
S00158680,111,11
S00158681,273,184
S00158682,85,49
S00158683,64,35
S00158684,77,7
S00158685,890,807
S00158686,68,5
S00158687,74,8
S00158688,90,29
S00158689,116,44
S00158690,126,17
S00158691,125,32
S00158692,2704,2622
S00158693,96,16
S00158694,74,5
S00158695,93,26
S00158696,93,12
S00158697,92,17
S00158698,103,10
S00158699,137,34
S00158700,81,7
S00158701,115,9
S00158702,110,4
S00158703,50,1
S00158704,98,31
S00158705,126,18
S00158706,58,2
S00158707,118,13
S00158708,131,38
S00158709,120,27
S00158710,65,3
S00158711,74,14
S00158712,60,6
S00158713,119,15
S00158714,66,2
S00158715,98,11
S00158716,123,51
S00158717,120,24
S00158718,124,4
S00158719,136,13
S00158720,111,25
S00158721,82,8
S00158722,72,18
S00158723,58,7
S00158724,81,6
S00158725,74,20
S00158726,109,10
S00158727,94,23
S00158728,81,10
S00158729,64,4
S00158730,90,10
S00158731,66,5
S00158732,92,13
S00158733,63,7
S00158734,79,9
S00158735,90,9
S00158736,86,10
S00158737,142,43
S00158738,54,17
S00158739,78,22
S00158740,123,13
S00158741,127,12
S00158742,73,3
S00158743,84,7
S00158744,84,9
S00158745,101,11
S00158746,67,6
S00158747,107,25
S00158748,86,15
S00158749,84,21
S00158750,116,44
S00158751,102,20
S00158752,43,7
S00158753,73,3
S00158754,102,9
S00158755,110,10
S00158756,106,23
S00158757,52,12
S00158758,75,13
S00158759,115,17
S00158760,75,12
S00158761,106,5
S00158762,185,24
S00158763,61,14
S00158764,91,16
S00158765,97,3
S00158766,109,23
S00158767,97,7
S00158768,103,37
S00158769,146,34
S00158770,78,39
S00158771,63,5
S00158772,77,2
S00158773,75,5
S00158774,71,7
S00158775,130,17
S00158776,65,5
S00158777,107,12
S00158778,86,33
S00158779,64,27
S00158780,78,24
S00158781,86,39
S00158782,156,81
S00158783,118,28
S00158784,124,44
S00158785,511,445
S00158786,85,15
S00158787,76,35
S00158788,462,337
S00158789,59,15
S00158790,72,32
S00158791,107,14
S00158792,176,123
S00158793,114,18
S00158794,68,7
S00158795,71,15
S00158796,82,9
S00158797,79,9
S00158798,70,11
S00158799,84,5
S00158800,68,10
S00158801,96,12
S00158802,113,12
S00158803,103,7
S00158804,182,132
S00158805,77,11
S00158806,100,16
S00158807,75,18
S00158808,124,52
S00158809,135,43
S00158810,100,6
S00158811,112,14
S00158812,74,16
S00158813,128,69
S00158814,134,24
S00158815,94,2
S00158816,60,20
S00158817,114,6
S00158818,80,5
S00158819,72,9
S00158820,113,29
S00158821,99,18
S00158822,114,45
S00158823,543,479
S00158824,127,16
S00158825,78,14
S00158826,215,75
S00158827,83,4
S00158828,124,2
S00158829,86,14
S00158830,65,5
S00158831,78,7
S00158832,95,13
S00158833,104,6
S00158834,75,5
S00158835,75,12
S00158836,105,44
S00158837,81,20
S00158838,104,47
S00158839,162,15
S00158840,144,9
S00158841,62,26
S00158842,103,4
S00158843,102,74
S00158844,220,149
S00158845,90,10
S00158846,71,4
S00158847,112,9
S00158848,77,11
S00158849,69,6
S00158850,69,10
S00158851,69,3
S00158852,99,57
S00158853,103,19
S00158854,96,5
S00158855,63,3
S00158856,84,4
S00158857,122,38
S00158858,220,145
S00158859,69,25
S00158860,61,15
S00158861,88,8
S00158862,74,24
S00158863,147,56
S00158864,347,253
S00158865,93,12
S00158866,137,45
S00158867,99,2
S00158868,79,30
S00158869,99,6
S00158870,111,3
S00158871,100,50
S00158872,106,9
S00158873,104,18
S00158874,77,5
S00158875,88,23
S00158876,78,24
S00158877,110,5
S00158878,117,11
S00158879,95,24
S00158880,114,20
S00158881,83,25
S00158882,143,10
S00158883,73,17
S00158884,101,48
S00158885,136,65
S00158886,59,6
S00158887,118,11
S00158888,89,12
S00158889,59,13
S00158890,82,22
S00158891,78,22
S00158892,213,119
S00158893,108,46
S00158894,79,1
S00158895,87,9
S00158896,114,10
S00158897,77,21
S00158898,85,4
S00158899,162,88
S00158900,70,17
S00158901,56,4
S00158902,90,10
S00158903,113,23
S00158904,120,9
S00158905,125,10
S00158906,201,159
S00158907,80,3
S00158908,55,5
S00158909,93,25
S00158910,70,14
S00158911,112,12
S00158912,41,3
S00158913,107,17
S00158914,127,68
S00158915,75,20
S00158916,87,7
S00158917,70,3
S00158918,68,21
S00158919,100,15
S00158920,88,26
S00158921,122,17
S00158922,143,24
S00158923,133,41
S00158924,85,17
S00158925,50,9
S00158926,94,42
S00158927,66,2
S00158928,84,4
S00158929,79,6
S00158930,113,26
S00158931,73,7
S00158932,688,623
S00158933,104,35
S00158934,65,11
S00158935,99,14
S00158936,84,9
S00158937,94,26
S00158938,99,23
S00158939,79,3
S00158940,103,28
S00158941,73,11
S00158942,132,38
S00158943,81,7
S00158944,109,8
S00158945,335,285
S00158946,64,3
S00158947,84,25
S00158948,108,7
S00158949,80,13
S00158950,71,6
S00158951,82,45
S00158952,129,52
S00158953,74,7
S00158954,59,5
S00158955,292,143
S00158956,181,93
S00158957,101,7
S00158958,87,18
S00158959,110,53
S00158960,80,50
S00158961,68,21
S00158962,71,4
S00158963,102,10
S00158964,91,17
S00158965,86,9
S00158966,87,1
S00158967,77,8
S00158968,87,5
S00158969,101,21
S00158970,106,33
S00158971,96,39
S00158972,106,9
S00158973,140,4
S00158974,127,30
S00158975,124,53
S00158976,67,2
S00158977,71,6
S00158978,115,7
S00158979,137,25
S00158980,91,5
S00158981,56,4
S00158982,63,7
S00158983,77,6
S00158984,75,15
S00158985,170,26
S00158986,135,11
S00158987,92,11
S00158988,76,4
S00158989,1307,1184
S00158990,58,4
S00158991,61,10
S00158992,121,24
S00158993,948,830
S00158994,94,19
S00158995,68,12
S00158996,57,9
S00158997,69,17
S00158998,180,30
S00158999,60,3
S00159000,70,8
S00159001,88,14
S00159002,72,4
S00159003,98,13
S00159004,104,21
S00159005,93,17
S00159006,121,27
S00159007,70,8
S00159008,70,12
S00159009,82,5
S00159010,85,16
S00159011,94,48
S00159012,86,1
S00159013,56,5
S00159014,81,22
S00159015,81,16
S00159016,93,6
S00159017,97,5
S00159018,517,462
S00159019,85,6
S00159020,81,25
S00159021,57,5
S00159022,117,12
S00159023,82,4
S00159024,81,14
S00159025,67,7
S00159026,111,11
S00159027,66,9
S00159028,68,4
S00159029,75,5
S00159030,111,12
S00159031,64,17
S00159032,45,2
S00159033,76,6
S00159034,58,6
S00159035,105,26
S00159036,110,33
S00159037,56,4
S00159038,127,29
S00159039,83,16
S00159040,120,8
S00159041,64,2
S00159042,98,11
S00159043,75,10
S00159044,73,12
S00159045,81,21
S00159046,83,9
S00159047,74,12
S00159048,61,10
S00159049,61,4
S00159050,132,6
S00159051,100,3
S00159052,126,22
S00159053,136,8
S00159054,108,11
S00159055,96,10
S00159056,51,6
S00159057,80,30
S00159058,92,26
S00159059,141,7
S00159060,84,12
S00159061,97,20
S00159062,65,8
S00159063,85,8
S00159064,70,9
S00159065,54,-
S00159066,76,7
S00159067,75,3
S00159068,101,8
S00159069,137,14
S00159070,62,10
S00159071,48,-
S00159072,62,8
S00159073,84,36
S00159074,58,10
S00159075,61,5
S00159076,87,9
S00159077,120,5
S00159078,129,43
S00159079,127,57
S00159080,111,20
S00159081,109,12
S00159082,66,10
S00159083,82,13
S00159084,73,1
S00159085,137,42
S00159086,99,39
S00159087,108,8
S00159088,135,6
S00159089,96,7
S00159090,70,3
S00159091,103,15
S00159092,67,7
S00159093,115,15
S00159094,82,9
S00159095,132,15
S00159096,77,5
S00159097,103,13
S00159098,91,8
S00159099,185,117
S00159100,165,20
S00159101,81,7
S00159102,93,16
S00159103,146,21
S00159104,142,8
S00159105,92,11
S00159106,87,13
S00159107,81,5
S00159108,77,4
S00159109,38,4
S00159110,62,16
S00159111,119,21
S00159112,135,12
S00159113,159,24
S00159114,105,14
S00159115,80,5
S00159116,62,7
S00159117,61,10
S00159118,79,4
S00159119,86,9
S00159120,63,4
S00159121,80,7
S00159122,88,6
S00159123,68,3
S00159124,110,17
S00159125,99,5
S00159126,138,10
S00159127,112,2
S00159128,86,12
S00159129,73,11
S00159130,74,5
S00159131,117,5
S00159132,67,8
S00159133,95,17
S00159134,92,11
S00159135,98,12
S00159136,96,15
S00159137,139,25
S00159138,122,11
S00159139,135,29
S00159140,61,7
S00159141,100,13
S00159142,81,7
S00159143,83,8
S00159144,637,554
S00159145,71,13
S00159146,68,4
S00159147,108,15
S00159148,96,2
S00159149,90,16
S00159150,70,12
S00159151,101,13
S00159152,77,12
S00159153,85,6
S00159154,67,4
S00159155,93,6
S00159156,107,6
S00159157,67,7
S00159158,93,4
S00159159,76,5
S00159160,60,2
S00159161,141,40
S00159162,89,9
S00159163,72,4
S00159164,70,7
S00159165,59,3
S00159166,105,10
S00159167,54,4
S00159168,108,14
S00159169,100,13
S00159170,110,10
S00159171,129,13
S00159172,72,1
S00159173,164,26
S00159174,74,10
S00159175,75,24
S00159176,136,28
S00159177,77,9
S00159178,103,12
S00159179,126,10
S00159180,71,2
S00159181,127,50
S00159182,88,13
S00159183,90,3
S00159184,89,7
S00159185,116,9
S00159186,70,4
S00159187,104,9
S00159188,81,7
S00159189,123,19
S00159190,112,26
S00159191,79,14
S00159192,90,9
S00159193,113,8
S00159194,78,10
S00159195,137,13
S00159196,160,100
S00159197,74,4
S00159198,114,8
S00159199,60,2
S00159200,127,7
S00159201,97,14
S00159202,100,18
S00159203,85,10
S00159204,101,14
S00159205,128,4
S00159206,96,22
S00159207,62,7
S00159208,90,9
S00159209,63,2
S00159210,106,21
S00159211,78,4
S00159212,94,14
S00159213,87,14
S00159214,99,12
S00159215,93,8
S00159216,62,13
S00159217,63,13
S00159218,86,13
S00159219,94,16
S00159220,125,14
S00159221,76,-
S00159222,70,5
S00159223,71,9
S00159224,122,6
S00159225,61,4
S00159226,90,5
S00159227,74,4
S00159228,61,10
S00159229,81,8
S00159230,96,11
S00159231,67,7
S00159232,110,9
S00159233,140,10
S00159234,64,3
S00159235,102,4
S00159236,92,5
S00159237,94,17
S00159238,78,8
S00159239,120,17
S00159240,77,3
S00159241,66,11
S00159242,78,4
S00159243,112,8
S00159244,90,10
S00159245,73,3
S00159246,51,5
S00159247,85,6
S00159248,100,20
S00159249,98,13
S00159250,108,13
S00159251,92,12
S00159252,81,10
S00159253,79,3
S00159254,66,4
S00159255,88,9
S00159256,97,12
S00159257,129,23
S00159258,84,9
S00159259,94,10
S00159260,121,16
S00159261,79,6
S00159262,65,3
S00159263,70,2
S00159264,91,7
S00159265,128,16
S00159266,79,17
S00159267,114,19
S00159268,111,4
S00159269,78,23
S00159270,95,8
S00159271,82,17
S00159272,103,11
S00159273,78,9
S00159274,56,6
S00159275,116,13
S00159276,90,11
S00159277,92,13
S00159278,92,13
S00159279,67,9
S00159280,76,13
S00159281,90,4
S00159282,98,9
S00159283,77,35
S00159284,82,34
S00159285,108,22
S00159286,85,4
S00159287,60,14
S00159288,81,6
S00159289,98,24
S00159290,83,5
S00159291,94,17
S00159292,130,9
S00159293,122,16
S00159294,91,26
S00159295,104,8
S00159296,100,13
S00159297,67,4
S00159298,118,15
S00159299,101,2
S00159300,114,24
S00159301,97,51
S00159302,73,13
S00159303,67,2
S00159304,108,17
S00159305,100,41
S00159306,119,19
S00159307,72,22
S00159308,71,7
S00159309,108,22
S00159310,97,10
S00159311,142,7
S00159312,65,4
S00159313,77,12
S00159314,63,10
S00159315,182,19
S00159316,80,14
S00159317,90,22
S00159318,85,20
S00159319,74,21
S00159320,79,9
S00159321,79,3
S00159322,76,6
S00159323,102,6
S00159324,63,3
S00159325,72,29
S00159326,154,10
S00159327,63,7
S00159328,102,8
S00159329,102,8
S00159330,122,7
S00159331,65,5
S00159332,93,6
S00159333,75,8
S00159334,65,8
S00159335,78,6
S00159336,102,23
S00159337,76,7
S00159338,78,12
S00159339,149,10
S00159340,102,20
S00159341,97,27
S00159342,128,28
S00159343,81,4
S00159344,1429,1309
S00159345,62,3
S00159346,64,2
S00159347,253,205
S00159348,101,3
S00159349,52,5
S00159350,74,19
S00159351,87,7
S00159352,73,6
S00159353,128,14
S00159354,105,11
S00159355,69,2
S00159356,123,14
S00159357,65,29
S00159358,61,5
S00159359,105,6
S00159360,118,30
S00159361,124,27
S00159362,96,8
S00159363,77,3
S00159364,102,12
S00159365,81,14
S00159366,139,30
S00159367,82,6
S00159368,78,6
S00159369,85,20
S00159370,83,16
S00159371,86,22
S00159372,100,16
S00159373,65,5
S00159374,71,8
S00159375,106,22
S00159376,90,1
S00159377,105,21
S00159378,72,3
S00159379,127,26
S00159380,92,27
S00159381,131,30
S00159382,55,9
S00159383,77,14
S00159384,66,30
S00159385,97,32
S00159386,67,15
S00159387,136,10
S00159388,56,3
S00159389,107,32
S00159390,76,6
S00159391,85,13
S00159392,104,23
S00159393,70,7
S00159394,64,8
S00159395,64,5
S00159396,83,36
S00159397,91,10
S00159398,62,4
S00159399,84,18
S00159400,71,12
S00159401,109,9
S00159402,69,4
S00159403,126,10
S00159404,67,10
S00159405,72,1
S00159406,107,17
S00159407,127,5
S00159408,101,43
S00159409,107,24
S00159410,108,21
S00159411,93,5
S00159412,133,23
S00159413,60,8
S00159414,83,53
S00159415,121,10
S00159416,80,9
S00159417,94,38
S00159418,91,24
S00159419,81,12
S00159420,60,3
S00159421,75,4
S00159422,54,11
S00159423,72,2
S00159424,59,4
S00159425,65,16
S00159426,89,9
S00159427,119,14
S00159428,63,4
S00159429,115,14
S00159430,150,20
S00159431,101,1
S00159432,70,3
S00159433,115,43
S00159434,840,782
S00159435,100,8
S00159436,72,3
S00159437,80,2
S00159438,65,19
S00159439,91,46
S00159440,69,19
S00159441,96,18
S00159442,108,5
S00159443,89,7
S00159444,83,2
S00159445,46,6
S00159446,60,4
S00159447,147,14
S00159448,67,6
S00159449,503,412
S00159450,92,4
S00159451,72,11
S00159452,68,-
S00159453,130,13
S00159454,109,7
S00159455,66,39
S00159456,63,3
S00159457,180,19
S00159458,93,19
S00159459,96,17
S00159460,78,13
S00159461,74,19
S00159462,68,4
S00159463,171,20
S00159464,105,44
S00159465,106,10
S00159466,74,8
S00159467,86,28
S00159468,151,58
S00159469,65,9
S00159470,93,17
S00159471,83,6
S00159472,84,6
S00159473,67,3
S00159474,109,9
S00159475,62,9
S00159476,76,5
S00159477,122,18
S00159478,73,4
S00159479,112,13
S00159480,65,12
S00159481,115,15
S00159482,93,8
S00159483,136,9
S00159484,134,10
S00159485,75,6
S00159486,61,8
S00159487,106,3
S00159488,83,14
S00159489,75,14
S00159490,60,4
S00159491,58,11
S00159492,99,7
S00159493,121,13
S00159494,62,6
S00159495,53,4
S00159496,66,8
S00159497,78,6
S00159498,63,6
S00159499,145,8
S00159500,84,11
S00159501,114,20
S00159502,94,13
S00159503,176,106
S00159504,98,29
S00159505,153,37
S00159506,70,42
S00159507,83,3
S00159508,59,3
S00159509,55,3
S00159510,77,13
S00159511,116,13
S00159512,86,18
S00159513,107,11
S00159514,60,7
S00159515,98,7
S00159516,68,4
S00159517,65,5
S00159518,80,7
S00159519,96,12
S00159520,81,10
S00159521,84,9
S00159522,102,9
S00159523,117,23
S00159524,118,9
S00159525,85,4
S00159526,81,7
S00159527,132,16
S00159528,107,11
S00159529,73,4
S00159530,80,7
S00159531,77,7
S00159532,62,9
S00159533,59,8
S00159534,98,16
S00159535,74,6
S00159536,112,8
S00159537,71,43
S00159538,110,5
S00159539,104,64
S00159540,82,4
S00159541,76,1
S00159542,98,16
S00159543,93,6
S00159544,86,3
S00159545,56,6
S00159546,63,6
S00159547,156,90
S00159548,77,26
S00159549,70,15
S00159550,98,16
S00159551,73,8
S00159552,71,3
S00159553,142,18
S00159554,98,-
S00159555,77,9
S00159556,94,5
S00159557,102,6
S00159558,66,3
S00159559,113,15
S00159560,90,36
S00159561,96,9
S00159562,89,10
S00159563,76,6
S00159564,84,8
S00159565,84,6
S00159566,92,4
S00159567,89,12
S00159568,119,6
S00159569,102,10
S00159570,72,18
S00159571,64,3
S00159572,62,12
S00159573,61,4
S00159574,102,9
S00159575,82,19
S00159576,82,5
S00159577,120,9
S00159578,72,15
S00159579,63,9
S00159580,103,7
S00159581,107,14
S00159582,81,5
S00159583,67,10
S00159584,77,8
S00159585,57,4
S00159586,83,7
S00159587,56,7
S00159588,56,5
S00159589,99,11
S00159590,117,21
S00159591,96,9
S00159592,72,5
S00159593,65,22
S00159594,114,21
S00159595,132,61
S00159596,207,128
S00159597,95,9
S00159598,132,17
S00159599,106,15
S00159600,150,20
S00159601,86,10
S00159602,256,36
S00159603,236,8
S00159604,78,-
S00159605,137,9
S00159606,82,8
S00159607,89,9
S00159608,79,6
S00159609,112,5
S00159610,76,2
S00159611,86,10
S00159612,147,11
S00159613,80,8
S00159614,69,6
S00159615,108,10
S00159616,154,18
S00159617,143,6
S00159618,82,14
S00159619,57,1
S00159620,110,13
S00159621,89,1
S00159622,74,5
S00159623,67,6
S00159624,80,3
S00159625,65,6
S00159626,116,17
S00159627,78,24
S00159628,99,16
S00159629,153,15
S00159630,76,1
S00159631,96,10
S00159632,99,7
S00159633,103,10
S00159634,136,17
S00159635,92,7
S00159636,67,4
S00159637,77,4
S00159638,128,4
S00159639,106,15
S00159640,132,66
S00159641,60,5
S00159642,99,11
S00159643,111,9
S00159644,61,10
S00159645,135,33
S00159646,78,29
S00159647,128,16
S00159648,118,10
S00159649,84,17
S00159650,64,4
S00159651,147,15
S00159652,86,4
S00159653,165,10
S00159654,137,10
S00159655,149,11
S00159656,116,7
S00159657,88,3
S00159658,80,6
S00159659,107,9
S00159660,79,7
S00159661,62,8
S00159662,118,6
S00159663,96,12
S00159664,94,22
S00159665,94,32
S00159666,129,7
S00159667,56,6
S00159668,107,23
S00159669,112,36
S00159670,77,15
S00159671,66,4
S00159672,65,3
S00159673,56,-
S00159674,127,9
S00159675,103,5
S00159676,76,11
S00159677,99,7
S00159678,73,8
S00159679,105,11
S00159680,112,48
S00159681,100,38
S00159682,81,3
S00159683,104,12
S00159684,116,9
S00159685,85,4
S00159686,108,16
S00159687,71,5
S00159688,96,18
S00159689,114,33
S00159690,63,5
S00159691,78,8
S00159692,69,2
S00159693,115,9
S00159694,82,3
S00159695,95,30
S00159696,124,22
S00159697,68,7
S00159698,103,10
S00159699,124,12
S00159700,136,38
S00159701,134,13
S00159702,77,5
S00159703,121,7
S00159704,43,2
S00159705,91,3
S00159706,75,14
S00159707,120,2
S00159708,111,4
S00159709,81,4
S00159710,104,14
S00159711,102,13
S00159712,121,27
S00159713,293,202
S00159714,103,6
S00159715,146,20
S00159716,83,4
S00159717,96,12
S00159718,136,15
S00159719,72,1
S00159720,121,8
S00159721,129,8
S00159722,81,9
S00159723,89,7
S00159724,93,6
S00159725,57,3
S00159726,109,7
S00159727,109,14
S00159728,87,27
S00159729,157,50
S00159730,84,8
S00159731,91,4
S00159732,83,15
S00159733,90,20
S00159734,111,3
S00159735,68,9
S00159736,65,4
S00159737,89,4
S00159738,147,11
S00159739,90,11
S00159740,67,1
S00159741,134,17
S00159742,60,2
S00159743,76,4
S00159744,80,11
S00159745,54,5
S00159746,96,5
S00159747,116,8
S00159748,63,5
S00159749,117,33
S00159750,116,7
S00159751,100,27
S00159752,133,7
S00159753,100,-
S00159754,113,22
S00159755,103,31
S00159756,67,3
S00159757,95,13
S00159758,113,27
S00159759,88,15
S00159760,115,9
S00159761,65,16
S00159762,83,17
S00159763,58,5
S00159764,78,6
S00159765,91,5
S00159766,75,4
S00159767,83,4
S00159768,110,39
S00159769,91,7
S00159770,78,13
S00159771,75,7
S00159772,118,11
S00159773,136,9
S00159774,161,33
S00159775,57,20
S00159776,80,20
S00159777,111,21
S00159778,85,4
S00159779,80,9
S00159780,106,8
S00159781,88,3
S00159782,81,-
S00159783,54,4
S00159784,104,11
S00159785,91,20
S00159786,169,55
S00159787,109,11
S00159788,70,8
S00159789,80,4
S00159790,52,-
S00159791,101,32
S00159792,72,6
S00159793,115,13
S00159794,133,46
S00159795,78,3
S00159796,83,19
S00159797,74,10
S00159798,60,11
S00159799,75,16
S00159800,50,1
S00159801,113,7
S00159802,90,13
S00159803,65,4
S00159804,98,42
S00159805,78,27
S00159806,126,26
S00159807,89,12
S00159808,143,27
S00159809,129,10
S00159810,101,13
S00159811,74,2
S00159812,63,2
S00159813,86,3
S00159814,54,7
S00159815,64,3
S00159816,90,11
S00159817,59,1
S00159818,92,12
S00159819,111,24
S00159820,85,13
S00159821,74,10
S00159822,142,15
S00159823,94,3
S00159824,60,5
S00159825,108,16
S00159826,142,11
S00159827,95,6
S00159828,109,6
S00159829,65,4
S00159830,80,3
S00159831,76,6
S00159832,138,52
S00159833,71,11
S00159834,89,28
S00159835,127,23
S00159836,115,48
S00159837,60,9
S00159838,101,8
S00159839,81,5
S00159840,155,7
S00159841,92,7
S00159842,73,7
S00159843,104,6
S00159844,99,7
S00159845,73,2
S00159846,67,8
S00159847,132,36
S00159848,63,3
S00159849,88,5
S00159850,74,26
S00159851,56,3
S00159852,164,32
S00159853,60,11
S00159854,93,3
S00159855,77,4
S00159856,116,8
S00159857,57,5
S00159858,78,23
S00159859,103,7
S00159860,74,7
S00159861,68,1
S00159862,74,4
S00159863,73,5
S00159864,128,13
S00159865,73,10
S00159866,82,26
S00159867,92,5
S00159868,67,7
S00159869,65,7
S00159870,81,1
S00159871,85,8
S00159872,137,24
S00159873,135,5
S00159874,65,4
S00159875,94,10
S00159876,74,2
S00159877,58,1
S00159878,79,3
S00159879,67,17
S00159880,67,4
S00159881,113,6
S00159882,114,18
S00159883,96,8
S00159884,83,6
S00159885,108,17
S00159886,91,8
S00159887,107,15
S00159888,48,4
S00159889,77,8
S00159890,116,21
S00159891,75,8
S00159892,55,8
S00159893,93,23
S00159894,93,6
S00159895,83,5
S00159896,92,2
S00159897,158,33
S00159898,56,3
S00159899,98,18
S00159900,77,7
S00159901,109,8
S00159902,84,-
S00159903,82,7
S00159904,59,11
S00159905,76,8
S00159906,143,12
S00159907,65,3
S00159908,72,7
S00159909,100,1
S00159910,58,6
S00159911,99,6
S00159912,94,6
S00159913,112,18
S00159914,125,37
S00159915,92,7
S00159916,68,10
S00159917,142,12
S00159918,96,12
S00159919,105,11
S00159920,54,-
S00159921,107,9
S00159922,105,11
S00159923,57,7
S00159924,71,4
S00159925,68,12
S00159926,56,-
S00159927,76,18
S00159928,50,9
S00159929,161,16
S00159930,99,7
S00159931,134,20
S00159932,92,9
S00159933,87,5
S00159934,147,13
S00159935,113,11
S00159936,80,6
S00159937,72,6
S00159938,99,12
S00159939,113,12
S00159940,59,6
S00159941,87,3
S00159942,85,8
S00159943,57,2
S00159944,97,18
S00159945,148,5
S00159946,59,2
S00159947,74,5
S00159948,77,5
S00159949,107,9
S00159950,110,19
S00159951,96,7
S00159952,81,8
S00159953,97,7
S00159954,88,7
S00159955,100,14
S00159956,65,4
S00159957,108,10
S00159958,153,19
S00159959,102,7
S00159960,83,16
S00159961,107,2
S00159962,79,5
S00159963,70,4
S00159964,92,19
S00159965,82,4
S00159966,141,10
S00159967,86,7
S00159968,109,9
S00159969,158,19
S00159970,60,3
S00159971,62,6
S00159972,92,7
S00159973,91,3
S00159974,95,4
S00159975,89,21
S00159976,154,11
S00159977,88,7
S00159978,97,4
S00159979,82,12
S00159980,109,14
S00159981,95,15
S00159982,115,4
S00159983,115,2
S00159984,88,5
S00159985,77,4
S00159986,83,5
S00159987,68,8
S00159988,67,1
S00159989,85,9
S00159990,87,13
S00159991,88,10
S00159992,78,1
S00159993,93,3
S00159994,77,3
S00159995,81,8
S00159996,111,13
S00159997,105,6
S00159998,67,2
S00159999,65,4
S00160000,104,5
S00160001,75,4
S00160002,74,1
S00160003,74,3
S00160004,104,4
S00160005,91,18
S00160006,91,12
S00160007,79,7
S00160008,79,3
S00160009,87,4
S00160010,99,13
S00160011,138,13
S00160012,98,8
S00160013,80,3
S00160014,65,3
S00160015,79,5
S00160016,80,2
S00160017,114,19
S00160018,103,13
S00160019,59,7
S00160020,66,4
S00160021,98,7
S00160022,88,13
S00160023,121,10
S00160024,95,4
S00160025,85,5
S00160026,96,3
S00160027,80,-
S00160028,77,9
S00160029,81,9
S00160030,166,31
S00160031,89,6
S00160032,80,5
S00160033,85,8
S00160034,93,7
S00160035,159,11
S00160036,102,16
S00160037,109,14
S00160038,66,8
S00160039,104,5
S00160040,162,19
S00160041,117,9
S00160042,111,13
S00160043,125,13
S00160044,94,2
S00160045,91,17
S00160046,82,11
S00160047,61,-
S00160048,113,21
S00160049,122,23
S00160050,86,8
S00160051,103,12
S00160052,66,5
S00160053,147,9
S00160054,53,2
S00160055,101,6
S00160056,152,13
S00160057,103,10
S00160058,49,1
S00160059,101,6
S00160060,69,2
S00160061,80,18
S00160062,61,6
S00160063,104,19
S00160064,75,6
S00160065,135,16
S00160066,64,6
S00160067,67,3
S00160068,105,5
S00160069,83,9
S00160070,113,8
S00160071,120,11
S00160072,119,4
S00160073,63,6
S00160074,93,6
S00160075,78,7
S00160076,132,9
S00160077,90,5
S00160078,79,7
S00160079,120,17
S00160080,72,5
S00160081,106,3
S00160082,113,6
S00160083,73,6
S00160084,75,4
S00160085,71,24
S00160086,105,9
S00160087,151,5
S00160088,60,5
S00160089,69,6
S00160090,74,5
S00160091,89,5
S00160092,96,22
S00160093,86,10
S00160094,101,13
S00160095,65,7
S00160096,88,2
S00160097,97,19
S00160098,113,5
S00160099,69,5
S00160100,94,11
S00160101,61,3
S00160102,77,5
S00160103,116,6
S00160104,92,4
S00160105,105,2
S00160106,71,5
S00160107,99,24
S00160108,113,3
S00160109,73,4
S00160110,114,3
S00160111,74,2
S00160112,64,1
S00160113,108,10
S00160114,83,8
S00160115,135,16
S00160116,75,7
S00160117,67,5
S00160118,91,-
S00160119,148,33
S00160120,66,11
S00160121,68,6
S00160122,67,4
S00160123,92,8
S00160124,116,17
S00160125,100,10
S00160126,146,3
S00160127,91,2
S00160128,82,4
S00160129,91,7
S00160130,96,10
S00160131,61,5
S00160132,107,3
S00160133,111,9
S00160134,149,9
S00160135,103,11
S00160136,97,2
S00160137,110,2
S00160138,95,13
S00160139,114,8
S00160140,63,11
S00160141,92,4
S00160142,97,13
S00160143,108,4
S00160144,68,8
S00160145,121,19
S00160146,101,4
S00160147,66,6
S00160148,73,4
S00160149,55,10
S00160150,148,17
S00160151,81,8
S00160152,117,11
S00160153,103,7
S00160154,149,8
S00160155,94,6
S00160156,114,12
S00160157,90,8
S00160158,88,4
S00160159,129,16
S00160160,76,12
S00160161,148,12
S00160162,116,10
S00160163,130,16
S00160164,64,5
S00160165,123,12
S00160166,100,6
S00160167,79,2
S00160168,116,7
S00160169,61,-
S00160170,95,6
S00160171,86,2
S00160172,71,-
S00160173,62,3
S00160174,62,3
S00160175,86,3
S00160176,65,-
S00160177,66,9
S00160178,112,11
S00160179,89,7
S00160180,126,3
S00160181,75,7
S00160182,99,10
S00160183,112,1
S00160184,78,7
S00160185,97,3
S00160186,59,1
S00160187,65,9
S00160188,104,8
S00160189,80,-
S00160190,112,10
S00160191,71,3
S00160192,109,15
S00160193,171,22
S00160194,97,17
S00160195,186,34
S00160196,77,2
S00160197,107,11
S00160198,84,2
S00160199,69,7
S00160200,115,13
S00160201,98,7
S00160202,109,11
S00160203,76,5
S00160204,62,1
S00160205,102,11
S00160206,106,5
S00160207,67,3
S00160208,90,9
S00160209,78,11
S00160210,81,9
S00160211,111,10
S00160212,74,1
S00160213,88,6
S00160214,71,7
S00160215,134,19
S00160216,97,13
S00160217,102,4
S00160218,116,10
S00160219,104,4
S00160220,75,11
S00160221,106,16
S00160222,102,3
S00160223,146,13
S00160224,101,4
S00160225,85,4
S00160226,60,3
S00160227,56,-
S00160228,84,5
S00160229,86,-
S00160230,101,18
S00160231,106,11
S00160232,118,7
S00160233,52,10
S00160234,90,9
S00160235,81,27
S00160236,87,6
S00160237,82,6
S00160238,52,9
S00160239,127,18
S00160240,132,20
S00160241,63,-
S00160242,105,7
S00160243,77,2
S00160244,114,4
S00160245,85,7
S00160246,94,6
S00160247,109,6
S00160248,73,4
S00160249,115,13
S00160250,56,9
S00160251,77,7
S00160252,98,20
S00160253,112,7
S00160254,124,-
S00160255,84,-
S00160256,85,3
S00160257,64,1
S00160258,131,1
S00160259,60,1
S00160260,90,8
S00160261,62,-
S00160262,70,6
S00160263,68,3
S00160264,63,2
S00160265,92,4
S00160266,185,29
S00160267,113,6
S00160268,65,-
S00160269,115,4
S00160270,72,3
S00160271,78,5
S00160272,82,10
S00160273,70,3
S00160274,91,10
S00160275,87,-
S00160276,65,6
S00160277,77,7
S00160278,114,10
S00160279,101,18
S00160280,78,5
S00160281,85,7
S00160282,124,13
S00160283,64,6
S00160284,87,3
S00160285,82,12
S00160286,56,5
S00160287,141,13
S00160288,67,2
S00160289,191,13
S00160290,119,5
S00160291,56,-
S00160292,83,10
S00160293,87,2
S00160294,58,3
S00160295,97,8
S00160296,83,18
S00160297,120,15
S00160298,127,13
S00160299,130,12
S00160300,84,3
S00160301,88,11
S00160302,150,17
S00160303,59,-
S00160304,97,3
S00160305,64,2
S00160306,90,8
S00160307,92,7
S00160308,93,14
S00160309,88,15
S00160310,84,-
S00160311,95,1
S00160312,89,8
S00160313,83,8
S00160314,109,10
S00160315,100,16
S00160316,275,39
S00160317,78,2
S00160318,142,13
S00160319,70,5
S00160320,57,4
S00160321,132,13
S00160322,91,11
S00160323,64,4
S00160324,90,6
S00160325,66,7
S00160326,90,3
S00160327,68,1
S00160328,77,2
S00160329,124,13
S00160330,77,3
S00160331,58,9
S00160332,54,4
S00160333,93,5
S00160334,80,8
S00160335,101,14
S00160336,60,7
S00160337,165,14
S00160338,79,2
S00160339,136,9
S00160340,95,9
S00160341,80,2
S00160342,77,6
S00160343,118,12
S00160344,78,4
S00160345,108,10
S00160346,62,11
S00160347,79,-
S00160348,93,3
S00160349,86,4
S00160350,121,6
S00160351,95,-
S00160352,65,2
S00160353,118,7
S00160354,99,14
S00160355,74,5
S00160356,61,2
S00160357,132,10
S00160358,81,20
S00160359,79,17
S00160360,82,16
S00160361,86,12
S00160362,122,14
S00160363,108,7
S00160364,91,6
S00160365,84,2
S00160366,116,8
S00160367,156,28
S00160368,89,4
S00160369,91,16
S00160370,73,9
S00160371,77,3
S00160372,127,11
S00160373,130,10
S00160374,61,8
S00160375,104,11
S00160376,93,12
S00160377,131,9
S00160378,114,3
S00160379,148,20
S00160380,116,8
S00160381,78,3
S00160382,120,3
S00160383,111,12
S00160384,112,15
S00160385,52,4
S00160386,79,8
S00160387,100,20
S00160388,147,10
S00160389,142,18
S00160390,79,5
S00160391,82,8
S00160392,91,3
S00160393,146,7
S00160394,70,6
S00160395,63,4
S00160396,51,8
S00160397,146,4
S00160398,123,22
S00160399,73,1
S00160400,79,3
S00160401,67,1
S00160402,64,6
S00160403,166,32
S00160404,121,8
S00160405,70,14
S00160406,110,18
S00160407,126,6
S00160408,128,11
S00160409,128,11
S00160410,83,9
S00160411,103,11
S00160412,114,8
S00160413,104,15
S00160414,100,12
S00160415,99,6
S00160416,81,3
S00160417,63,10
S00160418,59,4
S00160419,73,4
S00160420,183,23
S00160421,65,5
S00160422,119,20
S00160423,73,3
S00160424,117,8
S00160425,102,3
S00160426,152,17
S00160427,74,7
S00160428,54,9
S00160429,101,8
S00160430,77,6
S00160431,61,2
S00160432,108,4
S00160433,192,28
S00160434,87,7
S00160435,51,4
S00160436,62,4
S00160437,99,1
S00160438,96,8
S00160439,61,3
S00160440,59,7
S00160441,70,1
S00160442,99,10
S00160443,108,11
S00160444,73,-
S00160445,106,9
S00160446,60,4
S00160447,80,5
S00160448,62,7
S00160449,117,11
S00160450,62,4
S00160451,66,3
S00160452,78,2
S00160453,144,5
S00160454,73,4
S00160455,98,7
S00160456,76,8
S00160457,72,9
S00160458,100,6
S00160459,103,7
S00160460,64,5
S00160461,58,4
S00160462,50,7
S00160463,89,10
S00160464,88,6
S00160465,113,17
S00160466,110,11
S00160467,86,4
S00160468,106,11
S00160469,58,6
S00160470,98,6
S00160471,81,-
S00160472,89,4
S00160473,88,1
S00160474,82,7
S00160475,72,4
S00160476,87,11
S00160477,77,6
S00160478,112,8
S00160479,71,12
S00160480,49,7
S00160481,109,13
S00160482,71,6
S00160483,122,15
S00160484,99,8
S00160485,74,6
S00160486,119,12
S00160487,88,-
S00160488,119,11
S00160489,61,2
S00160490,65,7
S00160491,113,2
S00160492,91,6
S00160493,125,15
S00160494,149,7
S00160495,75,1
S00160496,85,5
S00160497,116,10
S00160498,68,3
S00160499,137,15
S00160500,154,22
S00160501,88,15
S00160502,83,8
S00160503,128,14
S00160504,116,8
S00160505,80,3
S00160506,124,19
S00160507,96,8
S00160508,81,5
S00160509,72,10
S00160510,95,10
S00160511,123,8
S00160512,86,12
S00160513,100,5
S00160514,159,4
S00160515,66,4
S00160516,87,9
S00160517,69,1
S00160518,99,9
S00160519,51,3
S00160520,82,1
S00160521,89,8
S00160522,62,1
S00160523,96,6
S00160524,146,6
S00160525,109,9
S00160526,141,4
S00160527,95,7
S00160528,107,14
S00160529,107,3
S00160530,168,9
S00160531,91,14
S00160532,96,10
S00160533,123,5
S00160534,94,12
S00160535,107,4
S00160536,61,6
S00160537,124,10
S00160538,74,6
S00160539,97,23
S00160540,53,3
S00160541,59,1
S00160542,58,6
S00160543,143,8
S00160544,59,1
S00160545,137,13
S00160546,72,2
S00160547,107,8
S00160548,66,2
S00160549,120,2
S00160550,74,1
S00160551,78,7
S00160552,119,1
S00160553,185,13
S00160554,94,8
S00160555,63,9
S00160556,135,24
S00160557,78,5
S00160558,99,10
S00160559,79,11
S00160560,78,7
S00160561,65,5
S00160562,73,3
S00160563,91,6
S00160564,84,9
S00160565,112,14
S00160566,116,10
S00160567,76,7
S00160568,74,4
S00160569,133,9
S00160570,120,18
S00160571,135,18
S00160572,58,7
S00160573,72,6
S00160574,106,10
S00160575,129,4
S00160576,86,9
S00160577,58,5
S00160578,80,3
S00160579,57,9
S00160580,76,4
S00160581,127,11
S00160582,78,5
S00160583,83,2
S00160584,111,4
S00160585,158,10
S00160586,71,4
S00160587,97,8
S00160588,89,4
S00160589,78,1
S00160590,76,2
S00160591,67,1
S00160592,113,6
S00160593,80,11
S00160594,118,13
S00160595,71,4
S00160596,98,9
S00160597,103,6
S00160598,111,14
S00160599,120,3
S00160600,72,4
S00160601,91,7
S00160602,77,3
S00160603,136,14
S00160604,85,6
S00160605,183,31
S00160606,113,6
S00160607,133,3
S00160608,73,13
S00160609,95,7
S00160610,129,10
S00160611,87,6
S00160612,95,5
S00160613,79,7
S00160614,69,1
S00160615,134,6
S00160616,64,3
S00160617,75,2
S00160618,58,5
S00160619,120,17
S00160620,100,9
S00160621,142,14
S00160622,116,9
S00160623,130,5
S00160624,102,8
S00160625,110,8
S00160626,98,3
S00160627,82,8
S00160628,106,7
S00160629,80,7
S00160630,67,5
S00160631,87,12
S00160632,107,13
S00160633,87,9
S00160634,115,15
S00160635,161,24
S00160636,85,6
S00160637,77,8
S00160638,113,13
S00160639,90,20
S00160640,97,5
S00160641,97,10
S00160642,79,6
S00160643,87,3
S00160644,104,8
S00160645,100,9
S00160646,72,13
S00160647,85,11
S00160648,152,12
S00160649,128,8
S00160650,81,6
S00160651,56,8
S00160652,134,6
S00160653,82,4
S00160654,98,9
S00160655,61,5
S00160656,180,10
S00160657,76,1
S00160658,64,1
S00160659,97,10
S00160660,87,6
S00160661,83,5
S00160662,100,12
S00160663,123,14
S00160664,167,38
S00160665,101,26
S00160666,100,10
S00160667,104,11
S00160668,72,1
S00160669,183,25
S00160670,138,12
S00160671,106,11
S00160672,108,3
S00160673,87,4
S00160674,102,4
S00160675,59,14
S00160676,59,6
S00160677,126,6
S00160678,101,9
S00160679,62,2
S00160680,88,9
S00160681,93,2
S00160682,52,4
S00160683,116,12
S00160684,123,25
S00160685,120,7
S00160686,137,8
S00160687,78,5
S00160688,76,7
S00160689,79,4
S00160690,228,20
S00160691,68,10
S00160692,47,2
S00160693,94,5
S00160694,89,9
S00160695,85,3
S00160696,142,12
S00160697,124,12
S00160698,106,7
S00160699,56,9
S00160700,138,13
S00160701,136,4
S00160702,68,3
S00160703,153,-
S00160704,98,8
S00160705,65,6
S00160706,182,20
S00160707,81,12
S00160708,139,17
S00160709,82,4
S00160710,65,7
S00160711,91,6
S00160712,109,11
S00160713,80,4
S00160714,99,8
S00160715,68,7
S00160716,135,10
S00160717,97,2
S00160718,62,11
S00160719,108,7
S00160720,81,9
S00160721,104,-
S00160722,51,1
S00160723,88,10
S00160724,125,21
S00160725,117,10
S00160726,91,7
S00160727,73,2
S00160728,233,14
S00160729,124,9
S00160730,54,2
S00160731,118,9
S00160732,128,4
S00160733,84,3
S00160734,92,16
S00160735,133,8
S00160736,95,11
S00160737,96,12
S00160738,100,12
S00160739,111,7
S00160740,111,3
S00160741,57,5
S00160742,99,14
S00160743,78,11
S00160744,92,6
S00160745,107,3
S00160746,132,17
S00160747,89,16
S00160748,122,13
S00160749,73,-
S00160750,97,12
S00160751,79,7
S00160752,98,11
S00160753,171,18
S00160754,125,8
S00160755,134,18
S00160756,61,5
S00160757,94,6
S00160758,140,7
S00160759,111,26
S00160760,76,5
S00160761,60,3
S00160762,104,3
S00160763,111,5
S00160764,69,2
S00160765,130,4
S00160766,99,8
S00160767,66,6
S00160768,110,12
S00160769,69,15
S00160770,169,14
S00160771,69,3
S00160772,70,8
S00160773,55,2
S00160774,102,11
S00160775,95,5
S00160776,80,5
S00160777,98,7
S00160778,110,13
S00160779,103,13
S00160780,96,2
S00160781,85,12
S00160782,69,8
S00160783,125,8
S00160784,82,7
S00160785,129,11
S00160786,112,12
S00160787,66,6
S00160788,98,17
S00160789,62,2
S00160790,122,10
S00160791,134,17
S00160792,69,4
S00160793,130,16
S00160794,121,7
S00160795,136,15
S00160796,51,7
S00160797,69,6
S00160798,68,9
S00160799,79,8
S00160800,76,7
S00160801,57,3
S00160802,60,-
S00160803,109,9
S00160804,49,14
S00160805,68,3
S00160806,109,18
S00160807,99,10
S00160808,117,4
S00160809,116,8
S00160810,68,9
S00160811,101,6
S00160812,74,15
S00160813,104,13
S00160814,99,10
S00160815,142,17
S00160816,109,18
S00160817,60,8
S00160818,100,8
S00160819,64,4
S00160820,70,3
S00160821,74,-
S00160822,145,7
S00160823,62,11
S00160824,93,9
S00160825,99,10
S00160826,77,14
S00160827,100,7
S00160828,135,13
S00160829,97,10
S00160830,81,10
S00160831,64,14
S00160832,65,6
S00160833,79,10
S00160834,70,8
S00160835,168,16
S00160836,65,10
S00160837,102,19
S00160838,60,6
S00160839,82,11
S00160840,114,12
S00160841,94,10
S00160842,99,3
S00160843,60,10
S00160844,135,6
S00160845,72,10
S00160846,80,6
S00160847,108,14
S00160848,87,7
S00160849,145,7
S00160850,84,-
S00160851,96,15
S00160852,176,24
S00160853,100,10
S00160854,92,3
S00160855,117,12
S00160856,110,10
S00160857,156,31
S00160858,132,5
S00160859,58,6
S00160860,77,8
S00160861,145,20
S00160862,65,3
S00160863,147,19
S00160864,155,13
S00160865,118,18
S00160866,109,7
S00160867,101,7
S00160868,83,5
S00160869,91,1
S00160870,188,35
S00160871,118,9
S00160872,142,6
S00160873,75,4
S00160874,69,8
S00160875,105,14
S00160876,99,3
S00160877,119,6
S00160878,122,20
S00160879,123,8
S00160880,123,15
S00160881,111,5
S00160882,87,11
S00160883,66,3
S00160884,88,9
S00160885,105,-
S00160886,117,27
S00160887,104,13
S00160888,59,1
S00160889,66,10
S00160890,120,6
S00160891,55,6
S00160892,104,5
S00160893,62,4
S00160894,91,12
S00160895,120,14
S00160896,85,8
S00160897,59,10
S00160898,128,9
S00160899,99,9
S00160900,104,12
S00160901,137,3
S00160902,99,11
S00160903,118,9
S00160904,84,18
S00160905,85,5
S00160906,77,3
S00160907,71,3
S00160908,78,5
S00160909,117,8
S00160910,103,4
S00160911,124,4
S00160912,121,9
S00160913,161,19
S00160914,85,7
S00160915,100,11
S00160916,71,6
S00160917,64,7
S00160918,109,12
S00160919,99,15
S00160920,64,4
S00160921,82,13
S00160922,70,9
S00160923,83,2
S00160924,106,21
S00160925,74,11
S00160926,200,37
S00160927,228,31
S00160928,89,10
S00160929,119,31
S00160930,168,17
S00160931,103,23
S00160932,79,2
S00160933,112,6
S00160934,82,11
S00160935,97,25
S00160936,60,2
S00160937,114,6
S00160938,124,11
S00160939,135,5
S00160940,52,2
S00160941,116,19
S00160942,154,24
S00160943,62,6
S00160944,100,21
S00160945,102,1
S00160946,85,11
S00160947,151,6
S00160948,148,23
S00160949,52,6
S00160950,64,4
S00160951,97,8
S00160952,63,4
S00160953,207,20
S00160954,108,17
S00160955,150,10
S00160956,68,10
S00160957,136,13
S00160958,127,13
S00160959,80,11
S00160960,87,11
S00160961,120,8
S00160962,72,4
S00160963,101,18
S00160964,184,19
S00160965,129,12
S00160966,103,10
S00160967,106,6
S00160968,115,10
S00160969,157,14
S00160970,93,12
S00160971,107,6
S00160972,74,2
S00160973,69,15
S00160974,104,7
S00160975,95,6
S00160976,68,4
S00160977,85,3
S00160978,139,6
S00160979,68,6
S00160980,112,19
S00160981,78,9
S00160982,65,10
S00160983,129,21
S00160984,88,9
S00160985,71,14
S00160986,155,20
S00160987,127,15
S00160988,117,16
S00160989,85,9
S00160990,121,21
S00160991,64,4
S00160992,67,3
S00160993,78,6
S00160994,65,9
S00160995,77,9
S00160996,71,3
S00160997,111,6
S00160998,88,15
S00160999,103,10
S00161000,81,6
S00161001,95,11
S00161002,90,9
S00161003,94,9
S00161004,94,9
S00161005,102,12
S00161006,91,5
S00161007,84,7
S00161008,76,7
S00161009,191,20
S00161010,126,16
S00161011,66,9
S00161012,175,19
S00161013,82,3
S00161014,98,8
S00161015,101,-
S00161016,131,20
S00161017,119,5
S00161018,81,10
S00161019,115,6
S00161020,73,3
S00161021,126,1
S00161022,162,10
S00161023,105,10
S00161024,154,12
S00161025,130,21
S00161026,78,4
S00161027,100,5
S00161028,99,6
S00161029,147,12
S00161030,65,6
S00161031,103,6
S00161032,103,7
S00161033,102,13
S00161034,68,8
S00161035,83,4
S00161036,140,13
S00161037,61,3
S00161038,89,4
S00161039,85,7
S00161040,142,13
S00161041,84,16
S00161042,135,14
S00161043,110,6
S00161044,77,8
S00161045,57,2
S00161046,113,6
S00161047,70,7
S00161048,118,9
S00161049,132,12
S00161050,90,2
S00161051,153,15
S00161052,183,16
S00161053,186,9
S00161054,115,8
S00161055,92,-
S00161056,130,12
S00161057,132,12
S00161058,86,1
S00161059,63,1
S00161060,66,8
S00161061,84,1
S00161062,106,4
S00161063,71,4
S00161064,153,13
S00161065,110,12
S00161066,104,3
S00161067,121,5
S00161068,108,7
S00161069,122,19
S00161070,91,7
S00161071,107,5
S00161072,118,14
S00161073,97,10
S00161074,108,3
S00161075,85,5
S00161076,158,10
S00161077,100,3
S00161078,131,11
S00161079,114,5
S00161080,55,3
S00161081,76,8
S00161082,72,3
S00161083,90,9
S00161084,87,11
S00161085,101,13
S00161086,138,22
S00161087,87,4
S00161088,101,-
S00161089,104,11
S00161090,74,5
S00161091,107,5
S00161092,96,3
S00161093,142,14
S00161094,112,9
S00161095,82,14
S00161096,68,14
S00161097,78,4
S00161098,82,9
S00161099,65,6
S00161100,118,8
S00161101,111,5
S00161102,74,12
S00161103,173,15
S00161104,98,5
S00161105,82,7
S00161106,133,12
S00161107,76,6
S00161108,99,9
S00161109,120,10
S00161110,103,5
S00161111,75,7
S00161112,90,3
S00161113,101,5
S00161114,96,10
S00161115,103,4
S00161116,104,9
S00161117,89,6
S00161118,72,7
S00161119,113,5
S00161120,64,3
S00161121,96,7
S00161122,128,5
S00161123,62,5
S00161124,71,7
S00161125,99,8
S00161126,147,16
S00161127,75,5
S00161128,87,5
S00161129,85,5
S00161130,81,2
S00161131,93,11
S00161132,78,6
S00161133,84,9
S00161134,113,7
S00161135,77,9
S00161136,125,15
S00161137,93,2
S00161138,80,-
S00161139,150,17
S00161140,93,14
S00161141,91,15
S00161142,99,6
S00161143,100,13
S00161144,95,1
S00161145,93,8
S00161146,88,3
S00161147,79,5
S00161148,84,5
S00161149,100,9
S00161150,68,4
S00161151,83,15
S00161152,87,5
S00161153,82,-
S00161154,76,6
S00161155,121,9
S00161156,164,19
S00161157,99,4
S00161158,65,5
S00161159,112,3
S00161160,80,5
S00161161,70,11
S00161162,73,6
S00161163,76,3
S00161164,56,3
S00161165,161,17
S00161166,89,7
S00161167,51,6
S00161168,82,4
S00161169,94,5
S00161170,114,11
S00161171,45,5
S00161172,107,18
S00161173,75,19
S00161174,179,20
S00161175,108,5
S00161176,80,3
S00161177,109,7
S00161178,128,16
S00161179,120,9
S00161180,107,4
S00161181,64,4
S00161182,78,3
S00161183,118,5
S00161184,60,8
S00161185,113,2
S00161186,106,10
S00161187,102,3
S00161188,149,26
S00161189,124,9
S00161190,89,6
S00161191,81,7
S00161192,128,7
S00161193,103,13
S00161194,117,5
S00161195,110,4
S00161196,81,4
S00161197,135,12
S00161198,68,4
S00161199,72,9
S00161200,57,-
S00161201,81,5
S00161202,82,4
S00161203,66,8
S00161204,71,8
S00161205,124,15
S00161206,71,-
S00161207,125,9
S00161208,140,7
S00161209,108,8
S00161210,92,10
S00161211,71,8
S00161212,97,6
S00161213,76,4
S00161214,100,5
S00161215,67,6
S00161216,105,11
S00161217,135,11
S00161218,166,10
S00161219,76,9
S00161220,76,5
S00161221,70,10
S00161222,76,3
S00161223,80,3
S00161224,104,6
S00161225,159,3
S00161226,114,5
S00161227,85,9
S00161228,95,3
S00161229,121,19
S00161230,101,4
S00161231,61,5
S00161232,95,8
S00161233,95,8
S00161234,87,2
S00161235,92,6
S00161236,60,3
S00161237,75,5
S00161238,119,5
S00161239,101,6
S00161240,114,7
S00161241,95,7
S00161242,95,2
S00161243,120,8
S00161244,85,2
S00161245,70,10
S00161246,55,2
S00161247,113,2
S00161248,88,23
S00161249,86,13
S00161250,72,3
S00161251,95,7
S00161252,66,1
S00161253,70,8
S00161254,94,9
S00161255,129,12
S00161256,110,6
S00161257,92,6
S00161258,67,2
S00161259,144,14
S00161260,89,7
S00161261,64,3
S00161262,68,4
S00161263,128,8
S00161264,78,4
S00161265,110,6
S00161266,111,13
S00161267,58,3
S00161268,71,4
S00161269,91,12
S00161270,87,8
S00161271,134,18
S00161272,81,1
S00161273,106,13
S00161274,70,12
S00161275,91,14
S00161276,85,5
S00161277,125,14
S00161278,106,10
S00161279,81,5
S00161280,69,5
S00161281,79,6
S00161282,66,6
S00161283,95,-
S00161284,82,10
S00161285,104,8
S00161286,72,-
S00161287,86,6
S00161288,76,3
S00161289,118,9
S00161290,99,10
S00161291,107,10
S00161292,91,1
S00161293,72,10
S00161294,131,7
S00161295,138,13
S00161296,112,12
S00161297,118,-
S00161298,98,5
S00161299,151,20
S00161300,111,17
S00161301,71,1
S00161302,65,4
S00161303,71,7
S00161304,89,18
S00161305,86,7
S00161306,79,4
S00161307,73,2
S00161308,88,13
S00161309,122,21
S00161310,71,1
S00161311,70,6
S00161312,82,5
S00161313,81,1
S00161314,64,2
S00161315,160,20
S00161316,130,13
S00161317,85,8
S00161318,103,8
S00161319,110,6
S00161320,82,7
S00161321,54,2
S00161322,85,1
S00161323,94,7
S00161324,99,7
S00161325,87,6
S00161326,117,11
S00161327,69,10
S00161328,120,6
S00161329,62,5
S00161330,141,6
S00161331,125,15
S00161332,103,7
S00161333,71,2
S00161334,93,4
S00161335,73,2
S00161336,130,10
S00161337,73,4
S00161338,76,4
S00161339,67,-
S00161340,71,4
S00161341,62,4
S00161342,112,8
S00161343,72,1
S00161344,97,5
S00161345,90,3
S00161346,74,7
S00161347,162,7
S00161348,91,3
S00161349,98,4
S00161350,68,8
S00161351,63,4
S00161352,115,10
S00161353,98,-
S00161354,64,-
S00161355,58,6
S00161356,158,16
S00161357,132,6
S00161358,68,1
S00161359,69,9
S00161360,62,1
S00161361,102,13
S00161362,120,10
S00161363,135,4
S00161364,131,7
S00161365,119,4
S00161366,64,6
S00161367,71,11
S00161368,90,9
S00161369,127,5
S00161370,60,13
S00161371,135,11
S00161372,97,11
S00161373,96,9
S00161374,88,6
S00161375,84,1
S00161376,120,8
S00161377,99,18
S00161378,81,2
S00161379,105,8
S00161380,56,1
S00161381,122,16
S00161382,80,7
S00161383,109,5
S00161384,85,9
S00161385,123,12
S00161386,66,5
S00161387,140,12
S00161388,69,10
S00161389,126,7
S00161390,51,8
S00161391,122,10
S00161392,92,1
S00161393,73,3
S00161394,128,5
S00161395,67,6
S00161396,87,10
S00161397,68,13
S00161398,74,5
S00161399,49,4
S00161400,114,8
S00161401,80,2
S00161402,112,7
S00161403,80,9
S00161404,135,11
S00161405,60,-
S00161406,144,15
S00161407,138,6
S00161408,103,6
S00161409,74,13
S00161410,86,7
S00161411,158,14
S00161412,64,1
S00161413,81,5
S00161414,94,6
S00161415,84,5
S00161416,95,3
S00161417,82,8
S00161418,100,8
S00161419,96,4
S00161420,141,6
S00161421,95,5
S00161422,79,7
S00161423,74,8
S00161424,119,6
S00161425,62,2
S00161426,89,8
S00161427,135,13
S00161428,86,5
S00161429,99,11
S00161430,165,15
S00161431,86,7
S00161432,83,7
S00161433,111,5
S00161434,124,11
S00161435,63,4
S00161436,113,12
S00161437,93,6
S00161438,62,11
S00161439,89,7
S00161440,63,2
S00161441,86,4
S00161442,114,8
S00161443,77,6
S00161444,187,28
S00161445,103,2
S00161446,90,13
S00161447,81,4
S00161448,71,1
S00161449,75,1
S00161450,89,8
S00161451,96,15
S00161452,102,6
S00161453,91,6
S00161454,113,14
S00161455,137,6
S00161456,84,7
S00161457,94,1
S00161458,112,5
S00161459,141,9
S00161460,75,3
S00161461,90,3
S00161462,69,2
S00161463,117,8
S00161464,90,5
S00161465,143,13
S00161466,72,8
S00161467,98,3
S00161468,54,-
S00161469,73,6
S00161470,128,12
S00161471,78,3
S00161472,83,4
S00161473,97,8
S00161474,63,14
S00161475,129,5
S00161476,102,2
S00161477,197,5
S00161478,61,3
S00161479,57,4
S00161480,114,2
S00161481,70,2
S00161482,98,6
S00161483,100,6
S00161484,97,5
S00161485,93,5
S00161486,131,23
S00161487,151,11
S00161488,113,10
S00161489,98,9
S00161490,106,13
S00161491,84,7
S00161492,138,8
S00161493,99,16
S00161494,147,16
S00161495,110,4
S00161496,85,12
S00161497,53,7
S00161498,117,7
S00161499,67,5
S00161500,59,4
S00161501,85,7
S00161502,67,3
S00161503,168,10
S00161504,65,3
S00161505,93,6
S00161506,80,10
S00161507,138,5
S00161508,145,24
S00161509,55,6
S00161510,100,7
S00161511,84,6
S00161512,129,17
S00161513,69,6
S00161514,130,13
S00161515,157,18
S00161516,97,14
S00161517,134,9
S00161518,94,16
S00161519,57,8
S00161520,114,18
S00161521,116,12
S00161522,82,6
S00161523,61,4
S00161524,94,4
S00161525,83,10
S00161526,110,1
S00161527,126,10
S00161528,93,10
S00161529,81,4
S00161530,122,15
S00161531,116,12
S00161532,118,7
S00161533,56,8
S00161534,93,5
S00161535,115,7
S00161536,87,10
S00161537,59,6
S00161538,103,8
S00161539,99,3
S00161540,61,1
S00161541,67,4
S00161542,120,8
S00161543,114,13
S00161544,97,10
S00161545,85,5
S00161546,99,9
S00161547,114,13
S00161548,128,10
S00161549,104,6
S00161550,58,8
S00161551,91,2
S00161552,81,6
S00161553,111,13
S00161554,97,6
S00161555,83,7
S00161556,61,6
S00161557,128,11
S00161558,77,3
S00161559,141,16
S00161560,109,6
S00161561,98,1
S00161562,76,3
S00161563,312,25
S00161564,123,9
S00161565,75,10
S00161566,90,18
S00161567,86,8
S00161568,138,8
S00161569,56,4
S00161570,65,9
S00161571,104,12
S00161572,65,8
S00161573,108,16
S00161574,74,7
S00161575,112,9
S00161576,107,15
S00161577,70,8
S00161578,120,8
S00161579,98,14
S00161580,106,9
S00161581,66,15
S00161582,86,5
S00161583,89,10
S00161584,122,9
S00161585,69,2
S00161586,79,23
S00161587,60,5
S00161588,50,3
S00161589,98,6
S00161590,157,18
S00161591,71,-
S00161592,99,10
S00161593,132,12
S00161594,132,18
S00161595,170,37
S00161596,146,21
S00161597,79,4
S00161598,83,8
S00161599,92,10
S00161600,187,41
S00161601,137,11
S00161602,91,2
S00161603,138,10
S00161604,78,5
S00161605,109,10
S00161606,90,1
S00161607,107,11
S00161608,146,21
S00161609,79,6
S00161610,110,15
S00161611,79,8
S00161612,161,14
S00161613,85,7
S00161614,114,10
S00161615,88,10
S00161616,91,12
S00161617,93,5
S00161618,61,4
S00161619,87,6
S00161620,153,17
S00161621,125,9
S00161622,94,7
S00161623,108,9
S00161624,53,3
S00161625,124,12
S00161626,104,9
S00161627,98,13
S00161628,78,3
S00161629,140,14
S00161630,69,5
S00161631,54,2
S00161632,69,5
S00161633,54,3
S00161634,96,12
S00161635,109,6
S00161636,76,5
S00161637,121,18
S00161638,110,8
S00161639,90,1
S00161640,91,16
S00161641,109,11
S00161642,51,7
S00161643,174,18
S00161644,121,9
S00161645,83,6
S00161646,99,9
S00161647,60,3
S00161648,108,8
S00161649,110,4
S00161650,151,7
S00161651,58,1
S00161652,98,2
S00161653,66,12
S00161654,123,10
S00161655,91,19
S00161656,90,9
S00161657,123,18
S00161658,81,3
S00161659,83,4
S00161660,146,20
S00161661,69,6
S00161662,71,9
S00161663,54,6
S00161664,77,3
S00161665,98,17
S00161666,75,10
S00161667,82,6
S00161668,103,21
S00161669,148,8
S00161670,60,5
S00161671,67,3
S00161672,134,6
S00161673,126,10
S00161674,119,7
S00161675,83,9
S00161676,73,7
S00161677,77,7
S00161678,99,-
S00161679,95,7
S00161680,60,4
S00161681,73,10
S00161682,73,2
S00161683,163,12
S00161684,94,6
S00161685,122,7
S00161686,86,6
S00161687,95,3
S00161688,93,8
S00161689,160,8
S00161690,108,13
S00161691,167,14
S00161692,122,6
S00161693,154,15
S00161694,64,6
S00161695,60,3
S00161696,99,9
S00161697,63,8
S00161698,98,8
S00161699,87,10
S00161700,148,10
S00161701,91,6
S00161702,75,11
S00161703,59,6
S00161704,101,7
S00161705,90,3
S00161706,85,15
S00161707,111,10
S00161708,89,11
S00161709,77,1
S00161710,68,5
S00161711,101,7
S00161712,95,5
S00161713,88,9
S00161714,103,7
S00161715,115,5
S00161716,82,5
S00161717,104,11
S00161718,78,-
S00161719,121,4
S00161720,106,13
S00161721,140,28
S00161722,80,5
S00161723,58,3
S00161724,73,4
S00161725,99,14
S00161726,135,18
S00161727,104,8
S00161728,147,12
S00161729,123,19
S00161730,93,12
S00161731,154,12
S00161732,108,7
S00161733,167,14
S00161734,145,11
S00161735,108,3
S00161736,84,9
S00161737,113,7
S00161738,81,7
S00161739,119,4
S00161740,55,8
S00161741,119,3
S00161742,97,2
S00161743,100,5
S00161744,77,2
S00161745,93,5
S00161746,116,15
S00161747,59,3
S00161748,85,8
S00161749,69,3
S00161750,102,9
S00161751,64,5
S00161752,131,17
S00161753,85,8
S00161754,78,12
S00161755,105,10
S00161756,92,2
S00161757,73,2
S00161758,56,3
S00161759,84,8
S00161760,89,3
S00161761,85,11
S00161762,72,12
S00161763,96,8
S00161764,84,13
S00161765,70,9
S00161766,65,5
S00161767,98,3
S00161768,66,6
S00161769,90,11
S00161770,139,7
S00161771,56,7
S00161772,70,6
S00161773,144,19
S00161774,135,18
S00161775,135,13
S00161776,75,6
S00161777,100,2
S00161778,73,5
S00161779,91,13
S00161780,81,3
S00161781,118,9
S00161782,119,11
S00161783,73,2
S00161784,122,8
S00161785,72,8
S00161786,80,15
S00161787,77,3
S00161788,78,3
S00161789,110,6
S00161790,67,6
S00161791,87,12
S00161792,158,9
S00161793,106,13
S00161794,72,5
S00161795,76,6
S00161796,148,16
S00161797,68,8
S00161798,74,5
S00161799,49,-
S00161800,157,16
S00161801,87,-
S00161802,83,4
S00161803,92,8
S00161804,68,9
S00161805,59,-
S00161806,99,10
S00161807,113,4
S00161808,68,-
S00161809,74,7
S00161810,76,8
S00161811,81,5
S00161812,111,13
S00161813,71,9
S00161814,110,14
S00161815,201,16
S00161816,111,5
S00161817,77,9
S00161818,85,3
S00161819,147,30
S00161820,62,8
S00161821,63,10
S00161822,69,4
S00161823,83,2
S00161824,67,5
S00161825,60,8
S00161826,125,3
S00161827,83,8
S00161828,68,7
S00161829,144,5
S00161830,52,8
S00161831,174,18
S00161832,70,4
S00161833,120,3
S00161834,77,6
S00161835,117,8
S00161836,143,25
S00161837,69,11
S00161838,129,8
S00161839,76,8
S00161840,70,4
S00161841,82,5
S00161842,86,7
S00161843,66,-
S00161844,105,2
S00161845,72,3
S00161846,93,4
S00161847,117,9
S00161848,105,3
S00161849,93,3
S00161850,100,11
S00161851,77,10
S00161852,88,2
S00161853,92,11
S00161854,72,8
S00161855,96,14
S00161856,72,2
S00161857,111,8
S00161858,108,10
S00161859,103,6
S00161860,145,24
S00161861,96,11
S00161862,95,5
S00161863,198,31
S00161864,86,7
S00161865,53,4
S00161866,78,7
S00161867,113,13
S00161868,112,20
S00161869,93,6
S00161870,49,5
S00161871,101,13
S00161872,86,1
S00161873,98,14
S00161874,111,7
S00161875,90,13
S00161876,94,10
S00161877,63,8
S00161878,59,6
S00161879,97,16
S00161880,47,7
S00161881,64,6
S00161882,84,8
S00161883,174,28
S00161884,98,7
S00161885,104,8
S00161886,114,13
S00161887,102,14
S00161888,76,12
S00161889,61,5
S00161890,69,5
S00161891,56,10
S00161892,99,12
S00161893,124,20
S00161894,83,10
S00161895,94,10
S00161896,157,16
S00161897,110,12
S00161898,79,6
S00161899,60,4
S00161900,118,-
S00161901,116,8
S00161902,93,6
S00161903,194,12
S00161904,98,13
S00161905,74,7
S00161906,135,9
S00161907,140,16
S00161908,90,12
S00161909,93,4
S00161910,109,18
S00161911,76,11
S00161912,74,5
S00161913,98,10
S00161914,49,7
S00161915,96,14
S00161916,119,13
S00161917,84,17
S00161918,152,25
S00161919,94,6
S00161920,59,9
S00161921,142,17
S00161922,93,5
S00161923,159,25
S00161924,65,16
S00161925,61,6
S00161926,81,5
S00161927,52,6
S00161928,83,10
S00161929,110,11
S00161930,125,12
S00161931,99,20
S00161932,59,-
S00161933,97,13
S00161934,52,1
S00161935,127,13
S00161936,74,2
S00161937,80,6
S00161938,82,4
S00161939,100,1
S00161940,166,22
S00161941,50,1
S00161942,96,5
S00161943,65,3
S00161944,86,12
S00161945,74,-
S00161946,89,11
S00161947,69,4
S00161948,112,12
S00161949,80,6
S00161950,87,6
S00161951,83,4
S00161952,88,3
S00161953,216,23
S00161954,81,9
S00161955,162,13
S00161956,116,6
S00161957,107,6
S00161958,128,10
S00161959,116,6
S00161960,69,6
S00161961,69,5
S00161962,70,4
S00161963,118,13
S00161964,100,6
S00161965,124,7
S00161966,53,2
S00161967,70,9
S00161968,52,2
S00161969,137,7
S00161970,69,2
S00161971,54,3
S00161972,66,4
S00161973,56,4
S00161974,55,6
S00161975,113,7
S00161976,70,9
S00161977,63,2
S00161978,110,10
S00161979,83,6
S00161980,107,6
S00161981,81,8
S00161982,98,10
S00161983,66,1
S00161984,84,13
S00161985,120,15
S00161986,128,5
S00161987,78,8
S00161988,96,12
S00161989,118,7
S00161990,108,11
S00161991,131,8
S00161992,121,11
S00161993,114,7
S00161994,159,10
S00161995,179,23
S00161996,146,4
S00161997,172,24
S00161998,68,7
S00161999,118,9
S00162000,73,5
S00162001,94,5
S00162002,62,-
S00162003,118,7
S00162004,111,8
S00162005,121,6
S00162006,93,7
S00162007,63,7
S00162008,84,5
S00162009,148,12
S00162010,164,14
S00162011,64,3
S00162012,129,14
S00162013,83,3
S00162014,95,7
S00162015,125,23
S00162016,84,8
S00162017,103,3
S00162018,83,15
S00162019,180,21
S00162020,64,9
S00162021,108,9
S00162022,120,10
S00162023,160,15
S00162024,53,6
S00162025,119,3
S00162026,54,1
S00162027,87,4
S00162028,85,3
S00162029,91,5
S00162030,119,11
S00162031,112,4
S00162032,100,7
S00162033,151,11
S00162034,119,7
S00162035,102,4
S00162036,82,2
S00162037,147,9
S00162038,80,-
S00162039,94,3
S00162040,140,11
S00162041,95,2
S00162042,83,6
S00162043,103,4
S00162044,97,4
S00162045,131,2
S00162046,77,-
S00162047,108,5
S00162048,115,3
S00162049,79,3
S00162050,145,6
S00162051,130,2
S00162052,105,1
S00162053,88,2
S00162054,85,5
S00162055,82,-
S00162056,137,10
S00162057,54,1
S00162058,63,-
S00162059,140,3
S00162060,104,4
S00162061,107,7
S00162062,67,1
S00162063,79,-
S00162064,93,4
S00162065,115,7
S00162066,143,3
S00162067,119,3
S00162068,113,7
S00162069,55,2
S00162070,109,3
S00162071,65,1
S00162072,74,5
S00162073,101,9
S00162074,76,1
S00162075,61,-
S00162076,107,7
S00162077,63,2
S00162078,73,4
S00162079,124,1
S00162080,85,6
S00162081,73,-
S00162082,64,2
S00162083,128,1
S00162084,65,3
S00162085,74,4
S00162086,85,2
S00162087,90,6
S00162088,71,-
S00162089,109,2
S00162090,89,1
S00162091,67,3
S00162092,70,4
S00162093,68,-
S00162094,80,2
S00162095,77,7
S00162096,76,3
S00162097,65,2
S00162098,101,3
S00162099,108,4
S00162100,82,2
S00162101,66,2
S00162102,113,12
S00162103,79,1
S00162104,83,6
S00162105,99,-
S00162106,115,6
S00162107,56,4
S00162108,102,4
S00162109,76,-
S00162110,112,2
S00162111,109,4
S00162112,59,9
S00162113,68,5
S00162114,100,4
S00162115,93,3
S00162116,93,-
S00162117,84,1
S00162118,129,6
S00162119,68,3
S00162120,135,5
S00162121,95,4
S00162122,93,7
S00162123,94,5
S00162124,72,-
S00162125,98,-
S00162126,70,7
S00162127,113,9
S00162128,102,8
S00162129,106,9
S00162130,79,8
S00162131,60,-
S00162132,91,3
S00162133,105,4
S00162134,56,-
S00162135,125,3
S00162136,101,5
S00162137,73,2
S00162138,90,10
S00162139,78,-
S00162140,72,2
S00162141,95,2
S00162142,81,2
S00162143,68,2
S00162144,169,5
S00162145,123,-
S00162146,114,5
S00162147,135,8
S00162148,116,4
S00162149,104,2
S00162150,100,6
S00162151,120,5
S00162152,95,4
S00162153,109,2
S00162154,81,1
S00162155,54,1
S00162156,65,3
S00162157,104,4
S00162158,121,6
S00162159,134,2
S00162160,117,11
S00162161,102,6
S00162162,87,4
S00162163,102,2
S00162164,91,2
S00162165,85,4
S00162166,67,7
S00162167,88,7
S00162168,114,5
S00162169,125,1
S00162170,75,4
S00162171,99,4
S00162172,71,1
S00162173,60,-
S00162174,141,3
S00162175,86,2
S00162176,104,2
S00162177,140,4
S00162178,139,6
S00162179,128,8
S00162180,67,2
S00162181,134,6
S00162182,63,-
S00162183,91,2
S00162184,130,3
S00162185,130,2
S00162186,131,8
S00162187,121,2
S00162188,86,3
S00162189,90,8
S00162190,123,7
S00162191,84,1
S00162192,96,2
S00162193,123,-
S00162194,141,7
S00162195,115,9
S00162196,90,2
S00162197,148,8
S00162198,96,3
S00162199,90,2
S00162200,79,2
S00162201,83,4
S00162202,111,7
S00162203,54,2
S00162204,86,6
S00162205,103,3
S00162206,81,3
S00162207,100,1
S00162208,84,6
S00162209,115,1
S00162210,85,1
S00162211,68,2
S00162212,92,3
S00162213,73,-
S00162214,87,4
S00162215,79,1
S00162216,60,1
S00162217,115,3
S00162218,109,1
S00162219,127,10
S00162220,108,2
S00162221,60,2
S00162222,125,4
S00162223,149,3
S00162224,84,4
S00162225,53,3
S00162226,64,3
S00162227,131,6
S00162228,59,-
S00162229,73,2
S00162230,75,1
S00162231,113,5
S00162232,91,-
S00162233,79,4
S00162234,108,3
S00162235,99,8
S00162236,67,3
S00162237,59,1
S00162238,95,3
S00162239,74,2
S00162240,51,2
S00162241,91,4
S00162242,110,6
S00162243,143,6
S00162244,105,7
S00162245,51,1
S00162246,79,2
S00162247,56,5
S00162248,124,3
S00162249,89,-
S00162250,64,9
S00162251,134,10
S00162252,87,4
S00162253,83,2
S00162254,98,-
S00162255,122,6
S00162256,73,3
S00162257,90,4
S00162258,121,4
S00162259,84,4
S00162260,96,5
S00162261,129,1
S00162262,98,3
S00162263,98,6
S00162264,75,1
S00162265,97,3
S00162266,68,1
S00162267,134,2
S00162268,67,4
S00162269,96,2
S00162270,132,2
S00162271,133,5
S00162272,123,4
S00162273,109,6
S00162274,82,1
S00162275,87,1
S00162276,71,-
S00162277,77,-
S00162278,113,1
S00162279,85,9
S00162280,139,5
S00162281,79,1
S00162282,138,1
S00162283,101,-
S00162284,136,-
S00162285,127,4
S00162286,100,5
S00162287,111,4
S00162288,107,4
S00162289,68,3
S00162290,57,-
S00162291,118,2
S00162292,78,-
S00162293,100,3
S00162294,94,6
S00162295,152,5
S00162296,68,1
S00162297,140,7
S00162298,114,4
S00162299,113,1
S00162300,100,6
S00162301,71,4
S00162302,131,2
S00162303,74,1
S00162304,101,-
S00162305,117,-
S00162306,95,2
S00162307,147,5
S00162308,107,4
S00162309,109,3
S00162310,107,2
S00162311,134,3
S00162312,113,2
S00162313,76,2
S00162314,119,2
S00162315,100,3
S00162316,84,1
S00162317,92,2
S00162318,65,-
S00162319,57,4
S00162320,70,5
S00162321,106,4
S00162322,59,1
S00162323,116,-
S00162324,97,9
S00162325,87,2
S00162326,70,-
S00162327,129,2
S00162328,60,1
S00162329,72,2
S00162330,119,-
S00162331,104,-
S00162332,86,1
S00162333,79,2
S00162334,137,1
S00162335,108,3
S00162336,108,3
S00162337,75,-
S00162338,96,3
S00162339,103,6
S00162340,98,4
S00162341,146,5
S00162342,96,3
S00162343,93,-
S00162344,127,12
S00162345,113,1
S00162346,98,4
S00162347,56,3
S00162348,98,2
S00162349,113,4
S00162350,115,3
S00162351,118,3
S00162352,65,-
S00162353,74,1
S00162354,110,6
S00162355,91,3
S00162356,56,2
S00162357,67,-
S00162358,63,-
S00162359,85,-
S00162360,91,4
S00162361,115,4
S00162362,95,1
S00162363,78,2
S00162364,108,2
S00162365,85,4
S00162366,101,4
S00162367,123,4
S00162368,53,4
S00162369,66,4
S00162370,114,4
S00162371,145,2
S00162372,81,-
S00162373,127,7
S00162374,118,7
S00162375,135,2
S00162376,63,1
S00162377,95,3
S00162378,80,3
S00162379,65,2
S00162380,57,1
S00162381,62,-
S00162382,97,6
S00162383,117,4
S00162384,83,1
S00162385,64,3
S00162386,97,6
S00162387,109,4
S00162388,100,2
S00162389,100,2
S00162390,90,6
S00162391,50,-
S00162392,112,1
S00162393,63,-
S00162394,104,5
S00162395,81,2
S00162396,60,4
S00162397,100,-
S00162398,124,5
S00162399,112,4
S00162400,82,2
S00162401,108,1
S00162402,70,3
S00162403,176,43
S00162404,63,4
S00162405,83,2
S00162406,121,6
S00162407,145,10
S00162408,52,4
S00162409,86,4
S00162410,118,6
S00162411,117,4
S00162412,78,-
S00162413,137,6
S00162414,131,7
S00162415,89,-
S00162416,120,3
S00162417,153,10
S00162418,118,4
S00162419,84,3
S00162420,81,2
S00162421,120,4
S00162422,113,6
S00162423,100,3
S00162424,93,5
S00162425,83,2
S00162426,137,4
S00162427,91,2
S00162428,97,4
S00162429,165,7
S00162430,76,2
S00162431,108,6
S00162432,68,4
S00162433,72,2
S00162434,102,5
S00162435,114,5
S00162436,122,4
S00162437,117,9
S00162438,69,2
S00162439,72,2
S00162440,115,7
S00162441,63,-
S00162442,116,1
S00162443,74,5
S00162444,74,2
S00162445,61,7
S00162446,122,3
S00162447,101,10
S00162448,73,1
S00162449,110,4
S00162450,110,7
S00162451,74,1
S00162452,67,2
S00162453,77,4
S00162454,130,8
S00162455,55,5
S00162456,62,3
S00162457,106,2
S00162458,55,-
S00162459,60,-
S00162460,74,2
S00162461,121,-
S00162462,86,1
S00162463,129,4
S00162464,130,4
S00162465,127,4
S00162466,69,2
S00162467,89,-
S00162468,63,-
S00162469,94,1
S00162470,72,4
S00162471,105,7
S00162472,87,1
S00162473,90,2
S00162474,89,2
S00162475,91,5
S00162476,70,1
S00162477,98,7
S00162478,70,1
S00162479,101,1
S00162480,54,3
S00162481,125,4
S00162482,115,2
S00162483,124,3
S00162484,101,3
S00162485,92,-
S00162486,119,3
S00162487,88,5
S00162488,122,5
S00162489,54,-
S00162490,93,1
S00162491,94,6
S00162492,69,4
S00162493,113,4
S00162494,78,9
S00162495,81,-
S00162496,141,5
S00162497,112,-
S00162498,63,3
S00162499,128,4
S00162500,108,4
S00162501,105,1
S00162502,127,9
S00162503,99,7
S00162504,98,5
S00162505,75,2
S00162506,95,4
S00162507,146,4
S00162508,102,1
S00162509,111,2
S00162510,125,-
S00162511,85,7
S00162512,93,4
S00162513,61,4
S00162514,88,1
S00162515,83,3
S00162516,52,1
S00162517,108,9
S00162518,126,6
S00162519,103,5
S00162520,71,9
S00162521,85,3
S00162522,87,-
S00162523,137,5
S00162524,71,4
S00162525,86,5
S00162526,87,5
S00162527,78,3
S00162528,89,-
S00162529,84,2
S00162530,123,4
S00162531,71,-
S00162532,73,8
S00162533,123,4
S00162534,134,-
S00162535,104,6
S00162536,124,7
S00162537,100,2
S00162538,122,-
S00162539,108,4
S00162540,108,5
S00162541,80,3
S00162542,73,2
S00162543,68,-
S00162544,80,-
S00162545,154,4
S00162546,64,1
S00162547,110,9
S00162548,112,-
S00162549,111,7
S00162550,110,2
S00162551,100,10
S00162552,70,4
S00162553,80,4
S00162554,95,12
S00162555,59,5
S00162556,74,4
S00162557,97,-
S00162558,87,5
S00162559,69,2
S00162560,95,4
S00162561,75,2
S00162562,105,4
S00162563,81,4
S00162564,88,6
S00162565,81,3
S00162566,89,7
S00162567,80,5
S00162568,64,2
S00162569,127,5
S00162570,98,6
S00162571,165,6
S00162572,126,10
S00162573,114,5
S00162574,86,4
S00162575,48,4
S00162576,102,2
S00162577,88,4
S00162578,89,4
S00162579,70,2
S00162580,73,1
S00162581,79,-
S00162582,79,6
S00162583,88,2
S00162584,57,2
S00162585,113,3
S00162586,131,4
S00162587,54,-
S00162588,121,4
S00162589,55,3
S00162590,86,4
S00162591,146,6
S00162592,86,2
S00162593,73,1
S00162594,92,4
S00162595,70,4
S00162596,75,4
S00162597,57,-
S00162598,121,1
S00162599,135,3
S00162600,83,2
S00162601,110,4
S00162602,60,1
S00162603,66,3
S00162604,87,7
S00162605,82,2
S00162606,108,-
S00162607,91,6
S00162608,91,4
S00162609,65,5
S00162610,98,5
S00162611,96,-
S00162612,124,7
S00162613,146,1
S00162614,103,5
S00162615,111,3
S00162616,62,-
S00162617,69,7
S00162618,86,4
S00162619,107,1
S00162620,84,5
S00162621,114,6
S00162622,92,3
S00162623,65,2
S00162624,119,3
S00162625,60,2
S00162626,61,3
S00162627,60,1
S00162628,109,6
S00162629,92,6
S00162630,63,1
S00162631,91,2
S00162632,157,12
S00162633,139,6
S00162634,111,6
S00162635,109,5
S00162636,109,1
S00162637,78,1
S00162638,72,4
S00162639,76,3
S00162640,98,7
S00162641,97,2
S00162642,92,2
S00162643,109,5
S00162644,77,2
S00162645,60,-
S00162646,120,4
S00162647,136,5
S00162648,138,7
S00162649,65,3
S00162650,106,4
S00162651,119,-
S00162652,139,5
S00162653,99,2
S00162654,96,3
S00162655,92,6
S00162656,100,4
S00162657,151,7
S00162658,103,4
S00162659,110,6
S00162660,81,3
S00162661,165,4
S00162662,107,2
S00162663,113,7
S00162664,117,14
S00162665,72,4
S00162666,158,6
S00162667,154,8
S00162668,60,1
S00162669,88,8
S00162670,58,3
S00162671,75,3
S00162672,146,14
S00162673,65,2
S00162674,60,5
S00162675,90,3
S00162676,79,1
S00162677,59,5
S00162678,143,6
S00162679,114,5
S00162680,120,1
S00162681,141,4
S00162682,143,10
S00162683,108,6
S00162684,89,6
S00162685,125,6
S00162686,68,-
S00162687,53,2
S00162688,141,3
S00162689,71,2
S00162690,115,2
S00162691,79,1
S00162692,73,3
S00162693,110,3
S00162694,104,7
S00162695,86,1
S00162696,55,2
S00162697,97,7
S00162698,70,2
S00162699,68,2
S00162700,68,1
S00162701,77,5
S00162702,109,3
S00162703,85,1
S00162704,91,3
S00162705,120,6
S00162706,71,4
S00162707,117,6
S00162708,54,-
S00162709,76,8
S00162710,295,8
S00162711,86,1
S00162712,105,6
S00162713,106,-
S00162714,70,7
S00162715,102,7
S00162716,61,5
S00162717,71,3
S00162718,97,3
S00162719,91,4
S00162720,141,6
S00162721,73,1
S00162722,72,5
S00162723,127,5
S00162724,89,4
S00162725,161,3
S00162726,74,1
S00162727,72,-
S00162728,60,4
S00162729,136,6
S00162730,53,-
S00162731,134,8
S00162732,89,2
S00162733,76,2
S00162734,148,9
S00162735,158,2
S00162736,96,5
S00162737,64,3
S00162738,116,7
S00162739,101,5
S00162740,92,-
S00162741,76,-
S00162742,122,2
S00162743,122,1
S00162744,84,6
S00162745,74,2
S00162746,58,-
S00162747,114,6
S00162748,120,3
S00162749,88,3
S00162750,65,1
S00162751,52,4
S00162752,71,4
S00162753,78,-
S00162754,98,2
S00162755,102,3
S00162756,135,2
S00162757,142,2
S00162758,110,5
S00162759,128,10
S00162760,66,2
S00162761,83,4
S00162762,86,4
S00162763,129,5
S00162764,98,5
S00162765,89,2
S00162766,65,2
S00162767,66,1
S00162768,99,4
S00162769,108,2
S00162770,83,1
S00162771,106,5
S00162772,69,1
S00162773,73,1
S00162774,106,5
S00162775,116,-
S00162776,77,4
S00162777,122,2
S00162778,132,7
S00162779,104,3
S00162780,83,4
S00162781,130,3
S00162782,104,5
S00162783,113,3
S00162784,82,6
S00162785,67,1
S00162786,54,1
S00162787,75,1
S00162788,146,6
S00162789,56,1
S00162790,50,1
S00162791,76,1
S00162792,114,7
S00162793,72,6
S00162794,105,3
S00162795,113,-
S00162796,103,3
S00162797,72,2
S00162798,91,1
S00162799,107,3
S00162800,98,2
S00162801,143,9
S00162802,122,5
S00162803,150,5
S00162804,59,-
S00162805,67,4
S00162806,67,1
S00162807,121,1
S00162808,113,-
S00162809,59,-
S00162810,102,2
S00162811,111,4
S00162812,87,3
S00162813,158,9
S00162814,74,1
S00162815,84,2
S00162816,152,4
S00162817,115,3
S00162818,55,5
S00162819,91,3
S00162820,61,3
S00162821,89,2
S00162822,123,-
S00162823,86,2
S00162824,95,-
S00162825,89,3
S00162826,143,6
S00162827,78,3
S00162828,64,8
S00162829,77,3
S00162830,92,3
S00162831,83,4
S00162832,91,6
S00162833,85,1
S00162834,85,3
S00162835,70,3
S00162836,141,5
S00162837,52,4
S00162838,108,5
S00162839,92,-
S00162840,87,4
S00162841,88,9
S00162842,100,5
S00162843,139,5
S00162844,93,2
S00162845,108,3
S00162846,68,2
S00162847,95,5
S00162848,113,6
S00162849,65,4
S00162850,84,1
S00162851,144,4
S00162852,90,8
S00162853,122,5
S00162854,114,13
S00162855,72,1
S00162856,83,6
S00162857,81,13
S00162858,117,7
S00162859,77,6
S00162860,89,8
S00162861,73,-
S00162862,68,2
S00162863,88,1
S00162864,81,1
S00162865,92,3
S00162866,154,11
S00162867,102,4
S00162868,112,7
S00162869,134,13
S00162870,57,1
S00162871,84,6
S00162872,133,10
S00162873,123,8
S00162874,83,5
S00162875,139,8
S00162876,75,2
S00162877,112,6
S00162878,140,3
S00162879,62,-
S00162880,74,2
S00162881,75,2
S00162882,80,6
S00162883,66,1
S00162884,96,2
S00162885,64,-
S00162886,137,6
S00162887,87,4
S00162888,72,4
S00162889,130,8
S00162890,108,3
S00162891,59,6
S00162892,100,7
S00162893,80,5
S00162894,132,9
S00162895,142,4
S00162896,96,10
S00162897,90,3
S00162898,122,2
S00162899,140,3
S00162900,69,1
S00162901,65,-
S00162902,98,4
S00162903,72,1
S00162904,151,11
S00162905,94,1
S00162906,79,3
S00162907,79,4
S00162908,65,-
S00162909,104,3
S00162910,80,1
S00162911,49,1
S00162912,61,7
S00162913,119,6
S00162914,61,1
S00162915,65,-
S00162916,90,3
S00162917,57,2
S00162918,90,5
S00162919,97,6
S00162920,84,4
S00162921,169,5
S00162922,116,2
S00162923,140,7
S00162924,160,8
S00162925,90,2
S00162926,136,8
S00162927,154,3
S00162928,104,4
S00162929,135,1
S00162930,69,-
S00162931,113,3
S00162932,78,4
S00162933,89,4
S00162934,126,9
S00162935,82,3
S00162936,78,-
S00162937,86,3
S00162938,73,-
S00162939,65,3
S00162940,55,6
S00162941,131,2
S00162942,78,4
S00162943,91,2
S00162944,91,2
S00162945,152,4
S00162946,162,4
S00162947,73,-
S00162948,71,4
S00162949,109,3
S00162950,126,4
S00162951,95,6
S00162952,55,1
S00162953,63,4
S00162954,100,1
S00162955,107,12
S00162956,138,2
S00162957,66,2
S00162958,147,5
S00162959,58,1
S00162960,70,1
S00162961,73,5
S00162962,59,-
S00162963,107,1
S00162964,61,-
S00162965,77,2
S00162966,118,6
S00162967,61,1
S00162968,134,10
S00162969,97,5
S00162970,65,3
S00162971,100,1
S00162972,98,-
S00162973,113,2
S00162974,91,5
S00162975,58,3
S00162976,77,4
S00162977,111,2
S00162978,93,6
S00162979,66,2
S00162980,169,7
S00162981,117,3
S00162982,67,2
S00162983,95,3
S00162984,88,2
S00162985,74,5
S00162986,105,3
S00162987,131,5
S00162988,81,2
S00162989,101,2
S00162990,114,2
S00162991,94,3
S00162992,64,-
S00162993,99,5
S00162994,91,2
S00162995,91,2
S00162996,100,5
S00162997,96,4
S00162998,148,6
S00162999,166,5
S00163000,65,2
S00163001,95,5
S00163002,59,2
S00163003,89,3
S00163004,85,4
S00163005,115,2
S00163006,84,2
S00163007,66,1
S00163008,150,9
S00163009,115,8
S00163010,153,10
S00163011,162,4
S00163012,131,7
S00163013,167,3
S00163014,140,3
S00163015,56,2
S00163016,114,5
S00163017,61,4
S00163018,116,3
S00163019,153,12
S00163020,114,6
S00163021,111,3
S00163022,61,2
S00163023,63,1
S00163024,149,4
S00163025,117,-
S00163026,98,4
S00163027,105,6
S00163028,81,-
S00163029,81,-
S00163030,127,2
S00163031,63,3
S00163032,85,2
S00163033,71,4
S00163034,75,6
S00163035,105,-
S00163036,118,8
S00163037,160,6
S00163038,100,1
S00163039,88,2
S00163040,84,-
S00163041,83,1
S00163042,109,4
S00163043,102,-
S00163044,88,2
S00163045,115,8
S00163046,91,1
S00163047,141,11
S00163048,89,-
S00163049,51,3
S00163050,90,4
S00163051,104,1
S00163052,137,2
S00163053,91,4
S00163054,115,17
S00163055,98,9
S00163056,162,6
S00163057,89,4
S00163058,98,2
S00163059,96,7
S00163060,90,3
S00163061,129,8
S00163062,81,4
S00163063,101,6
S00163064,79,5
S00163065,106,2
S00163066,45,-
S00163067,92,7
S00163068,101,3
S00163069,92,2
S00163070,68,4
S00163071,84,5
S00163072,87,2
S00163073,78,7
S00163074,91,10
S00163075,126,14
S00163076,61,1
S00163077,60,3
S00163078,69,-
S00163079,108,5
S00163080,65,-
S00163081,85,3
S00163082,70,6
S00163083,135,15
S00163084,102,1
S00163085,140,5
S00163086,83,1
S00163087,117,6
S00163088,80,5
S00163089,88,2
S00163090,60,-
S00163091,87,4
S00163092,143,4
S00163093,117,2
S00163094,55,-
S00163095,83,4
S00163096,133,4
S00163097,97,4
S00163098,108,5
S00163099,77,-
S00163100,156,7
S00163101,122,3
S00163102,152,1
S00163103,157,8
S00163104,58,3
S00163105,100,5
S00163106,61,-
S00163107,76,1
S00163108,155,10
S00163109,73,1
S00163110,100,2
S00163111,91,6
S00163112,123,10
S00163113,127,6
S00163114,56,1
S00163115,112,1
S00163116,102,4
S00163117,57,-
S00163118,107,8
S00163119,86,1
S00163120,120,7
S00163121,75,-
S00163122,68,1
S00163123,108,6
S00163124,117,3
S00163125,98,3
S00163126,74,1
S00163127,104,3
S00163128,75,1
S00163129,114,1
S00163130,98,3
S00163131,68,2
S00163132,121,6
S00163133,96,3
S00163134,91,4
S00163135,56,2
S00163136,78,3
S00163137,111,2
S00163138,108,1
S00163139,94,1
S00163140,96,1
S00163141,117,2
S00163142,78,4
S00163143,69,2
S00163144,62,-
S00163145,61,6
S00163146,166,10
S00163147,110,5
S00163148,121,2
S00163149,103,1
S00163150,112,4
S00163151,54,-
S00163152,110,8
S00163153,130,8
S00163154,125,7
S00163155,62,-
S00163156,68,5
S00163157,105,4
S00163158,97,5
S00163159,114,4
S00163160,106,1
S00163161,133,6
S00163162,96,10
S00163163,55,1
S00163164,141,2
S00163165,76,8
S00163166,78,-
S00163167,68,-
S00163168,97,2
S00163169,61,1
S00163170,72,4
S00163171,133,4
S00163172,71,6
S00163173,132,4
S00163174,66,5
S00163175,105,3
S00163176,74,5
S00163177,186,1
S00163178,83,3
S00163179,100,9
S00163180,86,1
S00163181,112,4
S00163182,102,4
S00163183,135,2
S00163184,124,4
S00163185,113,4
S00163186,70,5
S00163187,117,6
S00163188,104,8
S00163189,65,1
S00163190,80,5
S00163191,104,5
S00163192,57,4
S00163193,79,2
S00163194,102,2
S00163195,63,2
S00163196,113,5
S00163197,81,-
S00163198,112,2
S00163199,85,3
S00163200,57,2
S00163201,98,3
S00163202,99,5
S00163203,64,7
S00163204,90,8
S00163205,99,2
S00163206,135,6
S00163207,103,7
S00163208,90,5
S00163209,107,5
S00163210,64,2
S00163211,56,3
S00163212,111,2
S00163213,94,6
S00163214,114,4
S00163215,89,5
S00163216,83,-
S00163217,71,3
S00163218,75,6
S00163219,110,3
S00163220,731,494
S00163221,70,3
S00163222,113,-
S00163223,72,1
S00163224,84,1
S00163225,129,3
S00163226,82,3
S00163227,66,3
S00163228,116,6
S00163229,85,4
S00163230,73,5
S00163231,104,3
S00163232,107,6
S00163233,93,3
S00163234,85,3
S00163235,114,7
S00163236,58,-
S00163237,84,5
S00163238,89,6
S00163239,76,8
S00163240,65,4
S00163241,67,3
S00163242,94,2
S00163243,93,4
S00163244,130,11
S00163245,75,8
S00163246,83,4
S00163247,71,5
S00163248,95,5
S00163249,94,8
S00163250,77,4
S00163251,71,6
S00163252,69,6
S00163253,64,-
S00163254,69,3
S00163255,72,-
S00163256,81,1
S00163257,105,4
S00163258,88,6
S00163259,70,3
S00163260,225,5
S00163261,63,3
S00163262,88,4
S00163263,99,2
S00163264,61,-
S00163265,74,7
S00163266,108,6
S00163267,100,6
S00163268,76,5
S00163269,54,-
S00163270,99,12
S00163271,114,8
S00163272,89,6
S00163273,83,8
S00163274,136,10
S00163275,108,3
S00163276,61,-
S00163277,63,-
S00163278,154,5
S00163279,128,19
S00163280,83,10
S00163281,71,2
S00163282,102,7
S00163283,72,3
S00163284,120,2
S00163285,82,4
S00163286,77,5
S00163287,82,5
S00163288,110,7
S00163289,65,2
S00163290,108,5
S00163291,93,5
S00163292,123,2
S00163293,121,8
S00163294,93,5
S00163295,64,3
S00163296,90,3
S00163297,70,1
S00163298,78,3
S00163299,76,3
S00163300,57,1
S00163301,85,8
S00163302,87,4
S00163303,102,6
S00163304,61,3
S00163305,121,4
S00163306,70,5
S00163307,104,4
S00163308,78,4
S00163309,88,6
S00163310,111,3
S00163311,120,8
S00163312,106,3
S00163313,79,1
S00163314,178,3
S00163315,125,4
S00163316,116,9
S00163317,159,5
S00163318,69,4
S00163319,101,4
S00163320,108,12
S00163321,119,8
S00163322,98,7
S00163323,122,6
S00163324,125,4
S00163325,69,2
S00163326,82,-
S00163327,114,11
S00163328,101,5
S00163329,58,2
S00163330,141,4
S00163331,112,2
S00163332,86,6
S00163333,62,4
S00163334,45,1
S00163335,87,4
S00163336,77,1
S00163337,125,9
S00163338,73,6
S00163339,149,3
S00163340,129,3
S00163341,65,3
S00163342,70,4
S00163343,117,7
S00163344,85,4
S00163345,113,-
S00163346,98,1
S00163347,104,7
S00163348,155,7
S00163349,77,3
S00163350,84,5
S00163351,61,2
S00163352,76,1
S00163353,91,1
S00163354,75,6
S00163355,64,5
S00163356,76,1
S00163357,84,4
S00163358,84,7
S00163359,103,1
S00163360,89,2
S00163361,65,3
S00163362,64,4
S00163363,161,7
S00163364,116,-
S00163365,125,6
S00163366,99,8
S00163367,102,1
S00163368,86,2
S00163369,179,6
S00163370,122,8
S00163371,110,5
S00163372,117,3
S00163373,80,3
S00163374,80,1
S00163375,117,6
S00163376,73,4
S00163377,69,2
S00163378,45,-
S00163379,80,3
S00163380,128,8
S00163381,95,4
S00163382,78,1
S00163383,95,3
S00163384,111,11
S00163385,77,3
S00163386,74,5
S00163387,68,4
S00163388,102,8
S00163389,72,3
S00163390,120,1
S00163391,76,3
S00163392,148,5
S00163393,82,5
S00163394,108,9
S00163395,116,4
S00163396,113,3
S00163397,132,15
S00163398,80,4
S00163399,86,5
S00163400,132,6
S00163401,81,1
S00163402,89,2
S00163403,83,3
S00163404,101,3
S00163405,77,5
S00163406,65,4
S00163407,146,14
S00163408,117,13
S00163409,109,2
S00163410,77,6
S00163411,142,3
S00163412,104,5
S00163413,103,4
S00163414,93,3
S00163415,127,10
S00163416,62,3
S00163417,103,-
S00163418,131,3
S00163419,79,3
S00163420,113,5
S00163421,61,1
S00163422,73,3
S00163423,81,8
S00163424,131,11
S00163425,79,-
S00163426,76,-
S00163427,137,4
S00163428,104,4
S00163429,116,-
S00163430,61,1
S00163431,72,6
S00163432,79,-
S00163433,96,-
S00163434,110,6
S00163435,128,4
S00163436,77,2
S00163437,73,4
S00163438,126,8
S00163439,63,1
S00163440,112,7
S00163441,99,1
S00163442,129,9
S00163443,54,3
S00163444,89,3
S00163445,85,5
S00163446,118,6
S00163447,65,4
S00163448,121,11
S00163449,70,1
S00163450,73,6
S00163451,88,3
S00163452,108,8
S00163453,58,2
S00163454,54,1
S00163455,82,4
S00163456,54,4
S00163457,120,18
S00163458,74,2
S00163459,63,4
S00163460,71,-
S00163461,65,2
S00163462,80,1
S00163463,86,5
S00163464,69,1
S00163465,74,3
S00163466,105,2
S00163467,55,1
S00163468,92,5
S00163469,95,-
S00163470,143,7
S00163471,71,4
S00163472,89,8
S00163473,91,-
S00163474,67,-
S00163475,70,6
S00163476,94,2
S00163477,85,3
S00163478,107,3
S00163479,116,4
S00163480,93,6
S00163481,61,5
S00163482,100,4
S00163483,104,2
S00163484,98,-
S00163485,66,6
S00163486,93,2
S00163487,83,2
S00163488,82,1
S00163489,77,3
S00163490,117,6
S00163491,125,3
S00163492,101,2
S00163493,80,-
S00163494,61,2
S00163495,65,5
S00163496,100,1
S00163497,88,3
S00163498,67,3
S00163499,71,1
S00163500,68,1
S00163501,92,5
S00163502,120,5
S00163503,96,7
S00163504,92,4
S00163505,65,5
S00163506,73,4
S00163507,94,6
S00163508,99,4
S00163509,113,-
S00163510,104,1
S00163511,88,7
S00163512,88,4
S00163513,123,14
S00163514,64,3
S00163515,87,4
S00163516,60,2
S00163517,134,8
S00163518,74,1
S00163519,104,5
S00163520,70,5
S00163521,108,2
S00163522,100,3
S00163523,74,5
S00163524,82,4
S00163525,88,5
S00163526,131,6
S00163527,131,5
S00163528,111,4
S00163529,119,2
S00163530,65,4
S00163531,131,6
S00163532,123,5
S00163533,83,2
S00163534,66,3
S00163535,67,2
S00163536,116,1
S00163537,108,3
S00163538,75,3
S00163539,111,5
S00163540,59,6
S00163541,60,3
S00163542,73,5
S00163543,53,5
S00163544,105,4
S00163545,74,2
S00163546,108,8
S00163547,62,3
S00163548,134,3
S00163549,142,10
S00163550,112,9
S00163551,141,9
S00163552,71,6
S00163553,77,6
S00163554,64,2
S00163555,84,1
S00163556,78,7
S00163557,107,6
S00163558,73,4
S00163559,63,6
S00163560,80,5
S00163561,110,7
S00163562,57,3
S00163563,68,3
S00163564,59,2
S00163565,108,1
S00163566,80,2
S00163567,64,1
S00163568,130,9
S00163569,77,-
S00163570,103,8
S00163571,62,3
S00163572,128,6
S00163573,67,9
S00163574,80,4
S00163575,141,2
S00163576,61,1
S00163577,111,3
S00163578,101,5
S00163579,107,4
S00163580,77,4
S00163581,145,1
S00163582,77,3
S00163583,124,8
S00163584,117,4
S00163585,86,3
S00163586,87,5
S00163587,136,8
S00163588,85,7
S00163589,60,4
S00163590,109,12
S00163591,61,3
S00163592,91,7
S00163593,84,2
S00163594,67,5
S00163595,78,4
S00163596,71,3
S00163597,97,6
S00163598,100,6
S00163599,85,-
S00163600,77,5
S00163601,130,6
S00163602,83,-
S00163603,85,5
S00163604,87,1
S00163605,119,6
S00163606,97,4
S00163607,88,4
S00163608,57,4
S00163609,55,7
S00163610,115,3
S00163611,117,7
S00163612,83,-
S00163613,92,3
S00163614,147,3
S00163615,58,6
S00163616,71,4
S00163617,66,3
S00163618,84,3
S00163619,73,3
S00163620,119,11
S00163621,83,2
S00163622,134,7
S00163623,81,7
S00163624,79,6
S00163625,121,7
S00163626,129,3
S00163627,63,1
S00163628,95,6
S00163629,70,-
S00163630,114,4
S00163631,108,4
S00163632,136,9
S00163633,76,3
S00163634,111,5
S00163635,106,3
S00163636,137,9
S00163637,69,2
S00163638,103,7
S00163639,103,1
S00163640,91,5
S00163641,85,1
S00163642,100,3
S00163643,100,5
S00163644,76,1
S00163645,126,8
S00163646,77,5
S00163647,82,4
S00163648,146,2
S00163649,147,16
S00163650,97,5
S00163651,102,11
S00163652,66,9
S00163653,131,5
S00163654,128,6
S00163655,103,2
S00163656,63,3
S00163657,147,3
S00163658,94,5
S00163659,63,10
S00163660,70,5
S00163661,78,3
S00163662,70,4
S00163663,144,15
S00163664,141,8
S00163665,166,5
S00163666,122,3
S00163667,85,3
S00163668,98,9
S00163669,138,7
S00163670,153,9
S00163671,122,8
S00163672,56,2
S00163673,152,7
S00163674,125,13
S00163675,137,9
S00163676,124,12
S00163677,55,4
S00163678,141,5
S00163679,67,3
S00163680,80,2
S00163681,42,-
S00163682,103,3
S00163683,80,2
S00163684,100,3
S00163685,119,11
S00163686,87,4
S00163687,97,2
S00163688,85,3
S00163689,98,1
S00163690,92,1
S00163691,92,6
S00163692,157,6
S00163693,110,3
S00163694,64,-
S00163695,110,1
S00163696,145,4
S00163697,71,3
S00163698,89,1
S00163699,83,1
S00163700,93,-
S00163701,131,5
S00163702,160,9
S00163703,115,4
S00163704,143,7
S00163705,113,6
S00163706,160,13
S00163707,68,1
S00163708,113,12
S00163709,140,3
S00163710,103,2
S00163711,73,2
S00163712,57,-
S00163713,109,-
S00163714,66,3
S00163715,126,14
S00163716,91,2
S00163717,62,4
S00163718,110,25
S00163719,143,6
S00163720,90,7
S00163721,86,1
S00163722,119,1
S00163723,143,8
S00163724,90,6
S00163725,110,7
S00163726,62,3
S00163727,48,-
S00163728,63,2
S00163729,152,7
S00163730,132,1
S00163731,74,2
S00163732,120,6
S00163733,124,3
S00163734,150,6
S00163735,131,7
S00163736,121,1
S00163737,89,3
S00163738,83,4
S00163739,112,2
S00163740,113,4
S00163741,90,3
S00163742,83,2
S00163743,105,1
S00163744,135,6
S00163745,144,6
S00163746,56,4
S00163747,81,2
S00163748,62,-
S00163749,79,5
S00163750,89,4
S00163751,152,7
S00163752,104,7
S00163753,120,6
S00163754,148,7
S00163755,90,2
S00163756,76,3
S00163757,99,9
S00163758,113,1
S00163759,132,5
S00163760,128,4
S00163761,83,6
S00163762,94,3
S00163763,87,1
S00163764,114,2
S00163765,109,5
S00163766,64,2
S00163767,54,-
S00163768,68,4
S00163769,54,-
S00163770,94,2
S00163771,90,2
S00163772,74,2
S00163773,78,10
S00163774,84,1
S00163775,92,3
S00163776,123,5
S00163777,58,1
S00163778,102,5
S00163779,83,3
S00163780,90,3
S00163781,61,2
S00163782,91,3
S00163783,96,-
S00163784,69,1
S00163785,60,2
S00163786,123,9
S00163787,151,4
S00163788,101,3
S00163789,94,1
S00163790,88,-
S00163791,136,4
S00163792,130,4
S00163793,67,1
S00163794,97,5
S00163795,60,1
S00163796,118,3
S00163797,88,-
S00163798,126,6
S00163799,154,8
S00163800,99,1
S00163801,77,4
S00163802,97,2
S00163803,139,-
S00163804,127,2
S00163805,130,4
S00163806,122,5
S00163807,160,8
S00163808,100,1
S00163809,81,5
S00163810,105,3
S00163811,60,4
S00163812,114,3
S00163813,98,3
S00163814,70,2
S00163815,98,-
S00163816,103,5
S00163817,54,2
S00163818,85,2
S00163819,83,4
S00163820,91,5
S00163821,72,1
S00163822,73,2
S00163823,97,2
S00163824,81,1
S00163825,126,-
S00163826,66,7
S00163827,121,7
S00163828,108,2
S00163829,60,-
S00163830,60,2
S00163831,76,-
S00163832,74,3
S00163833,66,3
S00163834,63,2
S00163835,59,2
S00163836,102,1
S00163837,142,4
S00163838,96,6
S00163839,107,2
S00163840,87,-
S00163841,137,3
S00163842,83,6
S00163843,94,1
S00163844,93,2
S00163845,126,5
S00163846,62,3
S00163847,61,2
S00163848,83,6
S00163849,100,1
S00163850,93,5
S00163851,89,6
S00163852,88,5
S00163853,67,7
S00163854,128,3
S00163855,97,6
S00163856,140,2
S00163857,67,1
S00163858,57,1
S00163859,122,4
S00163860,60,3
S00163861,117,1
S00163862,109,4
S00163863,90,-
S00163864,125,6
S00163865,116,8
S00163866,70,4
S00163867,59,3
S00163868,57,-
S00163869,124,3
S00163870,80,3
S00163871,62,2
S00163872,151,7
S00163873,121,3
S00163874,106,1
S00163875,123,5
S00163876,48,5
S00163877,115,1
S00163878,86,1
S00163879,55,-
S00163880,58,3
S00163881,124,9
S00163882,89,6
S00163883,84,2
S00163884,91,2
S00163885,147,51
S00163886,57,2
S00163887,110,4
S00163888,57,1
S00163889,61,7
S00163890,152,4
S00163891,138,2
S00163892,77,4
S00163893,79,3
S00163894,102,5
S00163895,118,3
S00163896,133,3
S00163897,121,4
S00163898,102,5
S00163899,124,5
S00163900,110,4
S00163901,83,4
S00163902,123,5
S00163903,72,2
S00163904,120,8
S00163905,65,-
S00163906,82,6
S00163907,100,7
S00163908,114,-
S00163909,100,2
S00163910,142,4
S00163911,51,-
S00163912,82,8
S00163913,112,-
S00163914,87,5
S00163915,112,4
S00163916,77,3
S00163917,123,5
S00163918,52,-
S00163919,85,-
S00163920,79,-
S00163921,128,6
S00163922,110,1
S00163923,71,-
S00163924,90,4
S00163925,114,8
S00163926,66,1
S00163927,129,3
S00163928,103,5
S00163929,76,-
S00163930,71,2
S00163931,61,2
S00163932,111,5
S00163933,101,1
S00163934,68,2
S00163935,163,6
S00163936,71,1
S00163937,96,3
S00163938,101,3
S00163939,109,2
S00163940,125,1
S00163941,121,3
S00163942,175,8
S00163943,67,1
S00163944,143,6
S00163945,65,-
S00163946,133,6
S00163947,153,7
S00163948,173,10
S00163949,121,6
S00163950,108,4
S00163951,143,9
S00163952,70,-
S00163953,102,3
S00163954,117,9
S00163955,110,1
S00163956,103,3
S00163957,159,9
S00163958,86,6
S00163959,173,10
S00163960,100,4
S00163961,83,7
S00163962,91,3
S00163963,134,5
S00163964,97,6
S00163965,153,2
S00163966,57,1
S00163967,85,6
S00163968,116,7
S00163969,99,6
S00163970,68,3
S00163971,69,3
S00163972,96,10
S00163973,68,2
S00163974,88,3
S00163975,70,5
S00163976,102,4
S00163977,95,4
S00163978,83,5
S00163979,112,7
S00163980,105,5
S00163981,66,1
S00163982,58,5
S00163983,74,4
S00163984,106,5
S00163985,98,3
S00163986,94,5
S00163987,86,4
S00163988,126,4
S00163989,59,2
S00163990,93,2
S00163991,156,-
S00163992,68,5
S00163993,86,3
S00163994,84,-
S00163995,89,6
S00163996,86,4
S00163997,106,2
S00163998,97,2
S00163999,114,5
S00164000,92,3
S00164001,106,4
S00164002,243,171
S00164003,154,11
S00164004,64,4
S00164005,77,4
S00164006,60,1
S00164007,106,7
S00164008,138,38
S00164009,108,1
S00164010,88,6
S00164011,138,8
S00164012,116,5
S00164013,106,-
S00164014,59,4
S00164015,68,4
S00164016,89,5
S00164017,77,11
S00164018,110,7
S00164019,87,4
S00164020,103,6
S00164021,95,5
S00164022,90,2
S00164023,93,6
S00164024,52,3
S00164025,96,7
S00164026,94,3
S00164027,99,4
S00164028,70,2
S00164029,83,4
S00164030,82,4
S00164031,75,1
S00164032,136,5
S00164033,80,6
S00164034,67,4
S00164035,87,3
S00164036,65,12
S00164037,81,2
S00164038,99,6
S00164039,125,6
S00164040,85,9
S00164041,104,3
S00164042,84,7
S00164043,86,4
S00164044,140,13
S00164045,94,2
S00164046,91,4
S00164047,148,2
S00164048,95,1
S00164049,76,3
S00164050,98,4
S00164051,72,2
S00164052,129,2
S00164053,154,7
S00164054,106,7
S00164055,168,6
S00164056,153,7
S00164057,73,3
S00164058,54,3
S00164059,126,8
S00164060,63,4
S00164061,107,5
S00164062,74,1
S00164063,84,1
S00164064,87,4
S00164065,87,2
S00164066,61,-
S00164067,64,4
S00164068,74,-
S00164069,70,4
S00164070,72,1
S00164071,77,3
S00164072,167,15
S00164073,73,3
S00164074,90,6
S00164075,159,5
S00164076,104,5
S00164077,167,5
S00164078,114,7
S00164079,86,2
S00164080,110,1
S00164081,118,9
S00164082,84,2
S00164083,99,5
S00164084,57,3
S00164085,103,4
S00164086,126,2
S00164087,57,1
S00164088,85,3
S00164089,94,-
S00164090,89,3
S00164091,116,5
S00164092,70,1
S00164093,77,5
S00164094,131,6
S00164095,143,5
S00164096,107,11
S00164097,63,-
S00164098,86,4
S00164099,71,3
S00164100,80,3
S00164101,103,3
S00164102,117,3
S00164103,114,4
S00164104,78,3
S00164105,82,4
S00164106,97,1
S00164107,63,1
S00164108,53,-
S00164109,92,4
S00164110,70,5
S00164111,94,3
S00164112,77,3
S00164113,112,4
S00164114,88,5
S00164115,112,10
S00164116,111,10
S00164117,112,7
S00164118,58,1
S00164119,64,2
S00164120,73,3
S00164121,101,9
S00164122,120,4
S00164123,73,3
S00164124,99,5
S00164125,101,1
S00164126,52,1
S00164127,91,6
S00164128,101,-
S00164129,72,4
S00164130,89,5
S00164131,63,6
S00164132,75,2
S00164133,78,10
S00164134,99,3
S00164135,104,9
S00164136,172,10
S00164137,84,1
S00164138,91,9
S00164139,137,6
S00164140,112,8
S00164141,107,5
S00164142,85,4
S00164143,76,4
S00164144,60,-
S00164145,75,-
S00164146,88,3
S00164147,94,5
S00164148,119,3
S00164149,54,4
S00164150,106,1
S00164151,108,-
S00164152,90,3
S00164153,65,-
S00164154,54,2
S00164155,112,7
S00164156,79,5
S00164157,98,4
S00164158,88,4
S00164159,95,2
S00164160,117,7
S00164161,99,3
S00164162,121,9
S00164163,56,-
S00164164,63,2
S00164165,120,12
S00164166,102,10
S00164167,114,11
S00164168,97,7
S00164169,89,8
S00164170,84,2
S00164171,103,8
S00164172,71,2
S00164173,180,18
S00164174,134,6
S00164175,63,3
S00164176,88,10
S00164177,115,9
S00164178,78,7
S00164179,92,7
S00164180,103,5
S00164181,87,5
S00164182,61,4
S00164183,175,8
S00164184,86,6
S00164185,113,6
S00164186,120,8
S00164187,100,6
S00164188,67,3
S00164189,150,11
S00164190,101,7
S00164191,69,5
S00164192,75,4
S00164193,66,2
S00164194,83,3
S00164195,76,10
S00164196,105,14
S00164197,94,4
S00164198,80,6
S00164199,130,8
S00164200,130,4
S00164201,123,5
S00164202,76,2
S00164203,134,14
S00164204,71,4
S00164205,85,3
S00164206,127,6
S00164207,77,4
S00164208,103,5
S00164209,100,6
S00164210,97,7
S00164211,89,8
S00164212,81,3
S00164213,83,2
S00164214,107,9
S00164215,78,4
S00164216,96,7
S00164217,116,3
S00164218,107,11
S00164219,129,14
S00164220,127,10
S00164221,94,5
S00164222,150,13
S00164223,122,8
S00164224,76,5
S00164225,71,4
S00164226,111,5
S00164227,100,4
S00164228,90,4
S00164229,115,10
S00164230,126,8
S00164231,63,6
S00164232,134,18
S00164233,76,3
S00164234,75,1
S00164235,63,5
S00164236,105,10
S00164237,70,6
S00164238,135,10
S00164239,94,3
S00164240,119,7
S00164241,138,4
S00164242,68,6
S00164243,69,2
S00164244,60,5
S00164245,66,9
S00164246,56,3
S00164247,103,5
S00164248,99,7
S00164249,127,8
S00164250,60,10
S00164251,54,3
S00164252,118,5
S00164253,72,-
S00164254,88,3
S00164255,126,3
S00164256,103,7
S00164257,93,6
S00164258,121,3
S00164259,76,4
S00164260,68,5
S00164261,98,2
S00164262,72,-
S00164263,153,7
S00164264,86,10
S00164265,87,8
S00164266,71,5
S00164267,90,11
S00164268,55,6
S00164269,77,5
S00164270,57,5
S00164271,116,6
S00164272,96,2
S00164273,110,8
S00164274,78,6
S00164275,56,4
S00164276,85,12
S00164277,86,9
S00164278,81,4
S00164279,105,7
S00164280,114,11
S00164281,166,11
S00164282,71,4
S00164283,114,-
S00164284,91,3
S00164285,116,8
S00164286,82,5
S00164287,91,8
S00164288,84,7
S00164289,182,13
S00164290,78,4
S00164291,85,7
S00164292,109,5
S00164293,132,17
S00164294,76,3
S00164295,94,6
S00164296,101,5
S00164297,84,4
S00164298,86,4
S00164299,60,8
S00164300,82,6
S00164301,188,24
S00164302,84,6
S00164303,79,8
S00164304,75,5
S00164305,97,7
S00164306,79,2
S00164307,91,1
S00164308,157,12
S00164309,123,10
S00164310,109,9
S00164311,95,4
S00164312,109,4
S00164313,99,1
S00164314,89,8
S00164315,59,8
S00164316,97,6
S00164317,123,13
S00164318,64,8
S00164319,69,6
S00164320,81,8
S00164321,86,7
S00164322,148,9
S00164323,114,5
S00164324,116,10
S00164325,75,-
S00164326,96,8
S00164327,91,6
S00164328,67,6
S00164329,84,5
S00164330,51,2
S00164331,83,2
S00164332,84,4
S00164333,91,9
S00164334,65,9
S00164335,63,4
S00164336,101,13
S00164337,71,4
S00164338,54,2
S00164339,145,7
S00164340,67,7
S00164341,108,9
S00164342,81,9
S00164343,86,6
S00164344,71,2
S00164345,81,8
S00164346,121,4
S00164347,110,8
S00164348,104,-
S00164349,94,5
S00164350,83,1
S00164351,81,9
S00164352,130,12
S00164353,97,8
S00164354,124,10
S00164355,75,-
S00164356,91,7
S00164357,95,3
S00164358,70,5
S00164359,79,11
S00164360,75,4
S00164361,130,11
S00164362,65,5
S00164363,57,5
S00164364,112,2
S00164365,100,13
S00164366,89,6
S00164367,97,10
S00164368,60,4
S00164369,71,6
S00164370,100,3
S00164371,107,1
S00164372,73,4
S00164373,122,6
S00164374,75,7
S00164375,88,12
S00164376,137,10
S00164377,104,10
S00164378,64,5
S00164379,51,4
S00164380,75,3
S00164381,104,2
S00164382,85,1
S00164383,58,2
S00164384,80,3
S00164385,111,7
S00164386,120,12
S00164387,123,18
S00164388,90,6
S00164389,105,6
S00164390,70,4
S00164391,73,5
S00164392,114,9
S00164393,211,3
S00164394,142,11
S00164395,111,3
S00164396,90,-
S00164397,98,7
S00164398,90,7
S00164399,78,4
S00164400,89,3
S00164401,63,4
S00164402,105,4
S00164403,87,4
S00164404,117,5
S00164405,140,9
S00164406,84,8
S00164407,118,14
S00164408,103,9
S00164409,73,7
S00164410,168,4
S00164411,83,6
S00164412,105,8
S00164413,53,1
S00164414,92,5
S00164415,82,3
S00164416,75,4
S00164417,79,6
S00164418,67,-
S00164419,109,8
S00164420,109,5
S00164421,105,8
S00164422,115,13
S00164423,117,5
S00164424,91,8
S00164425,75,6
S00164426,90,9
S00164427,78,5
S00164428,97,8
S00164429,74,3
S00164430,54,3
S00164431,72,3
S00164432,104,2
S00164433,112,11
S00164434,88,-
S00164435,78,4
S00164436,130,4
S00164437,88,4
S00164438,72,6
S00164439,73,5
S00164440,110,10
S00164441,70,3
S00164442,99,15
S00164443,115,4
S00164444,92,7
S00164445,88,7
S00164446,102,-
S00164447,80,9
S00164448,60,3
S00164449,90,5
S00164450,104,5
S00164451,108,8
S00164452,124,10
S00164453,80,5
S00164454,207,12
S00164455,107,15
S00164456,67,11
S00164457,69,2
S00164458,83,6
S00164459,88,4
S00164460,93,5
S00164461,76,1
S00164462,175,14
S00164463,135,4
S00164464,86,3
S00164465,182,12
S00164466,93,11
S00164467,65,4
S00164468,83,4
S00164469,106,11
S00164470,80,10
S00164471,115,13
S00164472,109,4
S00164473,100,9
S00164474,106,6
S00164475,145,11
S00164476,94,8
S00164477,77,6
S00164478,75,11
S00164479,89,4
S00164480,140,3
S00164481,145,13
S00164482,97,11
S00164483,99,2
S00164484,58,5
S00164485,138,7
S00164486,106,3
S00164487,124,12
S00164488,139,7
S00164489,63,5
S00164490,116,8
S00164491,110,7
S00164492,83,1
S00164493,84,14
S00164494,107,11
S00164495,102,11
S00164496,120,4
S00164497,132,6
S00164498,51,2
S00164499,82,2
S00164500,56,-
S00164501,152,8
S00164502,82,2
S00164503,94,2
S00164504,120,8
S00164505,50,10
S00164506,68,4
S00164507,129,5
S00164508,108,9
S00164509,154,20
S00164510,80,3
S00164511,98,-
S00164512,66,3
S00164513,144,11
S00164514,86,5
S00164515,102,9
S00164516,60,6
S00164517,96,9
S00164518,61,4
S00164519,107,5
S00164520,112,7
S00164521,126,3
S00164522,123,10
S00164523,58,5
S00164524,125,9
S00164525,57,4
S00164526,66,6
S00164527,93,11
S00164528,115,6
S00164529,118,7
S00164530,69,6
S00164531,94,4
S00164532,127,14
S00164533,101,7
S00164534,78,4
S00164535,123,6
S00164536,133,6
S00164537,90,10
S00164538,133,9
S00164539,137,11
S00164540,134,19
S00164541,124,7
S00164542,63,2
S00164543,55,2
S00164544,115,9
S00164545,47,2
S00164546,93,5
S00164547,73,7
S00164548,84,3
S00164549,92,2
S00164550,109,11
S00164551,119,21
S00164552,93,2
S00164553,83,1
S00164554,122,8
S00164555,98,5
S00164556,55,1
S00164557,127,11
S00164558,87,8
S00164559,98,13
S00164560,67,10
S00164561,118,8
S00164562,53,4
S00164563,114,4
S00164564,73,2
S00164565,75,7
S00164566,74,2
S00164567,69,9
S00164568,64,6
S00164569,93,9
S00164570,83,2
S00164571,64,8
S00164572,114,8
S00164573,70,2
S00164574,109,21
S00164575,116,8
S00164576,139,10
S00164577,67,4
S00164578,132,17
S00164579,72,5
S00164580,66,4
S00164581,126,8
S00164582,77,5
S00164583,82,2
S00164584,81,8
S00164585,61,3
S00164586,134,10
S00164587,80,8
S00164588,108,10
S00164589,60,-
S00164590,139,4
S00164591,62,2
S00164592,65,-
S00164593,90,10
S00164594,87,5
S00164595,126,10
S00164596,117,13
S00164597,119,6
S00164598,94,2
S00164599,58,5
S00164600,110,6
S00164601,94,4
S00164602,78,6
S00164603,79,4
S00164604,48,1
S00164605,66,4
S00164606,102,2
S00164607,60,6
S00164608,100,2
S00164609,113,7
S00164610,96,3
S00164611,65,3
S00164612,85,6
S00164613,92,3
S00164614,77,3
S00164615,134,12
S00164616,91,5
S00164617,88,10
S00164618,135,7
S00164619,79,7
S00164620,73,4
S00164621,81,7
S00164622,73,2
S00164623,56,1
S00164624,130,4
S00164625,81,8
S00164626,71,-
S00164627,108,9
S00164628,119,6
S00164629,159,9
S00164630,89,8
S00164631,137,4
S00164632,73,8
S00164633,115,4
S00164634,123,9
S00164635,105,6
S00164636,71,8
S00164637,98,10
S00164638,110,3
S00164639,108,9
S00164640,112,7
S00164641,90,5
S00164642,99,2
S00164643,71,5
S00164644,61,1
S00164645,65,6
S00164646,106,4
S00164647,111,10
S00164648,91,9
S00164649,139,16
S00164650,154,20
S00164651,93,8
S00164652,114,13
S00164653,106,8
S00164654,89,5
S00164655,96,7
S00164656,118,8
S00164657,83,2
S00164658,86,13
S00164659,101,7
S00164660,111,8
S00164661,135,4
S00164662,84,8
S00164663,73,5
S00164664,88,9
S00164665,60,1
S00164666,117,2
S00164667,83,8
S00164668,89,10
S00164669,49,1
S00164670,95,4
S00164671,121,8
S00164672,111,14
S00164673,125,3
S00164674,64,4
S00164675,80,-
S00164676,93,7
S00164677,64,5
S00164678,88,6
S00164679,93,16
S00164680,101,10
S00164681,101,12
S00164682,139,10
S00164683,56,2
S00164684,72,7
S00164685,65,12
S00164686,64,8
S00164687,53,5
S00164688,124,8
S00164689,94,10
S00164690,57,1
S00164691,71,5
S00164692,83,5
S00164693,73,7
S00164694,84,10
S00164695,159,15
S00164696,141,15
S00164697,57,6
S00164698,57,5
S00164699,83,-
S00164700,80,9
S00164701,131,2
S00164702,141,7
S00164703,103,4
S00164704,86,1
S00164705,78,1
S00164706,102,-
S00164707,74,4
S00164708,121,5
S00164709,88,4
S00164710,84,3
S00164711,87,8
S00164712,134,2
S00164713,55,-
S00164714,113,7
S00164715,77,8
S00164716,65,6
S00164717,88,11
S00164718,192,14
S00164719,54,3
S00164720,131,12
S00164721,109,13
S00164722,97,10
S00164723,86,12
S00164724,129,16
S00164725,110,5
S00164726,121,-
S00164727,172,20
S00164728,109,8
S00164729,113,11
S00164730,101,4
S00164731,151,13
S00164732,137,9
S00164733,120,6
S00164734,83,2
S00164735,53,4
S00164736,110,14
S00164737,113,10
S00164738,78,4
S00164739,123,5
S00164740,54,1
S00164741,92,6
S00164742,131,11
S00164743,148,8
S00164744,159,7
S00164745,85,3
S00164746,125,5
S00164747,97,12
S00164748,91,5
S00164749,90,3
S00164750,100,5
S00164751,141,5
S00164752,60,6
S00164753,73,2
S00164754,69,1
S00164755,110,6
S00164756,115,9
S00164757,131,6
S00164758,56,6
S00164759,169,7
S00164760,82,3
S00164761,72,1
S00164762,55,3
S00164763,98,14
S00164764,69,-
S00164765,84,7
S00164766,73,6
S00164767,114,5
S00164768,89,5
S00164769,74,2
S00164770,116,7
S00164771,130,8
S00164772,80,4
S00164773,94,5
S00164774,123,4
S00164775,95,7
S00164776,67,-
S00164777,79,7
S00164778,117,6
S00164779,89,2
S00164780,130,8
S00164781,123,11
S00164782,100,3
S00164783,112,8
S00164784,78,1
S00164785,112,2
S00164786,171,11
S00164787,83,3
S00164788,64,4
S00164789,107,5
S00164790,70,5
S00164791,152,10
S00164792,72,-
S00164793,101,8
S00164794,77,3
S00164795,99,4
S00164796,94,2
S00164797,63,2
S00164798,100,3
S00164799,132,9
S00164800,119,2
S00164801,92,1
S00164802,138,11
S00164803,85,1
S00164804,89,6
S00164805,111,6
S00164806,60,1
S00164807,114,4
S00164808,85,2
S00164809,84,4
S00164810,130,6
S00164811,96,2
S00164812,106,4
S00164813,162,6
S00164814,127,3
S00164815,127,7
S00164816,84,2
S00164817,56,-
S00164818,81,2
S00164819,91,1
S00164820,173,8
S00164821,101,1
S00164822,83,4
S00164823,62,4
S00164824,82,5
S00164825,126,11
S00164826,157,6
S00164827,125,5
S00164828,137,3
S00164829,117,5
S00164830,88,7
S00164831,113,4
S00164832,150,11
S00164833,131,8
S00164834,91,3
S00164835,108,4
S00164836,143,7
S00164837,96,6
S00164838,121,2
S00164839,73,5
S00164840,122,5
S00164841,152,3
S00164842,142,9
S00164843,95,5
S00164844,88,5
S00164845,140,6
S00164846,77,2
S00164847,100,5
S00164848,133,13
S00164849,122,9
S00164850,69,6
S00164851,142,7
S00164852,89,-
S00164853,65,2
S00164854,80,1
S00164855,51,1
S00164856,117,2
S00164857,104,6
S00164858,120,5
S00164859,95,3
S00164860,109,6
S00164861,71,3
S00164862,85,11
S00164863,117,6
S00164864,77,5
S00164865,90,2
S00164866,68,2
S00164867,91,4
S00164868,113,1
S00164869,61,3
S00164870,166,7
S00164871,85,2
S00164872,68,1
S00164873,97,8
S00164874,73,5
S00164875,96,7
S00164876,120,9
S00164877,83,4
S00164878,79,2
S00164879,110,5
S00164880,101,5
S00164881,136,5
S00164882,111,14
S00164883,80,4
S00164884,173,16
S00164885,91,1
S00164886,107,10
S00164887,91,3
S00164888,76,3
S00164889,126,9
S00164890,93,3
S00164891,97,9
S00164892,85,2
S00164893,162,8
S00164894,119,6
S00164895,78,1
S00164896,131,11
S00164897,77,9
S00164898,77,2
S00164899,92,6
S00164900,62,6
S00164901,142,15
S00164902,135,9
S00164903,79,3
S00164904,64,2
S00164905,104,6
S00164906,99,7
S00164907,121,3
S00164908,61,2
S00164909,84,2
S00164910,114,4
S00164911,55,-
S00164912,90,3
S00164913,64,2
S00164914,96,6
S00164915,104,10
S00164916,90,4
S00164917,84,3
S00164918,55,1
S00164919,83,5
S00164920,123,10
S00164921,132,14
S00164922,122,3
S00164923,130,6
S00164924,69,2
S00164925,89,5
S00164926,73,1
S00164927,99,1
S00164928,82,3
S00164929,81,4
S00164930,80,2
S00164931,66,4
S00164932,67,3
S00164933,98,5
S00164934,128,17
S00164935,94,4
S00164936,95,4
S00164937,129,5
S00164938,98,4
S00164939,109,3
S00164940,152,6
S00164941,105,5
S00164942,113,9
S00164943,101,-
S00164944,87,6
S00164945,84,1
S00164946,94,3
S00164947,84,7
S00164948,101,3
S00164949,80,3
S00164950,84,3
S00164951,94,8
S00164952,84,1
S00164953,128,7
S00164954,88,1
S00164955,83,5
S00164956,150,7
S00164957,129,9
S00164958,97,4
S00164959,97,13
S00164960,76,2
S00164961,122,3
S00164962,97,3
S00164963,205,6
S00164964,90,4
S00164965,119,2
S00164966,134,4
S00164967,171,14
S00164968,106,-
S00164969,104,3
S00164970,70,-
S00164971,155,6
S00164972,127,6
S00164973,113,8
S00164974,110,1
S00164975,98,2
S00164976,79,2
S00164977,128,7
S00164978,138,5
S00164979,69,6
S00164980,98,3
S00164981,97,7
S00164982,84,3
S00164983,115,8
S00164984,90,10
S00164985,108,6
S00164986,106,4
S00164987,110,4
S00164988,133,10
S00164989,110,11
S00164990,63,3
S00164991,119,3
S00164992,61,1
S00164993,147,8
S00164994,130,7
S00164995,128,7
S00164996,105,2
S00164997,91,8
S00164998,86,4
S00164999,100,9
S00165000,106,1
S00165001,137,4
S00165002,97,7
S00165003,83,3
S00165004,75,5
S00165005,109,6
S00165006,78,3
S00165007,101,4
S00165008,89,4
S00165009,113,2
S00165010,84,3
S00165011,52,2
S00165012,100,5
S00165013,77,3
S00165014,143,7
S00165015,158,12
S00165016,77,4
S00165017,69,5
S00165018,82,3
S00165019,101,3
S00165020,127,8
S00165021,60,3
S00165022,130,10
S00165023,140,6
S00165024,132,6
S00165025,138,11
S00165026,85,3
S00165027,157,11
S00165028,64,2
S00165029,108,5
S00165030,57,4
S00165031,100,-
S00165032,132,2
S00165033,63,-
S00165034,138,8
S00165035,76,2
S00165036,87,1
S00165037,108,6
S00165038,73,3
S00165039,109,6
S00165040,114,7
S00165041,152,6
S00165042,71,8
S00165043,134,2
S00165044,60,2
S00165045,51,-
S00165046,142,11
S00165047,141,5
S00165048,60,1
S00165049,99,5
S00165050,105,6
S00165051,71,2
S00165052,82,3
S00165053,80,3
S00165054,102,7
S00165055,62,4
S00165056,87,2
S00165057,102,4
S00165058,126,6
S00165059,171,18
S00165060,83,4
S00165061,110,6
S00165062,110,1
S00165063,93,4
S00165064,70,7
S00165065,90,1
S00165066,104,4
S00165067,94,9
S00165068,84,4
S00165069,124,10
S00165070,113,4
S00165071,119,7
S00165072,148,5
S00165073,110,6
S00165074,167,17
S00165075,88,4
S00165076,74,6
S00165077,88,4
S00165078,119,5
S00165079,86,4
S00165080,86,5
S00165081,155,7
S00165082,116,8
S00165083,55,7
S00165084,106,5
S00165085,71,4
S00165086,82,4
S00165087,77,-
S00165088,131,15
S00165089,157,19
S00165090,84,7
S00165091,88,12
S00165092,166,19
S00165093,128,7
S00165094,59,3
S00165095,163,17
S00165096,87,4
S00165097,126,13
S00165098,102,4
S00165099,58,-
S00165100,144,8
S00165101,98,7
S00165102,164,9
S00165103,75,-
S00165104,71,4
S00165105,65,4
S00165106,75,3
S00165107,127,6
S00165108,68,5
S00165109,108,2
S00165110,99,5
S00165111,89,4
S00165112,76,2
S00165113,80,3
S00165114,101,12
S00165115,55,1
S00165116,81,-
S00165117,68,6
S00165118,63,3
S00165119,153,6
S00165120,99,4
S00165121,134,7
S00165122,107,5
S00165123,96,8
S00165124,77,3
S00165125,139,4
S00165126,132,8
S00165127,64,4
S00165128,82,6
S00165129,118,8
S00165130,60,-
S00165131,100,7
S00165132,63,1
S00165133,72,-
S00165134,80,4
S00165135,84,3
S00165136,83,4
S00165137,119,11
S00165138,153,3
S00165139,85,2
S00165140,62,6
S00165141,126,13
S00165142,87,3
S00165143,109,7
S00165144,72,-
S00165145,83,3
S00165146,95,6
S00165147,76,9
S00165148,68,3
S00165149,119,6
S00165150,104,2
S00165151,78,1
S00165152,104,1
S00165153,61,3
S00165154,103,3
S00165155,95,7
S00165156,61,-
S00165157,87,3
S00165158,144,11
S00165159,132,7
S00165160,92,5
S00165161,97,-
S00165162,92,2
S00165163,88,1
S00165164,92,5
S00165165,74,1
S00165166,96,5
S00165167,83,-
S00165168,74,6
S00165169,67,2
S00165170,101,2
S00165171,73,3
S00165172,85,4
S00165173,78,4
S00165174,113,4
S00165175,102,5
S00165176,108,4
S00165177,64,7
S00165178,82,5
S00165179,127,12
S00165180,86,2
S00165181,101,2
S00165182,75,1
S00165183,86,2
S00165184,123,12
S00165185,80,2
S00165186,96,7
S00165187,74,4
S00165188,66,1
S00165189,126,5
S00165190,97,4
S00165191,79,5
S00165192,117,9
S00165193,94,9
S00165194,115,12
S00165195,91,8
S00165196,93,4
S00165197,62,2
S00165198,98,6
S00165199,105,2
S00165200,78,4
S00165201,98,7
S00165202,122,4
S00165203,97,3
S00165204,96,7
S00165205,140,8
S00165206,136,-
S00165207,97,3
S00165208,164,13
S00165209,90,3
S00165210,81,1
S00165211,125,2
S00165212,127,3
S00165213,123,2
S00165214,92,6
S00165215,83,6
S00165216,136,5
S00165217,63,1
S00165218,59,5
S00165219,103,4
S00165220,108,2
S00165221,99,7
S00165222,121,3
S00165223,76,2
S00165224,87,2
S00165225,151,6
S00165226,95,-
S00165227,92,2
S00165228,86,5
S00165229,88,1
S00165230,64,-
S00165231,122,4
S00165232,81,7
S00165233,129,7
S00165234,64,2
S00165235,85,3
S00165236,77,3
S00165237,68,-
S00165238,79,1
S00165239,132,3
S00165240,82,9
S00165241,78,2
S00165242,81,2
S00165243,106,1
S00165244,117,6
S00165245,61,-
S00165246,124,2
S00165247,105,3
S00165248,82,10
S00165249,62,4
S00165250,78,3
S00165251,97,3
S00165252,93,2
S00165253,114,6
S00165254,95,9
S00165255,114,-
S00165256,100,5
S00165257,151,9
S00165258,89,3
S00165259,78,4
S00165260,113,5
S00165261,111,6
S00165262,158,15
S00165263,64,-
S00165264,76,4
S00165265,100,4
S00165266,118,8
S00165267,72,3
S00165268,126,6
S00165269,157,6
S00165270,102,4
S00165271,90,2
S00165272,82,3
S00165273,100,6
S00165274,82,3
S00165275,142,9
S00165276,106,7
S00165277,76,4
S00165278,93,3
S00165279,105,8
S00165280,58,2
S00165281,71,3
S00165282,103,9
S00165283,96,4
S00165284,91,3
S00165285,120,7
S00165286,93,4
S00165287,70,5
S00165288,58,3
S00165289,92,-
S00165290,127,8
S00165291,127,2
S00165292,65,7
S00165293,175,15
S00165294,100,4
S00165295,130,9
S00165296,97,2
S00165297,95,4
S00165298,65,-
S00165299,152,9
S00165300,135,1
S00165301,88,4
S00165302,98,4
S00165303,137,6
S00165304,61,1
S00165305,118,9
S00165306,73,5
S00165307,135,11
S00165308,90,4
S00165309,109,4
S00165310,74,2
S00165311,95,5
S00165312,75,-
S00165313,63,-
S00165314,64,-
S00165315,75,12
S00165316,135,10
S00165317,77,5
S00165318,97,2
S00165319,165,7
S00165320,107,8
S00165321,104,8
S00165322,89,5
S00165323,102,4
S00165324,118,5
S00165325,99,10
S00165326,135,3
S00165327,86,4
S00165328,111,4
S00165329,166,12
S00165330,98,4
S00165331,94,1
S00165332,110,3
S00165333,155,4
S00165334,142,5
S00165335,82,8
S00165336,175,12
S00165337,83,-
S00165338,157,10
S00165339,122,5
S00165340,59,2
S00165341,116,5
S00165342,128,4
S00165343,86,3
S00165344,95,2
S00165345,153,12
S00165346,102,3
S00165347,82,2
S00165348,165,18
S00165349,77,5
S00165350,95,2
S00165351,101,5
S00165352,117,1
S00165353,159,7
S00165354,134,5
S00165355,96,5
S00165356,85,4
S00165357,88,5
S00165358,80,3
S00165359,135,17
S00165360,125,3
S00165361,83,2
S00165362,171,15
S00165363,154,7
S00165364,148,3
S00165365,151,2
S00165366,104,6
S00165367,159,19
S00165368,71,2
S00165369,110,8
S00165370,103,9
S00165371,59,5
S00165372,71,6
S00165373,99,4
S00165374,99,4
S00165375,66,2
S00165376,112,7
S00165377,118,3
S00165378,57,6
S00165379,146,7
S00165380,72,1
S00165381,68,9
S00165382,86,3
S00165383,98,3
S00165384,384,11
S00165385,176,6
S00165386,133,7
S00165387,101,4
S00165388,69,3
S00165389,101,1
S00165390,117,3
S00165391,114,5
S00165392,94,6
S00165393,93,2
S00165394,83,5
S00165395,99,4
S00165396,94,6
S00165397,124,6
S00165398,51,5
S00165399,78,4
S00165400,85,3
S00165401,129,10
S00165402,137,10
S00165403,114,-
S00165404,90,3
S00165405,155,12
S00165406,97,6
S00165407,125,2
S00165408,89,8
S00165409,174,5
S00165410,140,12
S00165411,166,8
S00165412,125,4
S00165413,116,7
S00165414,47,6
S00165415,171,16
S00165416,105,13
S00165417,111,7
S00165418,85,5
S00165419,79,4
S00165420,75,3
S00165421,103,2
S00165422,120,6
S00165423,118,5
S00165424,125,12
S00165425,117,3
S00165426,96,3
S00165427,57,3
S00165428,69,3
S00165429,73,2
S00165430,150,7
S00165431,110,6
S00165432,96,3
S00165433,97,3
S00165434,160,5
S00165435,114,1
S00165436,56,4
S00165437,110,3
S00165438,151,3
S00165439,148,10
S00165440,78,1
S00165441,90,3
S00165442,69,3
S00165443,63,2
S00165444,70,3
S00165445,121,8
S00165446,128,7
S00165447,96,1
S00165448,132,5
S00165449,146,5
S00165450,102,7
S00165451,91,6
S00165452,72,5
S00165453,106,6
S00165454,67,3
S00165455,74,1
S00165456,67,-
S00165457,89,7
S00165458,67,2
S00165459,85,5
S00165460,59,3
S00165461,74,2
S00165462,123,2
S00165463,87,5
S00165464,87,2
S00165465,81,-
S00165466,140,6
S00165467,123,5
S00165468,84,5
S00165469,63,1
S00165470,87,6
S00165471,99,1
S00165472,118,8
S00165473,117,9
S00165474,91,5
S00165475,68,3
S00165476,82,2
S00165477,90,5
S00165478,77,4
S00165479,76,3
S00165480,96,7
S00165481,109,6
S00165482,108,4
S00165483,103,8
S00165484,111,8
S00165485,58,6
S00165486,88,8
S00165487,121,7
S00165488,72,3
S00165489,110,7
S00165490,104,2
S00165491,85,8
S00165492,110,4
S00165493,114,7
S00165494,100,6
S00165495,142,10
S00165496,120,5
S00165497,62,4
S00165498,77,1
S00165499,106,4
S00165500,58,1
S00165501,90,2
S00165502,127,4
S00165503,102,2
S00165504,150,4
S00165505,85,3
S00165506,115,1
S00165507,72,4
S00165508,79,7
S00165509,77,4
S00165510,91,6
S00165511,65,4
S00165512,85,3
S00165513,109,5
S00165514,63,4
S00165515,114,4
S00165516,131,6
S00165517,136,12
S00165518,158,9
S00165519,96,5
S00165520,112,2
S00165521,92,3
S00165522,94,5
S00165523,86,-
S00165524,107,3
S00165525,73,1
S00165526,63,-
S00165527,113,4
S00165528,81,4
S00165529,88,3
S00165530,98,5
S00165531,83,3
S00165532,77,-
S00165533,115,10
S00165534,109,1
S00165535,69,-
S00165536,60,-
S00165537,66,4
S00165538,86,-
S00165539,110,4
S00165540,84,6
S00165541,73,4
S00165542,99,4
S00165543,143,15
S00165544,101,6
S00165545,143,2
S00165546,78,2
S00165547,79,4
S00165548,111,6
S00165549,76,6
S00165550,81,2
S00165551,100,4
S00165552,95,4
S00165553,96,4
S00165554,126,4
S00165555,93,4
S00165556,100,3
S00165557,80,2
S00165558,59,3
S00165559,678,4
S00165560,114,-
S00165561,101,1
S00165562,68,1
S00165563,88,2
S00165564,91,3
S00165565,86,4
S00165566,116,6
S00165567,114,7
S00165568,132,9
S00165569,99,1
S00165570,119,3
S00165571,60,5
S00165572,105,2
S00165573,77,3
S00165574,100,6
S00165575,127,10
S00165576,94,2
S00165577,55,1
S00165578,73,1
S00165579,109,6
S00165580,371,267
S00165581,126,2
S00165582,68,1
S00165583,87,4
S00165584,67,-
S00165585,65,1
S00165586,120,14
S00165587,108,6
S00165588,71,2
S00165589,64,2
S00165590,85,3
S00165591,90,12
S00165592,64,2
S00165593,109,4
S00165594,66,4
S00165595,61,-
S00165596,92,3
S00165597,52,-
S00165598,96,5
S00165599,106,4
S00165600,103,4
S00165601,158,5
S00165602,58,3
S00165603,111,5
S00165604,61,2
S00165605,121,7
S00165606,61,4
S00165607,56,3
S00165608,77,2
S00165609,65,3
S00165610,96,4
S00165611,79,-
S00165612,71,5
S00165613,120,3
S00165614,107,7
S00165615,72,-
S00165616,90,2
S00165617,67,5
S00165618,103,4
S00165619,101,2
S00165620,74,5
S00165621,94,6
S00165622,72,1
S00165623,113,-
S00165624,74,1
S00165625,92,8
S00165626,90,4
S00165627,144,10
S00165628,160,6
S00165629,94,5
S00165630,117,1
S00165631,53,5
S00165632,84,9
S00165633,94,-
S00165634,91,3
S00165635,105,6
S00165636,51,4
S00165637,102,6
S00165638,84,1
S00165639,127,5
S00165640,120,2
S00165641,138,3
S00165642,104,1
S00165643,70,5
S00165644,115,7
S00165645,128,4
S00165646,131,2
S00165647,61,2
S00165648,95,3
S00165649,76,1
S00165650,102,3
S00165651,60,1
S00165652,60,1
S00165653,81,6
S00165654,101,1
S00165655,67,6
S00165656,73,2
S00165657,86,6
S00165658,111,3
S00165659,96,1
S00165660,102,7
S00165661,87,1
S00165662,98,3
S00165663,74,1
S00165664,104,5
S00165665,89,3
S00165666,95,2
S00165667,80,2
S00165668,73,-
S00165669,70,3
S00165670,79,-
S00165671,72,-
S00165672,108,7
S00165673,89,4
S00165674,78,1
S00165675,67,2
S00165676,112,6
S00165677,149,1
S00165678,136,6
S00165679,68,3
S00165680,140,4
S00165681,73,4
S00165682,94,-
S00165683,140,4
S00165684,151,3
S00165685,117,2
S00165686,112,8
S00165687,56,1
S00165688,67,2
S00165689,71,-
S00165690,90,3
S00165691,66,-
S00165692,101,5
S00165693,99,3
S00165694,126,-
S00165695,120,4
S00165696,70,3
S00165697,151,6
S00165698,113,2
S00165699,91,5
S00165700,94,3
S00165701,73,4
S00165702,84,8
S00165703,107,5
S00165704,81,3
S00165705,51,4
S00165706,99,2
S00165707,75,-
S00165708,87,1
S00165709,72,3
S00165710,101,5
S00165711,73,2
S00165712,65,1
S00165713,63,3
S00165714,86,8
S00165715,64,1
S00165716,169,8
S00165717,134,9
S00165718,86,-
S00165719,82,-
S00165720,81,2
S00165721,113,4
S00165722,92,6
S00165723,119,2
S00165724,91,4
S00165725,132,5
S00165726,78,4
S00165727,72,2
S00165728,109,6
S00165729,78,4
S00165730,140,3
S00165731,82,3
S00165732,116,3
S00165733,74,3
S00165734,96,2
S00165735,83,4
S00165736,62,4
S00165737,57,2
S00165738,80,10
S00165739,94,4
S00165740,84,4
S00165741,87,3
S00165742,94,5
S00165743,119,7
S00165744,76,-
S00165745,122,-
S00165746,95,5
S00165747,151,14
S00165748,101,4
S00165749,76,1
S00165750,73,4
S00165751,436,10
S00165752,104,5
S00165753,101,4
S00165754,72,2
S00165755,99,2
S00165756,75,3
S00165757,134,5
S00165758,165,6
S00165759,61,-
S00165760,65,1
S00165761,71,2
S00165762,113,10
S00165763,94,3
S00165764,102,4
S00165765,97,3
S00165766,111,6
S00165767,76,2
S00165768,109,5
S00165769,94,3
S00165770,84,4
S00165771,103,5
S00165772,99,4
S00165773,93,5
S00165774,90,3
S00165775,70,2
S00165776,96,1
S00165777,75,2
S00165778,113,4
S00165779,71,1
S00165780,82,1
S00165781,61,3
S00165782,80,2
S00165783,64,-
S00165784,110,4
S00165785,100,6
S00165786,119,3
S00165787,79,6
S00165788,132,6
S00165789,124,2
S00165790,138,-
S00165791,123,4
S00165792,83,-
S00165793,125,3
S00165794,142,3
S00165795,92,4
S00165796,145,18
S00165797,93,10
S00165798,65,7
S00165799,113,10
S00165800,141,13
S00165801,102,5
S00165802,94,4
S00165803,133,6
S00165804,77,5
S00165805,105,8
S00165806,68,4
S00165807,63,1
S00165808,49,3
S00165809,115,6
S00165810,96,4
S00165811,116,7
S00165812,88,10
S00165813,114,6
S00165814,133,1
S00165815,87,-
S00165816,78,5
S00165817,114,5
S00165818,110,6
S00165819,115,2
S00165820,54,2
S00165821,79,3
S00165822,71,2
S00165823,103,7
S00165824,83,8
S00165825,133,4
S00165826,95,4
S00165827,111,5
S00165828,78,1
S00165829,121,6
S00165830,122,5
S00165831,65,1
S00165832,66,2
S00165833,84,-
S00165834,106,2
S00165835,78,8
S00165836,155,10
S00165837,80,2
S00165838,84,5
S00165839,103,2
S00165840,125,7
S00165841,92,-
S00165842,71,2
S00165843,82,2
S00165844,159,6
S00165845,142,3
S00165846,76,4
S00165847,138,4
S00165848,119,4
S00165849,74,5
S00165850,141,24
S00165851,100,4
S00165852,85,2
S00165853,67,2
S00165854,70,4
S00165855,81,3
S00165856,127,6
S00165857,63,2
S00165858,58,-
S00165859,98,5
S00165860,97,3
S00165861,88,-
S00165862,135,4
S00165863,87,2
S00165864,71,-
S00165865,79,5
S00165866,68,-
S00165867,76,1
S00165868,89,4
S00165869,57,1
S00165870,64,-
S00165871,119,9
S00165872,69,2
S00165873,137,6
S00165874,106,3
S00165875,115,2
S00165876,92,10
S00165877,97,6
S00165878,75,3
S00165879,58,5
S00165880,100,-
S00165881,75,6
S00165882,80,3
S00165883,60,5
S00165884,73,-
S00165885,93,3
S00165886,98,5
S00165887,61,3
S00165888,70,6
S00165889,75,2
S00165890,90,5
S00165891,78,4
S00165892,114,7
S00165893,72,1
S00165894,84,4
S00165895,98,4
S00165896,96,4
S00165897,55,1
S00165898,82,3
S00165899,77,1
S00165900,117,4
S00165901,67,-
S00165902,95,4
S00165903,94,5
S00165904,74,2
S00165905,89,3
S00165906,106,3
S00165907,76,4
S00165908,66,10
S00165909,76,3
S00165910,92,-
S00165911,69,4
S00165912,45,-
S00165913,68,2
S00165914,95,6
S00165915,109,2
S00165916,61,2
S00165917,101,2
S00165918,114,9
S00165919,77,4
S00165920,73,4
S00165921,103,2
S00165922,50,2
S00165923,55,-
S00165924,70,3
S00165925,105,5
S00165926,60,1
S00165927,58,3
S00165928,99,2
S00165929,55,-
S00165930,141,5
S00165931,59,1
S00165932,118,5
S00165933,82,3
S00165934,98,5
S00165935,146,7
S00165936,111,-
S00165937,80,2
S00165938,82,4
S00165939,115,6
S00165940,133,1
S00165941,69,-
S00165942,129,10
S00165943,105,12
S00165944,86,2
S00165945,116,3
S00165946,81,1
S00165947,91,3
S00165948,68,2
S00165949,97,8
S00165950,74,4
S00165951,60,2
S00165952,67,4
S00165953,117,2
S00165954,101,8
S00165955,85,5
S00165956,72,5
S00165957,102,3
S00165958,130,12
S00165959,83,3
S00165960,144,6
S00165961,77,3
S00165962,61,2
S00165963,67,-
S00165964,87,3
S00165965,83,-
S00165966,114,3
S00165967,58,2
S00165968,93,3
S00165969,128,5
S00165970,135,9
S00165971,89,7
S00165972,63,1
S00165973,59,2
S00165974,108,6
S00165975,117,4
S00165976,91,1
S00165977,131,3
S00165978,89,3
S00165979,74,4
S00165980,102,5
S00165981,101,5
S00165982,88,10
S00165983,137,1
S00165984,75,4
S00165985,97,6
S00165986,115,2
S00165987,89,5
S00165988,125,9
S00165989,123,14
S00165990,58,1
S00165991,89,4
S00165992,94,6
S00165993,57,-
S00165994,130,3
S00165995,120,9
S00165996,150,13
S00165997,79,3
S00165998,64,2
S00165999,114,2
S00166000,82,3
S00166001,106,6
S00166002,114,2
S00166003,149,7
S00166004,72,6
S00166005,71,5
S00166006,58,1
S00166007,97,6
S00166008,171,12
S00166009,69,1
S00166010,74,3
S00166011,97,-
S00166012,70,1
S00166013,95,2
S00166014,111,5
S00166015,79,-
S00166016,155,9
S00166017,91,5
S00166018,109,1
S00166019,109,4
S00166020,91,2
S00166021,101,6
S00166022,118,3
S00166023,121,3
S00166024,174,10
S00166025,92,7
S00166026,74,4
S00166027,73,7
S00166028,154,9
S00166029,88,6
S00166030,110,11
S00166031,85,1
S00166032,78,-
S00166033,62,3
S00166034,116,2
S00166035,138,7
S00166036,83,-
S00166037,136,7
S00166038,114,5
S00166039,66,-
S00166040,81,2
S00166041,77,4
S00166042,61,2
S00166043,143,7
S00166044,86,4
S00166045,122,6
S00166046,52,-
S00166047,73,3
S00166048,100,3
S00166049,55,2
S00166050,68,1
S00166051,101,2
S00166052,110,1
S00166053,96,5
S00166054,85,5
S00166055,74,3
S00166056,103,3
S00166057,54,1
S00166058,96,3
S00166059,103,6
S00166060,91,4
S00166061,127,2
S00166062,109,6
S00166063,146,4
S00166064,55,1
S00166065,56,1
S00166066,93,5
S00166067,95,2
S00166068,98,4
S00166069,60,-
S00166070,105,4
S00166071,81,1
S00166072,113,4
S00166073,105,-
S00166074,128,11
S00166075,87,4
S00166076,107,1
S00166077,107,4
S00166078,87,1
S00166079,155,4
S00166080,142,3
S00166081,138,5
S00166082,133,8
S00166083,95,-
S00166084,103,5
S00166085,81,1
S00166086,115,7
S00166087,80,-
S00166088,116,5
S00166089,147,5
S00166090,75,1
S00166091,123,3
S00166092,149,9
S00166093,122,3
S00166094,53,-
S00166095,84,4
S00166096,63,2
S00166097,118,10
S00166098,104,3
S00166099,96,5
S00166100,142,6
S00166101,170,12
S00166102,94,1
S00166103,112,4
S00166104,132,15
S00166105,57,2
S00166106,112,2
S00166107,76,1
S00166108,127,4
S00166109,98,-
S00166110,90,10
S00166111,140,1
S00166112,64,6
S00166113,128,4
S00166114,62,1
S00166115,65,3
S00166116,120,4
S00166117,71,1
S00166118,112,2
S00166119,146,4
S00166120,118,4
S00166121,60,7
S00166122,86,9
S00166123,70,3
S00166124,76,2
S00166125,57,1
S00166126,83,2
S00166127,117,6
S00166128,63,4
S00166129,61,1
S00166130,62,-
S00166131,72,-
S00166132,63,7
S00166133,100,5
S00166134,129,7
S00166135,89,3
S00166136,87,5
S00166137,69,3
S00166138,72,6
S00166139,69,-
S00166140,106,-
S00166141,118,13
S00166142,80,1
S00166143,116,4
S00166144,107,4
S00166145,138,1
S00166146,72,4
S00166147,108,11
S00166148,106,3
S00166149,88,2
S00166150,131,7
S00166151,102,2
S00166152,92,6
S00166153,104,-
S00166154,96,6
S00166155,70,1
S00166156,82,3
S00166157,84,5
S00166158,122,1
S00166159,144,9
S00166160,76,2
S00166161,89,2
S00166162,81,6
S00166163,75,2
S00166164,114,-
S00166165,92,2
S00166166,98,1
S00166167,67,5
S00166168,105,6
S00166169,75,1
S00166170,109,6
S00166171,106,7
S00166172,59,1
S00166173,56,5
S00166174,116,7
S00166175,76,5
S00166176,104,1
S00166177,81,2
S00166178,119,3
S00166179,111,1
S00166180,96,3
S00166181,75,3
S00166182,149,1
S00166183,73,4
S00166184,78,1
S00166185,59,4
S00166186,54,-
S00166187,78,3
S00166188,59,-
S00166189,69,4
S00166190,66,4
S00166191,109,4
S00166192,82,3
S00166193,92,4
S00166194,72,2
S00166195,130,4
S00166196,125,8
S00166197,85,4
S00166198,98,7
S00166199,112,1
S00166200,56,1
S00166201,149,10
S00166202,73,4
S00166203,150,4
S00166204,153,3
S00166205,72,4
S00166206,59,4
S00166207,83,2
S00166208,105,6
S00166209,75,2
S00166210,155,10
S00166211,65,1
S00166212,85,3
S00166213,79,4
S00166214,58,-
S00166215,173,8
S00166216,158,8
S00166217,184,8
S00166218,73,6
S00166219,128,6
S00166220,52,-
S00166221,93,2
S00166222,92,18
S00166223,119,5
S00166224,79,3
S00166225,72,-
S00166226,138,11
S00166227,57,2
S00166228,80,2
S00166229,121,4
S00166230,140,3
S00166231,86,3
S00166232,126,6
S00166233,75,-
S00166234,85,1
S00166235,70,3
S00166236,98,5
S00166237,156,2
S00166238,122,9
S00166239,115,8
S00166240,138,3
S00166241,80,2
S00166242,116,6
S00166243,155,6
S00166244,100,2
S00166245,120,6
S00166246,120,6
S00166247,127,7
S00166248,101,4
S00166249,112,6
S00166250,89,-
S00166251,81,-
S00166252,95,6
S00166253,132,1
S00166254,85,1
S00166255,127,2
S00166256,80,2
S00166257,83,3
S00166258,53,3
S00166259,142,5
S00166260,93,2
S00166261,84,2
S00166262,120,6
S00166263,96,1
S00166264,66,1
S00166265,97,5
S00166266,110,3
S00166267,70,4
S00166268,91,1
S00166269,81,-
S00166270,101,5
S00166271,121,7
S00166272,105,4
S00166273,82,6
S00166274,55,1
S00166275,74,3
S00166276,136,11
S00166277,83,1
S00166278,62,2
S00166279,110,4
S00166280,80,2
S00166281,104,4
S00166282,74,5
S00166283,89,3
S00166284,128,6
S00166285,100,11
S00166286,65,2
S00166287,99,1
S00166288,128,5
S00166289,69,7
S00166290,127,3
S00166291,79,3
S00166292,96,-
S00166293,73,2
S00166294,103,4
S00166295,117,8
S00166296,87,2
S00166297,104,3
S00166298,106,4
S00166299,75,3
S00166300,68,-
S00166301,120,2
S00166302,82,6
S00166303,67,1
S00166304,140,3
S00166305,105,2
S00166306,96,4
S00166307,82,1
S00166308,82,-
S00166309,86,2
S00166310,96,1
S00166311,57,1
S00166312,153,8
S00166313,113,5
S00166314,116,7
S00166315,84,3
S00166316,82,7
S00166317,62,3
S00166318,100,1
S00166319,123,8
S00166320,63,-
S00166321,84,5
S00166322,98,6
S00166323,143,1
S00166324,98,2
S00166325,55,4
S00166326,110,3
S00166327,54,3
S00166328,109,9
S00166329,104,4
S00166330,96,5
S00166331,68,-
S00166332,87,4
S00166333,131,10
S00166334,73,2
S00166335,145,6
S00166336,105,3
S00166337,62,-
S00166338,111,3
S00166339,87,-
S00166340,69,1
S00166341,130,2
S00166342,125,4
S00166343,76,-
S00166344,74,1
S00166345,74,-
S00166346,134,1
S00166347,67,1
S00166348,133,4
S00166349,69,12
S00166350,84,4
S00166351,66,2
S00166352,110,1
S00166353,72,3
S00166354,124,4
S00166355,66,4
S00166356,121,-
S00166357,127,2
S00166358,78,-
S00166359,129,4
S00166360,124,8
S00166361,113,6
S00166362,63,1
S00166363,75,2
S00166364,82,4
S00166365,65,2
S00166366,84,2
S00166367,135,5
S00166368,74,-
S00166369,101,6
S00166370,91,-
S00166371,78,2
S00166372,160,8
S00166373,86,7
S00166374,126,2
S00166375,102,2
S00166376,70,-
S00166377,105,5
S00166378,122,4
S00166379,102,6
S00166380,97,3
S00166381,99,1
S00166382,158,2
S00166383,87,2
S00166384,118,6
S00166385,99,2
S00166386,149,6
S00166387,106,3
S00166388,133,4
S00166389,81,5
S00166390,63,1
S00166391,86,1
S00166392,100,2
S00166393,127,11
S00166394,78,-
S00166395,156,7
S00166396,94,3
S00166397,69,2
S00166398,90,3
S00166399,83,2
S00166400,93,3
S00166401,58,-
S00166402,167,6
S00166403,96,6
S00166404,79,1
S00166405,82,1
S00166406,90,4
S00166407,134,11
S00166408,58,3
S00166409,81,-
S00166410,99,-
S00166411,107,7
S00166412,133,7
S00166413,82,2
S00166414,117,1
S00166415,114,4
S00166416,103,6
S00166417,70,4
S00166418,62,1
S00166419,73,-
S00166420,94,-
S00166421,178,13
S00166422,145,6
S00166423,78,4
S00166424,97,-
S00166425,141,8
S00166426,75,4
S00166427,132,9
S00166428,134,5
S00166429,102,-
S00166430,75,-
S00166431,114,3
S00166432,140,9
S00166433,86,4
S00166434,115,5
S00166435,124,6
S00166436,68,4
S00166437,169,3
S00166438,78,6
S00166439,75,2
S00166440,82,5
S00166441,90,2
S00166442,108,-
S00166443,58,3
S00166444,90,1
S00166445,104,7
S00166446,64,6
S00166447,137,4
S00166448,88,7
S00166449,97,5
S00166450,101,3
S00166451,45,6
S00166452,64,6
S00166453,140,6
S00166454,123,3
S00166455,77,3
S00166456,90,3
S00166457,78,5
S00166458,110,2
S00166459,114,3
S00166460,94,1
S00166461,115,2
S00166462,135,2
S00166463,101,6
S00166464,70,3
S00166465,129,5
S00166466,79,7
S00166467,127,7
S00166468,98,19
S00166469,116,3
S00166470,93,4
S00166471,57,2
S00166472,96,4
S00166473,64,8
S00166474,74,-
S00166475,87,4
S00166476,71,1
S00166477,79,4
S00166478,118,2
S00166479,56,2
S00166480,64,2
S00166481,77,1
S00166482,129,6
S00166483,80,4
S00166484,152,1
S00166485,92,4
S00166486,72,3
S00166487,74,1
S00166488,60,1
S00166489,74,4
S00166490,76,2
S00166491,144,6
S00166492,59,4
S00166493,81,1
S00166494,71,3
S00166495,70,-
S00166496,60,2
S00166497,48,1
S00166498,87,3
S00166499,106,1
S00166500,120,2
S00166501,61,2
S00166502,76,4
S00166503,64,1
S00166504,81,3
S00166505,112,5
S00166506,139,7
S00166507,140,2
S00166508,65,3
S00166509,142,4
S00166510,100,4
S00166511,87,5
S00166512,115,3
S00166513,89,4
S00166514,113,1
S00166515,81,4
S00166516,99,1
S00166517,50,1
S00166518,142,8
S00166519,47,-
S00166520,100,4
S00166521,93,5
S00166522,118,2
S00166523,116,4
S00166524,139,1
S00166525,71,5
S00166526,62,1
S00166527,117,5
S00166528,112,1
S00166529,74,1
S00166530,95,4
S00166531,63,3
S00166532,80,1
S00166533,132,9
S00166534,107,4
S00166535,76,3
S00166536,55,-
S00166537,94,-
S00166538,99,1
S00166539,72,1
S00166540,63,2
S00166541,59,-
S00166542,55,1
S00166543,59,1
S00166544,76,2
S00166545,75,-
S00166546,70,1
S00166547,80,3
S00166548,72,1
S00166549,100,-
S00166550,77,3
S00166551,114,4
S00166552,115,3
S00166553,58,2
S00166554,71,1
S00166555,58,-
S00166556,112,4
S00166557,118,2
S00166558,96,5
S00166559,77,-
S00166560,69,-
S00166561,126,2
S00166562,107,7
S00166563,103,7
S00166564,62,2
S00166565,110,2
S00166566,129,9
S00166567,113,3
S00166568,62,3
S00166569,93,2
S00166570,69,2
S00166571,97,4
S00166572,102,6
S00166573,65,2
S00166574,99,7
S00166575,93,3
S00166576,71,2
S00166577,78,2
S00166578,103,-
S00166579,123,11
S00166580,69,-
S00166581,96,4
S00166582,86,4
S00166583,126,1
S00166584,52,2
S00166585,67,4
S00166586,75,8
S00166587,70,6
S00166588,134,2
S00166589,88,3
S00166590,56,1
S00166591,108,3
S00166592,105,3
S00166593,105,5
S00166594,130,7
S00166595,92,4
S00166596,79,-
S00166597,129,2
S00166598,72,-
S00166599,71,-
S00166600,171,6
S00166601,127,5
S00166602,112,8
S00166603,61,3
S00166604,103,3
S00166605,91,5
S00166606,87,4
S00166607,116,4
S00166608,133,5
S00166609,74,-
S00166610,85,4
S00166611,177,6
S00166612,125,4
S00166613,89,4
S00166614,74,3
S00166615,131,9
S00166616,124,3
S00166617,144,5
S00166618,91,6
S00166619,111,3
S00166620,123,9
S00166621,129,3
S00166622,140,8
S00166623,106,4
S00166624,68,2
S00166625,126,2
S00166626,178,9
S00166627,106,4
S00166628,155,11
S00166629,74,-
S00166630,94,4
S00166631,120,3
S00166632,69,4
S00166633,133,5
S00166634,80,-
S00166635,95,6
S00166636,125,7
S00166637,100,10
S00166638,76,7
S00166639,114,4
S00166640,99,6
S00166641,104,9
S00166642,135,1
S00166643,156,8
S00166644,112,1
S00166645,90,7
S00166646,94,5
S00166647,142,13
S00166648,118,8
S00166649,100,8
S00166650,137,11
S00166651,134,15
S00166652,88,4
S00166653,121,8
S00166654,115,4
S00166655,107,3
S00166656,85,2
S00166657,101,3
S00166658,132,8
S00166659,129,7
S00166660,70,2
S00166661,116,6
S00166662,80,-
S00166663,94,8
S00166664,103,8
S00166665,139,7
S00166666,49,-
S00166667,101,6
S00166668,66,-
S00166669,77,3
S00166670,59,7
S00166671,76,1
S00166672,103,8
S00166673,85,8
S00166674,89,2
S00166675,141,14
S00166676,76,4
S00166677,114,10
S00166678,101,6
S00166679,84,1
S00166680,71,2
S00166681,97,7
S00166682,116,5
S00166683,75,1
S00166684,69,4
S00166685,110,11
S00166686,117,6
S00166687,103,5
S00166688,117,6
S00166689,81,1
S00166690,63,9
S00166691,63,2
S00166692,99,5
S00166693,83,4
S00166694,71,2
S00166695,139,10
S00166696,93,9
S00166697,147,11
S00166698,80,7
S00166699,96,-
S00166700,90,4
S00166701,90,8
S00166702,124,4
S00166703,111,6
S00166704,55,4
S00166705,113,1
S00166706,89,2
S00166707,62,-
S00166708,107,3
S00166709,85,2
S00166710,77,4
S00166711,162,10
S00166712,74,-
S00166713,111,1
S00166714,94,7
S00166715,88,9
S00166716,96,5
S00166717,121,3
S00166718,108,6
S00166719,118,-
S00166720,79,1
S00166721,131,11
S00166722,67,3
S00166723,68,4
S00166724,143,3
S00166725,151,8
S00166726,102,9
S00166727,141,2
S00166728,116,4
S00166729,122,9
S00166730,75,4
S00166731,90,3
S00166732,123,4
S00166733,81,4
S00166734,74,6
S00166735,68,5
S00166736,79,3
S00166737,77,6
S00166738,87,3
S00166739,76,4
S00166740,85,1
S00166741,106,5
S00166742,66,3
S00166743,74,3
S00166744,131,10
S00166745,63,3
S00166746,119,9
S00166747,69,3
S00166748,85,1
S00166749,56,4
S00166750,91,6
S00166751,81,7
S00166752,82,2
S00166753,77,-
S00166754,76,4
S00166755,131,8
S00166756,59,1
S00166757,87,6
S00166758,68,1
S00166759,105,5
S00166760,85,7
S00166761,80,1
S00166762,149,4
S00166763,105,5
S00166764,104,6
S00166765,83,6
S00166766,103,4
S00166767,110,-
S00166768,61,-
S00166769,119,5
S00166770,107,5
S00166771,59,1
S00166772,93,4
S00166773,130,14
S00166774,137,10
S00166775,123,4
S00166776,133,9
S00166777,147,5
S00166778,81,1
S00166779,67,-
S00166780,152,7
S00166781,148,3
S00166782,74,5
S00166783,52,3
S00166784,133,6
S00166785,105,2
S00166786,107,6
S00166787,113,5
S00166788,109,4
S00166789,140,6
S00166790,116,5
S00166791,78,7
S00166792,106,4
S00166793,48,1
S00166794,57,-
S00166795,87,1
S00166796,113,7
S00166797,113,5
S00166798,81,1
S00166799,90,10
S00166800,78,6
S00166801,106,7
S00166802,79,4
S00166803,62,5
S00166804,94,4
S00166805,120,3
S00166806,89,4
S00166807,89,1
S00166808,73,5
S00166809,89,2
S00166810,92,5
S00166811,76,5
S00166812,81,4
S00166813,101,6
S00166814,68,2
S00166815,85,4
S00166816,85,2
S00166817,81,6
S00166818,84,3
S00166819,85,7
S00166820,57,3
S00166821,61,-
S00166822,88,6
S00166823,85,9
S00166824,171,9
S00166825,83,7
S00166826,61,2
S00166827,64,-
S00166828,92,12
S00166829,63,3
S00166830,83,11
S00166831,55,3
S00166832,93,6
S00166833,72,3
S00166834,64,4
S00166835,74,7
S00166836,99,3
S00166837,129,2
S00166838,134,11
S00166839,144,8
S00166840,93,10
S00166841,79,3
S00166842,61,7
S00166843,153,14
S00166844,75,4
S00166845,99,7
S00166846,58,6
S00166847,126,8
S00166848,122,4
S00166849,65,1
S00166850,76,7
S00166851,84,6
S00166852,143,7
S00166853,120,4
S00166854,79,6
S00166855,58,1
S00166856,129,6
S00166857,97,2
S00166858,65,1
S00166859,104,4
S00166860,152,2
S00166861,115,11
S00166862,72,5
S00166863,90,1
S00166864,86,3
S00166865,97,5
S00166866,109,2
S00166867,152,14
S00166868,68,-
S00166869,83,6
S00166870,90,8
S00166871,70,5
S00166872,73,2
S00166873,60,-
S00166874,139,8
S00166875,80,3
S00166876,111,7
S00166877,94,8
S00166878,109,12
S00166879,108,14
S00166880,96,4
S00166881,130,6
S00166882,108,8
S00166883,124,4
S00166884,114,-
S00166885,76,6
S00166886,108,9
S00166887,155,4
S00166888,65,1
S00166889,85,4
S00166890,103,6
S00166891,143,13
S00166892,85,2
S00166893,136,4
S00166894,146,26
S00166895,66,2
S00166896,105,13
S00166897,97,-
S00166898,81,2
S00166899,53,2
S00166900,68,4
S00166901,125,6
S00166902,74,4
S00166903,80,7
S00166904,118,6
S00166905,104,7
S00166906,165,18
S00166907,69,4
S00166908,99,7
S00166909,53,9
S00166910,107,5
S00166911,82,6
S00166912,127,7
S00166913,72,-
S00166914,68,5
S00166915,85,6
S00166916,66,2
S00166917,112,12
S00166918,77,5
S00166919,107,3
S00166920,77,4
S00166921,65,6
S00166922,100,11
S00166923,106,1
S00166924,114,8
S00166925,121,11
S00166926,117,6
S00166927,98,5
S00166928,131,4
S00166929,91,3
S00166930,94,4
S00166931,108,9
S00166932,73,-
S00166933,81,6
S00166934,86,6
S00166935,110,5
S00166936,67,3
S00166937,110,3
S00166938,94,6
S00166939,76,3
S00166940,99,4
S00166941,78,2
S00166942,102,4
S00166943,77,6
S00166944,76,4
S00166945,63,-
S00166946,66,2
S00166947,75,7
S00166948,63,4
S00166949,57,2
S00166950,80,5
S00166951,83,4
S00166952,81,6
S00166953,98,4
S00166954,86,7
S00166955,132,8
S00166956,62,9
S00166957,138,15
S00166958,52,8
S00166959,141,4
S00166960,116,8
S00166961,128,4
S00166962,82,2
S00166963,136,4
S00166964,109,3
S00166965,117,7
S00166966,127,6
S00166967,93,9
S00166968,146,4
S00166969,120,3
S00166970,95,7
S00166971,159,10
S00166972,81,7
S00166973,202,26
S00166974,83,10
S00166975,94,1
S00166976,163,21
S00166977,124,4
S00166978,102,11
S00166979,112,4
S00166980,189,26
S00166981,147,19
S00166982,64,2
S00166983,109,6
S00166984,142,9
S00166985,105,14
S00166986,92,10
S00166987,101,8
S00166988,128,12
S00166989,89,11
S00166990,120,14
S00166991,128,13
S00166992,99,8
S00166993,113,9
S00166994,108,8
S00166995,75,2
S00166996,66,6
S00166997,97,8
S00166998,91,13
S00166999,103,5
S00167000,108,7
S00167001,141,8
S00167002,136,20
S00167003,108,6
S00167004,93,6
S00167005,107,11
S00167006,110,7
S00167007,70,4
S00167008,87,4
S00167009,109,4
S00167010,113,10
S00167011,111,10
S00167012,98,8
S00167013,86,5
S00167014,123,8
S00167015,149,11
S00167016,88,1
S00167017,115,7
S00167018,87,5
S00167019,78,9
S00167020,81,7
S00167021,81,6
S00167022,158,5
S00167023,77,1
S00167024,90,8
S00167025,86,6
S00167026,126,18
S00167027,70,7
S00167028,99,5
S00167029,63,4
S00167030,86,-
S00167031,84,2
S00167032,111,13
S00167033,102,3
S00167034,70,1
S00167035,92,4
S00167036,125,10
S00167037,90,8
S00167038,69,3
S00167039,135,4
S00167040,150,11
S00167041,125,11
S00167042,70,4
S00167043,75,4
S00167044,72,4
S00167045,76,11
S00167046,90,8
S00167047,130,13
S00167048,66,1
S00167049,105,13
S00167050,71,4
S00167051,74,-
S00167052,129,2
S00167053,69,6
S00167054,145,11
S00167055,82,2
S00167056,101,6
S00167057,103,4
S00167058,132,9
S00167059,88,8
S00167060,165,9
S00167061,140,9
S00167062,101,2
S00167063,111,9
S00167064,129,6
S00167065,110,11
S00167066,62,1
S00167067,113,12
S00167068,100,6
S00167069,76,3
S00167070,83,1
S00167071,55,9
S00167072,116,6
S00167073,95,4
S00167074,78,4
S00167075,84,3
S00167076,135,5
S00167077,174,9
S00167078,67,4
S00167079,70,11
S00167080,133,14
S00167081,108,7
S00167082,70,2
S00167083,61,2
S00167084,82,3
S00167085,60,8
S00167086,63,3
S00167087,89,2
S00167088,71,4
S00167089,125,6
S00167090,73,4
S00167091,77,10
S00167092,87,5
S00167093,96,5
S00167094,57,2
S00167095,56,10
S00167096,113,14
S00167097,122,8
S00167098,120,20
S00167099,48,5
S00167100,83,6
S00167101,110,13
S00167102,70,8
S00167103,81,6
S00167104,67,7
S00167105,140,6
S00167106,133,9
S00167107,86,3
S00167108,107,5
S00167109,110,5
S00167110,95,7
S00167111,106,5
S00167112,80,2
S00167113,89,11
S00167114,90,6
S00167115,96,9
S00167116,136,17
S00167117,72,4
S00167118,147,3
S00167119,104,10
S00167120,95,2
S00167121,132,5
S00167122,126,5
S00167123,107,9
S00167124,50,1
S00167125,105,6
S00167126,124,17
S00167127,64,4
S00167128,66,3
S00167129,106,5
S00167130,87,2
S00167131,136,7
S00167132,105,5
S00167133,89,7
S00167134,117,11
S00167135,84,1
S00167136,112,4
S00167137,77,4
S00167138,89,4
S00167139,78,6
S00167140,78,1
S00167141,69,6
S00167142,77,10
S00167143,56,2
S00167144,122,3
S00167145,80,6
S00167146,79,-
S00167147,153,13
S00167148,110,2
S00167149,85,3
S00167150,91,7
S00167151,84,-
S00167152,92,14
S00167153,70,9
S00167154,157,9
S00167155,160,4
S00167156,102,2
S00167157,53,5
S00167158,95,5
S00167159,112,10
S00167160,77,4
S00167161,69,3
S00167162,95,5
S00167163,78,5
S00167164,110,4
S00167165,85,5
S00167166,109,10
S00167167,82,10
S00167168,93,4
S00167169,103,11
S00167170,80,3
S00167171,65,1
S00167172,87,3
S00167173,117,9
S00167174,89,6
S00167175,72,6
S00167176,60,7
S00167177,89,11
S00167178,118,14
S00167179,116,4
S00167180,85,4
S00167181,75,7
S00167182,112,8
S00167183,118,10
S00167184,102,11
S00167185,74,5
S00167186,108,4
S00167187,77,3
S00167188,105,3
S00167189,58,4
S00167190,97,13
S00167191,85,5
S00167192,113,6
S00167193,106,4
S00167194,84,7
S00167195,94,14
S00167196,46,2
S00167197,99,5
S00167198,98,9
S00167199,82,3
S00167200,82,7
S00167201,55,3
S00167202,119,7
S00167203,91,15
S00167204,127,11
S00167205,118,6
S00167206,126,16
S00167207,121,12
S00167208,72,5
S00167209,69,2
S00167210,120,13
S00167211,82,8
S00167212,64,2
S00167213,79,4
S00167214,113,13
S00167215,82,8
S00167216,110,8
S00167217,77,5
S00167218,49,1
S00167219,82,5
S00167220,68,5
S00167221,71,6
S00167222,66,4
S00167223,56,-
S00167224,49,2
S00167225,102,6
S00167226,123,6
S00167227,105,1
S00167228,73,7
S00167229,62,5
S00167230,137,9
S00167231,87,-
S00167232,157,17
S00167233,81,6
S00167234,109,4
S00167235,103,15
S00167236,72,3
S00167237,110,12
S00167238,72,4
S00167239,106,8
S00167240,65,11
S00167241,60,-
S00167242,67,5
S00167243,95,3
S00167244,108,8
S00167245,77,4
S00167246,97,3
S00167247,148,7
S00167248,72,4
S00167249,72,6
S00167250,82,1
S00167251,96,9
S00167252,85,4
S00167253,62,-
S00167254,102,12
S00167255,60,-
S00167256,122,6
S00167257,60,4
S00167258,81,4
S00167259,78,7
S00167260,95,12
S00167261,105,6
S00167262,84,4
S00167263,111,3
S00167264,80,8
S00167265,132,12
S00167266,81,1
S00167267,68,2
S00167268,93,5
S00167269,78,2
S00167270,145,6
S00167271,92,14
S00167272,103,-
S00167273,75,5
S00167274,80,4
S00167275,59,1
S00167276,114,4
S00167277,92,12
S00167278,98,5
S00167279,52,10
S00167280,89,6
S00167281,105,8
S00167282,145,1
S00167283,76,3
S00167284,63,5
S00167285,101,8
S00167286,49,2
S00167287,76,1
S00167288,119,4
S00167289,70,3
S00167290,66,10
S00167291,86,4
S00167292,118,7
S00167293,75,5
S00167294,92,5
S00167295,61,4
S00167296,81,4
S00167297,104,5
S00167298,74,4
S00167299,71,8
S00167300,88,3
S00167301,126,9
S00167302,116,5
S00167303,89,-
S00167304,110,9
S00167305,89,7
S00167306,116,6
S00167307,89,3
S00167308,137,8
S00167309,104,10
S00167310,88,8
S00167311,125,18
S00167312,87,4
S00167313,124,13
S00167314,71,8
S00167315,73,8
S00167316,157,10
S00167317,70,3
S00167318,114,6
S00167319,63,2
S00167320,115,11
S00167321,88,6
S00167322,55,-
S00167323,114,6
S00167324,130,16
S00167325,116,20
S00167326,83,7
S00167327,75,4
S00167328,84,10
S00167329,74,8
S00167330,157,6
S00167331,135,5
S00167332,82,5
S00167333,77,3
S00167334,75,9
S00167335,86,6
S00167336,144,9
S00167337,104,4
S00167338,92,9
S00167339,85,4
S00167340,77,3
S00167341,51,5
S00167342,91,4
S00167343,146,10
S00167344,78,-
S00167345,102,6
S00167346,85,9
S00167347,109,13
S00167348,107,-
S00167349,96,5
S00167350,58,7
S00167351,91,3
S00167352,65,3
S00167353,96,4
S00167354,117,9
S00167355,57,4
S00167356,84,10
S00167357,81,3
S00167358,89,4
S00167359,92,4
S00167360,106,1
S00167361,98,1
S00167362,99,5
S00167363,93,4
S00167364,100,2
S00167365,89,6
S00167366,110,8
S00167367,56,-
S00167368,174,7
S00167369,85,4
S00167370,122,8
S00167371,120,3
S00167372,56,1
S00167373,85,8
S00167374,70,-
S00167375,98,6
S00167376,137,11
S00167377,79,5
S00167378,55,1
S00167379,64,2
S00167380,150,2
S00167381,66,4
S00167382,106,16
S00167383,144,13
S00167384,67,1
S00167385,83,3
S00167386,155,12
S00167387,89,6
S00167388,94,3
S00167389,61,3
S00167390,100,5
S00167391,102,2
S00167392,91,11
S00167393,92,7
S00167394,102,5
S00167395,104,9
S00167396,125,8
S00167397,100,5
S00167398,134,12
S00167399,127,5
S00167400,96,6
S00167401,55,4
S00167402,80,8
S00167403,169,15
S00167404,66,6
S00167405,137,7
S00167406,146,11
S00167407,109,12
S00167408,91,2
S00167409,110,11
S00167410,177,15
S00167411,112,3
S00167412,57,5
S00167413,152,5
S00167414,82,7
S00167415,131,4
S00167416,73,3
S00167417,88,5
S00167418,129,9
S00167419,102,9
S00167420,128,11
S00167421,114,10
S00167422,89,-
S00167423,61,1
S00167424,111,16
S00167425,72,12
S00167426,96,5
S00167427,70,5
S00167428,140,20
S00167429,74,7
S00167430,129,8
S00167431,82,5
S00167432,94,4
S00167433,86,2
S00167434,107,10
S00167435,84,4
S00167436,80,6
S00167437,113,4
S00167438,167,12
S00167439,89,4
S00167440,169,11
S00167441,141,10
S00167442,57,3
S00167443,125,12
S00167444,78,8
S00167445,112,5
S00167446,80,7
S00167447,115,6
S00167448,94,6
S00167449,72,10
S00167450,141,11
S00167451,121,4
S00167452,91,6
S00167453,97,7
S00167454,71,3
S00167455,98,3
S00167456,70,5
S00167457,113,5
S00167458,95,6
S00167459,76,8
S00167460,126,4
S00167461,166,6
S00167462,102,12
S00167463,173,10
S00167464,120,10
S00167465,103,6
S00167466,131,12
S00167467,156,8
S00167468,91,8
S00167469,98,7
S00167470,100,3
S00167471,83,-
S00167472,121,3
S00167473,83,5
S00167474,75,5
S00167475,47,6
S00167476,67,8
S00167477,89,10
S00167478,65,2
S00167479,63,5
S00167480,88,9
S00167481,82,6
S00167482,105,6
S00167483,91,4
S00167484,65,8
S00167485,102,7
S00167486,122,8
S00167487,93,4
S00167488,54,4
S00167489,82,6
S00167490,171,10
S00167491,70,-
S00167492,103,7
S00167493,85,3
S00167494,75,3
S00167495,92,4
S00167496,58,6
S00167497,85,4
S00167498,107,5
S00167499,72,8
S00167500,79,4
S00167501,131,7
S00167502,158,11
S00167503,77,5
S00167504,106,5
S00167505,95,4
S00167506,82,6
S00167507,99,6
S00167508,86,3
S00167509,102,10
S00167510,102,4
S00167511,86,7
S00167512,103,2
S00167513,83,3
S00167514,116,15
S00167515,81,5
S00167516,131,6
S00167517,106,5
S00167518,123,2
S00167519,94,8
S00167520,77,7
S00167521,88,2
S00167522,90,9
S00167523,54,1
S00167524,101,2
S00167525,158,1
S00167526,85,5
S00167527,115,7
S00167528,112,5
S00167529,72,4
S00167530,78,-
S00167531,113,8
S00167532,112,-
S00167533,131,3
S00167534,109,11
S00167535,93,3
S00167536,145,7
S00167537,73,-
S00167538,76,4
S00167539,88,3
S00167540,124,5
S00167541,138,11
S00167542,118,4
S00167543,79,8
S00167544,60,10
S00167545,79,2
S00167546,153,7
S00167547,77,4
S00167548,64,7
S00167549,99,14
S00167550,88,3
S00167551,96,4
S00167552,95,7
S00167553,125,12
S00167554,56,2
S00167555,78,1
S00167556,85,4
S00167557,118,5
S00167558,128,4
S00167559,96,3
S00167560,107,7
S00167561,76,2
S00167562,113,8
S00167563,86,3
S00167564,52,1
S00167565,77,2
S00167566,115,4
S00167567,128,3
S00167568,86,5
S00167569,118,7
S00167570,109,14
S00167571,86,2
S00167572,59,5
S00167573,114,11
S00167574,73,4
S00167575,58,7
S00167576,74,5
S00167577,96,3
S00167578,107,5
S00167579,135,6
S00167580,85,4
S00167581,105,8
S00167582,69,9
S00167583,85,5
S00167584,61,2
S00167585,68,5
S00167586,113,6
S00167587,116,8
S00167588,110,4
S00167589,67,6
S00167590,114,5
S00167591,113,7
S00167592,66,3
S00167593,98,5
S00167594,78,5
S00167595,144,16
S00167596,98,8
S00167597,131,6
S00167598,77,9
S00167599,66,5
S00167600,84,3
S00167601,128,3
S00167602,70,5
S00167603,143,16
S00167604,66,-
S00167605,123,12
S00167606,84,3
S00167607,130,16
S00167608,104,3
S00167609,72,6
S00167610,107,7
S00167611,58,-
S00167612,75,4
S00167613,67,1
S00167614,104,4
S00167615,81,6
S00167616,114,5
S00167617,92,8
S00167618,122,10
S00167619,85,9
S00167620,99,3
S00167621,70,10
S00167622,71,3
S00167623,77,2
S00167624,91,4
S00167625,57,8
S00167626,144,2
S00167627,75,2
S00167628,116,6
S00167629,99,8
S00167630,91,4
S00167631,100,5
S00167632,131,15
S00167633,105,2
S00167634,68,-
S00167635,76,4
S00167636,95,8
S00167637,53,-
S00167638,125,7
S00167639,101,4
S00167640,118,12
S00167641,78,4
S00167642,112,2
S00167643,114,1
S00167644,85,7
S00167645,83,-
S00167646,68,-
S00167647,92,5
S00167648,120,11
S00167649,116,10
S00167650,155,10
S00167651,82,-
S00167652,70,7
S00167653,103,5
S00167654,101,4
S00167655,63,4
S00167656,47,2
S00167657,64,4
S00167658,74,1
S00167659,82,7
S00167660,110,1
S00167661,95,7
S00167662,88,4
S00167663,60,2
S00167664,120,2
S00167665,59,4
S00167666,156,6
S00167667,72,5
S00167668,141,3
S00167669,122,4
S00167670,94,4
S00167671,117,3
S00167672,122,13
S00167673,106,10
S00167674,87,8
S00167675,61,4
S00167676,102,5
S00167677,54,-
S00167678,108,5
S00167679,55,4
S00167680,96,6
S00167681,105,3
S00167682,101,8
S00167683,101,2
S00167684,69,3
S00167685,67,-
S00167686,58,2
S00167687,82,2
S00167688,146,16
S00167689,79,6
S00167690,47,1
S00167691,60,5
S00167692,110,3
S00167693,83,1
S00167694,80,6
S00167695,86,6
S00167696,109,4
S00167697,143,5
S00167698,106,8
S00167699,136,14
S00167700,86,1
S00167701,94,5
S00167702,136,9
S00167703,72,2
S00167704,66,6
S00167705,110,4
S00167706,123,4
S00167707,144,5
S00167708,80,1
S00167709,90,6
S00167710,52,-
S00167711,96,5
S00167712,70,4
S00167713,172,17
S00167714,149,8
S00167715,201,26
S00167716,159,13
S00167717,133,12
S00167718,71,3
S00167719,134,2
S00167720,145,3
S00167721,157,7
S00167722,54,5
S00167723,63,-
S00167724,127,2
S00167725,55,3
S00167726,116,2
S00167727,78,5
S00167728,124,2
S00167729,149,6
S00167730,72,4
S00167731,55,4
S00167732,112,5
S00167733,144,5
S00167734,84,3
S00167735,104,6
S00167736,96,2
S00167737,97,2
S00167738,68,2
S00167739,61,-
S00167740,100,-
S00167741,148,7
S00167742,84,1
S00167743,69,1
S00167744,100,4
S00167745,109,2
S00167746,99,3
S00167747,99,7
S00167748,63,3
S00167749,84,3
S00167750,68,-
S00167751,109,2
S00167752,62,1
S00167753,114,5
S00167754,70,3
S00167755,108,3
S00167756,87,7
S00167757,144,10
S00167758,75,3
S00167759,106,2
S00167760,67,4
S00167761,165,6
S00167762,147,4
S00167763,89,5
S00167764,128,9
S00167765,122,10
S00167766,125,6
S00167767,109,10
S00167768,138,14
S00167769,79,4
S00167770,98,6
S00167771,48,8
S00167772,164,14
S00167773,155,11
S00167774,102,10
S00167775,66,8
S00167776,60,4
S00167777,139,7
S00167778,68,1
S00167779,92,5
S00167780,91,2
S00167781,125,10
S00167782,117,8
S00167783,146,17
S00167784,114,9
S00167785,97,18
S00167786,134,15
S00167787,116,5
S00167788,73,6
S00167789,128,9
S00167790,60,-
S00167791,61,-
S00167792,110,7
S00167793,69,9
S00167794,75,4
S00167795,63,2
S00167796,93,4
S00167797,121,7
S00167798,75,2
S00167799,165,9
S00167800,92,4
S00167801,117,14
S00167802,73,4
S00167803,119,8
S00167804,93,4
S00167805,101,5
S00167806,73,-
S00167807,84,7
S00167808,57,5
S00167809,80,3
S00167810,179,19
S00167811,62,3
S00167812,131,3
S00167813,129,-
S00167814,120,8
S00167815,145,4
S00167816,104,6
S00167817,55,7
S00167818,68,-
S00167819,162,13
S00167820,96,5
S00167821,85,5
S00167822,117,11
S00167823,100,5
S00167824,85,5
S00167825,68,3
S00167826,106,10
S00167827,139,4
S00167828,68,3
S00167829,80,4
S00167830,130,18
S00167831,95,2
S00167832,88,5
S00167833,80,1
S00167834,77,5
S00167835,89,6
S00167836,149,16
S00167837,59,5
S00167838,105,6
S00167839,55,1
S00167840,138,12
S00167841,133,9
S00167842,100,7
S00167843,93,3
S00167844,68,4
S00167845,57,1
S00167846,68,2
S00167847,108,4
S00167848,73,-
S00167849,61,-
S00167850,74,11
S00167851,86,5
S00167852,65,1
S00167853,90,5
S00167854,69,-
S00167855,95,5
S00167856,95,10
S00167857,69,1
S00167858,92,-
S00167859,109,9
S00167860,158,4
S00167861,138,24
S00167862,62,7
S00167863,108,3
S00167864,177,14
S00167865,112,16
S00167866,90,6
S00167867,83,5
S00167868,120,12
S00167869,116,10
S00167870,128,19
S00167871,103,12
S00167872,144,15
S00167873,75,4
S00167874,89,14
S00167875,108,6
S00167876,63,6
S00167877,92,9
S00167878,67,2
S00167879,73,6
S00167880,110,3
S00167881,145,12
S00167882,165,11
S00167883,101,6
S00167884,142,20
S00167885,134,10
S00167886,200,15
S00167887,69,3
S00167888,94,-
S00167889,60,3
S00167890,111,14
S00167891,119,3
S00167892,109,12
S00167893,109,6
S00167894,62,2
S00167895,173,16
S00167896,95,1
S00167897,89,-
S00167898,116,9
S00167899,73,9
S00167900,93,8
S00167901,94,9
S00167902,144,22
S00167903,107,5
S00167904,81,-
S00167905,124,11
S00167906,224,24
S00167907,133,8
S00167908,104,2
S00167909,134,14
S00167910,115,12
S00167911,171,24
S00167912,190,16
S00167913,117,7
S00167914,85,4
S00167915,115,5
S00167916,122,15
S00167917,63,3
S00167918,80,11
S00167919,88,10
S00167920,119,8
S00167921,109,19
S00167922,51,6
S00167923,97,18
S00167924,142,13
S00167925,76,7
S00167926,110,9
S00167927,123,3
S00167928,117,19
S00167929,74,4
S00167930,108,7
S00167931,48,6
S00167932,91,12
S00167933,181,21
S00167934,76,2
S00167935,63,6
S00167936,63,10
S00167937,81,18
S00167938,143,2
S00167939,46,-
S00167940,140,12
S00167941,115,12
S00167942,116,8
S00167943,115,4
S00167944,115,12
S00167945,93,12
S00167946,60,2
S00167947,125,8
S00167948,76,4
S00167949,115,13
S00167950,144,17
S00167951,117,6
S00167952,78,6
S00167953,48,1
S00167954,73,5
S00167955,147,16
S00167956,85,10
S00167957,186,17
S00167958,81,2
S00167959,93,12
S00167960,113,12
S00167961,143,7
S00167962,61,4
S00167963,89,-
S00167964,73,1
S00167965,111,4
S00167966,111,3
S00167967,79,11
S00167968,151,24
S00167969,144,15
S00167970,118,9
S00167971,149,13
S00167972,153,7
S00167973,114,3
S00167974,108,20
S00167975,82,5
S00167976,111,4
S00167977,115,17
S00167978,72,4
S00167979,86,7
S00167980,130,9
S00167981,78,4
S00167982,59,3
S00167983,86,7
S00167984,128,12
S00167985,123,4
S00167986,67,1
S00167987,68,4
S00167988,57,5
S00167989,164,12
S00167990,145,17
S00167991,65,-
S00167992,108,6
S00167993,108,8
S00167994,71,2
S00167995,76,6
S00167996,63,3
S00167997,91,4
S00167998,133,10
S00167999,73,2
S00168000,83,8
S00168001,63,1
S00168002,109,4
S00168003,117,3
S00168004,135,13
S00168005,119,8
S00168006,149,10
S00168007,93,5
S00168008,61,5
S00168009,116,8
S00168010,85,8
S00168011,83,2
S00168012,78,-
S00168013,150,12
S00168014,91,6
S00168015,95,11
S00168016,142,6
S00168017,123,18
S00168018,90,1
S00168019,70,3
S00168020,58,2
S00168021,83,11
S00168022,103,8
S00168023,73,-
S00168024,68,6
S00168025,193,32
S00168026,138,3
S00168027,156,8
S00168028,89,3
S00168029,66,4
S00168030,151,21
S00168031,103,7
S00168032,51,3
S00168033,83,8
S00168034,57,1
S00168035,51,4
S00168036,89,3
S00168037,70,3
S00168038,157,11
S00168039,126,15
S00168040,86,2
S00168041,142,10
S00168042,86,13
S00168043,153,6
S00168044,120,13
S00168045,94,4
S00168046,88,3
S00168047,72,1
S00168048,57,-
S00168049,131,19
S00168050,116,6
S00168051,106,6
S00168052,93,11
S00168053,120,7
S00168054,77,7
S00168055,114,11
S00168056,116,19
S00168057,70,3
S00168058,92,9
S00168059,97,3
S00168060,101,4
S00168061,96,3
S00168062,153,14
S00168063,78,6
S00168064,80,5
S00168065,76,8
S00168066,109,3
S00168067,172,17
S00168068,112,11
S00168069,102,12
S00168070,91,5
S00168071,116,12
S00168072,130,10
S00168073,65,-
S00168074,73,1
S00168075,57,4
S00168076,76,5
S00168077,87,11
S00168078,112,8
S00168079,129,8
S00168080,81,5
S00168081,91,11
S00168082,106,9
S00168083,134,21
S00168084,62,2
S00168085,97,10
S00168086,94,6
S00168087,66,4
S00168088,75,1
S00168089,127,16
S00168090,148,7
S00168091,69,3
S00168092,67,2
S00168093,59,4
S00168094,110,7
S00168095,102,8
S00168096,100,8
S00168097,145,5
S00168098,83,4
S00168099,74,7
S00168100,73,3
S00168101,137,7
S00168102,91,7
S00168103,96,3
S00168104,92,5
S00168105,85,14
S00168106,103,3
S00168107,115,6
S00168108,103,5
S00168109,76,5
S00168110,145,12
S00168111,114,12
S00168112,153,7
S00168113,146,21
S00168114,94,12
S00168115,126,3
S00168116,149,9
S00168117,75,-
S00168118,68,1
S00168119,61,6
S00168120,60,-
S00168121,66,3
S00168122,153,5
S00168123,87,11
S00168124,192,16
S00168125,56,5
S00168126,86,6
S00168127,81,4
S00168128,68,7
S00168129,121,12
S00168130,76,-
S00168131,105,4
S00168132,113,8
S00168133,110,9
S00168134,80,13
S00168135,142,20
S00168136,136,13
S00168137,74,7
S00168138,63,5
S00168139,110,9
S00168140,83,4
S00168141,80,13
S00168142,124,7
S00168143,132,6
S00168144,112,15
S00168145,135,15
S00168146,140,12
S00168147,76,5
S00168148,73,4
S00168149,95,2
S00168150,104,7
S00168151,142,18
S00168152,68,4
S00168153,72,1
S00168154,111,4
S00168155,108,4
S00168156,136,7
S00168157,56,1
S00168158,124,7
S00168159,115,13
S00168160,81,1
S00168161,57,3
S00168162,108,7
S00168163,106,6
S00168164,102,9
S00168165,114,4
S00168166,91,7
S00168167,68,7
S00168168,160,9
S00168169,132,12
S00168170,76,2
S00168171,91,9
S00168172,62,7
S00168173,60,6
S00168174,78,8
S00168175,52,3
S00168176,104,4
S00168177,98,10
S00168178,105,10
S00168179,84,12
S00168180,98,3
S00168181,106,16
S00168182,44,6
S00168183,115,13
S00168184,85,8
S00168185,104,8
S00168186,69,3
S00168187,130,11
S00168188,85,6
S00168189,118,10
S00168190,68,-
S00168191,101,4
S00168192,101,10
S00168193,84,7
S00168194,69,2
S00168195,79,3
S00168196,101,5
S00168197,131,6
S00168198,99,15
S00168199,118,5
S00168200,75,7
S00168201,89,1
S00168202,70,4
S00168203,157,7
S00168204,124,10
S00168205,86,3
S00168206,116,7
S00168207,116,8
S00168208,145,13
S00168209,55,3
S00168210,126,6
S00168211,86,10
S00168212,89,1
S00168213,102,5
S00168214,107,6
S00168215,139,9
S00168216,109,6
S00168217,110,13
S00168218,93,7
S00168219,97,10
S00168220,116,13
S00168221,82,11
S00168222,104,11
S00168223,95,10
S00168224,103,2
S00168225,141,21
S00168226,77,5
S00168227,55,5
S00168228,147,6
S00168229,103,5
S00168230,108,4
S00168231,98,3
S00168232,87,13
S00168233,64,6
S00168234,73,1
S00168235,69,6
S00168236,101,15
S00168237,147,10
S00168238,140,19
S00168239,124,20
S00168240,83,5
S00168241,72,8
S00168242,59,7
S00168243,116,6
S00168244,132,10
S00168245,119,4
S00168246,122,4
S00168247,89,4
S00168248,116,12
S00168249,77,4
S00168250,115,5
S00168251,64,6
S00168252,128,8
S00168253,71,6
S00168254,102,6
S00168255,64,4
S00168256,94,5
S00168257,108,7
S00168258,128,7
S00168259,170,13
S00168260,108,3
S00168261,68,4
S00168262,75,3
S00168263,166,16
S00168264,109,7
S00168265,96,8
S00168266,68,7
S00168267,89,3
S00168268,179,22
S00168269,57,4
S00168270,62,4
S00168271,93,6
S00168272,110,3
S00168273,80,3
S00168274,161,7
S00168275,88,3
S00168276,113,5
S00168277,117,8
S00168278,79,1
S00168279,129,10
S00168280,117,11
S00168281,78,2
S00168282,83,4
S00168283,112,4
S00168284,80,1
S00168285,148,16
S00168286,153,11
S00168287,60,5
S00168288,105,3
S00168289,83,6
S00168290,125,6
S00168291,85,7
S00168292,95,1
S00168293,79,1
S00168294,101,3
S00168295,65,1
S00168296,120,4
S00168297,134,3
S00168298,153,3
S00168299,112,14
S00168300,102,9
S00168301,134,1
S00168302,106,10
S00168303,186,16
S00168304,124,7
S00168305,114,10
S00168306,77,4
S00168307,74,9
S00168308,83,3
S00168309,86,9
S00168310,117,4
S00168311,89,3
S00168312,86,2
S00168313,121,4
S00168314,101,6
S00168315,79,2
S00168316,89,7
S00168317,94,5
S00168318,158,7
S00168319,115,8
S00168320,80,2
S00168321,81,-
S00168322,65,-
S00168323,74,8
S00168324,54,5
S00168325,106,12
S00168326,117,12
S00168327,119,2
S00168328,181,25
S00168329,96,6
S00168330,128,4
S00168331,134,14
S00168332,100,7
S00168333,61,2
S00168334,90,9
S00168335,98,7
S00168336,50,1
S00168337,75,5
S00168338,185,12
S00168339,56,-
S00168340,161,7
S00168341,65,1
S00168342,82,1
S00168343,143,11
S00168344,78,9
S00168345,76,5
S00168346,84,3
S00168347,87,7
S00168348,94,8
S00168349,75,6
S00168350,115,9
S00168351,63,7
S00168352,67,4
S00168353,109,5
S00168354,82,8
S00168355,80,5
S00168356,111,11
S00168357,60,4
S00168358,96,3
S00168359,80,6
S00168360,118,4
S00168361,82,9
S00168362,78,3
S00168363,84,6
S00168364,76,5
S00168365,123,8
S00168366,104,11
S00168367,169,21
S00168368,68,1
S00168369,128,11
S00168370,86,8
S00168371,112,8
S00168372,88,10
S00168373,64,5
S00168374,88,6
S00168375,103,10
S00168376,110,4
S00168377,84,7
S00168378,93,8
S00168379,98,9
S00168380,84,6
S00168381,114,8
S00168382,81,6
S00168383,90,1
S00168384,78,2
S00168385,87,1
S00168386,69,2
S00168387,94,4
S00168388,77,4
S00168389,139,7
S00168390,100,4
S00168391,147,12
S00168392,61,7
S00168393,133,7
S00168394,78,7
S00168395,85,5
S00168396,71,4
S00168397,97,2
S00168398,56,1
S00168399,81,4
S00168400,102,10
S00168401,139,8
S00168402,64,1
S00168403,175,19
S00168404,51,1
S00168405,142,13
S00168406,137,20
S00168407,91,9
S00168408,77,2
S00168409,89,5
S00168410,121,6
S00168411,79,3
S00168412,125,6
S00168413,99,7
S00168414,75,3
S00168415,157,18
S00168416,97,7
S00168417,84,9
S00168418,151,10
S00168419,118,9
S00168420,81,9
S00168421,150,7
S00168422,164,20
S00168423,91,8
S00168424,48,5
S00168425,103,4
S00168426,148,11
S00168427,86,9
S00168428,113,8
S00168429,74,8
S00168430,102,6
S00168431,96,8
S00168432,62,-
S00168433,110,5
S00168434,168,9
S00168435,70,4
S00168436,119,13
S00168437,122,5
S00168438,61,7
S00168439,126,12
S00168440,66,4
S00168441,95,6
S00168442,76,9
S00168443,76,-
S00168444,96,9
S00168445,90,8
S00168446,73,5
S00168447,106,2
S00168448,107,9
S00168449,95,3
S00168450,85,4
S00168451,100,12
S00168452,158,21
S00168453,107,12
S00168454,104,6
S00168455,110,6
S00168456,94,3
S00168457,93,3
S00168458,142,6
S00168459,83,2
S00168460,177,20
S00168461,89,3
S00168462,128,16
S00168463,128,6
S00168464,96,4
S00168465,71,2
S00168466,101,3
S00168467,69,5
S00168468,98,4
S00168469,102,3
S00168470,191,27
S00168471,107,2
S00168472,131,9
S00168473,135,11
S00168474,127,12
S00168475,153,9
S00168476,146,13
S00168477,65,6
S00168478,120,2
S00168479,56,3
S00168480,123,16
S00168481,85,3
S00168482,57,3
S00168483,120,8
S00168484,113,7
S00168485,115,5
S00168486,133,11
S00168487,72,3
S00168488,158,6
S00168489,50,4
S00168490,64,6
S00168491,89,10
S00168492,113,6
S00168493,113,3
S00168494,94,6
S00168495,110,6
S00168496,101,8
S00168497,73,4
S00168498,92,3
S00168499,142,12
S00168500,100,8
S00168501,129,9
S00168502,102,12
S00168503,78,3
S00168504,100,6
S00168505,98,4
S00168506,174,16
S00168507,95,4
S00168508,113,4
S00168509,57,2
S00168510,195,19
S00168511,75,5
S00168512,88,6
S00168513,96,6
S00168514,65,3
S00168515,198,10
S00168516,63,2
S00168517,72,9
S00168518,92,6
S00168519,117,9
S00168520,77,4
S00168521,75,6
S00168522,151,15
S00168523,82,3
S00168524,85,2
S00168525,103,6
S00168526,65,1
S00168527,100,9
S00168528,99,5
S00168529,81,5
S00168530,170,17
S00168531,156,10
S00168532,112,7
S00168533,93,4
S00168534,91,7
S00168535,111,5
S00168536,67,-
S00168537,156,15
S00168538,95,12
S00168539,56,-
S00168540,71,-
S00168541,98,8
S00168542,62,7
S00168543,81,11
S00168544,152,7
S00168545,112,6
S00168546,96,5
S00168547,72,2
S00168548,169,13
S00168549,99,3
S00168550,68,4
S00168551,79,12
S00168552,91,11
S00168553,57,4
S00168554,98,5
S00168555,113,8
S00168556,102,4
S00168557,114,11
S00168558,112,14
S00168559,112,10
S00168560,112,3
S00168561,154,15
S00168562,105,13
S00168563,124,5
S00168564,77,9
S00168565,103,5
S00168566,87,4
S00168567,154,11
S00168568,99,7
S00168569,71,3
S00168570,179,18
S00168571,96,4
S00168572,117,4
S00168573,150,15
S00168574,112,5
S00168575,116,12
S00168576,155,6
S00168577,93,3
S00168578,70,7
S00168579,99,13
S00168580,103,5
S00168581,114,2
S00168582,81,7
S00168583,130,5
S00168584,85,6
S00168585,127,13
S00168586,152,11
S00168587,106,2
S00168588,105,4
S00168589,71,-
S00168590,83,6
S00168591,81,7
S00168592,108,16
S00168593,90,6
S00168594,93,3
S00168595,76,5
S00168596,134,2
S00168597,72,6
S00168598,146,8
S00168599,93,3
S00168600,64,-
S00168601,67,9
S00168602,84,10
S00168603,131,6
S00168604,121,9
S00168605,155,5
S00168606,102,8
S00168607,103,12
S00168608,124,4
S00168609,108,18
S00168610,62,4
S00168611,67,7
S00168612,73,2
S00168613,106,5
S00168614,74,-
S00168615,99,10
S00168616,76,6
S00168617,70,5
S00168618,102,10
S00168619,131,3
S00168620,118,10
S00168621,95,5
S00168622,99,5
S00168623,123,4
S00168624,113,7
S00168625,85,3
S00168626,107,10
S00168627,156,12
S00168628,98,11
S00168629,90,5
S00168630,75,5
S00168631,92,9
S00168632,98,6
S00168633,136,7
S00168634,120,3
S00168635,96,7
S00168636,87,4
S00168637,90,8
S00168638,55,6
S00168639,90,6
S00168640,146,6
S00168641,120,6
S00168642,137,7
S00168643,95,6
S00168644,104,3
S00168645,66,3
S00168646,130,10
S00168647,58,4
S00168648,190,16
S00168649,97,10
S00168650,97,6
S00168651,79,11
S00168652,113,16
S00168653,111,7
S00168654,63,1
S00168655,59,-
S00168656,71,1
S00168657,84,8
S00168658,107,6
S00168659,106,4
S00168660,80,4
S00168661,48,1
S00168662,141,4
S00168663,101,10
S00168664,125,6
S00168665,87,2
S00168666,101,4
S00168667,97,5
S00168668,69,5
S00168669,65,7
S00168670,103,10
S00168671,81,8
S00168672,97,7
S00168673,76,7
S00168674,118,6
S00168675,92,13
S00168676,150,14
S00168677,135,9
S00168678,114,7
S00168679,69,2
S00168680,79,3
S00168681,128,6
S00168682,56,4
S00168683,131,6
S00168684,71,2
S00168685,113,6
S00168686,94,3
S00168687,57,3
S00168688,85,2
S00168689,72,5
S00168690,133,10
S00168691,159,6
S00168692,71,10
S00168693,87,7
S00168694,95,11
S00168695,146,16
S00168696,53,3
S00168697,78,3
S00168698,53,7
S00168699,71,3
S00168700,57,3
S00168701,108,6
S00168702,98,5
S00168703,77,5
S00168704,67,3
S00168705,150,5
S00168706,71,-
S00168707,89,1
S00168708,88,1
S00168709,49,3
S00168710,113,8
S00168711,110,5
S00168712,124,3
S00168713,149,9
S00168714,116,5
S00168715,95,14
S00168716,125,12
S00168717,76,3
S00168718,59,9
S00168719,72,3
S00168720,85,6
S00168721,66,2
S00168722,77,7
S00168723,40,3
S00168724,68,3
S00168725,147,6
S00168726,110,4
S00168727,108,1
S00168728,74,4
S00168729,65,3
S00168730,76,2
S00168731,64,1
S00168732,129,10
S00168733,111,8
S00168734,74,5
S00168735,50,-
S00168736,69,6
S00168737,87,1
S00168738,62,7
S00168739,77,1
S00168740,70,3
S00168741,93,7
S00168742,112,5
S00168743,89,2
S00168744,61,-
S00168745,83,6
S00168746,122,10
S00168747,90,5
S00168748,90,11
S00168749,104,6
S00168750,119,9
S00168751,89,-
S00168752,109,6
S00168753,60,-
S00168754,56,9
S00168755,82,7
S00168756,123,16
S00168757,73,3
S00168758,92,9
S00168759,104,11
S00168760,128,7
S00168761,126,4
S00168762,123,10
S00168763,138,5
S00168764,108,5
S00168765,92,8
S00168766,72,3
S00168767,113,9
S00168768,87,10
S00168769,79,3
S00168770,109,9
S00168771,88,2
S00168772,74,4
S00168773,92,5
S00168774,73,8
S00168775,125,13
S00168776,66,3
S00168777,83,10
S00168778,112,6
S00168779,82,6
S00168780,55,-
S00168781,115,5
S00168782,96,6
S00168783,68,1
S00168784,70,5
S00168785,84,2
S00168786,71,7
S00168787,98,10
S00168788,126,10
S00168789,184,1
S00168790,117,5
S00168791,97,5
S00168792,119,9
S00168793,59,5
S00168794,114,12
S00168795,99,4
S00168796,72,3
S00168797,97,8
S00168798,78,1
S00168799,121,5
S00168800,79,5
S00168801,57,2
S00168802,155,7
S00168803,134,6
S00168804,82,4
S00168805,61,3
S00168806,66,4
S00168807,63,-
S00168808,63,4
S00168809,62,-
S00168810,123,12
S00168811,111,12
S00168812,62,6
S00168813,72,3
S00168814,89,5
S00168815,114,7
S00168816,102,3
S00168817,117,7
S00168818,132,8
S00168819,55,3
S00168820,81,5
S00168821,75,11
S00168822,67,9
S00168823,56,5
S00168824,74,7
S00168825,125,8
S00168826,119,7
S00168827,109,12
S00168828,89,6
S00168829,137,5
S00168830,76,2
S00168831,103,3
S00168832,180,13
S00168833,90,6
S00168834,84,2
S00168835,89,3
S00168836,133,3
S00168837,81,5
S00168838,90,3
S00168839,108,12
S00168840,71,-
S00168841,132,11
S00168842,124,10
S00168843,115,-
S00168844,85,-
S00168845,167,25
S00168846,80,6
S00168847,65,-
S00168848,96,10
S00168849,68,6
S00168850,88,4
S00168851,77,3
S00168852,122,6
S00168853,105,7
S00168854,113,9
S00168855,111,9
S00168856,152,16
S00168857,89,11
S00168858,95,6
S00168859,93,7
S00168860,107,7
S00168861,108,4
S00168862,119,8
S00168863,156,11
S00168864,132,6
S00168865,73,1
S00168866,152,19
S00168867,193,15
S00168868,61,5
S00168869,105,3
S00168870,130,4
S00168871,61,-
S00168872,70,-
S00168873,130,4
S00168874,84,5
S00168875,91,4
S00168876,97,5
S00168877,99,3
S00168878,68,2
S00168879,62,4
S00168880,89,3
S00168881,134,12
S00168882,100,-
S00168883,55,3
S00168884,84,-
S00168885,155,18
S00168886,132,10
S00168887,127,10
S00168888,133,9
S00168889,87,6
S00168890,80,5
S00168891,77,5
S00168892,106,2
S00168893,126,6
S00168894,73,7
S00168895,77,4
S00168896,103,10
S00168897,118,11
S00168898,113,8
S00168899,84,-
S00168900,85,5
S00168901,74,1
S00168902,93,1
S00168903,152,26
S00168904,120,10
S00168905,106,6
S00168906,74,9
S00168907,76,-
S00168908,87,-
S00168909,162,12
S00168910,101,12
S00168911,95,5
S00168912,94,11
S00168913,69,4
S00168914,117,11
S00168915,173,16
S00168916,78,2
S00168917,112,11
S00168918,69,3
S00168919,58,4
S00168920,85,10
S00168921,86,3
S00168922,68,8
S00168923,80,4
S00168924,93,10
S00168925,97,4
S00168926,105,7
S00168927,79,10
S00168928,138,10
S00168929,64,3
S00168930,114,6
S00168931,95,4
S00168932,101,5
S00168933,72,4
S00168934,54,-
S00168935,113,12
S00168936,117,9
S00168937,157,10
S00168938,86,4
S00168939,54,3
S00168940,94,3
S00168941,70,3
S00168942,83,3
S00168943,149,15
S00168944,117,8
S00168945,147,11
S00168946,122,12
S00168947,130,6
S00168948,127,14
S00168949,141,12
S00168950,96,4
S00168951,81,2
S00168952,62,-
S00168953,65,15
S00168954,99,6
S00168955,81,4
S00168956,118,12
S00168957,88,12
S00168958,88,10
S00168959,142,14
S00168960,119,11
S00168961,176,14
S00168962,122,6
S00168963,84,12
S00168964,66,8
S00168965,91,1
S00168966,81,12
S00168967,71,4
S00168968,82,5
S00168969,59,3
S00168970,186,9
S00168971,72,13
S00168972,95,4
S00168973,114,-
S00168974,70,1
S00168975,112,6
S00168976,114,9
S00168977,113,17
S00168978,129,9
S00168979,57,3
S00168980,70,-
S00168981,92,6
S00168982,94,3
S00168983,59,3
S00168984,173,10
S00168985,87,5
S00168986,104,11
S00168987,91,2
S00168988,90,5
S00168989,98,8
S00168990,160,10
S00168991,156,14
S00168992,59,1
S00168993,55,2
S00168994,111,10
S00168995,103,11
S00168996,141,19
S00168997,62,1
S00168998,61,4
S00168999,86,5
S00169000,92,9
S00169001,93,7
S00169002,97,2
S00169003,54,2
S00169004,154,9
S00169005,80,8
S00169006,73,6
S00169007,86,5
S00169008,60,3
S00169009,95,8
S00169010,117,5
S00169011,62,4
S00169012,78,7
S00169013,105,2
S00169014,71,6
S00169015,130,10
S00169016,74,9
S00169017,51,4
S00169018,77,2
S00169019,163,19
S00169020,59,10
S00169021,65,7
S00169022,81,2
S00169023,75,2
S00169024,86,1
S00169025,84,2
S00169026,80,2
S00169027,61,2
S00169028,80,9
S00169029,102,4
S00169030,68,4
S00169031,120,6
S00169032,149,4
S00169033,65,4
S00169034,83,6
S00169035,70,2
S00169036,66,2
S00169037,91,1
S00169038,128,8
S00169039,71,4
S00169040,67,3
S00169041,125,9
S00169042,77,3
S00169043,89,4
S00169044,84,9
S00169045,74,6
S00169046,125,8
S00169047,81,6
S00169048,99,6
S00169049,56,4
S00169050,151,12
S00169051,80,5
S00169052,114,16
S00169053,62,1
S00169054,138,7
S00169055,122,16
S00169056,67,3
S00169057,185,5
S00169058,89,9
S00169059,92,1
S00169060,133,4
S00169061,94,4
S00169062,61,3
S00169063,109,4
S00169064,85,3
S00169065,83,4
S00169066,110,9
S00169067,128,6
S00169068,91,5
S00169069,90,5
S00169070,55,4
S00169071,122,4
S00169072,81,4
S00169073,76,1
S00169074,155,12
S00169075,76,1
S00169076,98,11
S00169077,54,1
S00169078,71,5
S00169079,78,1
S00169080,102,11
S00169081,74,5
S00169082,93,8
S00169083,97,12
S00169084,90,1
S00169085,71,4
S00169086,141,15
S00169087,71,7
S00169088,86,6
S00169089,73,5
S00169090,103,3
S00169091,81,2
S00169092,117,7
S00169093,107,3
S00169094,94,4
S00169095,118,11
S00169096,62,-
S00169097,77,7
S00169098,78,2
S00169099,72,7
S00169100,71,10
S00169101,97,8
S00169102,90,15
S00169103,143,18
S00169104,73,6
S00169105,52,2
S00169106,116,10
S00169107,80,4
S00169108,87,6
S00169109,124,3
S00169110,145,19
S00169111,96,7
S00169112,53,4
S00169113,107,1
S00169114,77,2
S00169115,103,4
S00169116,114,11
S00169117,80,7
S00169118,75,2
S00169119,133,1
S00169120,126,15
S00169121,62,2
S00169122,73,5
S00169123,122,8
S00169124,78,3
S00169125,40,4
S00169126,86,3
S00169127,54,5
S00169128,147,7
S00169129,67,4
S00169130,118,10
S00169131,155,15
S00169132,67,3
S00169133,149,8
S00169134,136,10
S00169135,86,8
S00169136,147,4
S00169137,104,8
S00169138,101,8
S00169139,89,7
S00169140,149,12
S00169141,136,11
S00169142,73,2
S00169143,61,1
S00169144,107,6
S00169145,90,6
S00169146,105,-
S00169147,159,14
S00169148,107,-
S00169149,132,17
S00169150,98,11
S00169151,97,3
S00169152,131,11
S00169153,88,-
S00169154,135,2
S00169155,102,5
S00169156,108,11
S00169157,66,1
S00169158,129,14
S00169159,109,8
S00169160,99,3
S00169161,64,2
S00169162,75,8
S00169163,88,5
S00169164,125,10
S00169165,82,7
S00169166,100,11
S00169167,132,11
S00169168,81,8
S00169169,89,3
S00169170,79,6
S00169171,157,12
S00169172,76,3
S00169173,85,9
S00169174,101,9
S00169175,66,3
S00169176,56,8
S00169177,73,6
S00169178,69,9
S00169179,80,11
S00169180,95,7
S00169181,89,4
S00169182,90,7
S00169183,102,8
S00169184,90,5
S00169185,96,1
S00169186,127,6
S00169187,93,2
S00169188,85,4
S00169189,106,5
S00169190,157,6
S00169191,97,6
S00169192,88,5
S00169193,115,12
S00169194,116,4
S00169195,89,7
S00169196,83,5
S00169197,152,7
S00169198,76,6
S00169199,154,6
S00169200,146,11
S00169201,107,7
S00169202,105,8
S00169203,84,11
S00169204,116,7
S00169205,118,9
S00169206,76,1
S00169207,125,16
S00169208,114,5
S00169209,59,4
S00169210,156,8
S00169211,126,14
S00169212,80,5
S00169213,129,9
S00169214,86,6
S00169215,109,7
S00169216,109,5
S00169217,63,1
S00169218,66,11
S00169219,116,7
S00169220,115,13
S00169221,121,11
S00169222,154,4
S00169223,89,1
S00169224,84,5
S00169225,148,16
S00169226,62,2
S00169227,117,4
S00169228,105,2
S00169229,72,6
S00169230,93,9
S00169231,90,11
S00169232,121,11
S00169233,82,7
S00169234,79,3
S00169235,77,1
S00169236,211,23
S00169237,66,8
S00169238,84,3
S00169239,89,2
S00169240,80,5
S00169241,90,1
S00169242,99,10
S00169243,84,6
S00169244,112,3
S00169245,144,4
S00169246,89,5
S00169247,88,4
S00169248,61,6
S00169249,99,6
S00169250,132,8
S00169251,71,3
S00169252,101,9
S00169253,136,7
S00169254,92,5
S00169255,165,16
S00169256,80,1
S00169257,83,4
S00169258,104,3
S00169259,107,10
S00169260,74,3
S00169261,100,4
S00169262,121,11
S00169263,84,3
S00169264,80,8
S00169265,102,12
S00169266,74,7
S00169267,87,7
S00169268,94,5
S00169269,96,4
S00169270,119,4
S00169271,62,4
S00169272,134,-
S00169273,183,15
S00169274,116,3
S00169275,136,10
S00169276,194,37
S00169277,43,2
S00169278,98,12
S00169279,120,14
S00169280,101,10
S00169281,171,15
S00169282,75,11
S00169283,175,16
S00169284,91,5
S00169285,61,5
S00169286,135,12
S00169287,131,6
S00169288,124,14
S00169289,96,11
S00169290,114,11
S00169291,117,10
S00169292,133,14
S00169293,85,7
S00169294,80,2
S00169295,123,12
S00169296,107,6
S00169297,64,6
S00169298,117,9
S00169299,90,5
S00169300,71,6
S00169301,104,12
S00169302,55,5
S00169303,125,8
S00169304,72,4
S00169305,87,9
S00169306,123,5
S00169307,89,3
S00169308,132,6
S00169309,64,-
S00169310,116,10
S00169311,93,11
S00169312,76,5
S00169313,119,9
S00169314,108,5
S00169315,77,2
S00169316,106,8
S00169317,73,-
S00169318,107,10
S00169319,182,6
S00169320,84,3
S00169321,72,-
S00169322,135,9
S00169323,78,4
S00169324,83,2
S00169325,78,8
S00169326,146,16
S00169327,73,8
S00169328,140,11
S00169329,86,5
S00169330,68,2
S00169331,111,6
S00169332,114,7
S00169333,71,2
S00169334,134,12
S00169335,76,3
S00169336,68,4
S00169337,72,4
S00169338,91,7
S00169339,156,20
S00169340,84,5
S00169341,64,5
S00169342,80,6
S00169343,143,21
S00169344,95,8
S00169345,99,3
S00169346,91,4
S00169347,81,8
S00169348,111,4
S00169349,131,3
S00169350,108,13
S00169351,63,1
S00169352,105,4
S00169353,192,19
S00169354,95,6
S00169355,138,11
S00169356,122,13
S00169357,71,10
S00169358,116,6
S00169359,81,3
S00169360,94,5
S00169361,127,14
S00169362,76,9
S00169363,91,4
S00169364,87,5
S00169365,97,6
S00169366,118,11
S00169367,160,17
S00169368,86,15
S00169369,153,18
S00169370,130,8
S00169371,187,30
S00169372,119,10
S00169373,134,6
S00169374,102,7
S00169375,73,7
S00169376,139,14
S00169377,127,4
S00169378,45,6
S00169379,92,5
S00169380,102,3
S00169381,117,8
S00169382,145,10
S00169383,126,10
S00169384,133,9
S00169385,84,7
S00169386,101,14
S00169387,86,2
S00169388,104,11
S00169389,111,11
S00169390,54,2
S00169391,74,3
S00169392,87,8
S00169393,124,19
S00169394,84,6
S00169395,98,13
S00169396,129,10
S00169397,121,17
S00169398,100,5
S00169399,68,-
S00169400,101,8
S00169401,93,20
S00169402,58,3
S00169403,86,6
S00169404,115,10
S00169405,77,4
S00169406,132,12
S00169407,99,5
S00169408,146,9
S00169409,73,5
S00169410,89,5
S00169411,115,5
S00169412,109,9
S00169413,69,6
S00169414,98,7
S00169415,107,9
S00169416,99,6
S00169417,63,5
S00169418,126,8
S00169419,134,9
S00169420,87,9
S00169421,99,5
S00169422,110,4
S00169423,91,11
S00169424,137,16
S00169425,137,13
S00169426,80,-
S00169427,70,7
S00169428,87,7
S00169429,69,2
S00169430,81,8
S00169431,85,1
S00169432,141,9
S00169433,92,7
S00169434,81,1
S00169435,102,6
S00169436,156,12
S00169437,108,8
S00169438,79,2
S00169439,76,2
S00169440,97,4
S00169441,93,1
S00169442,82,12
S00169443,121,17
S00169444,102,8
S00169445,86,1
S00169446,102,4
S00169447,86,5
S00169448,126,4
S00169449,92,2
S00169450,88,3
S00169451,114,8
S00169452,134,8
S00169453,63,3
S00169454,104,5
S00169455,131,8
S00169456,86,6
S00169457,84,5
S00169458,129,4
S00169459,153,22
S00169460,81,4
S00169461,70,5
S00169462,64,4
S00169463,81,11
S00169464,101,5
S00169465,133,13
S00169466,101,9
S00169467,98,6
S00169468,113,3
S00169469,114,11
S00169470,85,11
S00169471,94,8
S00169472,102,5
S00169473,110,5
S00169474,171,8
S00169475,107,10
S00169476,122,5
S00169477,93,4
S00169478,115,8
S00169479,78,-
S00169480,110,9
S00169481,225,15
S00169482,107,4
S00169483,110,3
S00169484,112,5
S00169485,89,5
S00169486,98,8
S00169487,63,-
S00169488,106,7
S00169489,105,7
S00169490,86,6
S00169491,77,11
S00169492,106,4
S00169493,172,11
S00169494,67,2
S00169495,117,8
S00169496,52,4
S00169497,111,4
S00169498,142,10
S00169499,91,5
S00169500,91,3
S00169501,85,4
S00169502,70,4
S00169503,70,4
S00169504,66,6
S00169505,616,12
S00169506,92,5
S00169507,88,11
S00169508,152,17
S00169509,69,5
S00169510,159,9
S00169511,135,8
S00169512,55,1
S00169513,95,5
S00169514,141,12
S00169515,69,7
S00169516,108,12
S00169517,60,4
S00169518,88,4
S00169519,136,8
S00169520,84,3
S00169521,173,30
S00169522,79,8
S00169523,48,3
S00169524,147,5
S00169525,81,8
S00169526,75,6
S00169527,68,4
S00169528,118,7
S00169529,69,6
S00169530,100,8
S00169531,116,4
S00169532,113,9
S00169533,104,7
S00169534,100,2
S00169535,70,2
S00169536,129,24
S00169537,124,9
S00169538,82,1
S00169539,77,12
S00169540,67,12
S00169541,62,2
S00169542,92,8
S00169543,63,8
S00169544,106,-
S00169545,70,2
S00169546,61,-
S00169547,92,4
S00169548,78,2
S00169549,59,4
S00169550,89,9
S00169551,89,14
S00169552,80,3
S00169553,143,7
S00169554,66,5
S00169555,147,11
S00169556,77,2
S00169557,94,4
S00169558,121,10
S00169559,87,4
S00169560,67,4
S00169561,90,-
S00169562,90,6
S00169563,62,3
S00169564,83,5
S00169565,92,7
S00169566,62,4
S00169567,98,7
S00169568,114,6
S00169569,78,4
S00169570,67,5
S00169571,65,4
S00169572,102,6
S00169573,64,4
S00169574,110,5
S00169575,91,6
S00169576,89,10
S00169577,79,8
S00169578,83,10
S00169579,53,3
S00169580,76,3
S00169581,58,-
S00169582,95,2
S00169583,98,6
S00169584,90,2
S00169585,117,10
S00169586,101,4
S00169587,128,10
S00169588,116,16
S00169589,58,2
S00169590,100,2
S00169591,130,7
S00169592,103,5
S00169593,100,10
S00169594,99,8
S00169595,87,5
S00169596,65,7
S00169597,82,4
S00169598,68,5
S00169599,116,6
S00169600,71,3
S00169601,149,12
S00169602,120,12
S00169603,70,4
S00169604,58,5
S00169605,71,2
S00169606,161,10
S00169607,51,3
S00169608,58,4
S00169609,92,6
S00169610,85,-
S00169611,103,4
S00169612,80,2
S00169613,105,6
S00169614,78,4
S00169615,135,8
S00169616,74,6
S00169617,86,9
S00169618,68,3
S00169619,66,1
S00169620,116,-
S00169621,86,3
S00169622,139,10
S00169623,73,2
S00169624,152,16
S00169625,161,13
S00169626,62,4
S00169627,88,10
S00169628,86,6
S00169629,142,14
S00169630,65,4
S00169631,71,1
S00169632,76,4
S00169633,91,6
S00169634,84,9
S00169635,96,5
S00169636,128,7
S00169637,60,1
S00169638,96,6
S00169639,66,3
S00169640,108,7
S00169641,59,7
S00169642,141,9
S00169643,74,4
S00169644,84,2
S00169645,114,3
S00169646,137,4
S00169647,119,8
S00169648,49,1
S00169649,79,-
S00169650,52,3
S00169651,91,6
S00169652,67,5
S00169653,123,8
S00169654,137,8
S00169655,104,4
S00169656,61,2
S00169657,55,4
S00169658,92,4
S00169659,81,6
S00169660,130,13
S00169661,63,6
S00169662,94,3
S00169663,171,13
S00169664,92,2
S00169665,129,9
S00169666,106,2
S00169667,99,5
S00169668,107,4
S00169669,99,10
S00169670,142,10
S00169671,109,6
S00169672,60,7
S00169673,63,6
S00169674,57,4
S00169675,133,12
S00169676,97,10
S00169677,80,9
S00169678,109,11
S00169679,127,10
S00169680,100,10
S00169681,129,7
S00169682,75,1
S00169683,111,5
S00169684,73,-
S00169685,75,6
S00169686,152,11
S00169687,76,9
S00169688,55,1
S00169689,79,2
S00169690,79,7
S00169691,69,4
S00169692,109,10
S00169693,123,5
S00169694,132,8
S00169695,86,6
S00169696,125,11
S00169697,75,4
S00169698,79,6
S00169699,89,7
S00169700,160,6
S00169701,94,4
S00169702,98,6
S00169703,69,-
S00169704,75,9
S00169705,66,9
S00169706,82,2
S00169707,93,4
S00169708,80,1
S00169709,80,8
S00169710,74,5
S00169711,75,1
S00169712,132,6
S00169713,97,9
S00169714,102,6
S00169715,67,-
S00169716,66,1
S00169717,86,8
S00169718,89,4
S00169719,109,9
S00169720,125,9
S00169721,84,9
S00169722,67,5
S00169723,58,3
S00169724,75,4
S00169725,116,6
S00169726,123,14
S00169727,69,5
S00169728,142,9
S00169729,74,7
S00169730,109,6
S00169731,112,3
S00169732,114,6
S00169733,109,8
S00169734,106,13
S00169735,125,10
S00169736,107,5
S00169737,123,14
S00169738,102,5
S00169739,56,4
S00169740,103,7
S00169741,86,4
S00169742,68,2
S00169743,87,8
S00169744,117,7
S00169745,63,3
S00169746,76,7
S00169747,89,12
S00169748,81,3
S00169749,75,5
S00169750,121,10
S00169751,86,5
S00169752,137,16
S00169753,83,9
S00169754,105,10
S00169755,96,6
S00169756,86,7
S00169757,130,9
S00169758,77,9
S00169759,87,12
S00169760,67,7
S00169761,60,4
S00169762,134,1
S00169763,102,7
S00169764,64,3
S00169765,51,3
S00169766,91,7
S00169767,124,12
S00169768,101,5
S00169769,104,7
S00169770,95,4
S00169771,117,2
S00169772,97,10
S00169773,100,5
S00169774,108,3
S00169775,81,8
S00169776,133,6
S00169777,107,5
S00169778,145,7
S00169779,99,8
S00169780,102,5
S00169781,120,8
S00169782,57,8
S00169783,141,12
S00169784,132,11
S00169785,121,10
S00169786,66,1
S00169787,107,8
S00169788,72,4
S00169789,102,7
S00169790,85,7
S00169791,73,4
S00169792,79,4
S00169793,96,2
S00169794,83,5
S00169795,117,9
S00169796,70,4
S00169797,88,3
S00169798,117,14
S00169799,137,7
S00169800,115,4
S00169801,101,7
S00169802,67,6
S00169803,83,2
S00169804,82,-
S00169805,100,8
S00169806,91,1
S00169807,104,7
S00169808,79,6
S00169809,62,5
S00169810,103,4
S00169811,55,2
S00169812,131,9
S00169813,60,4
S00169814,56,3
S00169815,72,4
S00169816,101,2
S00169817,120,9
S00169818,115,20
S00169819,154,9
S00169820,85,2
S00169821,54,5
S00169822,91,6
S00169823,72,5
S00169824,143,6
S00169825,66,3
S00169826,76,5
S00169827,146,4
S00169828,105,8
S00169829,129,9
S00169830,45,4
S00169831,75,1
S00169832,85,4
S00169833,114,3
S00169834,94,10
S00169835,58,1
S00169836,60,3
S00169837,57,4
S00169838,69,5
S00169839,128,10
S00169840,109,7
S00169841,104,6
S00169842,58,3
S00169843,58,4
S00169844,74,6
S00169845,62,4
S00169846,168,13
S00169847,74,4
S00169848,88,6
S00169849,82,9
S00169850,81,7
S00169851,67,3
S00169852,91,4
S00169853,77,-
S00169854,97,13
S00169855,105,4
S00169856,72,5
S00169857,131,11
S00169858,77,6
S00169859,115,7
S00169860,60,-
S00169861,132,11
S00169862,112,4
S00169863,58,5
S00169864,66,2
S00169865,52,3
S00169866,105,14
S00169867,130,7
S00169868,99,11
S00169869,94,5
S00169870,112,3
S00169871,85,6
S00169872,60,2
S00169873,99,7
S00169874,64,4
S00169875,67,7
S00169876,69,7
S00169877,97,7
S00169878,107,10
S00169879,86,6
S00169880,176,14
S00169881,154,13
S00169882,111,2
S00169883,96,9
S00169884,64,2
S00169885,112,11
S00169886,102,11
S00169887,105,11
S00169888,148,16
S00169889,90,7
S00169890,165,27
S00169891,126,20
S00169892,134,16
S00169893,103,5
S00169894,65,1
S00169895,78,5
S00169896,90,6
S00169897,72,-
S00169898,55,6
S00169899,98,10
S00169900,57,5
S00169901,73,1
S00169902,103,4
S00169903,91,5
S00169904,102,12
S00169905,101,8
S00169906,84,5
S00169907,111,14
S00169908,67,1
S00169909,87,3
S00169910,92,7
S00169911,60,2
S00169912,84,7
S00169913,87,8
S00169914,88,-
S00169915,114,10
S00169916,98,12
S00169917,171,19
S00169918,147,12
S00169919,78,8
S00169920,60,-
S00169921,125,11
S00169922,69,2
S00169923,75,9
S00169924,64,1
S00169925,96,5
S00169926,88,8
S00169927,71,5
S00169928,144,13
S00169929,58,6
S00169930,108,3
S00169931,129,19
S00169932,169,26
S00169933,60,5
S00169934,75,2
S00169935,76,1
S00169936,82,9
S00169937,99,2
S00169938,131,6
S00169939,87,-
S00169940,64,8
S00169941,72,5
S00169942,54,9
S00169943,112,8
S00169944,148,19
S00169945,72,15
S00169946,110,11
S00169947,115,21
S00169948,88,7
S00169949,68,5
S00169950,99,12
S00169951,128,19
S00169952,48,6
S00169953,107,36
S00169954,100,15
S00169955,83,2
S00169956,175,10
S00169957,100,5
S00169958,64,2
S00169959,148,8
S00169960,212,6
S00169961,59,2
S00169962,143,21
S00169963,78,5
S00169964,101,7
S00169965,65,4
S00169966,52,5
S00169967,68,1
S00169968,137,6
S00169969,151,8
S00169970,99,7
S00169971,101,6
S00169972,105,10
S00169973,102,10
S00169974,71,4
S00169975,130,13
S00169976,95,3
S00169977,104,15
S00169978,160,9
S00169979,127,8
S00169980,60,-
S00169981,113,-
S00169982,110,13
S00169983,86,2
S00169984,65,-
S00169985,56,4
S00169986,57,-
S00169987,116,21
S00169988,198,30
S00169989,88,6
S00169990,159,18
S00169991,105,7
S00169992,122,8
S00169993,136,19
S00169994,165,24
S00169995,119,7
S00169996,69,8
S00169997,99,1
S00169998,127,18
S00169999,127,11
S00170000,90,5
S00170001,103,1
S00170002,160,18
S00170003,76,6
S00170004,135,5
S00170005,70,8
S00170006,126,8
S00170007,87,7
S00170008,122,7
S00170009,74,4
S00170010,86,3
S00170011,108,7
S00170012,97,14
S00170013,165,14
S00170014,84,3
S00170015,116,1
S00170016,106,3
S00170017,81,5
S00170018,55,3
S00170019,94,5
S00170020,103,9
S00170021,76,-
S00170022,113,9
S00170023,92,7
S00170024,107,15
S00170025,102,9
S00170026,71,6
S00170027,125,2
S00170028,105,11
S00170029,85,7
S00170030,89,7
S00170031,81,5
S00170032,65,3
S00170033,97,5
S00170034,80,4
S00170035,86,-
S00170036,122,10
S00170037,109,4
S00170038,83,6
S00170039,95,8
S00170040,53,4
S00170041,96,16
S00170042,101,10
S00170043,89,6
S00170044,152,8
S00170045,74,8
S00170046,83,1
S00170047,164,17
S00170048,91,10
S00170049,69,6
S00170050,90,4
S00170051,60,4
S00170052,59,2
S00170053,89,5
S00170054,120,7
S00170055,97,6
S00170056,111,5
S00170057,126,4
S00170058,96,6
S00170059,83,2
S00170060,56,4
S00170061,86,1
S00170062,73,7
S00170063,70,6
S00170064,115,2
S00170065,61,3
S00170066,131,13
S00170067,96,11
S00170068,90,9
S00170069,67,1
S00170070,52,3
S00170071,116,14
S00170072,79,2
S00170073,141,10
S00170074,93,4
S00170075,81,3
S00170076,89,5
S00170077,67,-
S00170078,129,9
S00170079,136,11
S00170080,115,10
S00170081,69,3
S00170082,100,1
S00170083,93,2
S00170084,81,1
S00170085,119,13
S00170086,95,4
S00170087,99,5
S00170088,96,4
S00170089,91,4
S00170090,101,7
S00170091,120,11
S00170092,106,9
S00170093,112,6
S00170094,80,5
S00170095,80,8
S00170096,98,5
S00170097,77,4
S00170098,108,16
S00170099,162,10
S00170100,74,3
S00170101,72,4
S00170102,114,7
S00170103,153,12
S00170104,94,7
S00170105,86,2
S00170106,70,6
S00170107,67,-
S00170108,96,9
S00170109,84,6
S00170110,71,3
S00170111,82,6
S00170112,93,7
S00170113,113,10
S00170114,148,12
S00170115,90,2
S00170116,142,6
S00170117,118,11
S00170118,66,2
S00170119,94,6
S00170120,109,8
S00170121,93,7
S00170122,109,10
S00170123,82,10
S00170124,75,5
S00170125,131,6
S00170126,60,3
S00170127,68,7
S00170128,105,5
S00170129,71,1
S00170130,99,12
S00170131,70,7
S00170132,69,2
S00170133,96,7
S00170134,88,7
S00170135,99,3
S00170136,97,4
S00170137,111,7
S00170138,91,10
S00170139,91,6
S00170140,61,4
S00170141,57,5
S00170142,162,11
S00170143,125,8
S00170144,111,3
S00170145,84,8
S00170146,105,15
S00170147,95,4
S00170148,67,5
S00170149,121,8
S00170150,78,4
S00170151,97,4
S00170152,142,14
S00170153,118,15
S00170154,141,10
S00170155,83,7
S00170156,80,2
S00170157,92,22
S00170158,79,4
S00170159,77,6
S00170160,104,1
S00170161,107,7
S00170162,85,3
S00170163,85,7
S00170164,69,4
S00170165,92,4
S00170166,76,3
S00170167,66,2
S00170168,102,13
S00170169,72,3
S00170170,77,2
S00170171,92,1
S00170172,52,1
S00170173,117,10
S00170174,81,6
S00170175,73,3
S00170176,78,6
S00170177,71,9
S00170178,91,3
S00170179,97,9
S00170180,88,1
S00170181,90,1
S00170182,81,2
S00170183,115,-
S00170184,63,5
S00170185,60,5
S00170186,98,4
S00170187,119,6
S00170188,100,5
S00170189,59,7
S00170190,50,4
S00170191,58,5
S00170192,115,11
S00170193,101,11
S00170194,78,4
S00170195,101,12
S00170196,67,7
S00170197,81,5
S00170198,75,3
S00170199,89,3
S00170200,90,4
S00170201,84,7
S00170202,121,8
S00170203,132,15
S00170204,55,1
S00170205,102,11
S00170206,77,4
S00170207,112,2
S00170208,122,3
S00170209,85,4
S00170210,100,10
S00170211,76,2
S00170212,154,18
S00170213,75,-
S00170214,120,11
S00170215,92,3
S00170216,120,10
S00170217,59,1
S00170218,98,6
S00170219,98,7
S00170220,118,11
S00170221,87,3
S00170222,100,1
S00170223,92,7
S00170224,91,4
S00170225,110,7
S00170226,67,8
S00170227,76,3
S00170228,82,10
S00170229,117,7
S00170230,86,9
S00170231,60,9
S00170232,85,3
S00170233,95,7
S00170234,132,9
S00170235,75,8
S00170236,77,8
S00170237,80,5
S00170238,134,11
S00170239,102,7
S00170240,87,3
S00170241,132,10
S00170242,121,12
S00170243,78,2
S00170244,59,4
S00170245,83,4
S00170246,87,5
S00170247,69,3
S00170248,137,6
S00170249,81,4
S00170250,112,-
S00170251,100,12
S00170252,99,5
S00170253,100,6
S00170254,106,5
S00170255,141,8
S00170256,115,8
S00170257,90,-
S00170258,63,5
S00170259,135,9
S00170260,89,-
S00170261,110,4
S00170262,64,4
S00170263,60,5
S00170264,85,7
S00170265,78,4
S00170266,58,4
S00170267,57,6
S00170268,95,7
S00170269,137,6
S00170270,121,4
S00170271,91,3
S00170272,86,2
S00170273,71,1
S00170274,51,3
S00170275,109,7
S00170276,89,9
S00170277,153,9
S00170278,70,-
S00170279,108,4
S00170280,115,10
S00170281,151,2
S00170282,117,12
S00170283,85,7
S00170284,62,2
S00170285,101,8
S00170286,73,5
S00170287,112,9
S00170288,107,7
S00170289,57,1
S00170290,102,7
S00170291,103,1
S00170292,143,10
S00170293,127,3
S00170294,96,6
S00170295,148,14
S00170296,99,10
S00170297,79,3
S00170298,130,8
S00170299,109,12
S00170300,90,2
S00170301,110,6
S00170302,72,4
S00170303,117,14
S00170304,94,10
S00170305,143,13
S00170306,130,8
S00170307,80,7
S00170308,109,7
S00170309,73,2
S00170310,94,4
S00170311,77,-
S00170312,76,2
S00170313,129,5
S00170314,155,17
S00170315,129,5
S00170316,108,5
S00170317,62,2
S00170318,86,3
S00170319,48,-
S00170320,117,9
S00170321,102,1
S00170322,121,6
S00170323,59,3
S00170324,79,6
S00170325,96,3
S00170326,163,16
S00170327,103,19
S00170328,78,2
S00170329,101,4
S00170330,65,1
S00170331,61,-
S00170332,83,6
S00170333,75,8
S00170334,59,1
S00170335,138,5
S00170336,95,7
S00170337,103,6
S00170338,74,-
S00170339,108,4
S00170340,54,5
S00170341,58,1
S00170342,83,6
S00170343,80,7
S00170344,69,4
S00170345,97,3
S00170346,113,-
S00170347,83,9
S00170348,86,2
S00170349,69,1
S00170350,101,2
S00170351,79,10
S00170352,69,3
S00170353,61,6
S00170354,102,11
S00170355,68,8
S00170356,84,6
S00170357,107,4
S00170358,108,12
S00170359,132,5
S00170360,65,3
S00170361,78,-
S00170362,74,8
S00170363,66,5
S00170364,112,15
S00170365,57,6
S00170366,145,17
S00170367,131,14
S00170368,96,6
S00170369,95,3
S00170370,64,2
S00170371,131,11
S00170372,66,1
S00170373,84,8
S00170374,60,6
S00170375,113,8
S00170376,55,3
S00170377,53,-
S00170378,164,19
S00170379,76,14
S00170380,72,7
S00170381,114,7
S00170382,50,-
S00170383,185,19
S00170384,59,3
S00170385,109,6
S00170386,67,3
S00170387,93,2
S00170388,127,13
S00170389,56,2
S00170390,106,10
S00170391,77,9
S00170392,120,14
S00170393,82,3
S00170394,81,7
S00170395,86,10
S00170396,85,4
S00170397,132,10
S00170398,82,8
S00170399,80,8
S00170400,207,15
S00170401,95,10
S00170402,76,-
S00170403,100,5
S00170404,122,6
S00170405,122,8
S00170406,103,4
S00170407,90,4
S00170408,69,3
S00170409,64,1
S00170410,110,9
S00170411,125,7
S00170412,57,2
S00170413,97,4
S00170414,103,2
S00170415,87,2
S00170416,91,8
S00170417,71,1
S00170418,80,4
S00170419,144,15
S00170420,109,10
S00170421,73,1
S00170422,138,12
S00170423,99,5
S00170424,46,3
S00170425,53,2
S00170426,106,10
S00170427,118,11
S00170428,104,9
S00170429,58,2
S00170430,75,6
S00170431,204,11
S00170432,143,15
S00170433,90,4
S00170434,100,5
S00170435,134,8
S00170436,102,6
S00170437,76,9
S00170438,118,17
S00170439,58,1
S00170440,117,8
S00170441,50,3
S00170442,105,7
S00170443,111,4
S00170444,79,10
S00170445,137,9
S00170446,185,6
S00170447,67,2
S00170448,147,8
S00170449,113,5
S00170450,117,9
S00170451,65,5
S00170452,66,4
S00170453,78,2
S00170454,130,7
S00170455,56,1
S00170456,84,7
S00170457,73,1
S00170458,84,1
S00170459,98,10
S00170460,106,1
S00170461,96,9
S00170462,77,5
S00170463,72,7
S00170464,124,7
S00170465,146,12
S00170466,97,7
S00170467,92,2
S00170468,80,7
S00170469,75,2
S00170470,90,11
S00170471,80,6
S00170472,57,4
S00170473,117,2
S00170474,70,2
S00170475,114,6
S00170476,88,-
S00170477,62,12
S00170478,160,17
S00170479,76,3
S00170480,109,4
S00170481,79,6
S00170482,62,-
S00170483,146,15
S00170484,103,7
S00170485,135,10
S00170486,134,10
S00170487,115,4
S00170488,111,8
S00170489,116,15
S00170490,94,8
S00170491,90,-
S00170492,50,4
S00170493,70,4
S00170494,56,4
S00170495,98,1
S00170496,47,1
S00170497,98,6
S00170498,100,4
S00170499,95,6
S00170500,112,16
S00170501,55,4
S00170502,140,5
S00170503,93,2
S00170504,106,7
S00170505,79,2
S00170506,52,2
S00170507,155,4
S00170508,85,4
S00170509,106,3
S00170510,85,6
S00170511,81,5
S00170512,67,-
S00170513,70,4
S00170514,158,3
S00170515,87,7
S00170516,170,21
S00170517,111,2
S00170518,67,3
S00170519,73,6
S00170520,97,-
S00170521,56,7
S00170522,65,2
S00170523,157,12
S00170524,106,7
S00170525,75,11
S00170526,99,10
S00170527,237,39
S00170528,78,4
S00170529,49,5
S00170530,121,6
S00170531,94,3
S00170532,86,3
S00170533,148,18
S00170534,65,-
S00170535,97,6
S00170536,125,4
S00170537,79,10
S00170538,75,3
S00170539,87,5
S00170540,107,8
S00170541,71,-
S00170542,94,9
S00170543,57,5
S00170544,93,2
S00170545,84,7
S00170546,68,-
S00170547,194,28
S00170548,108,15
S00170549,116,5
S00170550,134,10
S00170551,104,7
S00170552,59,3
S00170553,137,7
S00170554,116,7
S00170555,119,4
S00170556,82,1
S00170557,126,14
S00170558,111,7
S00170559,76,1
S00170560,109,9
S00170561,95,4
S00170562,61,3
S00170563,71,8
S00170564,72,4
S00170565,60,2
S00170566,80,4
S00170567,123,7
S00170568,85,4
S00170569,117,8
S00170570,87,6
S00170571,112,4
S00170572,136,12
S00170573,70,4
S00170574,80,4
S00170575,68,2
S00170576,75,6
S00170577,131,8
S00170578,82,4
S00170579,104,5
S00170580,91,4
S00170581,72,4
S00170582,133,12
S00170583,71,4
S00170584,118,7
S00170585,68,1
S00170586,111,9
S00170587,146,20
S00170588,160,9
S00170589,231,25
S00170590,152,12
S00170591,135,9
S00170592,111,7
S00170593,124,4
S00170594,79,-
S00170595,107,5
S00170596,142,6
S00170597,92,-
S00170598,114,11
S00170599,95,4
S00170600,132,5
S00170601,83,3
S00170602,135,-
S00170603,95,2
S00170604,69,1
S00170605,75,3
S00170606,68,4
S00170607,104,-
S00170608,135,5
S00170609,141,6
S00170610,95,-
S00170611,137,2
S00170612,97,3
S00170613,67,1
S00170614,88,-
S00170615,104,3
S00170616,82,-
S00170617,84,2
S00170618,88,1
S00170619,126,5
S00170620,71,4
S00170621,85,2
S00170622,95,2
S00170623,68,3
S00170624,59,-
S00170625,60,1
S00170626,128,3
S00170627,117,3
S00170628,87,2
S00170629,81,3
S00170630,133,13
S00170631,106,2
S00170632,107,-
S00170633,108,9
S00170634,97,2
S00170635,61,1
S00170636,65,4
S00170637,71,-
S00170638,109,2
S00170639,109,5
S00170640,137,2
S00170641,138,6
S00170642,103,2
S00170643,118,5
S00170644,127,3
S00170645,54,-
S00170646,81,2
S00170647,126,6
S00170648,80,3
S00170649,105,4
S00170650,87,2
S00170651,77,2
S00170652,117,4
S00170653,90,2
S00170654,97,4
S00170655,71,1
S00170656,144,3
S00170657,121,1
S00170658,106,8
S00170659,57,-
S00170660,62,3
S00170661,110,3
S00170662,156,4
S00170663,96,4
S00170664,149,6
S00170665,115,2
S00170666,80,1
S00170667,142,4
S00170668,67,3
S00170669,82,7
S00170670,88,3
S00170671,103,5
S00170672,92,11
S00170673,103,7
S00170674,106,4
S00170675,92,3
S00170676,110,2
S00170677,96,3
S00170678,98,5
S00170679,107,6
S00170680,121,4
S00170681,78,7
S00170682,115,4
S00170683,58,2
S00170684,60,1
S00170685,68,4
S00170686,70,2
S00170687,118,4
S00170688,103,-
S00170689,81,2
S00170690,83,2
S00170691,105,3
S00170692,116,7
S00170693,49,2
S00170694,119,8
S00170695,96,1
S00170696,76,-
S00170697,86,6
S00170698,118,2
S00170699,114,2
S00170700,128,4
S00170701,125,7
S00170702,58,2
S00170703,101,3
S00170704,76,3
S00170705,82,5
S00170706,67,-
S00170707,83,5
S00170708,53,-
S00170709,128,7
S00170710,124,6
S00170711,87,6
S00170712,76,-
S00170713,71,1
S00170714,139,4
S00170715,141,9
S00170716,84,3
S00170717,84,2
S00170718,96,5
S00170719,142,6
S00170720,72,3
S00170721,81,2
S00170722,61,1
S00170723,62,1
S00170724,77,-
S00170725,88,4
S00170726,129,3
S00170727,141,12
S00170728,81,1
S00170729,91,1
S00170730,94,5
S00170731,79,2
S00170732,69,3
S00170733,102,4
S00170734,85,-
S00170735,61,-
S00170736,88,1
S00170737,69,4
S00170738,147,7
S00170739,59,5
S00170740,118,5
S00170741,155,2
S00170742,85,3
S00170743,58,-
S00170744,97,-
S00170745,68,2
S00170746,142,6
S00170747,137,4
S00170748,115,6
S00170749,72,2
S00170750,101,1
S00170751,87,1
S00170752,79,4
S00170753,61,2
S00170754,52,2
S00170755,84,1
S00170756,107,7
S00170757,112,1
S00170758,89,2
S00170759,79,4
S00170760,58,-
S00170761,60,4
S00170762,110,-
S00170763,138,5
S00170764,175,11
S00170765,155,7
S00170766,115,4
S00170767,114,2
S00170768,140,12
S00170769,93,4
S00170770,167,14
S00170771,131,7
S00170772,116,4
S00170773,71,3
S00170774,139,-
S00170775,60,1
S00170776,71,1
S00170777,170,4
S00170778,128,4
S00170779,146,7
S00170780,116,5
S00170781,66,2
S00170782,126,4
S00170783,79,1
S00170784,120,3
S00170785,106,2
S00170786,80,4
S00170787,116,6
S00170788,61,-
S00170789,72,1
S00170790,125,4
S00170791,136,-
S00170792,131,4
S00170793,89,1
S00170794,114,7
S00170795,95,3
S00170796,70,2
S00170797,111,2
S00170798,82,1
S00170799,106,3
S00170800,89,4
S00170801,114,1
S00170802,95,2
S00170803,85,3
S00170804,88,4
S00170805,98,10
S00170806,73,1
S00170807,70,-
S00170808,101,6
S00170809,106,4
S00170810,97,2
S00170811,145,3
S00170812,127,4
S00170813,109,-
S00170814,144,9
S00170815,77,-
S00170816,108,8
S00170817,118,5
S00170818,92,5
S00170819,118,-
S00170820,127,3
S00170821,104,-
S00170822,87,6
S00170823,149,-
S00170824,83,3
S00170825,68,1
S00170826,111,6
S00170827,128,6
S00170828,136,7
S00170829,150,7
S00170830,115,-
S00170831,94,2
S00170832,92,3
S00170833,110,4
S00170834,87,1
S00170835,115,1
S00170836,108,1
S00170837,66,1
S00170838,97,4
S00170839,123,1
S00170840,101,4
S00170841,68,2
S00170842,119,3
S00170843,121,5
S00170844,68,7
S00170845,62,4
S00170846,63,1
S00170847,122,2
S00170848,108,2
S00170849,63,2
S00170850,90,2
S00170851,98,2
S00170852,107,4
S00170853,152,8
S00170854,89,4
S00170855,76,4
S00170856,91,4
S00170857,87,8
S00170858,62,1
S00170859,90,1
S00170860,114,4
S00170861,78,-
S00170862,83,2
S00170863,87,2
S00170864,71,2
S00170865,64,3
S00170866,100,9
S00170867,148,1
S00170868,85,8
S00170869,97,4
S00170870,81,2
S00170871,125,7
S00170872,120,6
S00170873,68,2
S00170874,73,4
S00170875,136,10
S00170876,104,3
S00170877,105,6
S00170878,92,5
S00170879,70,1
S00170880,119,4
S00170881,93,7
S00170882,96,4
S00170883,83,1
S00170884,77,-
S00170885,87,6
S00170886,68,2
S00170887,53,2
S00170888,87,2
S00170889,115,4
S00170890,56,1
S00170891,51,1
S00170892,124,8
S00170893,121,3
S00170894,134,13
S00170895,129,3
S00170896,137,4
S00170897,58,-
S00170898,64,3
S00170899,76,7
S00170900,93,5
S00170901,103,6
S00170902,134,6
S00170903,107,2
S00170904,83,5
S00170905,82,6
S00170906,72,1
S00170907,103,5
S00170908,113,2
S00170909,140,2
S00170910,91,1
S00170911,90,6
S00170912,107,-
S00170913,142,5
S00170914,166,2
S00170915,76,3
S00170916,122,4
S00170917,54,4
S00170918,68,-
S00170919,65,7
S00170920,120,-
S00170921,86,2
S00170922,106,2
S00170923,95,2
S00170924,56,1
S00170925,99,5
S00170926,49,2
S00170927,68,1
S00170928,60,-
S00170929,67,1
S00170930,145,7
S00170931,92,4
S00170932,97,11
S00170933,136,8
S00170934,87,4
S00170935,148,3
S00170936,86,2
S00170937,140,3
S00170938,84,2
S00170939,85,3
S00170940,92,3
S00170941,102,3
S00170942,96,4
S00170943,89,2
S00170944,65,1
S00170945,101,5
S00170946,60,4
S00170947,118,4
S00170948,144,4
S00170949,97,-
S00170950,55,8
S00170951,97,7
S00170952,85,4
S00170953,73,-
S00170954,113,4
S00170955,102,7
S00170956,95,5
S00170957,73,4
S00170958,149,10
S00170959,90,3
S00170960,98,6
S00170961,62,-
S00170962,109,2
S00170963,65,-
S00170964,93,8
S00170965,83,1
S00170966,66,1
S00170967,72,6
S00170968,81,3
S00170969,71,-
S00170970,58,1
S00170971,116,3
S00170972,54,4
S00170973,86,2
S00170974,87,8
S00170975,78,3
S00170976,81,3
S00170977,98,4
S00170978,92,-
S00170979,57,1
S00170980,123,4
S00170981,51,-
S00170982,92,1
S00170983,98,-
S00170984,81,5
S00170985,95,7
S00170986,122,4
S00170987,135,6
S00170988,84,6
S00170989,115,6
S00170990,65,-
S00170991,104,6
S00170992,72,3
S00170993,121,3
S00170994,99,4
S00170995,65,5
S00170996,150,15
S00170997,147,8
S00170998,67,6
S00170999,88,5
S00171000,107,2
S00171001,129,6
S00171002,158,10
S00171003,115,4
S00171004,115,5
S00171005,132,-
S00171006,107,-
S00171007,80,-
S00171008,119,4
S00171009,146,6
S00171010,85,7
S00171011,71,2
S00171012,143,1
S00171013,77,7
S00171014,78,2
S00171015,83,7
S00171016,118,5
S00171017,122,6
S00171018,142,10
S00171019,60,3
S00171020,160,4
S00171021,125,5
S00171022,59,2
S00171023,161,5
S00171024,74,4
S00171025,106,5
S00171026,73,3
S00171027,107,1
S00171028,84,4
S00171029,133,5
S00171030,62,4
S00171031,62,3
S00171032,209,9
S00171033,84,3
S00171034,95,-
S00171035,79,5
S00171036,83,5
S00171037,61,2
S00171038,117,2
S00171039,59,1
S00171040,120,5
S00171041,90,-
S00171042,86,3
S00171043,132,-
S00171044,70,4
S00171045,95,8
S00171046,89,4
S00171047,101,6
S00171048,120,7
S00171049,113,4
S00171050,79,4
S00171051,62,2
S00171052,110,6
S00171053,151,5
S00171054,103,3
S00171055,110,5
S00171056,67,6
S00171057,65,1
S00171058,74,3
S00171059,144,8
S00171060,118,3
S00171061,143,8
S00171062,90,7
S00171063,110,4
S00171064,128,12
S00171065,107,2
S00171066,148,6
S00171067,119,9
S00171068,55,-
S00171069,85,2
S00171070,72,-
S00171071,56,3
S00171072,61,2
S00171073,76,2
S00171074,92,3
S00171075,58,1
S00171076,133,1
S00171077,91,6
S00171078,109,8
S00171079,120,3
S00171080,110,3
S00171081,108,4
S00171082,102,6
S00171083,96,3
S00171084,115,3
S00171085,99,3
S00171086,69,2
S00171087,140,6
S00171088,69,1
S00171089,94,3
S00171090,131,3
S00171091,59,4
S00171092,122,10
S00171093,157,6
S00171094,108,6
S00171095,100,6
S00171096,145,3
S00171097,117,4
S00171098,114,8
S00171099,58,4
S00171100,98,-
S00171101,109,6
S00171102,109,1
S00171103,88,2
S00171104,84,8
S00171105,91,7
S00171106,70,6
S00171107,119,5
S00171108,107,5
S00171109,111,3
S00171110,81,5
S00171111,142,6
S00171112,104,4
S00171113,109,3
S00171114,97,4
S00171115,141,6
S00171116,106,-
S00171117,78,2
S00171118,125,4
S00171119,82,2
S00171120,104,3
S00171121,93,5
S00171122,91,3
S00171123,90,4
S00171124,57,2
S00171125,82,4
S00171126,56,6
S00171127,94,5
S00171128,111,5
S00171129,65,6
S00171130,92,4
S00171131,106,4
S00171132,109,4
S00171133,111,-
S00171134,94,4
S00171135,63,5
S00171136,102,10
S00171137,76,6
S00171138,76,-
S00171139,70,3
S00171140,78,5
S00171141,64,3
S00171142,61,4
S00171143,81,6
S00171144,90,3
S00171145,163,8
S00171146,107,6
S00171147,71,2
S00171148,74,3
S00171149,52,3
S00171150,130,16
S00171151,143,14
S00171152,88,2
S00171153,93,3
S00171154,60,7
S00171155,83,8
S00171156,104,5
S00171157,102,1
S00171158,157,7
S00171159,82,-
S00171160,93,2
S00171161,88,2
S00171162,49,1
S00171163,72,-
S00171164,94,5
S00171165,114,4
S00171166,86,5
S00171167,178,9
S00171168,102,4
S00171169,57,5
S00171170,126,2
S00171171,112,8
S00171172,63,4
S00171173,151,8
S00171174,86,3
S00171175,248,162
S00171176,134,4
S00171177,89,1
S00171178,87,10
S00171179,79,1
S00171180,121,3
S00171181,190,10
S00171182,68,4
S00171183,75,6
S00171184,121,16
S00171185,116,5
S00171186,153,9
S00171187,97,3
S00171188,106,7
S00171189,146,3
S00171190,121,3
S00171191,78,4
S00171192,80,7
S00171193,97,5
S00171194,61,-
S00171195,92,3
S00171196,62,4
S00171197,145,11
S00171198,70,2
S00171199,56,1
S00171200,58,4
S00171201,79,-
S00171202,82,5
S00171203,119,11
S00171204,86,1
S00171205,72,3
S00171206,106,6
S00171207,117,5
S00171208,90,4
S00171209,105,5
S00171210,142,6
S00171211,85,4
S00171212,116,2
S00171213,170,10
S00171214,82,6
S00171215,58,2
S00171216,113,5
S00171217,60,3
S00171218,81,4
S00171219,113,1
S00171220,96,2
S00171221,92,7
S00171222,116,6
S00171223,115,2
S00171224,88,3
S00171225,67,3
S00171226,138,10
S00171227,71,2
S00171228,100,2
S00171229,113,3
S00171230,119,5
S00171231,114,3
S00171232,87,7
S00171233,58,2
S00171234,76,-
S00171235,105,2
S00171236,59,4
S00171237,78,4
S00171238,100,3
S00171239,129,6
S00171240,122,9
S00171241,124,2
S00171242,136,3
S00171243,122,13
S00171244,57,2
S00171245,148,3
S00171246,54,1
S00171247,89,13
S00171248,66,4
S00171249,82,4
S00171250,131,14
S00171251,121,7
S00171252,120,4
S00171253,113,4
S00171254,76,5
S00171255,64,2
S00171256,123,10
S00171257,73,3
S00171258,114,7
S00171259,82,-
S00171260,92,4
S00171261,111,2
S00171262,162,10
S00171263,53,2
S00171264,122,10
S00171265,136,5
S00171266,139,6
S00171267,147,10
S00171268,136,5
S00171269,75,2
S00171270,62,7
S00171271,124,4
S00171272,106,2
S00171273,68,3
S00171274,60,7
S00171275,81,1
S00171276,102,7
S00171277,90,5
S00171278,78,1
S00171279,98,3
S00171280,103,3
S00171281,97,6
S00171282,94,3
S00171283,92,4
S00171284,64,4
S00171285,151,17
S00171286,72,3
S00171287,106,5
S00171288,83,4
S00171289,88,7
S00171290,127,6
S00171291,132,4
S00171292,60,2
S00171293,85,1
S00171294,123,16
S00171295,175,14
S00171296,86,4
S00171297,118,4
S00171298,108,5
S00171299,88,3
S00171300,56,3
S00171301,100,6
S00171302,91,6
S00171303,73,3
S00171304,96,2
S00171305,90,7
S00171306,96,7
S00171307,81,2
S00171308,146,10
S00171309,84,4
S00171310,84,7
S00171311,86,7
S00171312,60,3
S00171313,127,-
S00171314,103,9
S00171315,132,4
S00171316,66,3
S00171317,115,5
S00171318,120,6
S00171319,151,6
S00171320,94,5
S00171321,89,3
S00171322,100,6
S00171323,111,7
S00171324,121,6
S00171325,82,5
S00171326,93,5
S00171327,87,6
S00171328,84,8
S00171329,80,3
S00171330,163,2
S00171331,72,2
S00171332,104,3
S00171333,98,7
S00171334,67,2
S00171335,65,10
S00171336,220,4
S00171337,81,6
S00171338,155,14
S00171339,71,2
S00171340,90,-
S00171341,160,10
S00171342,66,4
S00171343,78,2
S00171344,112,5
S00171345,63,1
S00171346,57,6
S00171347,122,13
S00171348,132,10
S00171349,85,7
S00171350,84,7
S00171351,68,3
S00171352,96,3
S00171353,58,-
S00171354,147,19
S00171355,118,5
S00171356,84,6
S00171357,91,4
S00171358,136,4
S00171359,171,7
S00171360,118,12
S00171361,121,7
S00171362,120,7
S00171363,84,3
S00171364,142,8
S00171365,119,2
S00171366,87,2
S00171367,105,12
S00171368,57,4
S00171369,90,-
S00171370,92,7
S00171371,133,12
S00171372,63,12
S00171373,63,3
S00171374,70,2
S00171375,185,74
S00171376,129,5
S00171377,56,-
S00171378,103,3
S00171379,97,11
S00171380,115,11
S00171381,83,4
S00171382,87,4
S00171383,126,12
S00171384,89,7
S00171385,92,4
S00171386,114,8
S00171387,75,6
S00171388,81,4
S00171389,60,3
S00171390,138,10
S00171391,105,11
S00171392,80,8
S00171393,59,-
S00171394,79,10
S00171395,126,10
S00171396,70,5
S00171397,85,2
S00171398,88,2
S00171399,101,2
S00171400,156,4
S00171401,70,1
S00171402,84,-
S00171403,110,11
S00171404,84,2
S00171405,71,3
S00171406,101,11
S00171407,96,6
S00171408,85,5
S00171409,62,5
S00171410,65,4
S00171411,111,8
S00171412,117,5
S00171413,92,2
S00171414,64,3
S00171415,67,3
S00171416,173,6
S00171417,106,8
S00171418,96,4
S00171419,111,8
S00171420,94,10
S00171421,105,4
S00171422,54,7
S00171423,117,7
S00171424,89,5
S00171425,69,3
S00171426,91,7
S00171427,78,7
S00171428,102,4
S00171429,97,7
S00171430,105,3
S00171431,83,5
S00171432,99,3
S00171433,116,-
S00171434,79,11
S00171435,79,3
S00171436,60,3
S00171437,114,10
S00171438,69,5
S00171439,130,9
S00171440,107,12
S00171441,71,1
S00171442,78,9
S00171443,64,7
S00171444,68,6
S00171445,85,5
S00171446,102,4
S00171447,114,6
S00171448,77,16
S00171449,114,9
S00171450,108,5
S00171451,86,2
S00171452,70,5
S00171453,140,11
S00171454,115,7
S00171455,86,9
S00171456,144,7
S00171457,137,11
S00171458,114,5
S00171459,92,6
S00171460,85,5
S00171461,79,-
S00171462,73,4
S00171463,120,4
S00171464,81,5
S00171465,140,6
S00171466,115,6
S00171467,99,4
S00171468,82,4
S00171469,87,7
S00171470,135,11
S00171471,68,8
S00171472,78,6
S00171473,62,1
S00171474,65,5
S00171475,160,22
S00171476,132,8
S00171477,109,11
S00171478,94,6
S00171479,90,6
S00171480,74,6
S00171481,84,2
S00171482,74,3
S00171483,57,3
S00171484,88,8
S00171485,102,14
S00171486,99,5
S00171487,89,7
S00171488,89,6
S00171489,99,7
S00171490,59,4
S00171491,64,2
S00171492,97,9
S00171493,66,1
S00171494,74,2
S00171495,74,4
S00171496,116,2
S00171497,104,8
S00171498,110,8
S00171499,110,9
S00171500,73,5
S00171501,92,5
S00171502,124,12
S00171503,91,5
S00171504,72,10
S00171505,82,7
S00171506,101,4
S00171507,76,5
S00171508,71,1
S00171509,62,2
S00171510,66,5
S00171511,90,3
S00171512,87,6
S00171513,71,7
S00171514,105,11
S00171515,89,2
S00171516,74,4
S00171517,106,14
S00171518,83,3
S00171519,79,7
S00171520,60,9
S00171521,92,2
S00171522,67,-
S00171523,90,8
S00171524,83,4
S00171525,94,6
S00171526,60,1
S00171527,113,11
S00171528,54,5
S00171529,73,6
S00171530,107,12
S00171531,99,6
S00171532,93,3
S00171533,91,6
S00171534,98,2
S00171535,118,7
S00171536,134,13
S00171537,106,4
S00171538,127,20
S00171539,122,4
S00171540,100,11
S00171541,100,-
S00171542,84,7
S00171543,83,3
S00171544,86,3
S00171545,127,11
S00171546,94,8
S00171547,82,4
S00171548,93,4
S00171549,97,1
S00171550,94,10
S00171551,144,5
S00171552,68,6
S00171553,70,2
S00171554,113,9
S00171555,63,5
S00171556,96,4
S00171557,101,16
S00171558,72,1
S00171559,63,13
S00171560,91,16
S00171561,58,8
S00171562,117,6
S00171563,61,-
S00171564,93,8
S00171565,130,6
S00171566,90,-
S00171567,84,9
S00171568,91,2
S00171569,103,7
S00171570,96,6
S00171571,88,22
S00171572,115,4
S00171573,97,4
S00171574,81,1
S00171575,118,21
S00171576,58,-
S00171577,181,4
S00171578,88,3
S00171579,82,5
S00171580,110,6
S00171581,74,9
S00171582,72,3
S00171583,84,6
S00171584,55,9
S00171585,77,2
S00171586,81,1
S00171587,77,5
S00171588,162,4
S00171589,112,16
S00171590,76,5
S00171591,129,8
S00171592,73,8
S00171593,59,6
S00171594,97,9
S00171595,94,1
S00171596,76,4
S00171597,466,17
S00171598,82,2
S00171599,91,-
S00171600,70,4
S00171601,91,4
S00171602,97,-
S00171603,92,7
S00171604,83,1
S00171605,135,5
S00171606,80,4
S00171607,86,7
S00171608,94,2
S00171609,122,9
S00171610,102,3
S00171611,89,3
S00171612,110,14
S00171613,96,4
S00171614,76,2
S00171615,80,3
S00171616,129,6
S00171617,102,9
S00171618,102,7
S00171619,57,6
S00171620,99,1
S00171621,119,4
S00171622,68,5
S00171623,139,14
S00171624,106,8
S00171625,106,8
S00171626,96,-
S00171627,105,4
S00171628,111,6
S00171629,173,6
S00171630,93,5
S00171631,74,3
S00171632,84,4
S00171633,123,3
S00171634,93,6
S00171635,71,2
S00171636,81,3
S00171637,103,10
S00171638,82,5
S00171639,93,3
S00171640,87,7
S00171641,146,7
S00171642,129,3
S00171643,105,5
S00171644,80,5
S00171645,62,3
S00171646,94,6
S00171647,64,10
S00171648,80,3
S00171649,136,32
S00171650,78,1
S00171651,91,2
S00171652,89,2
S00171653,87,8
S00171654,165,15
S00171655,76,2
S00171656,135,4
S00171657,73,3
S00171658,89,5
S00171659,162,11
S00171660,66,2
S00171661,75,4
S00171662,85,2
S00171663,117,9
S00171664,88,2
S00171665,79,2
S00171666,105,7
S00171667,79,7
S00171668,126,3
S00171669,110,3
S00171670,68,5
S00171671,94,3
S00171672,101,2
S00171673,56,4
S00171674,77,3
S00171675,91,6
S00171676,97,3
S00171677,105,12
S00171678,75,2
S00171679,109,3
S00171680,85,5
S00171681,59,3
S00171682,101,8
S00171683,92,2
S00171684,92,4
S00171685,58,3
S00171686,79,6
S00171687,87,5
S00171688,166,8
S00171689,137,6
S00171690,91,4
S00171691,109,9
S00171692,94,5
S00171693,74,6
S00171694,67,4
S00171695,67,-
S00171696,67,5
S00171697,128,10
S00171698,51,4
S00171699,89,9
S00171700,78,2
S00171701,76,6
S00171702,92,4
S00171703,83,1
S00171704,115,6
S00171705,101,5
S00171706,72,5
S00171707,134,5
S00171708,59,2
S00171709,151,6
S00171710,72,5
S00171711,104,1
S00171712,145,8
S00171713,137,6
S00171714,105,11
S00171715,89,2
S00171716,103,6
S00171717,106,4
S00171718,73,3
S00171719,77,5
S00171720,102,6
S00171721,140,12
S00171722,129,5
S00171723,109,6
S00171724,96,1
S00171725,72,-
S00171726,121,2
S00171727,89,5
S00171728,93,8
S00171729,81,2
S00171730,87,2
S00171731,89,8
S00171732,70,5
S00171733,91,4
S00171734,79,-
S00171735,97,4
S00171736,95,9
S00171737,89,10
S00171738,74,2
S00171739,110,5
S00171740,117,2
S00171741,94,6
S00171742,86,10
S00171743,115,1
S00171744,81,6
S00171745,82,2
S00171746,97,7
S00171747,114,5
S00171748,110,5
S00171749,130,6
S00171750,92,3
S00171751,60,2
S00171752,69,10
S00171753,107,1
S00171754,106,5
S00171755,84,3
S00171756,121,6
S00171757,94,4
S00171758,124,7
S00171759,68,4
S00171760,106,3
S00171761,70,1
S00171762,122,8
S00171763,79,6
S00171764,60,5
S00171765,64,3
S00171766,87,3
S00171767,120,5
S00171768,61,3
S00171769,91,5
S00171770,70,4
S00171771,119,6
S00171772,70,3
S00171773,76,1
S00171774,73,2
S00171775,95,2
S00171776,54,3
S00171777,99,2
S00171778,71,8
S00171779,123,5
S00171780,57,3
S00171781,102,5
S00171782,140,3
S00171783,79,4
S00171784,134,5
S00171785,92,5
S00171786,88,5
S00171787,56,5
S00171788,77,2
S00171789,90,1
S00171790,103,4
S00171791,88,2
S00171792,101,9
S00171793,72,-
S00171794,80,4
S00171795,57,9
S00171796,88,3
S00171797,75,1
S00171798,76,4
S00171799,105,1
S00171800,111,11
S00171801,121,11
S00171802,68,2
S00171803,56,5
S00171804,90,6
S00171805,68,3
S00171806,146,6
S00171807,90,2
S00171808,114,4
S00171809,90,4
S00171810,124,12
S00171811,111,3
S00171812,136,9
S00171813,130,4
S00171814,59,1
S00171815,130,10
S00171816,56,3
S00171817,106,4
S00171818,68,1
S00171819,94,6
S00171820,107,10
S00171821,189,16
S00171822,82,2
S00171823,88,2
S00171824,96,12
S00171825,66,3
S00171826,131,9
S00171827,132,-
S00171828,127,5
S00171829,282,192
S00171830,109,1
S00171831,111,5
S00171832,143,6
S00171833,71,2
S00171834,68,2
S00171835,113,4
S00171836,173,22
S00171837,121,6
S00171838,94,1
S00171839,124,32
S00171840,166,10
S00171841,128,1
S00171842,94,-
S00171843,138,6
S00171844,116,9
S00171845,126,4
S00171846,143,7
S00171847,106,6
S00171848,128,4
S00171849,88,4
S00171850,60,4
S00171851,60,2
S00171852,76,4
S00171853,62,2
S00171854,123,5
S00171855,75,3
S00171856,125,8
S00171857,98,6
S00171858,110,5
S00171859,120,-
S00171860,111,7
S00171861,136,5
S00171862,119,4
S00171863,149,16
S00171864,132,9
S00171865,73,4
S00171866,113,13
S00171867,122,8
S00171868,166,12
S00171869,120,1
S00171870,87,3
S00171871,167,13
S00171872,65,3
S00171873,92,8
S00171874,109,9
S00171875,138,5
S00171876,121,4
S00171877,99,6
S00171878,55,4
S00171879,67,3
S00171880,92,1
S00171881,77,4
S00171882,129,4
S00171883,108,2
S00171884,145,5
S00171885,61,8
S00171886,72,3
S00171887,120,6
S00171888,52,3
S00171889,82,1
S00171890,98,3
S00171891,66,5
S00171892,151,6
S00171893,132,8
S00171894,88,4
S00171895,62,-
S00171896,149,8
S00171897,100,4
S00171898,152,5
S00171899,133,3
S00171900,68,2
S00171901,113,6
S00171902,129,10
S00171903,79,4
S00171904,121,7
S00171905,68,3
S00171906,154,7
S00171907,106,4
S00171908,85,3
S00171909,85,3
S00171910,139,10
S00171911,109,8
S00171912,93,7
S00171913,63,-
S00171914,99,3
S00171915,97,3
S00171916,70,6
S00171917,73,3
S00171918,148,9
S00171919,125,15
S00171920,108,-
S00171921,85,4
S00171922,95,11
S00171923,146,3
S00171924,69,3
S00171925,131,5
S00171926,100,4
S00171927,56,2
S00171928,122,1
S00171929,93,5
S00171930,141,9
S00171931,105,5
S00171932,117,10
S00171933,82,-
S00171934,61,2
S00171935,129,7
S00171936,82,3
S00171937,78,7
S00171938,121,5
S00171939,132,7
S00171940,117,5
S00171941,78,3
S00171942,125,7
S00171943,84,3
S00171944,166,12
S00171945,133,3
S00171946,79,1
S00171947,74,7
S00171948,54,-
S00171949,104,9
S00171950,110,12
S00171951,96,10
S00171952,132,4
S00171953,112,7
S00171954,127,10
S00171955,74,3
S00171956,92,8
S00171957,88,4
S00171958,123,7
S00171959,65,6
S00171960,117,9
S00171961,76,5
S00171962,50,-
S00171963,150,9
S00171964,67,6
S00171965,130,9
S00171966,110,4
S00171967,88,4
S00171968,160,4
S00171969,104,11
S00171970,115,8
S00171971,73,3
S00171972,131,4
S00171973,174,7
S00171974,174,11
S00171975,128,4
S00171976,57,-
S00171977,94,4
S00171978,141,2
S00171979,106,10
S00171980,91,6
S00171981,111,11
S00171982,85,5
S00171983,83,-
S00171984,68,6
S00171985,97,9
S00171986,63,4
S00171987,150,10
S00171988,84,5
S00171989,78,2
S00171990,116,4
S00171991,105,4
S00171992,87,9
S00171993,112,3
S00171994,90,10
S00171995,101,7
S00171996,87,7
S00171997,111,5
S00171998,104,4
S00171999,156,11
S00172000,80,-
S00172001,71,2
S00172002,113,2
S00172003,63,3
S00172004,132,10
S00172005,148,11
S00172006,75,6
S00172007,179,3
S00172008,120,2
S00172009,60,7
S00172010,57,3
S00172011,123,1
S00172012,116,1
S00172013,107,7
S00172014,84,4
S00172015,100,4
S00172016,112,14
S00172017,157,8
S00172018,104,4
S00172019,125,5
S00172020,89,4
S00172021,69,5
S00172022,84,3
S00172023,81,5
S00172024,80,6
S00172025,146,15
S00172026,96,5
S00172027,99,3
S00172028,59,4
S00172029,122,7
S00172030,129,4
S00172031,83,5
S00172032,143,6
S00172033,107,7
S00172034,99,8
S00172035,86,4
S00172036,97,2
S00172037,112,7
S00172038,97,2
S00172039,59,5
S00172040,104,8
S00172041,136,1
S00172042,69,6
S00172043,101,9
S00172044,85,-
S00172045,64,-
S00172046,76,1
S00172047,78,5
S00172048,88,4
S00172049,82,6
S00172050,100,1
S00172051,76,6
S00172052,60,4
S00172053,123,1
S00172054,129,19
S00172055,99,8
S00172056,96,5
S00172057,99,3
S00172058,52,-
S00172059,71,8
S00172060,117,5
S00172061,67,5
S00172062,104,4
S00172063,122,7
S00172064,134,9
S00172065,49,-
S00172066,111,4
S00172067,169,14
S00172068,136,3
S00172069,88,6
S00172070,77,7
S00172071,119,6
S00172072,116,2
S00172073,90,6
S00172074,106,3
S00172075,117,6
S00172076,86,7
S00172077,120,8
S00172078,132,2
S00172079,143,7
S00172080,142,6
S00172081,150,6
S00172082,96,18
S00172083,65,3
S00172084,331,-
S00172085,119,9
S00172086,109,8
S00172087,121,5
S00172088,134,7
S00172089,90,3
S00172090,124,16
S00172091,114,7
S00172092,94,6
S00172093,73,4
S00172094,153,4
S00172095,94,6
S00172096,120,6
S00172097,116,6
S00172098,71,5
S00172099,77,-
S00172100,114,9
S00172101,111,5
S00172102,119,3
S00172103,81,5
S00172104,123,3
S00172105,60,4
S00172106,159,11
S00172107,118,5
S00172108,67,3
S00172109,74,5
S00172110,181,18
S00172111,82,4
S00172112,134,10
S00172113,70,7
S00172114,88,12
S00172115,106,11
S00172116,100,6
S00172117,59,-
S00172118,104,2
S00172119,141,13
S00172120,114,9
S00172121,118,6
S00172122,76,4
S00172123,79,2
S00172124,85,5
S00172125,91,8
S00172126,97,-
S00172127,73,4
S00172128,113,8
S00172129,75,5
S00172130,117,5
S00172131,117,5
S00172132,108,10
S00172133,120,11
S00172134,77,3
S00172135,118,5
S00172136,135,7
S00172137,83,2
S00172138,164,17
S00172139,142,6
S00172140,96,9
S00172141,86,6
S00172142,109,8
S00172143,143,2
S00172144,148,7
S00172145,142,4
S00172146,152,9
S00172147,89,5
S00172148,147,12
S00172149,127,11
S00172150,119,7
S00172151,92,9
S00172152,108,8
S00172153,104,3
S00172154,65,5
S00172155,158,4
S00172156,72,2
S00172157,154,8
S00172158,144,5
S00172159,137,9
S00172160,145,4
S00172161,143,5
S00172162,90,2
S00172163,135,7
S00172164,116,7
S00172165,99,5
S00172166,88,5
S00172167,85,7
S00172168,91,3
S00172169,73,3
S00172170,171,14
S00172171,79,5
S00172172,98,2
S00172173,113,-
S00172174,117,4
S00172175,172,9
S00172176,128,12
S00172177,78,2
S00172178,56,6
S00172179,89,5
S00172180,158,9
S00172181,77,7
S00172182,121,8
S00172183,127,12
S00172184,119,8
S00172185,139,7
S00172186,186,9
S00172187,81,2
S00172188,89,5
S00172189,60,4
S00172190,162,10
S00172191,116,8
S00172192,81,4
S00172193,166,9
S00172194,73,6
S00172195,106,6
S00172196,140,22
S00172197,123,6
S00172198,122,8
S00172199,118,6
S00172200,135,11
S00172201,81,2
S00172202,147,8
S00172203,98,3
S00172204,85,6
S00172205,64,1
S00172206,73,4
S00172207,62,2
S00172208,88,5
S00172209,110,4
S00172210,159,12
S00172211,96,5
S00172212,98,9
S00172213,109,5
S00172214,71,4
S00172215,97,9
S00172216,158,12
S00172217,79,8
S00172218,97,14
S00172219,99,4
S00172220,103,2
S00172221,120,8
S00172222,111,1
S00172223,99,11
S00172224,78,11
S00172225,101,3
S00172226,109,6
S00172227,110,4
S00172228,77,11
S00172229,212,16
S00172230,100,10
S00172231,123,11
S00172232,76,8
S00172233,129,11
S00172234,91,10
S00172235,130,14
S00172236,96,6
S00172237,89,5
S00172238,130,12
S00172239,81,3
S00172240,141,6
S00172241,84,3
S00172242,98,5
S00172243,104,-
S00172244,98,3
S00172245,71,6
S00172246,70,3
S00172247,81,2
S00172248,88,10
S00172249,73,1
S00172250,133,6
S00172251,163,13
S00172252,162,13
S00172253,118,5
S00172254,79,6
S00172255,51,1
S00172256,112,9
S00172257,124,13
S00172258,94,6
S00172259,85,16
S00172260,100,8
S00172261,123,9
S00172262,83,3
S00172263,119,9
S00172264,144,15
S00172265,90,6
S00172266,109,-
S00172267,84,5
S00172268,79,-
S00172269,90,7
S00172270,119,9
S00172271,79,4
S00172272,57,3
S00172273,126,17
S00172274,86,3
S00172275,84,6
S00172276,85,3
S00172277,141,6
S00172278,80,8
S00172279,93,6
S00172280,75,1
S00172281,142,15
S00172282,77,1
S00172283,134,5
S00172284,99,4
S00172285,126,21
S00172286,59,2
S00172287,133,9
S00172288,56,3
S00172289,84,6
S00172290,76,3
S00172291,66,1
S00172292,80,3
S00172293,90,7
S00172294,76,1
S00172295,123,8
S00172296,106,7
S00172297,86,3
S00172298,85,3
S00172299,96,10
S00172300,101,3
S00172301,97,5
S00172302,67,4
S00172303,93,-
S00172304,74,3
S00172305,59,4
S00172306,104,4
S00172307,154,13
S00172308,141,21
S00172309,132,6
S00172310,115,4
S00172311,101,5
S00172312,131,12
S00172313,114,3
S00172314,57,5
S00172315,78,8
S00172316,78,5
S00172317,57,1
S00172318,102,6
S00172319,70,4
S00172320,112,6
S00172321,103,4
S00172322,75,4
S00172323,90,3
S00172324,78,2
S00172325,69,3
S00172326,75,1
S00172327,67,2
S00172328,111,3
S00172329,84,1
S00172330,88,7
S00172331,92,8
S00172332,81,4
S00172333,80,8
S00172334,97,9
S00172335,91,3
S00172336,91,7
S00172337,69,2
S00172338,83,13
S00172339,98,3
S00172340,85,5
S00172341,64,7
S00172342,82,7
S00172343,75,8
S00172344,57,7
S00172345,144,13
S00172346,79,6
S00172347,87,8
S00172348,71,8
S00172349,89,6
S00172350,96,10
S00172351,52,7
S00172352,99,7
S00172353,71,8
S00172354,72,10
S00172355,99,8
S00172356,89,6
S00172357,148,22
S00172358,72,3
S00172359,58,5
S00172360,148,10
S00172361,59,6
S00172362,102,4
S00172363,131,7
S00172364,97,10
S00172365,73,10
S00172366,56,1
S00172367,54,5
S00172368,68,4
S00172369,82,13
S00172370,86,5
S00172371,114,9
S00172372,73,4
S00172373,57,-
S00172374,147,10
S00172375,129,8
S00172376,87,10
S00172377,63,4
S00172378,75,-
S00172379,71,6
S00172380,99,4
S00172381,79,4
S00172382,135,12
S00172383,73,1
S00172384,66,3
S00172385,115,9
S00172386,152,10
S00172387,134,15
S00172388,129,4
S00172389,84,3
S00172390,85,12
S00172391,160,15
S00172392,202,22
S00172393,89,-
S00172394,131,15
S00172395,73,-
S00172396,186,23
S00172397,172,8
S00172398,77,1
S00172399,72,2
S00172400,86,1
S00172401,80,3
S00172402,129,14
S00172403,97,6
S00172404,77,6
S00172405,84,6
S00172406,103,3
S00172407,159,12
S00172408,88,4
S00172409,66,8
S00172410,74,4
S00172411,129,12
S00172412,151,10
S00172413,86,2
S00172414,76,2
S00172415,113,8
S00172416,100,3
S00172417,111,9
S00172418,94,3
S00172419,115,-
S00172420,117,6
S00172421,99,7
S00172422,163,17
S00172423,74,7
S00172424,145,13
S00172425,80,10
S00172426,137,6
S00172427,81,5
S00172428,99,-
S00172429,145,4
S00172430,106,4
S00172431,88,8
S00172432,102,3
S00172433,128,10
S00172434,129,13
S00172435,79,2
S00172436,129,10
S00172437,143,12
S00172438,108,7
S00172439,94,11
S00172440,118,6
S00172441,95,18
S00172442,75,5
S00172443,87,-
S00172444,71,5
S00172445,128,5
S00172446,71,9
S00172447,89,12
S00172448,73,2
S00172449,132,6
S00172450,99,9
S00172451,200,23
S00172452,129,18
S00172453,131,3
S00172454,95,14
S00172455,100,3
S00172456,117,7
S00172457,62,4
S00172458,87,10
S00172459,59,2
S00172460,124,9
S00172461,67,1
S00172462,130,5
S00172463,67,5
S00172464,55,1
S00172465,113,7
S00172466,100,3
S00172467,103,13
S00172468,83,3
S00172469,94,6
S00172470,77,2
S00172471,94,5
S00172472,81,5
S00172473,72,5
S00172474,113,7
S00172475,59,3
S00172476,78,6
S00172477,149,18
S00172478,86,8
S00172479,91,9
S00172480,66,2
S00172481,66,4
S00172482,84,4
S00172483,76,8
S00172484,76,1
S00172485,70,4
S00172486,61,8
S00172487,93,8
S00172488,68,3
S00172489,63,4
S00172490,167,8
S00172491,186,24
S00172492,57,3
S00172493,71,3
S00172494,100,6
S00172495,87,5
S00172496,200,29
S00172497,106,9
S00172498,155,16
S00172499,77,3
S00172500,58,7
S00172501,60,-
S00172502,98,4
S00172503,62,7
S00172504,73,3
S00172505,58,1
S00172506,135,7
S00172507,73,-
S00172508,98,9
S00172509,103,7
S00172510,110,9
S00172511,85,6
S00172512,55,4
S00172513,115,8
S00172514,125,11
S00172515,132,16
S00172516,111,12
S00172517,67,4
S00172518,126,5
S00172519,84,3
S00172520,112,8
S00172521,52,2
S00172522,88,2
S00172523,129,7
S00172524,101,6
S00172525,84,3
S00172526,88,2
S00172527,80,5
S00172528,86,1
S00172529,64,11
S00172530,64,7
S00172531,56,4
S00172532,51,7
S00172533,95,9
S00172534,138,6
S00172535,69,13
S00172536,85,2
S00172537,91,2
S00172538,128,4
S00172539,96,4
S00172540,58,2
S00172541,78,6
S00172542,91,3
S00172543,124,10
S00172544,60,3
S00172545,74,3
S00172546,75,7
S00172547,96,8
S00172548,110,7
S00172549,80,6
S00172550,113,6
S00172551,89,7
S00172552,87,2
S00172553,126,10
S00172554,75,4
S00172555,84,5
S00172556,73,4
S00172557,117,2
S00172558,59,5
S00172559,136,7
S00172560,88,8
S00172561,129,14
S00172562,151,7
S00172563,81,4
S00172564,142,8
S00172565,113,9
S00172566,103,2
S00172567,76,5
S00172568,123,6
S00172569,117,3
S00172570,101,13
S00172571,115,10
S00172572,72,3
S00172573,109,12
S00172574,103,7
S00172575,88,3
S00172576,74,3
S00172577,116,14
S00172578,115,14
S00172579,165,17
S00172580,118,4
S00172581,88,8
S00172582,138,7
S00172583,72,2
S00172584,85,5
S00172585,105,2
S00172586,76,8
S00172587,92,5
S00172588,84,8
S00172589,102,6
S00172590,119,4
S00172591,57,1
S00172592,84,14
S00172593,87,8
S00172594,77,2
S00172595,130,15
S00172596,63,6
S00172597,136,6
S00172598,61,7
S00172599,77,4
S00172600,95,5
S00172601,87,4
S00172602,70,1
S00172603,127,1
S00172604,81,8
S00172605,110,5
S00172606,229,21
S00172607,65,3
S00172608,77,4
S00172609,84,5
S00172610,97,1
S00172611,65,11
S00172612,71,4
S00172613,73,6
S00172614,112,13
S00172615,75,3
S00172616,59,5
S00172617,130,11
S00172618,63,1
S00172619,116,15
S00172620,77,3
S00172621,114,15
S00172622,117,4
S00172623,91,9
S00172624,116,5
S00172625,87,10
S00172626,64,4
S00172627,149,5
S00172628,77,14
S00172629,66,6
S00172630,98,7
S00172631,60,7
S00172632,99,7
S00172633,117,5
S00172634,81,3
S00172635,152,13
S00172636,109,10
S00172637,116,20
S00172638,86,8
S00172639,66,4
S00172640,84,10
S00172641,115,6
S00172642,110,8
S00172643,104,8
S00172644,116,24
S00172645,70,7
S00172646,120,15
S00172647,107,14
S00172648,93,4
S00172649,124,5
S00172650,83,9
S00172651,70,3
S00172652,78,1
S00172653,105,6
S00172654,87,3
S00172655,55,2
S00172656,114,10
S00172657,80,7
S00172658,103,14
S00172659,80,-
S00172660,129,2
S00172661,138,2
S00172662,65,4
S00172663,68,3
S00172664,89,5
S00172665,59,4
S00172666,167,7
S00172667,80,5
S00172668,125,8
S00172669,63,9
S00172670,158,18
S00172671,60,6
S00172672,62,6
S00172673,67,3
S00172674,71,3
S00172675,55,3
S00172676,75,-
S00172677,77,-
S00172678,83,6
S00172679,55,1
S00172680,147,11
S00172681,83,5
S00172682,113,6
S00172683,81,10
S00172684,53,2
S00172685,59,1
S00172686,125,6
S00172687,74,4
S00172688,95,6
S00172689,102,14
S00172690,155,15
S00172691,55,3
S00172692,110,7
S00172693,74,5
S00172694,93,10
S00172695,61,2
S00172696,124,13
S00172697,86,8
S00172698,110,10
S00172699,77,8
S00172700,119,14
S00172701,73,7
S00172702,98,4
S00172703,59,3
S00172704,99,10
S00172705,117,5
S00172706,133,10
S00172707,110,11
S00172708,76,7
S00172709,74,6
S00172710,76,3
S00172711,97,2
S00172712,113,10
S00172713,73,7
S00172714,111,8
S00172715,121,12
S00172716,85,11
S00172717,92,7
S00172718,152,12
S00172719,77,2
S00172720,90,6
S00172721,123,8
S00172722,130,9
S00172723,52,2
S00172724,65,4
S00172725,79,5
S00172726,75,3
S00172727,57,3
S00172728,140,11
S00172729,62,6
S00172730,110,14
S00172731,63,6
S00172732,87,3
S00172733,64,5
S00172734,87,12
S00172735,70,-
S00172736,110,6
S00172737,100,11
S00172738,59,4
S00172739,103,19
S00172740,71,5
S00172741,63,5
S00172742,100,8
S00172743,61,2
S00172744,106,13
S00172745,83,8
S00172746,71,7
S00172747,63,6
S00172748,130,12
S00172749,124,7
S00172750,61,3
S00172751,100,4
S00172752,81,8
S00172753,115,6
S00172754,82,3
S00172755,93,6
S00172756,119,8
S00172757,60,4
S00172758,105,9
S00172759,75,4
S00172760,65,5
S00172761,81,6
S00172762,59,3
S00172763,60,5
S00172764,110,6
S00172765,89,7
S00172766,121,8
S00172767,114,5
S00172768,103,8
S00172769,89,4
S00172770,121,12
S00172771,84,5
S00172772,77,14
S00172773,90,7
S00172774,71,1
S00172775,71,2
S00172776,79,1
S00172777,91,6
S00172778,103,7
S00172779,49,11
S00172780,72,6
S00172781,85,7
S00172782,72,2
S00172783,89,9
S00172784,133,8
S00172785,81,1
S00172786,113,9
S00172787,107,4
S00172788,87,10
S00172789,112,7
S00172790,63,6
S00172791,107,3
S00172792,68,5
S00172793,108,11
S00172794,99,3
S00172795,56,7
S00172796,108,6
S00172797,76,4
S00172798,83,-
S00172799,83,4
S00172800,91,4
S00172801,51,1
S00172802,71,-
S00172803,80,1
S00172804,81,6
S00172805,86,5
S00172806,114,4
S00172807,65,7
S00172808,114,8
S00172809,115,6
S00172810,75,7
S00172811,131,8
S00172812,86,5
S00172813,124,11
S00172814,61,3
S00172815,108,10
S00172816,80,5
S00172817,71,5
S00172818,170,18
S00172819,56,9
S00172820,105,6
S00172821,87,9
S00172822,119,3
S00172823,80,2
S00172824,108,-
S00172825,109,19
S00172826,131,6
S00172827,130,12
S00172828,280,207
S00172829,81,7
S00172830,61,9
S00172831,77,5
S00172832,107,10
S00172833,95,10
S00172834,63,9
S00172835,88,13
S00172836,116,5
S00172837,79,9
S00172838,76,3
S00172839,106,1
S00172840,120,9
S00172841,90,4
S00172842,97,7
S00172843,105,3
S00172844,90,11
S00172845,126,8
S00172846,152,13
S00172847,114,8
S00172848,95,14
S00172849,107,8
S00172850,60,6
S00172851,68,10
S00172852,99,10
S00172853,69,4
S00172854,76,5
S00172855,55,1
S00172856,70,2
S00172857,79,12
S00172858,116,11
S00172859,54,1
S00172860,81,8
S00172861,107,2
S00172862,96,8
S00172863,89,9
S00172864,61,7
S00172865,136,8
S00172866,97,4
S00172867,115,20
S00172868,106,15
S00172869,59,4
S00172870,85,20
S00172871,122,5
S00172872,72,10
S00172873,97,8
S00172874,94,14
S00172875,70,6
S00172876,96,7
S00172877,84,3
S00172878,53,5
S00172879,64,2
S00172880,82,6
S00172881,120,9
S00172882,107,19
S00172883,116,14
S00172884,79,8
S00172885,73,3
S00172886,127,9
S00172887,92,11
S00172888,136,1
S00172889,106,11
S00172890,88,8
S00172891,64,5
S00172892,130,7
S00172893,165,7
S00172894,61,7
S00172895,56,8
S00172896,102,4
S00172897,109,9
S00172898,111,17
S00172899,100,10
S00172900,101,9
S00172901,106,9
S00172902,126,10
S00172903,124,9
S00172904,54,8
S00172905,64,3
S00172906,78,7
S00172907,127,14
S00172908,79,3
S00172909,84,4
S00172910,62,5
S00172911,298,241
S00172912,107,8
S00172913,111,17
S00172914,66,8
S00172915,75,12
S00172916,110,2
S00172917,51,6
S00172918,96,11
S00172919,73,8
S00172920,55,12
S00172921,81,13
S00172922,92,6
S00172923,142,7
S00172924,142,15
S00172925,124,8
S00172926,92,1
S00172927,118,13
S00172928,83,4
S00172929,111,4
S00172930,147,6
S00172931,55,9
S00172932,106,35
S00172933,66,1
S00172934,72,10
S00172935,111,5
S00172936,69,8
S00172937,418,295
S00172938,57,5
S00172939,93,3
S00172940,109,7
S00172941,115,11
S00172942,64,8
S00172943,97,8
S00172944,87,16
S00172945,107,3
S00172946,110,4
S00172947,89,21
S00172948,104,8
S00172949,74,11
S00172950,123,8
S00172951,144,7
S00172952,58,12
S00172953,149,13
S00172954,81,18
S00172955,101,6
S00172956,94,15
S00172957,84,4
S00172958,83,18
S00172959,171,9
S00172960,105,10
S00172961,64,5
S00172962,98,7
S00172963,73,4
S00172964,94,3
S00172965,118,26
S00172966,102,14
S00172967,55,6
S00172968,84,4
S00172969,91,13
S00172970,147,15
S00172971,52,-
S00172972,85,7
S00172973,87,6
S00172974,60,4
S00172975,103,8
S00172976,110,5
S00172977,57,-
S00172978,61,9
S00172979,81,6
S00172980,91,5
S00172981,112,16
S00172982,124,15
S00172983,116,5
S00172984,114,5
S00172985,53,15
S00172986,88,13
S00172987,67,24
S00172988,71,8
S00172989,96,4
S00172990,108,10
S00172991,92,5
S00172992,91,5
S00172993,93,10
S00172994,75,9
S00172995,60,16
S00172996,79,15
S00172997,104,7
S00172998,81,4
S00172999,71,11
S00173000,72,-
S00173001,100,4
S00173002,152,9
S00173003,97,6
S00173004,108,7
S00173005,103,5
S00173006,86,6
S00173007,64,8
S00173008,128,13
S00173009,91,3
S00173010,61,4
S00173011,95,2
S00173012,64,20
S00173013,74,21
S00173014,64,3
S00173015,83,23
S00173016,117,17
S00173017,88,18
S00173018,88,17
S00173019,89,12
S00173020,83,14
S00173021,61,3
S00173022,88,5
S00173023,112,6
S00173024,103,8
S00173025,80,5
S00173026,72,5
S00173027,94,3
S00173028,55,-
S00173029,97,5
S00173030,93,11
S00173031,78,6
S00173032,103,7
S00173033,80,9
S00173034,89,8
S00173035,59,2
S00173036,63,5
S00173037,65,5
S00173038,109,3
S00173039,103,11
S00173040,63,5
S00173041,85,5
S00173042,121,5
S00173043,103,1
S00173044,91,2
S00173045,91,8
S00173046,58,3
S00173047,145,14
S00173048,92,10
S00173049,62,3
S00173050,101,14
S00173051,66,4
S00173052,77,7
S00173053,126,18
S00173054,108,4
S00173055,100,7
S00173056,111,12
S00173057,65,8
S00173058,64,6
S00173059,74,8
S00173060,76,8
S00173061,129,7
S00173062,84,3
S00173063,109,7
S00173064,135,10
S00173065,71,5
S00173066,123,8
S00173067,89,7
S00173068,135,6
S00173069,87,9
S00173070,69,2
S00173071,106,4
S00173072,98,2
S00173073,60,5
S00173074,109,10
S00173075,80,11
S00173076,139,8
S00173077,110,5
S00173078,111,10
S00173079,83,7
S00173080,89,3
S00173081,71,13
S00173082,91,6
S00173083,72,8
S00173084,65,7
S00173085,99,-
S00173086,168,2
S00173087,83,6
S00173088,150,5
S00173089,85,7
S00173090,77,-
S00173091,134,6
S00173092,94,7
S00173093,81,7
S00173094,77,2
S00173095,118,6
S00173096,145,10
S00173097,95,11
S00173098,72,1
S00173099,66,-
S00173100,68,5
S00173101,116,10
S00173102,90,6
S00173103,77,8
S00173104,103,9
S00173105,65,3
S00173106,133,10
S00173107,95,5
S00173108,92,7
S00173109,100,12
S00173110,78,10
S00173111,90,2
S00173112,64,3
S00173113,100,3
S00173114,75,5
S00173115,89,5
S00173116,68,8
S00173117,136,12
S00173118,86,12
S00173119,91,5
S00173120,94,2
S00173121,63,5
S00173122,71,4
S00173123,106,3
S00173124,70,3
S00173125,96,2
S00173126,68,-
S00173127,141,10
S00173128,175,12
S00173129,100,4
S00173130,95,9
S00173131,71,6
S00173132,84,3
S00173133,138,12
S00173134,129,11
S00173135,128,2
S00173136,111,10
S00173137,113,14
S00173138,59,2
S00173139,71,7
S00173140,79,13
S00173141,90,8
S00173142,166,9
S00173143,121,11
S00173144,62,-
S00173145,96,3
S00173146,112,7
S00173147,76,-
S00173148,82,12
S00173149,112,8
S00173150,54,3
S00173151,62,6
S00173152,58,1
S00173153,88,10
S00173154,93,5
S00173155,81,3
S00173156,59,1
S00173157,119,2
S00173158,79,12
S00173159,91,6
S00173160,69,5
S00173161,90,4
S00173162,75,3
S00173163,71,3
S00173164,110,7
S00173165,107,17
S00173166,74,2
S00173167,112,8
S00173168,87,-
S00173169,103,12
S00173170,53,-
S00173171,168,13
S00173172,103,3
S00173173,104,7
S00173174,107,7
S00173175,103,11
S00173176,80,6
S00173177,61,3
S00173178,114,7
S00173179,87,12
S00173180,57,5
S00173181,59,1
S00173182,81,11
S00173183,124,7
S00173184,78,7
S00173185,75,5
S00173186,71,6
S00173187,106,13
S00173188,57,4
S00173189,82,3
S00173190,87,5
S00173191,77,2
S00173192,111,1
S00173193,108,13
S00173194,66,3
S00173195,120,9
S00173196,130,10
S00173197,68,6
S00173198,53,4
S00173199,65,7
S00173200,125,13
S00173201,118,8
S00173202,92,4
S00173203,119,-
S00173204,50,1
S00173205,85,-
S00173206,73,8
S00173207,110,2
S00173208,69,3
S00173209,142,14
S00173210,79,4
S00173211,91,2
S00173212,65,4
S00173213,130,9
S00173214,65,2
S00173215,130,5
S00173216,143,6
S00173217,83,19
S00173218,112,2
S00173219,128,7
S00173220,60,-
S00173221,114,12
S00173222,101,4
S00173223,111,6
S00173224,77,2
S00173225,55,2
S00173226,59,1
S00173227,48,2
S00173228,69,3
S00173229,146,17
S00173230,63,4
S00173231,105,5
S00173232,78,3
S00173233,88,6
S00173234,101,5
S00173235,87,7
S00173236,100,16
S00173237,71,13
S00173238,113,5
S00173239,67,8
S00173240,69,2
S00173241,102,-
S00173242,69,11
S00173243,91,6
S00173244,75,2
S00173245,88,3
S00173246,152,16
S00173247,108,6
S00173248,105,8
S00173249,75,10
S00173250,95,1
S00173251,89,3
S00173252,95,3
S00173253,56,1
S00173254,87,6
S00173255,99,2
S00173256,82,3
S00173257,74,4
S00173258,85,6
S00173259,123,2
S00173260,84,6
S00173261,54,3
S00173262,90,5
S00173263,115,7
S00173264,67,7
S00173265,132,4
S00173266,96,2
S00173267,96,5
S00173268,66,3
S00173269,95,8
S00173270,190,30
S00173271,87,5
S00173272,128,16
S00173273,173,15
S00173274,60,5
S00173275,123,14
S00173276,114,5
S00173277,115,4
S00173278,94,5
S00173279,74,3
S00173280,122,6
S00173281,111,8
S00173282,112,4
S00173283,140,9
S00173284,70,3
S00173285,104,5
S00173286,90,6
S00173287,78,-
S00173288,106,8
S00173289,110,6
S00173290,100,9
S00173291,102,14
S00173292,94,11
S00173293,119,5
S00173294,133,9
S00173295,86,4
S00173296,177,1
S00173297,96,9
S00173298,73,9
S00173299,54,5
S00173300,59,2
S00173301,70,4
S00173302,76,3
S00173303,73,2
S00173304,65,3
S00173305,77,4
S00173306,59,12
S00173307,119,-
S00173308,54,4
S00173309,148,7
S00173310,84,1
S00173311,57,2
S00173312,92,5
S00173313,125,6
S00173314,93,5
S00173315,80,12
S00173316,70,6
S00173317,60,8
S00173318,78,6
S00173319,61,2
S00173320,90,5
S00173321,68,3
S00173322,62,1
S00173323,59,5
S00173324,102,4
S00173325,95,9
S00173326,67,-
S00173327,92,6
S00173328,101,7
S00173329,104,2
S00173330,87,4
S00173331,115,7
S00173332,82,-
S00173333,84,1
S00173334,60,1
S00173335,99,4
S00173336,106,9
S00173337,88,2
S00173338,77,6
S00173339,97,2
S00173340,68,1
S00173341,108,18
S00173342,106,2
S00173343,81,2
S00173344,168,16
S00173345,52,3
S00173346,105,5
S00173347,116,15
S00173348,52,2
S00173349,102,7
S00173350,58,6
S00173351,82,4
S00173352,82,3
S00173353,93,4
S00173354,94,5
S00173355,102,8
S00173356,85,4
S00173357,70,1
S00173358,111,10
S00173359,131,5
S00173360,52,7
S00173361,138,9
S00173362,152,14
S00173363,68,1
S00173364,97,-
S00173365,85,5
S00173366,121,13
S00173367,59,2
S00173368,94,5
S00173369,132,17
S00173370,72,2
S00173371,87,2
S00173372,136,10
S00173373,84,6
S00173374,77,3
S00173375,121,6
S00173376,82,7
S00173377,79,9
S00173378,127,8
S00173379,75,1
S00173380,112,7
S00173381,119,2
S00173382,56,4
S00173383,121,8
S00173384,68,1
S00173385,109,10
S00173386,78,5
S00173387,156,15
S00173388,153,8
S00173389,59,4
S00173390,92,3
S00173391,94,1
S00173392,148,23
S00173393,140,12
S00173394,117,7
S00173395,73,11
S00173396,136,10
S00173397,74,7
S00173398,81,6
S00173399,66,2
S00173400,68,2
S00173401,107,11
S00173402,59,1
S00173403,72,4
S00173404,89,3
S00173405,60,5
S00173406,66,5
S00173407,122,6
S00173408,76,5
S00173409,103,5
S00173410,123,11
S00173411,136,5
S00173412,77,4
S00173413,89,4
S00173414,133,15
S00173415,89,5
S00173416,94,10
S00173417,118,11
S00173418,88,14
S00173419,124,9
S00173420,139,10
S00173421,101,8
S00173422,48,5
S00173423,50,1
S00173424,115,7
S00173425,52,5
S00173426,63,9
S00173427,78,3
S00173428,82,2
S00173429,96,4
S00173430,110,3
S00173431,141,5
S00173432,99,7
S00173433,111,2
S00173434,72,-
S00173435,91,13
S00173436,93,8
S00173437,72,4
S00173438,97,5
S00173439,137,10
S00173440,99,6
S00173441,107,14
S00173442,88,10
S00173443,127,15
S00173444,123,2
S00173445,55,2
S00173446,105,4
S00173447,64,6
S00173448,189,19
S00173449,81,6
S00173450,96,6
S00173451,65,1
S00173452,89,7
S00173453,128,15
S00173454,143,3
S00173455,104,6
S00173456,115,12
S00173457,127,7
S00173458,131,12
S00173459,61,3
S00173460,69,2
S00173461,68,4
S00173462,49,5
S00173463,64,1
S00173464,151,11
S00173465,83,2
S00173466,79,9
S00173467,107,8
S00173468,141,13
S00173469,97,6
S00173470,102,6
S00173471,125,11
S00173472,53,-
S00173473,102,10
S00173474,155,14
S00173475,125,5
S00173476,103,5
S00173477,115,8
S00173478,60,4
S00173479,132,5
S00173480,100,7
S00173481,153,8
S00173482,59,6
S00173483,87,16
S00173484,53,5
S00173485,70,7
S00173486,85,7
S00173487,137,15
S00173488,97,6
S00173489,105,9
S00173490,85,6
S00173491,64,4
S00173492,74,4
S00173493,62,6
S00173494,100,5
S00173495,66,6
S00173496,130,11
S00173497,136,13
S00173498,89,8
S00173499,52,5
S00173500,86,7
S00173501,134,8
S00173502,96,9
S00173503,136,9
S00173504,69,1
S00173505,125,7
S00173506,81,7
S00173507,114,6
S00173508,105,12
S00173509,131,10
S00173510,100,9
S00173511,111,14
S00173512,107,9
S00173513,80,5
S00173514,45,4
S00173515,86,1
S00173516,63,-
S00173517,123,11
S00173518,99,12
S00173519,139,3
S00173520,84,9
S00173521,150,14
S00173522,129,5
S00173523,86,11
S00173524,118,9
S00173525,104,11
S00173526,75,6
S00173527,121,10
S00173528,52,-
S00173529,71,9
S00173530,138,11
S00173531,85,7
S00173532,97,9
S00173533,125,15
S00173534,66,7
S00173535,126,7
S00173536,95,6
S00173537,87,7
S00173538,109,6
S00173539,68,1
S00173540,108,9
S00173541,65,4
S00173542,150,15
S00173543,101,8
S00173544,95,3
S00173545,100,7
S00173546,96,7
S00173547,54,8
S00173548,83,1
S00173549,117,6
S00173550,75,7
S00173551,131,12
S00173552,147,6
S00173553,87,4
S00173554,79,-
S00173555,100,5
S00173556,132,15
S00173557,86,7
S00173558,80,5
S00173559,85,8
S00173560,139,9
S00173561,82,6
S00173562,101,1
S00173563,150,10
S00173564,107,6
S00173565,63,5
S00173566,68,9
S00173567,133,15
S00173568,123,7
S00173569,122,10
S00173570,133,11
S00173571,105,7
S00173572,93,7
S00173573,68,1
S00173574,67,1
S00173575,59,5
S00173576,108,18
S00173577,127,5
S00173578,129,4
S00173579,76,12
S00173580,97,8
S00173581,69,1
S00173582,141,12
S00173583,135,8
S00173584,123,7
S00173585,90,4
S00173586,95,5
S00173587,55,5
S00173588,128,7
S00173589,70,10
S00173590,66,6
S00173591,103,7
S00173592,109,12
S00173593,55,-
S00173594,57,4
S00173595,87,12
S00173596,142,6
S00173597,94,3
S00173598,124,10
S00173599,81,10
S00173600,119,6
S00173601,85,4
S00173602,80,8
S00173603,76,3
S00173604,104,3
S00173605,96,10
S00173606,80,6
S00173607,133,9
S00173608,72,4
S00173609,122,16
S00173610,87,5
S00173611,57,1
S00173612,151,12
S00173613,103,4
S00173614,85,4
S00173615,83,4
S00173616,118,5
S00173617,94,6
S00173618,149,11
S00173619,119,4
S00173620,99,7
S00173621,118,7
S00173622,94,8
S00173623,85,10
S00173624,65,8
S00173625,130,12
S00173626,88,6
S00173627,77,1
S00173628,134,18
S00173629,78,1
S00173630,76,2
S00173631,117,13
S00173632,90,8
S00173633,78,3
S00173634,97,3
S00173635,78,2
S00173636,95,8
S00173637,126,10
S00173638,85,5
S00173639,116,6
S00173640,99,9
S00173641,138,15
S00173642,106,3
S00173643,136,11
S00173644,135,11
S00173645,122,5
S00173646,148,8
S00173647,145,10
S00173648,102,12
S00173649,76,6
S00173650,55,5
S00173651,149,10
S00173652,125,7
S00173653,111,11
S00173654,132,10
S00173655,85,4
S00173656,133,16
S00173657,102,2
S00173658,67,2
S00173659,74,5
S00173660,135,3
S00173661,74,2
S00173662,78,2
S00173663,103,6
S00173664,153,18
S00173665,115,5
S00173666,99,3
S00173667,118,14
S00173668,68,10
S00173669,56,1
S00173670,127,2
S00173671,82,4
S00173672,83,6
S00173673,76,3
S00173674,69,3
S00173675,51,2
S00173676,87,1
S00173677,86,1
S00173678,60,3
S00173679,63,3
S00173680,119,4
S00173681,73,1
S00173682,75,3
S00173683,164,3
S00173684,110,3
S00173685,61,3
S00173686,145,7
S00173687,72,2
S00173688,68,2
S00173689,63,2
S00173690,85,-
S00173691,81,2
S00173692,117,1
S00173693,103,8
S00173694,116,1
S00173695,110,7
S00173696,115,3
S00173697,93,6
S00173698,85,2
S00173699,129,6
S00173700,133,6
S00173701,143,2
S00173702,131,4
S00173703,139,5
S00173704,137,5
S00173705,102,1
S00173706,73,-
S00173707,143,8
S00173708,102,5
S00173709,64,4
S00173710,68,-
S00173711,79,1
S00173712,93,3
S00173713,137,8
S00173714,51,7
S00173715,158,8
S00173716,70,1
S00173717,106,1
S00173718,61,2
S00173719,80,8
S00173720,81,6
S00173721,109,1
S00173722,153,15
S00173723,114,3
S00173724,65,4
S00173725,80,-
S00173726,95,3
S00173727,68,2
S00173728,67,3
S00173729,65,2
S00173730,95,1
S00173731,109,7
S00173732,89,-
S00173733,106,4
S00173734,96,2
S00173735,103,8
S00173736,103,1
S00173737,128,6
S00173738,88,5
S00173739,109,6
S00173740,172,4
S00173741,86,-
S00173742,140,6
S00173743,103,5
S00173744,134,5
S00173745,143,3
S00173746,111,3
S00173747,114,8
S00173748,122,8
S00173749,145,4
S00173750,128,5
S00173751,83,6
S00173752,95,8
S00173753,109,1
S00173754,96,4
S00173755,119,11
S00173756,60,3
S00173757,91,2
S00173758,60,2
S00173759,62,-
S00173760,104,6
S00173761,71,1
S00173762,102,4
S00173763,99,2
S00173764,86,5
S00173765,107,4
S00173766,92,-
S00173767,110,5
S00173768,102,4
S00173769,96,12
S00173770,143,4
S00173771,141,5
S00173772,117,8
S00173773,108,-
S00173774,160,10
S00173775,87,1
S00173776,91,6
S00173777,113,1
S00173778,173,6
S00173779,98,10
S00173780,116,5
S00173781,57,1
S00173782,83,5
S00173783,91,5
S00173784,53,2
S00173785,77,1
S00173786,120,2
S00173787,83,3
S00173788,116,2
S00173789,72,2
S00173790,130,8
S00173791,85,10
S00173792,97,2
S00173793,73,2
S00173794,95,4
S00173795,74,4
S00173796,90,-
S00173797,71,2
S00173798,126,10
S00173799,132,3
S00173800,86,7
S00173801,82,1
S00173802,93,3
S00173803,165,6
S00173804,125,6
S00173805,75,3
S00173806,114,3
S00173807,112,3
S00173808,121,6
S00173809,119,2
S00173810,81,4
S00173811,110,2
S00173812,117,6
S00173813,110,3
S00173814,144,10
S00173815,78,7
S00173816,128,4
S00173817,98,2
S00173818,77,6
S00173819,97,8
S00173820,92,3
S00173821,165,7
S00173822,110,5
S00173823,104,10
S00173824,93,7
S00173825,105,9
S00173826,60,4
S00173827,98,5
S00173828,108,4
S00173829,79,3
S00173830,141,3
S00173831,122,8
S00173832,65,7
S00173833,119,8
S00173834,114,7
S00173835,67,1
S00173836,84,2
S00173837,130,9
S00173838,106,4
S00173839,62,3
S00173840,93,3
S00173841,56,3
S00173842,116,4
S00173843,140,8
S00173844,144,6
S00173845,102,3
S00173846,78,2
S00173847,136,4
S00173848,57,3
S00173849,67,5
S00173850,118,4
S00173851,71,9
S00173852,85,2
S00173853,116,2
S00173854,116,11
S00173855,115,5
S00173856,84,4
S00173857,55,6
S00173858,111,4
S00173859,121,10
S00173860,115,-
S00173861,110,2
S00173862,67,6
S00173863,118,8
S00173864,113,5
S00173865,128,10
S00173866,86,-
S00173867,71,1
S00173868,120,7
S00173869,62,1
S00173870,87,3
S00173871,122,5
S00173872,114,3
S00173873,83,5
S00173874,120,4
S00173875,163,6
S00173876,55,1
S00173877,94,3
S00173878,76,2
S00173879,71,2
S00173880,152,4
S00173881,170,3
S00173882,66,4
S00173883,122,3
S00173884,92,6
S00173885,80,-
S00173886,89,5
S00173887,108,11
S00173888,90,7
S00173889,101,8
S00173890,136,7
S00173891,140,5
S00173892,104,7
S00173893,115,7
S00173894,85,4
S00173895,131,5
S00173896,49,4
S00173897,100,2
S00173898,110,7
S00173899,97,2
S00173900,79,-
S00173901,107,4
S00173902,79,1
S00173903,121,7
S00173904,83,3
S00173905,129,9
S00173906,143,10
S00173907,65,2
S00173908,97,4
S00173909,94,5
S00173910,57,5
S00173911,98,1
S00173912,118,3
S00173913,95,4
S00173914,57,1
S00173915,142,3
S00173916,112,7
S00173917,53,3
S00173918,135,6
S00173919,98,7
S00173920,63,-
S00173921,96,5
S00173922,170,4
S00173923,134,8
S00173924,109,5
S00173925,121,3
S00173926,75,3
S00173927,66,1
S00173928,97,2
S00173929,70,3
S00173930,121,4
S00173931,114,2
S00173932,95,10
S00173933,83,2
S00173934,93,4
S00173935,116,4
S00173936,68,3
S00173937,51,3
S00173938,114,4
S00173939,68,2
S00173940,74,1
S00173941,77,-
S00173942,142,15
S00173943,120,5
S00173944,58,-
S00173945,85,7
S00173946,113,9
S00173947,118,10
S00173948,68,2
S00173949,59,1
S00173950,59,1
S00173951,69,1
S00173952,92,4
S00173953,129,7
S00173954,61,-
S00173955,73,2
S00173956,83,-
S00173957,78,3
S00173958,72,2
S00173959,81,1
S00173960,56,5
S00173961,58,-
S00173962,75,3
S00173963,81,4
S00173964,133,6
S00173965,61,6
S00173966,63,-
S00173967,59,1
S00173968,52,1
S00173969,150,6
S00173970,110,4
S00173971,150,8
S00173972,91,4
S00173973,108,-
S00173974,108,11
S00173975,87,-
S00173976,58,3
S00173977,124,8
S00173978,133,8
S00173979,89,12
S00173980,143,4
S00173981,86,4
S00173982,130,5
S00173983,146,13
S00173984,99,6
S00173985,51,1
S00173986,101,5
S00173987,94,2
S00173988,80,7
S00173989,83,7
S00173990,127,4
S00173991,89,3
S00173992,108,5
S00173993,115,9
S00173994,133,4
S00173995,115,1
S00173996,94,6
S00173997,70,4
S00173998,109,2
S00173999,70,2
S00174000,91,6
S00174001,119,-
S00174002,148,3
S00174003,138,17
S00174004,71,1
S00174005,102,5
S00174006,76,3
S00174007,84,7
S00174008,73,3
S00174009,83,4
S00174010,102,-
S00174011,129,11
S00174012,102,-
S00174013,63,7
S00174014,96,1
S00174015,110,7
S00174016,126,13
S00174017,137,8
S00174018,96,5
S00174019,133,8
S00174020,84,3
S00174021,105,-
S00174022,104,3
S00174023,72,1
S00174024,120,11
S00174025,102,4
S00174026,120,-
S00174027,132,8
S00174028,131,4
S00174029,123,6
S00174030,143,11
S00174031,94,5
S00174032,103,4
S00174033,119,4
S00174034,95,2
S00174035,111,11
S00174036,112,4
S00174037,121,5
S00174038,78,2
S00174039,148,14
S00174040,87,2
S00174041,128,8
S00174042,132,6
S00174043,136,10
S00174044,122,5
S00174045,103,4
S00174046,82,1
S00174047,91,8
S00174048,106,5
S00174049,121,12
S00174050,85,4
S00174051,119,6
S00174052,139,4
S00174053,130,6
S00174054,99,6
S00174055,146,14
S00174056,102,9
S00174057,101,3
S00174058,78,5
S00174059,80,2
S00174060,89,3
S00174061,64,6
S00174062,109,6
S00174063,54,3
S00174064,109,5
S00174065,87,2
S00174066,91,3
S00174067,122,7
S00174068,91,5
S00174069,104,11
S00174070,139,10
S00174071,50,3
S00174072,88,4
S00174073,114,6
S00174074,96,8
S00174075,121,4
S00174076,98,1
S00174077,101,3
S00174078,112,6
S00174079,106,6
S00174080,104,6
S00174081,96,8
S00174082,130,7
S00174083,79,5
S00174084,86,5
S00174085,94,6
S00174086,82,12
S00174087,62,-
S00174088,87,8
S00174089,106,4
S00174090,112,2
S00174091,136,5
S00174092,110,4
S00174093,80,5
S00174094,118,16
S00174095,139,4
S00174096,116,5
S00174097,122,7
S00174098,99,5
S00174099,107,3
S00174100,118,5
S00174101,72,4
S00174102,82,3
S00174103,86,1
S00174104,109,9
S00174105,109,8
S00174106,57,-
S00174107,94,5
S00174108,70,-
S00174109,85,-
S00174110,104,5
S00174111,140,12
S00174112,66,4
S00174113,66,4
S00174114,122,2
S00174115,75,2
S00174116,134,-
S00174117,57,-
S00174118,116,-
S00174119,110,3
S00174120,84,-
S00174121,94,3
S00174122,104,18
S00174123,121,8
S00174124,156,10
S00174125,72,5
S00174126,80,6
S00174127,64,1
S00174128,92,-
S00174129,74,-
S00174130,112,9
S00174131,59,1
S00174132,157,6
S00174133,57,3
S00174134,74,5
S00174135,87,2
S00174136,77,17
S00174137,112,11
S00174138,106,10
S00174139,75,3
S00174140,80,3
S00174141,106,8
S00174142,130,39
S00174143,60,4
S00174144,58,6
S00174145,91,-
S00174146,116,3
S00174147,83,7
S00174148,66,2
S00174149,121,11
S00174150,106,2
S00174151,88,22
S00174152,99,6
S00174153,70,1
S00174154,65,2
S00174155,101,3
S00174156,71,4
S00174157,97,1
S00174158,76,-
S00174159,97,6
S00174160,97,8
S00174161,100,2
S00174162,70,7
S00174163,94,1
S00174164,104,3
S00174165,90,3
S00174166,90,4
S00174167,117,12
S00174168,69,3
S00174169,122,7
S00174170,109,5
S00174171,69,1
S00174172,90,1
S00174173,85,2
S00174174,84,4
S00174175,99,5
S00174176,100,5
S00174177,104,2
S00174178,86,2
S00174179,105,4
S00174180,115,19
S00174181,122,11
S00174182,162,17
S00174183,80,-
S00174184,82,1
S00174185,88,6
S00174186,90,11
S00174187,74,2
S00174188,80,2
S00174189,69,6
S00174190,123,13
S00174191,62,6
S00174192,72,5
S00174193,77,3
S00174194,100,4
S00174195,129,7
S00174196,55,2
S00174197,119,4
S00174198,142,4
S00174199,134,12
S00174200,111,4
S00174201,128,23
S00174202,72,3
S00174203,75,4
S00174204,92,3
S00174205,116,6
S00174206,242,116
S00174207,60,3
S00174208,94,7
S00174209,71,3
S00174210,70,11
S00174211,74,3
S00174212,59,-
S00174213,83,3
S00174214,89,3
S00174215,84,-
S00174216,125,3
S00174217,122,5
S00174218,165,10
S00174219,61,3
S00174220,72,7
S00174221,112,4
S00174222,91,-
S00174223,106,4
S00174224,109,3
S00174225,59,3
S00174226,146,12
S00174227,116,4
S00174228,134,3
S00174229,149,3
S00174230,100,2
S00174231,78,2
S00174232,125,-
S00174233,79,6
S00174234,69,2
S00174235,83,-
S00174236,108,3
S00174237,83,-
S00174238,99,-
S00174239,87,5
S00174240,110,16
S00174241,136,4
S00174242,92,4
S00174243,112,6
S00174244,88,3
S00174245,92,5
S00174246,99,6
S00174247,86,4
S00174248,101,5
S00174249,114,11
S00174250,111,4
S00174251,131,2
S00174252,108,4
S00174253,115,3
S00174254,156,14
S00174255,117,3
S00174256,108,7
S00174257,76,2
S00174258,85,1
S00174259,123,2
S00174260,68,3
S00174261,77,4
S00174262,71,1
S00174263,115,1
S00174264,83,2
S00174265,100,4
S00174266,69,2
S00174267,50,2
S00174268,62,2
S00174269,104,2
S00174270,89,6
S00174271,136,4
S00174272,72,1
S00174273,89,1
S00174274,122,2
S00174275,118,10
S00174276,91,4
S00174277,105,7
S00174278,73,2
S00174279,110,6
S00174280,94,3
S00174281,108,4
S00174282,99,5
S00174283,97,-
S00174284,57,3
S00174285,155,6
S00174286,68,6
S00174287,70,-
S00174288,134,10
S00174289,106,3
S00174290,95,5
S00174291,56,2
S00174292,169,9
S00174293,93,5
S00174294,131,3
S00174295,110,2
S00174296,129,7
S00174297,109,9
S00174298,75,3
S00174299,125,1
S00174300,118,3
S00174301,112,2
S00174302,157,3
S00174303,134,10
S00174304,95,1
S00174305,76,3
S00174306,83,7
S00174307,92,2
S00174308,88,-
S00174309,106,8
S00174310,72,1
S00174311,57,4
S00174312,68,-
S00174313,100,5
S00174314,63,-
S00174315,65,2
S00174316,69,-
S00174317,59,6
S00174318,112,1
S00174319,79,3
S00174320,104,10
S00174321,129,-
S00174322,76,3
S00174323,96,4
S00174324,78,4
S00174325,76,3
S00174326,94,8
S00174327,106,-
S00174328,161,19
S00174329,64,1
S00174330,94,7
S00174331,146,-
S00174332,61,2
S00174333,119,6
S00174334,114,9
S00174335,81,1
S00174336,133,4
S00174337,163,9
S00174338,63,-
S00174339,57,2
S00174340,50,3
S00174341,70,-
S00174342,83,5
S00174343,100,1
S00174344,96,10
S00174345,104,8
S00174346,58,1
S00174347,78,1
S00174348,91,1
S00174349,70,4
S00174350,124,8
S00174351,148,2
S00174352,133,2
S00174353,55,-
S00174354,70,9
S00174355,95,5
S00174356,75,2
S00174357,89,9
S00174358,111,12
S00174359,70,1
S00174360,89,2
S00174361,131,11
S00174362,69,5
S00174363,53,3
S00174364,105,8
S00174365,99,4
S00174366,152,11
S00174367,86,-
S00174368,96,3
S00174369,100,3
S00174370,109,3
S00174371,54,1
S00174372,71,3
S00174373,85,6
S00174374,113,9
S00174375,119,7
S00174376,118,9
S00174377,99,5
S00174378,101,4
S00174379,101,2
S00174380,75,2
S00174381,88,4
S00174382,89,-
S00174383,72,4
S00174384,70,2
S00174385,76,3
S00174386,102,-
S00174387,96,1
S00174388,137,5
S00174389,81,2
S00174390,107,7
S00174391,80,-
S00174392,78,6
S00174393,50,3
S00174394,122,6
S00174395,82,4
S00174396,87,1
S00174397,97,2
S00174398,76,3
S00174399,74,1
S00174400,83,-
S00174401,86,2
S00174402,121,1
S00174403,103,-
S00174404,106,2
S00174405,175,10
S00174406,144,-
S00174407,102,9
S00174408,113,2
S00174409,76,-
S00174410,80,6
S00174411,68,1
S00174412,106,6
S00174413,90,4
S00174414,66,8
S00174415,114,4
S00174416,55,3
S00174417,87,3
S00174418,74,3
S00174419,96,2
S00174420,80,10
S00174421,53,-
S00174422,82,4
S00174423,65,4
S00174424,70,1
S00174425,117,4
S00174426,61,3
S00174427,51,1
S00174428,55,4
S00174429,91,6
S00174430,62,2
S00174431,83,2
S00174432,96,2
S00174433,64,2
S00174434,65,1
S00174435,129,1
S00174436,65,3
S00174437,94,4
S00174438,64,2
S00174439,71,2
S00174440,98,-
S00174441,78,1
S00174442,68,1
S00174443,53,1
S00174444,75,-
S00174445,142,6
S00174446,88,-
S00174447,67,1
S00174448,70,3
S00174449,126,7
S00174450,108,4
S00174451,92,4
S00174452,92,2
S00174453,85,-
S00174454,68,5
S00174455,108,3
S00174456,91,1
S00174457,60,4
S00174458,70,3
S00174459,55,-
S00174460,98,-
S00174461,109,5
S00174462,150,8
S00174463,82,1
S00174464,72,3
S00174465,98,3
S00174466,93,2
S00174467,139,10
S00174468,119,7
S00174469,101,3
S00174470,64,-
S00174471,63,1
S00174472,91,3
S00174473,118,4
S00174474,85,2
S00174475,126,5
S00174476,112,6
S00174477,109,1
S00174478,60,1
S00174479,84,5
S00174480,86,-
S00174481,105,5
S00174482,119,1
S00174483,144,3
S00174484,113,3
S00174485,97,4
S00174486,97,1
S00174487,119,3
S00174488,149,4
S00174489,134,3
S00174490,68,3
S00174491,90,2
S00174492,85,4
S00174493,55,3
S00174494,65,4
S00174495,80,1
S00174496,81,2
S00174497,63,-
S00174498,114,3
S00174499,131,2
S00174500,89,6
S00174501,86,3
S00174502,131,2
S00174503,127,5
S00174504,81,2
S00174505,63,-
S00174506,135,5
S00174507,72,-
S00174508,69,4
S00174509,85,2
S00174510,90,2
S00174511,93,1
S00174512,66,4
S00174513,114,5
S00174514,149,-
S00174515,144,7
S00174516,90,4
S00174517,58,3
S00174518,94,2
S00174519,61,1
S00174520,95,9
S00174521,93,5
S00174522,75,-
S00174523,60,7
S00174524,116,8
S00174525,106,-
S00174526,113,5
S00174527,137,3
S00174528,70,4
S00174529,105,4
S00174530,114,4
S00174531,78,9
S00174532,79,6
S00174533,75,3
S00174534,68,1
S00174535,88,4
S00174536,100,4
S00174537,102,6
S00174538,107,4
S00174539,105,1
S00174540,80,5
S00174541,54,6
S00174542,102,2
S00174543,107,6
S00174544,90,8
S00174545,117,7
S00174546,78,3
S00174547,87,9
S00174548,129,5
S00174549,61,1
S00174550,94,5
S00174551,98,10
S00174552,116,5
S00174553,84,3
S00174554,86,3
S00174555,85,5
S00174556,68,5
S00174557,92,6
S00174558,77,6
S00174559,89,3
S00174560,112,6
S00174561,86,4
S00174562,100,11
S00174563,62,2
S00174564,104,6
S00174565,71,5
S00174566,71,3
S00174567,92,10
S00174568,62,1
S00174569,65,3
S00174570,126,5
S00174571,118,9
S00174572,87,5
S00174573,79,2
S00174574,67,2
S00174575,107,4
S00174576,67,3
S00174577,86,2
S00174578,115,-
S00174579,63,2
S00174580,85,2
S00174581,76,3
S00174582,135,7
S00174583,55,-
S00174584,80,3
S00174585,124,5
S00174586,88,2
S00174587,67,5
S00174588,81,3
S00174589,71,4
S00174590,122,3
S00174591,85,2
S00174592,70,2
S00174593,76,3
S00174594,70,2
S00174595,62,5
S00174596,143,3
S00174597,107,2
S00174598,84,-
S00174599,95,6
S00174600,105,1
S00174601,108,2
S00174602,124,-
S00174603,71,2
S00174604,70,1
S00174605,57,1
S00174606,102,4
S00174607,72,4
S00174608,84,-
S00174609,100,5
S00174610,77,7
S00174611,75,1
S00174612,117,5
S00174613,70,4
S00174614,109,1
S00174615,105,2
S00174616,95,-
S00174617,103,3
S00174618,114,4
S00174619,98,7
S00174620,68,4
S00174621,98,1
S00174622,133,1
S00174623,78,1
S00174624,84,-
S00174625,66,1
S00174626,56,-
S00174627,74,-
S00174628,130,3
S00174629,81,1
S00174630,115,2
S00174631,111,2
S00174632,54,1
S00174633,135,3
S00174634,94,1
S00174635,139,4
S00174636,141,5
S00174637,57,2
S00174638,66,7
S00174639,125,5
S00174640,74,2
S00174641,54,3
S00174642,59,4
S00174643,94,3
S00174644,109,1
S00174645,80,1
S00174646,59,2
S00174647,69,3
S00174648,157,6
S00174649,108,6
S00174650,62,-
S00174651,138,2
S00174652,80,1
S00174653,80,3
S00174654,58,2
S00174655,118,4
S00174656,44,1
S00174657,111,2
S00174658,68,4
S00174659,152,5
S00174660,67,1
S00174661,103,6
S00174662,94,3
S00174663,88,3
S00174664,64,7
S00174665,80,1
S00174666,70,2
S00174667,120,5
S00174668,69,1
S00174669,80,2
S00174670,64,6
S00174671,98,4
S00174672,61,2
S00174673,90,3
S00174674,59,3
S00174675,69,-
S00174676,118,9
S00174677,101,4
S00174678,82,4
S00174679,109,-
S00174680,124,5
S00174681,71,2
S00174682,59,7
S00174683,128,2
S00174684,87,4
S00174685,70,4
S00174686,91,-
S00174687,129,1
S00174688,91,1
S00174689,88,-
S00174690,84,3
S00174691,57,3
S00174692,60,3
S00174693,77,2
S00174694,137,-
S00174695,54,1
S00174696,129,3
S00174697,61,3
S00174698,62,-
S00174699,92,4
S00174700,166,11
S00174701,78,4
S00174702,111,2
S00174703,95,3
S00174704,63,3
S00174705,61,-
S00174706,118,3
S00174707,110,4
S00174708,61,-
S00174709,155,3
S00174710,144,8
S00174711,125,4
S00174712,101,2
S00174713,82,3
S00174714,108,3
S00174715,132,11
S00174716,92,-
S00174717,115,4
S00174718,92,5
S00174719,57,2
S00174720,108,3
S00174721,99,4
S00174722,181,6
S00174723,146,2
S00174724,137,2
S00174725,52,1
S00174726,88,3
S00174727,57,1
S00174728,142,4
S00174729,64,3
S00174730,96,5
S00174731,55,-
S00174732,151,6
S00174733,128,1
S00174734,169,7
S00174735,86,4
S00174736,54,2
S00174737,58,-
S00174738,106,7
S00174739,131,2
S00174740,73,6
S00174741,59,1
S00174742,113,9
S00174743,125,5
S00174744,92,4
S00174745,136,4
S00174746,141,8
S00174747,126,7
S00174748,79,3
S00174749,146,8
S00174750,113,6
S00174751,87,-
S00174752,73,3
S00174753,77,4
S00174754,47,6
S00174755,90,4
S00174756,77,4
S00174757,96,5
S00174758,64,1
S00174759,74,2
S00174760,99,1
S00174761,152,6
S00174762,139,6
S00174763,126,3
S00174764,93,4
S00174765,112,2
S00174766,130,2
S00174767,137,2
S00174768,80,-
S00174769,75,-
S00174770,61,5
S00174771,128,10
S00174772,73,1
S00174773,150,7
S00174774,95,9
S00174775,74,1
S00174776,67,1
S00174777,53,3
S00174778,76,-
S00174779,108,6
S00174780,124,6
S00174781,85,7
S00174782,81,3
S00174783,114,1
S00174784,114,1
S00174785,108,-
S00174786,153,48
S00174787,103,9
S00174788,71,4
S00174789,62,4
S00174790,106,4
S00174791,64,1
S00174792,112,2
S00174793,82,3
S00174794,54,-
S00174795,86,4
S00174796,73,7
S00174797,55,-
S00174798,84,5
S00174799,112,3
S00174800,100,6
S00174801,144,7
S00174802,73,4
S00174803,63,-
S00174804,122,7
S00174805,123,3
S00174806,92,-
S00174807,111,4
S00174808,100,2
S00174809,78,2
S00174810,144,8
S00174811,78,1
S00174812,116,8
S00174813,73,7
S00174814,155,1
S00174815,59,1
S00174816,145,4
S00174817,92,1
S00174818,121,5
S00174819,62,2
S00174820,164,12
S00174821,77,4
S00174822,94,9
S00174823,88,4
S00174824,58,2
S00174825,59,1
S00174826,90,6
S00174827,76,-
S00174828,89,4
S00174829,60,1
S00174830,48,2
S00174831,162,5
S00174832,106,-
S00174833,123,3
S00174834,72,1
S00174835,120,4
S00174836,116,14
S00174837,64,1
S00174838,152,6
S00174839,65,-
S00174840,55,1
S00174841,72,5
S00174842,66,-
S00174843,48,-
S00174844,100,2
S00174845,101,4
S00174846,87,8
S00174847,109,2
S00174848,126,4
S00174849,84,6
S00174850,62,5
S00174851,114,5
S00174852,156,7
S00174853,66,7
S00174854,56,-
S00174855,97,6
S00174856,54,-
S00174857,76,4
S00174858,76,-
S00174859,190,3
S00174860,201,2
S00174861,95,3
S00174862,79,1
S00174863,71,2
S00174864,139,4
S00174865,127,3
S00174866,142,5
S00174867,76,1
S00174868,124,7
S00174869,214,14
S00174870,49,-
S00174871,127,4
S00174872,80,2
S00174873,66,6
S00174874,161,7
S00174875,151,7
S00174876,94,1
S00174877,92,-
S00174878,155,5
S00174879,89,-
S00174880,71,-
S00174881,84,3
S00174882,136,2
S00174883,102,4
S00174884,108,4
S00174885,86,3
S00174886,103,12
S00174887,120,9
S00174888,148,5
S00174889,130,10
S00174890,94,4
S00174891,117,6
S00174892,129,1
S00174893,75,5
S00174894,93,6
S00174895,126,7
S00174896,101,3
S00174897,52,-
S00174898,120,9
S00174899,60,1
S00174900,131,9
S00174901,62,4
S00174902,120,13
S00174903,185,8
S00174904,87,11
S00174905,99,1
S00174906,114,1
S00174907,76,2
S00174908,146,7
S00174909,92,9
S00174910,90,6
S00174911,103,2
S00174912,98,4
S00174913,83,7
S00174914,159,7
S00174915,80,3
S00174916,93,3
S00174917,123,6
S00174918,125,7
S00174919,95,8
S00174920,113,3
S00174921,96,7
S00174922,99,5
S00174923,118,7
S00174924,156,8
S00174925,80,5
S00174926,94,5
S00174927,130,8
S00174928,100,7
S00174929,138,14
S00174930,101,8
S00174931,106,2
S00174932,114,8
S00174933,80,4
S00174934,91,9
S00174935,60,2
S00174936,70,3
S00174937,85,2
S00174938,115,4
S00174939,97,5
S00174940,131,10
S00174941,133,3
S00174942,80,7
S00174943,80,5
S00174944,74,5
S00174945,86,3
S00174946,68,4
S00174947,122,5
S00174948,103,10
S00174949,95,6
S00174950,59,2
S00174951,59,3
S00174952,130,3
S00174953,107,5
S00174954,130,4
S00174955,55,4
S00174956,108,2
S00174957,84,3
S00174958,62,5
S00174959,101,4
S00174960,83,-
S00174961,133,4
S00174962,59,2
S00174963,83,3
S00174964,94,-
S00174965,85,9
S00174966,148,3
S00174967,121,6
S00174968,74,7
S00174969,110,4
S00174970,117,6
S00174971,150,14
S00174972,84,1
S00174973,157,7
S00174974,98,6
S00174975,71,3
S00174976,65,4
S00174977,66,4
S00174978,111,4
S00174979,94,10
S00174980,102,15
S00174981,92,2
S00174982,91,-
S00174983,107,6
S00174984,93,6
S00174985,87,10
S00174986,139,7
S00174987,112,5
S00174988,58,-
S00174989,115,11
S00174990,111,7
S00174991,85,4
S00174992,146,11
S00174993,132,9
S00174994,96,4
S00174995,108,9
S00174996,111,1
S00174997,58,-
S00174998,116,4
S00174999,114,7
S00175000,93,8
S00175001,68,1
S00175002,59,5
S00175003,87,10
S00175004,158,7
S00175005,50,2
S00175006,75,1
S00175007,126,5
S00175008,46,5
S00175009,78,4
S00175010,96,3
S00175011,78,13
S00175012,70,8
S00175013,114,2
S00175014,75,5
S00175015,127,4
S00175016,129,4
S00175017,88,5
S00175018,116,11
S00175019,87,-
S00175020,80,4
S00175021,74,4
S00175022,171,9
S00175023,86,6
S00175024,102,2
S00175025,71,3
S00175026,127,8
S00175027,63,1
S00175028,82,7
S00175029,115,5
S00175030,108,4
S00175031,89,6
S00175032,87,3
S00175033,116,6
S00175034,128,13
S00175035,63,-
S00175036,81,1
S00175037,78,2
S00175038,81,3
S00175039,91,-
S00175040,104,9
S00175041,149,6
S00175042,121,-
S00175043,80,1
S00175044,53,7
S00175045,103,-
S00175046,105,2
S00175047,99,2
S00175048,88,6
S00175049,61,-
S00175050,96,4
S00175051,135,2
S00175052,158,4
S00175053,160,11
S00175054,73,4
S00175055,115,5
S00175056,82,11
S00175057,86,3
S00175058,100,6
S00175059,71,4
S00175060,96,2
S00175061,137,4
S00175062,141,4
S00175063,169,3
S00175064,129,9
S00175065,97,5
S00175066,103,2
S00175067,105,1
S00175068,120,10
S00175069,84,10
S00175070,152,8
S00175071,100,4
S00175072,87,7
S00175073,65,-
S00175074,153,14
S00175075,95,5
S00175076,142,10
S00175077,93,5
S00175078,120,12
S00175079,110,5
S00175080,55,3
S00175081,96,7
S00175082,84,8
S00175083,93,5
S00175084,125,7
S00175085,84,9
S00175086,141,6
S00175087,70,3
S00175088,101,8
S00175089,96,3
S00175090,74,4
S00175091,76,5
S00175092,71,3
S00175093,66,-
S00175094,78,4
S00175095,103,3
S00175096,61,3
S00175097,71,3
S00175098,177,1
S00175099,91,1
S00175100,87,-
S00175101,82,5
S00175102,98,5
S00175103,88,6
S00175104,147,6
S00175105,64,3
S00175106,72,2
S00175107,62,5
S00175108,119,2
S00175109,88,1
S00175110,71,4
S00175111,71,3
S00175112,60,3
S00175113,101,1
S00175114,81,2
S00175115,69,3
S00175116,127,6
S00175117,115,2
S00175118,103,1
S00175119,60,5
S00175120,98,10
S00175121,109,10
S00175122,86,1
S00175123,87,1
S00175124,84,3
S00175125,81,4
S00175126,155,3
S00175127,87,2
S00175128,139,3
S00175129,89,4
S00175130,116,4
S00175131,71,2
S00175132,65,2
S00175133,105,6
S00175134,83,-
S00175135,102,4
S00175136,124,3
S00175137,74,3
S00175138,95,2
S00175139,119,4
S00175140,126,3
S00175141,69,2
S00175142,121,2
S00175143,154,9
S00175144,97,3
S00175145,152,12
S00175146,98,8
S00175147,86,6
S00175148,112,6
S00175149,101,12
S00175150,82,8
S00175151,87,4
S00175152,112,2
S00175153,99,9
S00175154,104,6
S00175155,61,4
S00175156,87,4
S00175157,109,7
S00175158,78,3
S00175159,114,5
S00175160,89,8
S00175161,86,1
S00175162,125,8
S00175163,127,13
S00175164,83,8
S00175165,141,2
S00175166,83,6
S00175167,74,6
S00175168,85,3
S00175169,93,3
S00175170,123,7
S00175171,103,13
S00175172,104,4
S00175173,107,12
S00175174,156,24
S00175175,91,5
S00175176,109,3
S00175177,140,11
S00175178,97,3
S00175179,100,5
S00175180,102,2
S00175181,110,2
S00175182,102,7
S00175183,83,1
S00175184,150,11
S00175185,102,2
S00175186,73,1
S00175187,112,4
S00175188,110,5
S00175189,66,1
S00175190,59,-
S00175191,92,8
S00175192,54,3
S00175193,92,6
S00175194,75,3
S00175195,95,4
S00175196,114,6
S00175197,87,5
S00175198,58,1
S00175199,98,6
S00175200,94,5
S00175201,86,3
S00175202,62,3
S00175203,81,7
S00175204,124,4
S00175205,126,3
S00175206,110,9
S00175207,78,2
S00175208,100,2
S00175209,111,5
S00175210,90,8
S00175211,108,6
S00175212,132,7
S00175213,133,6
S00175214,77,1
S00175215,134,11
S00175216,134,11
S00175217,104,2
S00175218,53,2
S00175219,78,1
S00175220,91,3
S00175221,125,11
S00175222,65,10
S00175223,104,1
S00175224,71,5
S00175225,120,7
S00175226,117,11
S00175227,112,8
S00175228,73,4
S00175229,55,-
S00175230,110,6
S00175231,128,6
S00175232,63,-
S00175233,104,2
S00175234,213,11
S00175235,113,8
S00175236,123,11
S00175237,92,5
S00175238,54,2
S00175239,74,2
S00175240,75,5
S00175241,113,4
S00175242,102,3
S00175243,57,1
S00175244,106,6
S00175245,125,15
S00175246,93,5
S00175247,76,3
S00175248,72,5
S00175249,101,-
S00175250,73,1
S00175251,97,4
S00175252,117,6
S00175253,71,6
S00175254,79,4
S00175255,57,2
S00175256,70,2
S00175257,65,4
S00175258,86,6
S00175259,65,3
S00175260,57,2
S00175261,86,3
S00175262,78,-
S00175263,96,-
S00175264,105,4
S00175265,70,1
S00175266,59,1
S00175267,81,3
S00175268,77,8
S00175269,119,5
S00175270,121,7
S00175271,66,4
S00175272,128,4
S00175273,77,5
S00175274,98,6
S00175275,87,3
S00175276,120,12
S00175277,86,5
S00175278,86,2
S00175279,122,5
S00175280,146,6
S00175281,98,7
S00175282,109,7
S00175283,87,3
S00175284,127,11
S00175285,97,5
S00175286,95,1
S00175287,65,5
S00175288,122,7
S00175289,78,3
S00175290,64,3
S00175291,161,10
S00175292,70,3
S00175293,90,2
S00175294,80,-
S00175295,97,6
S00175296,114,9
S00175297,75,4
S00175298,124,2
S00175299,45,5
S00175300,133,9
S00175301,130,4
S00175302,99,6
S00175303,112,5
S00175304,93,3
S00175305,135,8
S00175306,68,7
S00175307,127,9
S00175308,126,16
S00175309,85,1
S00175310,122,3
S00175311,156,8
S00175312,54,2
S00175313,136,5
S00175314,80,3
S00175315,81,2
S00175316,62,1
S00175317,60,-
S00175318,75,5
S00175319,67,1
S00175320,74,3
S00175321,82,4
S00175322,67,2
S00175323,56,5
S00175324,81,2
S00175325,73,6
S00175326,86,-
S00175327,102,4
S00175328,57,2
S00175329,83,2
S00175330,114,9
S00175331,80,7
S00175332,81,5
S00175333,62,8
S00175334,79,5
S00175335,100,3
S00175336,73,10
S00175337,63,5
S00175338,109,14
S00175339,93,3
S00175340,68,1
S00175341,82,5
S00175342,76,1
S00175343,112,7
S00175344,68,4
S00175345,88,11
S00175346,84,1
S00175347,68,3
S00175348,76,6
S00175349,82,3
S00175350,105,4
S00175351,134,7
S00175352,81,3
S00175353,140,16
S00175354,101,-
S00175355,175,7
S00175356,95,8
S00175357,104,1
S00175358,72,2
S00175359,77,4
S00175360,107,3
S00175361,88,1
S00175362,86,2
S00175363,76,2
S00175364,105,8
S00175365,72,12
S00175366,98,7
S00175367,137,11
S00175368,70,3
S00175369,60,1
S00175370,86,2
S00175371,100,4
S00175372,103,7
S00175373,137,4
S00175374,67,11
S00175375,51,5
S00175376,59,4
S00175377,61,7
S00175378,68,4
S00175379,87,7
S00175380,106,3
S00175381,106,10
S00175382,72,5
S00175383,73,5
S00175384,56,7
S00175385,59,8
S00175386,55,2
S00175387,87,15
S00175388,125,50
S00175389,102,6
S00175390,86,1
S00175391,108,-
S00175392,67,3
S00175393,62,8
S00175394,100,7
S00175395,63,4
S00175396,67,5
S00175397,97,9
S00175398,108,14
S00175399,62,-
S00175400,89,-
S00175401,98,8
S00175402,70,-
S00175403,157,10
S00175404,59,4
S00175405,97,5
S00175406,76,-
S00175407,63,4
S00175408,96,2
S00175409,129,5
S00175410,96,8
S00175411,99,7
S00175412,105,6
S00175413,125,16
S00175414,59,-
S00175415,83,8
S00175416,136,6
S00175417,67,5
S00175418,47,2
S00175419,89,5
S00175420,139,5
S00175421,69,8
S00175422,103,8
S00175423,63,3
S00175424,78,3
S00175425,73,2
S00175426,97,2
S00175427,243,140
S00175428,93,4
S00175429,63,5
S00175430,77,4
S00175431,80,5
S00175432,146,7
S00175433,130,12
S00175434,62,4
S00175435,120,3
S00175436,85,5
S00175437,60,6
S00175438,78,3
S00175439,68,2
S00175440,109,2
S00175441,82,5
S00175442,123,7
S00175443,63,1
S00175444,64,6
S00175445,81,1
S00175446,132,8
S00175447,58,4
S00175448,70,4
S00175449,86,7
S00175450,135,13
S00175451,85,3
S00175452,65,-
S00175453,109,3
S00175454,81,5
S00175455,142,8
S00175456,149,14
S00175457,94,2
S00175458,71,2
S00175459,132,6
S00175460,89,5
S00175461,76,3
S00175462,111,5
S00175463,64,5
S00175464,71,5
S00175465,71,3
S00175466,100,7
S00175467,72,4
S00175468,88,1
S00175469,98,8
S00175470,104,8
S00175471,123,9
S00175472,141,4
S00175473,155,-
S00175474,79,3
S00175475,135,14
S00175476,77,3
S00175477,92,3
S00175478,82,1
S00175479,80,6
S00175480,137,6
S00175481,85,7
S00175482,88,5
S00175483,108,10
S00175484,107,5
S00175485,112,6
S00175486,67,2
S00175487,80,5
S00175488,57,1
S00175489,81,1
S00175490,94,6
S00175491,145,6
S00175492,77,6
S00175493,99,12
S00175494,92,5
S00175495,83,3
S00175496,159,7
S00175497,85,9
S00175498,159,8
S00175499,104,7
S00175500,100,7
S00175501,72,2
S00175502,62,5
S00175503,119,6
S00175504,117,7
S00175505,76,7
S00175506,120,5
S00175507,129,7
S00175508,92,7
S00175509,95,5
S00175510,77,8
S00175511,79,7
S00175512,94,9
S00175513,69,6
S00175514,94,7
S00175515,66,3
S00175516,118,5
S00175517,78,6
S00175518,65,2
S00175519,90,7
S00175520,97,10
S00175521,83,3
S00175522,143,15
S00175523,95,10
S00175524,99,4
S00175525,140,6
S00175526,186,10
S00175527,113,5
S00175528,117,3
S00175529,88,2
S00175530,134,9
S00175531,128,9
S00175532,113,6
S00175533,156,5
S00175534,154,8
S00175535,155,10
S00175536,148,5
S00175537,83,5
S00175538,71,-
S00175539,105,7
S00175540,72,-
S00175541,120,7
S00175542,70,2
S00175543,136,6
S00175544,109,2
S00175545,131,11
S00175546,102,5
S00175547,94,3
S00175548,93,11
S00175549,73,-
S00175550,134,8
S00175551,129,5
S00175552,84,5
S00175553,117,8
S00175554,87,6
S00175555,114,8
S00175556,76,-
S00175557,141,10
S00175558,79,5
S00175559,78,6
S00175560,133,6
S00175561,141,16
S00175562,92,12
S00175563,99,3
S00175564,108,6
S00175565,70,3
S00175566,88,13
S00175567,81,1
S00175568,77,5
S00175569,137,3
S00175570,116,2
S00175571,136,10
S00175572,79,-
S00175573,86,6
S00175574,55,-
S00175575,63,-
S00175576,90,4
S00175577,90,1
S00175578,111,6
S00175579,61,1
S00175580,83,4
S00175581,64,5
S00175582,93,5
S00175583,118,3
S00175584,73,3
S00175585,65,2
S00175586,91,2
S00175587,51,1
S00175588,60,2
S00175589,69,6
S00175590,134,6
S00175591,96,-
S00175592,98,4
S00175593,77,6
S00175594,85,5
S00175595,55,4
S00175596,59,2
S00175597,86,5
S00175598,114,6
S00175599,63,-
S00175600,77,3
S00175601,77,6
S00175602,102,5
S00175603,125,6
S00175604,115,6
S00175605,167,15
S00175606,115,4
S00175607,62,3
S00175608,148,10
S00175609,65,1
S00175610,91,10
S00175611,82,6
S00175612,89,3
S00175613,155,10
S00175614,86,8
S00175615,54,4
S00175616,90,4
S00175617,126,9
S00175618,145,13
S00175619,81,3
S00175620,101,6
S00175621,112,8
S00175622,110,8
S00175623,88,7
S00175624,91,-
S00175625,90,6
S00175626,87,7
S00175627,76,2
S00175628,99,8
S00175629,109,9
S00175630,79,6
S00175631,84,4
S00175632,155,8
S00175633,89,4
S00175634,75,2
S00175635,112,8
S00175636,107,4
S00175637,119,6
S00175638,91,3
S00175639,84,6
S00175640,87,4
S00175641,122,8
S00175642,134,6
S00175643,93,2
S00175644,84,5
S00175645,126,7
S00175646,144,7
S00175647,121,4
S00175648,202,13
S00175649,92,5
S00175650,109,6
S00175651,81,4
S00175652,98,7
S00175653,87,4
S00175654,97,7
S00175655,73,6
S00175656,66,7
S00175657,90,8
S00175658,120,4
S00175659,118,7
S00175660,78,3
S00175661,102,4
S00175662,107,7
S00175663,120,8
S00175664,85,4
S00175665,101,4
S00175666,75,6
S00175667,91,6
S00175668,98,4
S00175669,100,9
S00175670,107,6
S00175671,116,4
S00175672,141,5
S00175673,70,3
S00175674,83,3
S00175675,77,1
S00175676,143,6
S00175677,87,7
S00175678,122,7
S00175679,83,6
S00175680,73,3
S00175681,63,1
S00175682,94,8
S00175683,115,3
S00175684,113,4
S00175685,127,5
S00175686,96,1
S00175687,95,4
S00175688,130,9
S00175689,118,5
S00175690,80,16
S00175691,109,4
S00175692,89,3
S00175693,85,9
S00175694,160,13
S00175695,60,6
S00175696,157,11
S00175697,94,2
S00175698,105,5
S00175699,137,7
S00175700,70,2
S00175701,78,-
S00175702,48,3
S00175703,102,7
S00175704,102,6
S00175705,108,4
S00175706,72,9
S00175707,60,5
S00175708,77,7
S00175709,74,4
S00175710,76,2
S00175711,111,5
S00175712,65,3
S00175713,143,8
S00175714,118,6
S00175715,79,5
S00175716,115,9
S00175717,147,2
S00175718,71,4
S00175719,67,1
S00175720,90,5
S00175721,71,2
S00175722,56,4
S00175723,53,-
S00175724,58,7
S00175725,116,5
S00175726,102,2
S00175727,98,4
S00175728,155,10
S00175729,73,8
S00175730,91,2
S00175731,72,7
S00175732,151,12
S00175733,107,6
S00175734,50,1
S00175735,103,5
S00175736,143,5
S00175737,89,-
S00175738,122,3
S00175739,122,12
S00175740,69,-
S00175741,81,6
S00175742,66,7
S00175743,68,8
S00175744,60,2
S00175745,126,6
S00175746,71,6
S00175747,109,11
S00175748,63,4
S00175749,113,7
S00175750,113,5
S00175751,58,2
S00175752,118,2
S00175753,134,1
S00175754,138,4
S00175755,67,3
S00175756,104,5
S00175757,100,5
S00175758,74,2
S00175759,93,6
S00175760,77,6
S00175761,76,1
S00175762,100,3
S00175763,132,4
S00175764,91,9
S00175765,87,-
S00175766,125,5
S00175767,91,3
S00175768,147,6
S00175769,68,1
S00175770,74,2
S00175771,66,-
S00175772,96,5
S00175773,49,-
S00175774,101,6
S00175775,82,-
S00175776,142,6
S00175777,62,-
S00175778,141,4
S00175779,90,-
S00175780,105,4
S00175781,102,4
S00175782,66,-
S00175783,133,7
S00175784,66,5
S00175785,108,4
S00175786,88,4
S00175787,79,2
S00175788,129,1
S00175789,86,-
S00175790,70,-
S00175791,89,3
S00175792,83,3
S00175793,72,10
S00175794,109,2
S00175795,64,1
S00175796,50,5
S00175797,73,2
S00175798,126,3
S00175799,121,4
S00175800,136,6
S00175801,98,8
S00175802,68,4
S00175803,75,3
S00175804,94,2
S00175805,87,5
S00175806,66,6
S00175807,88,6
S00175808,104,7
S00175809,86,4
S00175810,121,6
S00175811,59,6
S00175812,86,2
S00175813,139,10
S00175814,93,6
S00175815,71,2
S00175816,106,17
S00175817,63,4
S00175818,79,10
S00175819,84,8
S00175820,74,3
S00175821,107,10
S00175822,78,1
S00175823,82,1
S00175824,66,2
S00175825,69,-
S00175826,108,2
S00175827,103,4
S00175828,83,5
S00175829,94,11
S00175830,101,4
S00175831,127,6
S00175832,131,13
S00175833,109,8
S00175834,103,4
S00175835,96,3
S00175836,122,12
S00175837,69,1
S00175838,120,12
S00175839,113,5
S00175840,92,3
S00175841,119,5
S00175842,106,1
S00175843,66,-
S00175844,88,7
S00175845,68,4
S00175846,94,1
S00175847,104,6
S00175848,140,2
S00175849,86,2
S00175850,141,6
S00175851,134,2
S00175852,91,3
S00175853,88,1
S00175854,90,4
S00175855,103,9
S00175856,53,-
S00175857,62,-
S00175858,60,1
S00175859,85,-
S00175860,84,5
S00175861,96,10
S00175862,81,8
S00175863,70,3
S00175864,64,2
S00175865,92,-
S00175866,108,10
S00175867,87,8
S00175868,137,17
S00175869,90,14
S00175870,128,3
S00175871,107,3
S00175872,83,5
S00175873,103,7
S00175874,86,10
S00175875,95,3
S00175876,151,11
S00175877,98,4
S00175878,92,4
S00175879,121,16
S00175880,108,6
S00175881,139,8
S00175882,83,5
S00175883,98,5
S00175884,60,5
S00175885,93,7
S00175886,89,11
S00175887,72,7
S00175888,71,4
S00175889,70,7
S00175890,73,5
S00175891,69,1
S00175892,94,3
S00175893,61,4
S00175894,71,2
S00175895,77,4
S00175896,70,6
S00175897,65,4
S00175898,110,3
S00175899,96,9
S00175900,154,7
S00175901,88,1
S00175902,101,5
S00175903,56,-
S00175904,92,2
S00175905,61,4
S00175906,57,1
S00175907,61,7
S00175908,64,1
S00175909,51,5
S00175910,97,4
S00175911,99,7
S00175912,67,9
S00175913,83,1
S00175914,71,1
S00175915,129,7
S00175916,94,6
S00175917,94,2
S00175918,65,2
S00175919,97,4
S00175920,55,2
S00175921,100,6
S00175922,83,2
S00175923,140,7
S00175924,48,1
S00175925,136,9
S00175926,60,3
S00175927,71,14
S00175928,96,4
S00175929,89,1
S00175930,82,2
S00175931,195,25
S00175932,110,2
S00175933,53,6
S00175934,82,1
S00175935,75,8
S00175936,65,4
S00175937,66,2
S00175938,113,4
S00175939,130,3
S00175940,104,4
S00175941,62,-
S00175942,152,9
S00175943,78,9
S00175944,97,9
S00175945,85,3
S00175946,62,4
S00175947,82,1
S00175948,75,-
S00175949,116,6
S00175950,90,7
S00175951,63,4
S00175952,136,6
S00175953,85,2
S00175954,67,3
S00175955,81,3
S00175956,96,4
S00175957,60,-
S00175958,120,7
S00175959,91,3
S00175960,113,8
S00175961,132,5
S00175962,107,2
S00175963,100,1
S00175964,121,6
S00175965,55,1
S00175966,95,5
S00175967,89,2
S00175968,72,6
S00175969,99,6
S00175970,102,3
S00175971,118,4
S00175972,83,7
S00175973,92,3
S00175974,93,4
S00175975,128,8
S00175976,128,7
S00175977,88,8
S00175978,84,11
S00175979,82,3
S00175980,133,15
S00175981,100,4
S00175982,63,2
S00175983,113,3
S00175984,76,1
S00175985,64,8
S00175986,104,5
S00175987,112,6
S00175988,104,7
S00175989,128,5
S00175990,80,7
S00175991,51,-
S00175992,65,2
S00175993,79,3
S00175994,70,-
S00175995,95,2
S00175996,97,5
S00175997,108,6
S00175998,145,8
S00175999,85,1
S00176000,50,2
S00176001,70,3
S00176002,108,7
S00176003,110,4
S00176004,108,4
S00176005,94,4
S00176006,74,6
S00176007,69,10
S00176008,160,9
S00176009,172,4
S00176010,126,8
S00176011,68,3
S00176012,72,1
S00176013,99,3
S00176014,103,4
S00176015,63,6
S00176016,135,12
S00176017,141,12
S00176018,140,10
S00176019,51,5
S00176020,53,2
S00176021,156,8
S00176022,94,2
S00176023,65,6
S00176024,93,6
S00176025,126,6
S00176026,127,8
S00176027,120,5
S00176028,87,4
S00176029,167,24
S00176030,115,10
S00176031,59,3
S00176032,105,7
S00176033,107,8
S00176034,148,18
S00176035,105,10
S00176036,56,1
S00176037,92,6
S00176038,67,1
S00176039,141,6
S00176040,73,7
S00176041,129,17
S00176042,83,2
S00176043,155,14
S00176044,73,5
S00176045,66,7
S00176046,160,17
S00176047,58,1
S00176048,83,2
S00176049,109,4
S00176050,131,16
S00176051,137,4
S00176052,135,3
S00176053,115,6
S00176054,89,-
S00176055,126,5
S00176056,94,7
S00176057,102,2
S00176058,84,3
S00176059,91,5
S00176060,81,4
S00176061,86,8
S00176062,76,2
S00176063,78,6
S00176064,87,8
S00176065,101,4
S00176066,126,5
S00176067,111,15
S00176068,73,1
S00176069,109,7
S00176070,86,4
S00176071,78,4
S00176072,109,11
S00176073,117,13
S00176074,60,3
S00176075,81,7
S00176076,98,10
S00176077,111,9
S00176078,106,10
S00176079,70,3
S00176080,131,10
S00176081,113,8
S00176082,102,5
S00176083,147,6
S00176084,112,16
S00176085,125,2
S00176086,78,7
S00176087,132,8
S00176088,56,-
S00176089,58,3
S00176090,51,4
S00176091,108,6
S00176092,88,15
S00176093,92,10
S00176094,68,8
S00176095,83,4
S00176096,74,3
S00176097,132,13
S00176098,123,3
S00176099,151,5
S00176100,77,1
S00176101,60,4
S00176102,165,3
S00176103,127,9
S00176104,99,2
S00176105,75,6
S00176106,88,7
S00176107,66,5
S00176108,57,8
S00176109,110,5
S00176110,81,7
S00176111,80,8
S00176112,129,18
S00176113,80,-
S00176114,56,3
S00176115,130,6
S00176116,56,3
S00176117,81,6
S00176118,83,-
S00176119,99,2
S00176120,88,-
S00176121,56,3
S00176122,81,-
S00176123,95,4
S00176124,153,27
S00176125,154,16
S00176126,98,15
S00176127,115,3
S00176128,63,10
S00176129,121,9
S00176130,115,22
S00176131,89,-
S00176132,104,6
S00176133,77,7
S00176134,112,18
S00176135,109,5
S00176136,89,7
S00176137,92,6
S00176138,110,7
S00176139,61,2
S00176140,84,4
S00176141,118,13
S00176142,71,-
S00176143,88,7
S00176144,133,5
S00176145,82,1
S00176146,117,8
S00176147,79,1
S00176148,103,13
S00176149,119,11
S00176150,102,6
S00176151,106,3
S00176152,96,4
S00176153,93,-
S00176154,69,4
S00176155,75,1
S00176156,93,8
S00176157,116,7
S00176158,59,5
S00176159,90,5
S00176160,132,19
S00176161,115,10
S00176162,109,4
S00176163,111,12
S00176164,88,6
S00176165,59,2
S00176166,65,-
S00176167,101,4
S00176168,116,8
S00176169,90,-
S00176170,135,10
S00176171,132,6
S00176172,117,10
S00176173,67,-
S00176174,117,17
S00176175,158,13
S00176176,82,6
S00176177,68,6
S00176178,74,2
S00176179,82,8
S00176180,89,4
S00176181,57,7
S00176182,105,8
S00176183,157,17
S00176184,125,6
S00176185,157,13
S00176186,150,7
S00176187,211,31
S00176188,198,23
S00176189,129,6
S00176190,113,8
S00176191,67,-
S00176192,103,4
S00176193,87,3
S00176194,93,3
S00176195,73,3
S00176196,111,15
S00176197,153,14
S00176198,123,11
S00176199,91,7
S00176200,67,-
S00176201,112,10
S00176202,93,10
S00176203,82,3
S00176204,163,13
S00176205,115,10
S00176206,128,10
S00176207,172,10
S00176208,160,7
S00176209,73,7
S00176210,98,6
S00176211,137,14
S00176212,104,2
S00176213,123,6
S00176214,99,4
S00176215,59,-
S00176216,108,5
S00176217,90,4
S00176218,98,6
S00176219,89,2
S00176220,118,7
S00176221,162,14
S00176222,75,3
S00176223,88,6
S00176224,70,1
S00176225,96,7
S00176226,95,6
S00176227,84,7
S00176228,179,11
S00176229,57,1
S00176230,79,7
S00176231,59,9
S00176232,86,10
S00176233,126,10
S00176234,110,6
S00176235,113,7
S00176236,107,6
S00176237,83,5
S00176238,148,13
S00176239,84,5
S00176240,181,16
S00176241,132,10
S00176242,93,13
S00176243,126,9
S00176244,71,-
S00176245,137,15
S00176246,126,10
S00176247,166,11
S00176248,91,4
S00176249,73,7
S00176250,114,8
S00176251,119,5
S00176252,64,3
S00176253,77,2
S00176254,109,12
S00176255,105,7
S00176256,72,7
S00176257,76,5
S00176258,125,14
S00176259,92,3
S00176260,71,2
S00176261,89,11
S00176262,136,15
S00176263,66,4
S00176264,69,-
S00176265,94,-
S00176266,98,6
S00176267,83,7
S00176268,114,6
S00176269,122,7
S00176270,61,3
S00176271,153,14
S00176272,81,8
S00176273,81,13
S00176274,61,7
S00176275,107,5
S00176276,85,2
S00176277,181,25
S00176278,116,7
S00176279,88,8
S00176280,115,2
S00176281,67,2
S00176282,96,16
S00176283,63,1
S00176284,79,2
S00176285,135,17
S00176286,182,20
S00176287,90,4
S00176288,177,18
S00176289,83,15
S00176290,150,4
S00176291,90,11
S00176292,108,9
S00176293,109,5
S00176294,83,3
S00176295,76,-
S00176296,67,11
S00176297,101,4
S00176298,142,10
S00176299,64,3
S00176300,150,3
S00176301,90,5
S00176302,116,12
S00176303,77,10
S00176304,65,-
S00176305,49,2
S00176306,100,4
S00176307,152,7
S00176308,119,15
S00176309,65,-
S00176310,58,5
S00176311,107,14
S00176312,57,5
S00176313,68,5
S00176314,82,4
S00176315,79,4
S00176316,91,12
S00176317,125,8
S00176318,150,14
S00176319,88,8
S00176320,147,18
S00176321,124,9
S00176322,144,16
S00176323,110,8
S00176324,50,3
S00176325,108,11
S00176326,80,6
S00176327,86,4
S00176328,130,18
S00176329,119,16
S00176330,117,5
S00176331,62,5
S00176332,122,5
S00176333,59,4
S00176334,147,3
S00176335,102,9
S00176336,87,8
S00176337,115,7
S00176338,120,12
S00176339,64,8
S00176340,74,11
S00176341,60,3
S00176342,55,2
S00176343,77,8
S00176344,171,23
S00176345,129,8
S00176346,66,-
S00176347,90,5
S00176348,97,7
S00176349,121,-
S00176350,100,-
S00176351,54,4
S00176352,93,2
S00176353,85,2
S00176354,147,9
S00176355,88,-
S00176356,69,3
S00176357,111,5
S00176358,62,1
S00176359,63,2
S00176360,121,4
S00176361,115,9
S00176362,106,8
S00176363,120,10
S00176364,81,5
S00176365,81,6
S00176366,89,6
S00176367,101,5
S00176368,106,4
S00176369,90,5
S00176370,70,-
S00176371,115,9
S00176372,93,5
S00176373,60,2
S00176374,83,3
S00176375,82,9
S00176376,82,6
S00176377,64,-
S00176378,147,10
S00176379,61,4
S00176380,114,2
S00176381,132,12
S00176382,105,17
S00176383,62,-
S00176384,88,7
S00176385,67,4
S00176386,81,4
S00176387,85,4
S00176388,90,4
S00176389,84,6
S00176390,53,-
S00176391,117,10
S00176392,54,4
S00176393,84,2
S00176394,62,2
S00176395,119,9
S00176396,114,12
S00176397,87,12
S00176398,111,3
S00176399,88,2
S00176400,83,2
S00176401,89,17
S00176402,76,1
S00176403,81,4
S00176404,115,6
S00176405,78,5
S00176406,68,2
S00176407,91,2
S00176408,60,3
S00176409,77,9
S00176410,78,5
S00176411,91,-
S00176412,75,4
S00176413,109,6
S00176414,51,1
S00176415,146,13
S00176416,63,6
S00176417,66,6
S00176418,90,8
S00176419,85,1
S00176420,72,2
S00176421,69,1
S00176422,71,7
S00176423,76,5
S00176424,87,4
S00176425,68,4
S00176426,81,6
S00176427,123,5
S00176428,89,2
S00176429,106,8
S00176430,126,15
S00176431,82,3
S00176432,73,8
S00176433,92,6
S00176434,131,6
S00176435,88,8
S00176436,84,3
S00176437,76,2
S00176438,97,5
S00176439,118,9
S00176440,141,9
S00176441,74,5
S00176442,91,3
S00176443,266,33
S00176444,161,4
S00176445,96,5
S00176446,102,3
S00176447,100,14
S00176448,75,4
S00176449,125,12
S00176450,106,7
S00176451,152,6
S00176452,80,8
S00176453,83,1
S00176454,71,5
S00176455,65,-
S00176456,92,6
S00176457,147,8
S00176458,94,4
S00176459,87,5
S00176460,161,11
S00176461,129,9
S00176462,113,5
S00176463,103,5
S00176464,138,6
S00176465,58,2
S00176466,76,5
S00176467,132,21
S00176468,82,7
S00176469,165,20
S00176470,78,2
S00176471,149,10
S00176472,134,11
S00176473,99,6
S00176474,95,11
S00176475,64,7
S00176476,68,3
S00176477,70,6
S00176478,121,19
S00176479,94,6
S00176480,62,5
S00176481,84,8
S00176482,72,9
S00176483,54,2
S00176484,162,17
S00176485,142,2
S00176486,86,4
S00176487,119,7
S00176488,103,4
S00176489,166,15
S00176490,101,2
S00176491,107,7
S00176492,90,5
S00176493,136,11
S00176494,97,6
S00176495,114,11
S00176496,146,18
S00176497,88,3
S00176498,87,4
S00176499,123,11
S00176500,125,5
S00176501,104,8
S00176502,86,3
S00176503,89,6
S00176504,93,10
S00176505,88,-
S00176506,86,4
S00176507,130,7
S00176508,139,16
S00176509,98,11
S00176510,81,2
S00176511,101,-
S00176512,138,10
S00176513,91,2
S00176514,92,6
S00176515,93,5
S00176516,110,1
S00176517,65,4
S00176518,64,7
S00176519,96,3
S00176520,114,12
S00176521,143,10
S00176522,72,4
S00176523,110,3
S00176524,61,-
S00176525,93,2
S00176526,53,3
S00176527,61,5
S00176528,53,3
S00176529,118,10
S00176530,109,13
S00176531,169,12
S00176532,99,10
S00176533,72,4
S00176534,68,-
S00176535,129,12
S00176536,117,8
S00176537,118,4
S00176538,70,4
S00176539,82,1
S00176540,86,2
S00176541,104,6
S00176542,55,1
S00176543,75,1
S00176544,75,6
S00176545,93,6
S00176546,132,5
S00176547,113,2
S00176548,118,4
S00176549,132,9
S00176550,112,9
S00176551,71,2
S00176552,80,2
S00176553,58,-
S00176554,92,4
S00176555,94,9
S00176556,112,7
S00176557,92,3
S00176558,72,7
S00176559,87,10
S00176560,77,8
S00176561,84,2
S00176562,72,9
S00176563,104,13
S00176564,95,16
S00176565,78,1
S00176566,72,2
S00176567,83,7
S00176568,71,1
S00176569,98,6
S00176570,93,10
S00176571,95,10
S00176572,108,6
S00176573,121,7
S00176574,124,16
S00176575,105,6
S00176576,106,6
S00176577,102,7
S00176578,72,6
S00176579,111,11
S00176580,57,-
S00176581,102,12
S00176582,61,1
S00176583,80,6
S00176584,89,3
S00176585,92,4
S00176586,67,4
S00176587,110,-
S00176588,75,3
S00176589,73,6
S00176590,105,8
S00176591,89,8
S00176592,69,4
S00176593,66,6
S00176594,64,2
S00176595,113,5
S00176596,126,11
S00176597,97,2
S00176598,77,6
S00176599,94,5
S00176600,126,12
S00176601,83,3
S00176602,114,5
S00176603,105,11
S00176604,85,6
S00176605,72,6
S00176606,59,2
S00176607,135,12
S00176608,103,8
S00176609,69,14
S00176610,85,6
S00176611,88,1
S00176612,65,8
S00176613,125,7
S00176614,88,2
S00176615,95,8
S00176616,102,6
S00176617,211,8
S00176618,68,3
S00176619,75,5
S00176620,100,5
S00176621,92,14
S00176622,118,11
S00176623,96,9
S00176624,76,10
S00176625,94,6
S00176626,85,8
S00176627,90,5
S00176628,111,13
S00176629,96,3
S00176630,71,6
S00176631,89,3
S00176632,114,2
S00176633,89,5
S00176634,71,4
S00176635,109,8
S00176636,66,3
S00176637,88,10
S00176638,72,9
S00176639,67,2
S00176640,111,9
S00176641,114,8
S00176642,56,6
S00176643,107,13
S00176644,135,10
S00176645,126,13
S00176646,62,6
S00176647,84,11
S00176648,57,2
S00176649,76,1
S00176650,94,4
S00176651,97,10
S00176652,98,3
S00176653,70,1
S00176654,64,-
S00176655,126,15
S00176656,57,1
S00176657,62,1
S00176658,89,11
S00176659,98,4
S00176660,93,2
S00176661,98,8
S00176662,102,3
S00176663,96,2
S00176664,71,4
S00176665,68,1
S00176666,90,8
S00176667,71,-
S00176668,92,6
S00176669,109,-
S00176670,98,6
S00176671,182,21
S00176672,131,13
S00176673,93,-
S00176674,86,8
S00176675,96,9
S00176676,65,7
S00176677,96,3
S00176678,86,10
S00176679,66,7
S00176680,83,3
S00176681,71,2
S00176682,78,2
S00176683,71,1
S00176684,110,4
S00176685,66,2
S00176686,120,13
S00176687,98,5
S00176688,98,13
S00176689,100,8
S00176690,104,10
S00176691,165,12
S00176692,94,7
S00176693,93,9
S00176694,85,4
S00176695,130,8
S00176696,106,12
S00176697,92,3
S00176698,70,1
S00176699,79,1
S00176700,69,5
S00176701,103,4
S00176702,88,6
S00176703,103,5
S00176704,100,5
S00176705,85,6
S00176706,106,8
S00176707,84,4
S00176708,113,7
S00176709,124,15
S00176710,70,5
S00176711,87,6
S00176712,62,1
S00176713,103,10
S00176714,100,6
S00176715,93,4
S00176716,93,6
S00176717,111,8
S00176718,61,6
S00176719,70,7
S00176720,93,6
S00176721,113,12
S00176722,56,5
S00176723,96,10
S00176724,104,4
S00176725,73,3
S00176726,83,1
S00176727,102,5
S00176728,89,7
S00176729,95,6
S00176730,103,8
S00176731,73,8
S00176732,93,6
S00176733,56,2
S00176734,94,3
S00176735,81,5
S00176736,135,8
S00176737,88,6
S00176738,102,3
S00176739,69,-
S00176740,63,3
S00176741,158,11
S00176742,102,1
S00176743,120,10
S00176744,100,10
S00176745,112,7
S00176746,67,6
S00176747,116,4
S00176748,61,3
S00176749,213,7
S00176750,108,4
S00176751,97,6
S00176752,107,7
S00176753,87,5
S00176754,91,4
S00176755,128,6
S00176756,128,2
S00176757,138,12
S00176758,95,10
S00176759,88,6
S00176760,110,7
S00176761,64,12
S00176762,64,5
S00176763,121,8
S00176764,100,5
S00176765,111,10
S00176766,111,20
S00176767,101,11
S00176768,117,4
S00176769,63,-
S00176770,66,3
S00176771,102,5
S00176772,87,6
S00176773,124,7
S00176774,137,11
S00176775,95,10
S00176776,102,4
S00176777,104,14
S00176778,117,7
S00176779,117,8
S00176780,94,9
S00176781,81,6
S00176782,75,6
S00176783,89,3
S00176784,57,4
S00176785,89,10
S00176786,106,3
S00176787,86,7
S00176788,97,-
S00176789,64,-
S00176790,112,7
S00176791,96,1
S00176792,65,10
S00176793,121,12
S00176794,93,18
S00176795,65,1
S00176796,81,12
S00176797,104,3
S00176798,84,-
S00176799,100,12
S00176800,134,12
S00176801,105,3
S00176802,117,13
S00176803,82,1
S00176804,67,4
S00176805,91,11
S00176806,62,7
S00176807,68,4
S00176808,80,9
S00176809,64,-
S00176810,113,11
S00176811,55,2
S00176812,110,7
S00176813,103,5
S00176814,88,4
S00176815,54,5
S00176816,86,6
S00176817,84,4
S00176818,152,7
S00176819,77,7
S00176820,74,9
S00176821,88,8
S00176822,63,1
S00176823,104,7
S00176824,86,3
S00176825,87,1
S00176826,66,2
S00176827,72,1
S00176828,153,3
S00176829,79,4
S00176830,133,7
S00176831,108,5
S00176832,75,6
S00176833,88,7
S00176834,163,19
S00176835,64,2
S00176836,75,5
S00176837,66,5
S00176838,81,2
S00176839,63,2
S00176840,68,4
S00176841,89,5
S00176842,58,1
S00176843,110,6
S00176844,111,6
S00176845,51,4
S00176846,98,4
S00176847,129,4
S00176848,83,11
S00176849,135,5
S00176850,119,9
S00176851,63,2
S00176852,75,2
S00176853,107,4
S00176854,96,9
S00176855,64,3
S00176856,70,3
S00176857,186,11
S00176858,48,2
S00176859,90,4
S00176860,60,2
S00176861,68,4
S00176862,102,5
S00176863,99,2
S00176864,108,8
S00176865,123,7
S00176866,82,4
S00176867,96,3
S00176868,69,9
S00176869,58,7
S00176870,97,5
S00176871,103,6
S00176872,130,7
S00176873,74,7
S00176874,105,4
S00176875,162,14
S00176876,108,8
S00176877,110,3
S00176878,78,7
S00176879,147,11
S00176880,154,17
S00176881,95,6
S00176882,56,2
S00176883,81,3
S00176884,167,16
S00176885,63,4
S00176886,66,4
S00176887,86,3
S00176888,104,4
S00176889,131,10
S00176890,98,14
S00176891,103,5
S00176892,75,3
S00176893,101,4
S00176894,102,3
S00176895,90,5
S00176896,68,10
S00176897,136,14
S00176898,189,26
S00176899,82,8
S00176900,88,6
S00176901,150,12
S00176902,153,14
S00176903,120,8
S00176904,98,9
S00176905,104,13
S00176906,69,9
S00176907,102,8
S00176908,89,2
S00176909,73,4
S00176910,61,6
S00176911,133,9
S00176912,108,3
S00176913,112,11
S00176914,135,9
S00176915,122,15
S00176916,86,3
S00176917,119,9
S00176918,132,14
S00176919,111,5
S00176920,122,5
S00176921,87,10
S00176922,66,7
S00176923,83,1
S00176924,81,7
S00176925,62,3
S00176926,78,4
S00176927,135,11
S00176928,107,7
S00176929,100,8
S00176930,67,-
S00176931,103,2
S00176932,127,18
S00176933,68,3
S00176934,177,21
S00176935,111,3
S00176936,126,14
S00176937,56,5
S00176938,77,1
S00176939,115,2
S00176940,63,6
S00176941,59,2
S00176942,89,6
S00176943,68,9
S00176944,118,5
S00176945,127,4
S00176946,71,6
S00176947,131,11
S00176948,102,8
S00176949,100,7
S00176950,121,4
S00176951,131,14
S00176952,91,11
S00176953,83,6
S00176954,104,5
S00176955,106,10
S00176956,155,10
S00176957,103,5
S00176958,55,4
S00176959,65,5
S00176960,82,1
S00176961,105,-
S00176962,83,9
S00176963,72,7
S00176964,123,12
S00176965,161,21
S00176966,75,4
S00176967,84,6
S00176968,99,10
S00176969,71,1
S00176970,79,3
S00176971,62,3
S00176972,57,8
S00176973,139,4
S00176974,113,9
S00176975,66,4
S00176976,89,1
S00176977,88,3
S00176978,75,4
S00176979,85,9
S00176980,82,4
S00176981,94,4
S00176982,104,2
S00176983,74,4
S00176984,84,12
S00176985,65,2
S00176986,87,10
S00176987,111,11
S00176988,104,9
S00176989,104,9
S00176990,99,7
S00176991,124,7
S00176992,77,4
S00176993,66,7
S00176994,96,4
S00176995,100,5
S00176996,93,2
S00176997,100,10
S00176998,154,16
S00176999,75,2
S00177000,53,2
S00177001,96,10
S00177002,91,2
S00177003,168,12
S00177004,172,17
S00177005,50,1
S00177006,87,4
S00177007,82,9
S00177008,71,14
S00177009,69,7
S00177010,95,4
S00177011,70,6
S00177012,102,7
S00177013,112,9
S00177014,99,11
S00177015,119,9
S00177016,88,6
S00177017,74,7
S00177018,163,21
S00177019,58,2
S00177020,93,5
S00177021,105,7
S00177022,113,10
S00177023,89,5
S00177024,77,2
S00177025,86,6
S00177026,85,3
S00177027,105,2
S00177028,83,6
S00177029,84,3
S00177030,83,6
S00177031,131,8
S00177032,108,8
S00177033,82,5
S00177034,76,4
S00177035,107,13
S00177036,83,4
S00177037,68,4
S00177038,145,11
S00177039,81,6
S00177040,100,7
S00177041,72,12
S00177042,67,5
S00177043,114,4
S00177044,122,5
S00177045,58,1
S00177046,79,-
S00177047,130,10
S00177048,130,7
S00177049,79,-
S00177050,92,5
S00177051,84,7
S00177052,74,2
S00177053,140,4
S00177054,87,2
S00177055,128,12
S00177056,83,5
S00177057,92,10
S00177058,90,10
S00177059,108,11
S00177060,157,8
S00177061,82,2
S00177062,56,-
S00177063,111,8
S00177064,81,2
S00177065,64,16
S00177066,121,24
S00177067,71,2
S00177068,134,7
S00177069,101,11
S00177070,109,6
S00177071,72,9
S00177072,152,17
S00177073,78,6
S00177074,104,6
S00177075,95,10
S00177076,102,9
S00177077,153,12
S00177078,127,8
S00177079,91,11
S00177080,60,1
S00177081,89,7
S00177082,143,13
S00177083,89,4
S00177084,72,4
S00177085,73,6
S00177086,49,7
S00177087,203,23
S00177088,67,3
S00177089,108,-
S00177090,98,5
S00177091,88,-
S00177092,123,14
S00177093,96,-
S00177094,57,4
S00177095,66,3
S00177096,67,1
S00177097,75,8
S00177098,124,6
S00177099,69,5
S00177100,100,4
S00177101,150,6
S00177102,83,8
S00177103,109,2
S00177104,163,16
S00177105,66,5
S00177106,103,8
S00177107,89,9
S00177108,61,1
S00177109,139,9
S00177110,122,5
S00177111,167,10
S00177112,114,4
S00177113,89,6
S00177114,135,11
S00177115,96,11
S00177116,81,8
S00177117,82,6
S00177118,105,9
S00177119,90,5
S00177120,63,7
S00177121,84,11
S00177122,118,3
S00177123,108,13
S00177124,106,6
S00177125,61,9
S00177126,73,1
S00177127,120,4
S00177128,107,10
S00177129,77,6
S00177130,107,5
S00177131,128,8
S00177132,146,6
S00177133,172,16
S00177134,126,12
S00177135,129,6
S00177136,111,2
S00177137,89,7
S00177138,105,11
S00177139,112,7
S00177140,79,2
S00177141,72,3
S00177142,97,3
S00177143,60,5
S00177144,61,1
S00177145,68,3
S00177146,88,2
S00177147,113,9
S00177148,106,-
S00177149,54,-
S00177150,85,4
S00177151,64,8
S00177152,119,6
S00177153,104,5
S00177154,133,15
S00177155,110,10
S00177156,63,6
S00177157,83,6
S00177158,77,12
S00177159,108,7
S00177160,61,2
S00177161,85,8
S00177162,65,7
S00177163,175,17
S00177164,136,12
S00177165,89,1
S00177166,100,1
S00177167,81,6
S00177168,110,11
S00177169,64,5
S00177170,101,9
S00177171,88,4
S00177172,67,2
S00177173,106,8
S00177174,117,8
S00177175,96,11
S00177176,74,4
S00177177,64,4
S00177178,88,4
S00177179,130,10
S00177180,95,2
S00177181,108,6
S00177182,80,2
S00177183,110,3
S00177184,80,5
S00177185,122,7
S00177186,85,3
S00177187,83,2
S00177188,76,8
S00177189,97,7
S00177190,122,9
S00177191,53,2
S00177192,97,4
S00177193,81,4
S00177194,129,1
S00177195,64,2
S00177196,99,4
S00177197,98,6
S00177198,101,6
S00177199,80,2
S00177200,88,4
S00177201,147,4
S00177202,85,6
S00177203,114,6
S00177204,110,5
S00177205,64,9
S00177206,112,9
S00177207,132,10
S00177208,66,3
S00177209,100,5
S00177210,135,2
S00177211,116,10
S00177212,109,6
S00177213,109,10
S00177214,91,5
S00177215,99,3
S00177216,157,15
S00177217,136,8
S00177218,84,10
S00177219,59,1
S00177220,58,-
S00177221,174,22
S00177222,130,13
S00177223,68,-
S00177224,127,7
S00177225,101,6
S00177226,93,7
S00177227,122,3
S00177228,55,2
S00177229,84,-
S00177230,63,4
S00177231,71,2
S00177232,51,2
S00177233,60,2
S00177234,91,7
S00177235,98,2
S00177236,85,13
S00177237,115,6
S00177238,105,12
S00177239,98,5
S00177240,144,18
S00177241,110,5
S00177242,120,3
S00177243,89,8
S00177244,98,3
S00177245,64,-
S00177246,108,12
S00177247,132,5
S00177248,103,9
S00177249,102,7
S00177250,117,9
S00177251,105,10
S00177252,62,2
S00177253,89,8
S00177254,95,10
S00177255,113,10
S00177256,128,22
S00177257,154,9
S00177258,104,8
S00177259,146,9
S00177260,71,1
S00177261,146,7
S00177262,85,7
S00177263,96,8
S00177264,127,7
S00177265,146,13
S00177266,152,20
S00177267,158,11
S00177268,87,-
S00177269,83,3
S00177270,128,10
S00177271,70,1
S00177272,100,11
S00177273,104,-
S00177274,99,-
S00177275,58,5
S00177276,129,6
S00177277,74,4
S00177278,97,5
S00177279,90,20
S00177280,122,7
S00177281,152,3
S00177282,56,3
S00177283,55,4
S00177284,131,12
S00177285,75,25
S00177286,96,2
S00177287,86,7
S00177288,143,18
S00177289,126,11
S00177290,59,5
S00177291,91,2
S00177292,81,2
S00177293,66,1
S00177294,128,7
S00177295,112,6
S00177296,78,4
S00177297,85,3
S00177298,67,2
S00177299,75,8
S00177300,115,4
S00177301,83,11
S00177302,101,5
S00177303,114,10
S00177304,83,6
S00177305,101,7
S00177306,62,6
S00177307,76,10
S00177308,146,13
S00177309,147,8
S00177310,173,20
S00177311,91,5
S00177312,67,8
S00177313,77,2
S00177314,112,13
S00177315,101,6
S00177316,66,-
S00177317,58,2
S00177318,133,10
S00177319,89,5
S00177320,71,5
S00177321,76,3
S00177322,56,2
S00177323,116,7
S00177324,85,7
S00177325,135,12
S00177326,170,14
S00177327,85,-
S00177328,94,6
S00177329,87,3
S00177330,71,4
S00177331,73,3
S00177332,58,5
S00177333,99,-
S00177334,54,6
S00177335,98,12
S00177336,99,-
S00177337,150,20
S00177338,134,9
S00177339,88,3
S00177340,90,6
S00177341,74,4
S00177342,98,5
S00177343,62,2
S00177344,92,2
S00177345,113,6
S00177346,65,-
S00177347,63,4
S00177348,131,6
S00177349,100,2
S00177350,111,3
S00177351,105,8
S00177352,59,5
S00177353,109,5
S00177354,128,15
S00177355,124,4
S00177356,113,3
S00177357,93,8
S00177358,151,16
S00177359,115,14
S00177360,79,8
S00177361,127,9
S00177362,130,18
S00177363,144,8
S00177364,91,9
S00177365,72,5
S00177366,64,2
S00177367,100,4
S00177368,97,6
S00177369,66,3
S00177370,126,10
S00177371,137,6
S00177372,59,3
S00177373,101,8
S00177374,69,1
S00177375,56,1
S00177376,172,3
S00177377,101,4
S00177378,83,8
S00177379,87,14
S00177380,121,6
S00177381,89,7
S00177382,73,-
S00177383,153,11
S00177384,131,19
S00177385,123,8
S00177386,106,4
S00177387,144,10
S00177388,58,5
S00177389,112,6
S00177390,110,5
S00177391,93,4
S00177392,115,9
S00177393,96,6
S00177394,86,5
S00177395,152,11
S00177396,69,5
S00177397,68,3
S00177398,88,4
S00177399,99,3
S00177400,72,2
S00177401,70,2
S00177402,70,9
S00177403,66,2
S00177404,58,3
S00177405,61,4
S00177406,85,-
S00177407,63,4
S00177408,95,3
S00177409,122,7
S00177410,102,4
S00177411,162,12
S00177412,150,10
S00177413,66,4
S00177414,73,4
S00177415,103,5
S00177416,89,4
S00177417,58,3
S00177418,195,18
S00177419,73,5
S00177420,132,11
S00177421,77,1
S00177422,131,3
S00177423,165,13
S00177424,121,4
S00177425,90,4
S00177426,74,2
S00177427,140,13
S00177428,69,-
S00177429,83,4
S00177430,78,4
S00177431,99,6
S00177432,91,9
S00177433,70,-
S00177434,118,8
S00177435,85,7
S00177436,113,7
S00177437,97,10
S00177438,155,4
S00177439,86,6
S00177440,89,7
S00177441,73,4
S00177442,71,2
S00177443,89,5
S00177444,69,1
S00177445,124,9
S00177446,98,7
S00177447,81,9
S00177448,65,3
S00177449,57,1
S00177450,72,3
S00177451,153,7
S00177452,92,5
S00177453,154,10
S00177454,117,4
S00177455,96,2
S00177456,72,1
S00177457,73,4
S00177458,104,6
S00177459,112,6
S00177460,130,11
S00177461,102,8
S00177462,105,7
S00177463,88,14
S00177464,95,7
S00177465,60,3
S00177466,85,5
S00177467,100,3
S00177468,126,11
S00177469,165,12
S00177470,78,4
S00177471,80,2
S00177472,116,3
S00177473,121,11
S00177474,145,5
S00177475,61,1
S00177476,90,7
S00177477,73,12
S00177478,55,3
S00177479,102,12
S00177480,100,6
S00177481,84,10
S00177482,88,3
S00177483,87,10
S00177484,56,2
S00177485,106,2
S00177486,99,2
S00177487,73,4
S00177488,96,4
S00177489,98,14
S00177490,99,1
S00177491,115,4
S00177492,78,2
S00177493,85,4
S00177494,126,12
S00177495,98,7
S00177496,52,1
S00177497,102,1
S00177498,76,4
S00177499,93,13
S00177500,50,1
S00177501,93,8
S00177502,98,1
S00177503,86,8
S00177504,94,6
S00177505,122,9
S00177506,110,1
S00177507,77,7
S00177508,90,14
S00177509,76,3
S00177510,72,1
S00177511,141,10
S00177512,132,9
S00177513,58,2
S00177514,106,8
S00177515,83,10
S00177516,60,4
S00177517,71,3
S00177518,64,7
S00177519,122,10
S00177520,86,5
S00177521,108,10
S00177522,105,5
S00177523,101,-
S00177524,74,7
S00177525,58,2
S00177526,76,4
S00177527,74,-
S00177528,86,4
S00177529,65,7
S00177530,124,10
S00177531,78,3
S00177532,99,10
S00177533,84,4
S00177534,93,16
S00177535,99,5
S00177536,143,14
S00177537,110,5
S00177538,131,10
S00177539,78,4
S00177540,157,13
S00177541,73,5
S00177542,60,6
S00177543,109,11
S00177544,76,10
S00177545,109,18
S00177546,73,5
S00177547,139,14
S00177548,101,9
S00177549,86,5
S00177550,97,6
S00177551,129,7
S00177552,68,2
S00177553,176,29
S00177554,190,8
S00177555,142,6
S00177556,101,7
S00177557,133,9
S00177558,75,4
S00177559,94,7
S00177560,51,2
S00177561,65,6
S00177562,109,6
S00177563,94,10
S00177564,76,2
S00177565,82,9
S00177566,80,1
S00177567,91,8
S00177568,133,12
S00177569,127,1
S00177570,107,22
S00177571,137,2
S00177572,117,10
S00177573,101,5
S00177574,105,6
S00177575,97,14
S00177576,82,-
S00177577,47,3
S00177578,96,8
S00177579,146,26
S00177580,173,19
S00177581,88,7
S00177582,69,4
S00177583,62,2
S00177584,118,9
S00177585,131,9
S00177586,50,4
S00177587,115,7
S00177588,88,2
S00177589,97,8
S00177590,77,4
S00177591,116,4
S00177592,92,4
S00177593,126,7
S00177594,97,4
S00177595,92,-
S00177596,58,4
S00177597,100,7
S00177598,119,4
S00177599,104,5
S00177600,94,9
S00177601,88,5
S00177602,88,7
S00177603,94,5
S00177604,124,10
S00177605,119,8
S00177606,93,5
S00177607,122,7
S00177608,99,5
S00177609,110,11
S00177610,92,12
S00177611,89,3
S00177612,75,2
S00177613,100,8
S00177614,96,3
S00177615,82,8
S00177616,65,3
S00177617,104,9
S00177618,49,2
S00177619,77,3
S00177620,122,8
S00177621,80,10
S00177622,83,3
S00177623,105,16
S00177624,100,5
S00177625,75,6
S00177626,63,-
S00177627,63,3
S00177628,99,5
S00177629,89,5
S00177630,55,2
S00177631,165,20
S00177632,100,2
S00177633,108,5
S00177634,82,5
S00177635,64,3
S00177636,101,5
S00177637,107,8
S00177638,99,9
S00177639,98,1
S00177640,110,5
S00177641,108,9
S00177642,105,6
S00177643,124,7
S00177644,123,23
S00177645,69,5
S00177646,86,8
S00177647,59,2
S00177648,73,7
S00177649,69,12
S00177650,138,7
S00177651,80,2
S00177652,72,4
S00177653,93,5
S00177654,104,3
S00177655,79,4
S00177656,106,8
S00177657,141,11
S00177658,139,12
S00177659,109,15
S00177660,81,-
S00177661,87,12
S00177662,76,2
S00177663,117,9
S00177664,113,9
S00177665,90,6
S00177666,151,17
S00177667,184,12
S00177668,105,5
S00177669,80,8
S00177670,124,11
S00177671,58,4
S00177672,100,8
S00177673,108,1
S00177674,82,3
S00177675,81,5
S00177676,70,2
S00177677,73,8
S00177678,71,4
S00177679,91,7
S00177680,96,8
S00177681,88,5
S00177682,131,10
S00177683,81,6
S00177684,90,6
S00177685,82,2
S00177686,59,3
S00177687,139,6
S00177688,117,5
S00177689,71,3
S00177690,55,2
S00177691,84,2
S00177692,132,14
S00177693,94,5
S00177694,79,5
S00177695,139,9
S00177696,110,11
S00177697,118,5
S00177698,145,4
S00177699,129,12
S00177700,141,14
S00177701,102,17
S00177702,103,6
S00177703,98,14
S00177704,141,12
S00177705,108,4
S00177706,130,16
S00177707,123,11
S00177708,89,6
S00177709,98,6
S00177710,140,10
S00177711,61,6
S00177712,124,3
S00177713,103,8
S00177714,98,5
S00177715,130,7
S00177716,78,10
S00177717,111,10
S00177718,123,3
S00177719,91,4
S00177720,115,10
S00177721,64,3
S00177722,93,10
S00177723,153,5
S00177724,120,8
S00177725,73,9
S00177726,73,4
S00177727,122,10
S00177728,71,7
S00177729,91,9
S00177730,141,2
S00177731,63,5
S00177732,99,11
S00177733,119,17
S00177734,113,8
S00177735,176,22
S00177736,62,3
S00177737,77,10
S00177738,105,7
S00177739,132,15
S00177740,137,7
S00177741,111,11
S00177742,135,16
S00177743,112,5
S00177744,74,4
S00177745,118,10
S00177746,116,5
S00177747,113,9
S00177748,103,6
S00177749,121,4
S00177750,55,2
S00177751,99,8
S00177752,90,6
S00177753,108,7
S00177754,100,5
S00177755,97,12
S00177756,96,4
S00177757,128,9
S00177758,62,7
S00177759,121,21
S00177760,64,2
S00177761,95,5
S00177762,90,4
S00177763,60,3
S00177764,121,1
S00177765,70,4
S00177766,74,1
S00177767,87,6
S00177768,95,1
S00177769,121,14
S00177770,110,14
S00177771,129,7
S00177772,113,9
S00177773,96,5
S00177774,129,22
S00177775,147,6
S00177776,110,11
S00177777,102,5
S00177778,151,8
S00177779,165,12
S00177780,106,13
S00177781,89,7
S00177782,50,1
S00177783,136,10
S00177784,198,8
S00177785,164,19
S00177786,105,13
S00177787,96,7
S00177788,53,5
S00177789,54,4
S00177790,177,21
S00177791,74,3
S00177792,122,4
S00177793,67,2
S00177794,125,16
S00177795,89,12
S00177796,118,11
S00177797,82,10
S00177798,150,14
S00177799,73,5
S00177800,97,10
S00177801,117,1
S00177802,168,16
S00177803,115,10
S00177804,93,3
S00177805,108,9
S00177806,157,7
S00177807,111,3
S00177808,103,5
S00177809,57,3
S00177810,88,4
S00177811,154,22
S00177812,79,2
S00177813,67,7
S00177814,114,15
S00177815,63,-
S00177816,107,5
S00177817,84,1
S00177818,83,9
S00177819,73,1
S00177820,75,4
S00177821,83,8
S00177822,132,4
S00177823,142,8
S00177824,73,1
S00177825,81,7
S00177826,127,3
S00177827,77,2
S00177828,83,3
S00177829,77,3
S00177830,117,3
S00177831,83,4
S00177832,78,5
S00177833,94,4
S00177834,98,2
S00177835,91,9
S00177836,143,5
S00177837,68,5
S00177838,104,5
S00177839,98,7
S00177840,74,10
S00177841,216,11
S00177842,126,5
S00177843,95,3
S00177844,71,4
S00177845,81,1
S00177846,167,9
S00177847,186,35
S00177848,99,2
S00177849,143,8
S00177850,134,11
S00177851,61,7
S00177852,58,4
S00177853,127,18
S00177854,128,19
S00177855,89,2
S00177856,112,8
S00177857,121,11
S00177858,57,4
S00177859,73,9
S00177860,81,4
S00177861,161,6
S00177862,155,17
S00177863,166,10
S00177864,87,-
S00177865,120,5
S00177866,64,-
S00177867,83,2
S00177868,174,12
S00177869,104,4
S00177870,150,9
S00177871,123,10
S00177872,68,3
S00177873,121,6
S00177874,124,16
S00177875,87,6
S00177876,101,3
S00177877,99,3
S00177878,98,2
S00177879,114,8
S00177880,81,3
S00177881,123,9
S00177882,78,3
S00177883,124,4
S00177884,127,15
S00177885,68,3
S00177886,128,9
S00177887,122,5
S00177888,151,14
S00177889,128,8
S00177890,116,8
S00177891,62,2
S00177892,70,3
S00177893,70,6
S00177894,119,8
S00177895,78,9
S00177896,84,1
S00177897,90,9
S00177898,70,2
S00177899,127,8
S00177900,107,13
S00177901,135,11
S00177902,86,9
S00177903,96,5
S00177904,91,4
S00177905,85,2
S00177906,108,4
S00177907,156,5
S00177908,91,9
S00177909,70,5
S00177910,86,9
S00177911,54,6
S00177912,148,12
S00177913,90,5
S00177914,92,4
S00177915,150,9
S00177916,109,6
S00177917,63,1
S00177918,93,7
S00177919,93,2
S00177920,58,1
S00177921,60,-
S00177922,81,6
S00177923,69,6
S00177924,118,5
S00177925,164,11
S00177926,145,10
S00177927,57,-
S00177928,68,3
S00177929,105,3
S00177930,133,4
S00177931,63,5
S00177932,70,1
S00177933,80,-
S00177934,162,10
S00177935,61,3
S00177936,96,6
S00177937,157,7
S00177938,59,5
S00177939,150,6
S00177940,87,3
S00177941,117,7
S00177942,101,6
S00177943,59,4
S00177944,75,-
S00177945,77,2
S00177946,110,5
S00177947,111,1
S00177948,96,2
S00177949,122,10
S00177950,59,4
S00177951,103,3
S00177952,77,-
S00177953,64,3
S00177954,116,8
S00177955,84,5
S00177956,128,4
S00177957,158,6
S00177958,58,4
S00177959,93,8
S00177960,99,3
S00177961,111,3
S00177962,161,5
S00177963,64,7
S00177964,120,7
S00177965,95,3
S00177966,102,2
S00177967,103,4
S00177968,59,4
S00177969,127,4
S00177970,140,4
S00177971,63,4
S00177972,106,10
S00177973,85,4
S00177974,94,4
S00177975,121,4
S00177976,92,4
S00177977,113,8
S00177978,75,4
S00177979,124,9
S00177980,99,5
S00177981,96,7
S00177982,250,9
S00177983,74,13
S00177984,55,-
S00177985,90,7
S00177986,98,4
S00177987,79,3
S00177988,90,9
S00177989,100,6
S00177990,73,-
S00177991,92,3
S00177992,126,4
S00177993,95,3
S00177994,62,3
S00177995,116,8
S00177996,123,2
S00177997,76,1
S00177998,124,6
S00177999,71,6
S00178000,95,4
S00178001,134,5
S00178002,59,1
S00178003,72,-
S00178004,96,9
S00178005,55,3
S00178006,58,3
S00178007,78,3
S00178008,105,5
S00178009,85,7
S00178010,77,3
S00178011,71,2
S00178012,78,4
S00178013,143,16
S00178014,54,2
S00178015,79,5
S00178016,127,7
S00178017,71,2
S00178018,93,8
S00178019,67,5
S00178020,124,8
S00178021,95,4
S00178022,69,6
S00178023,107,5
S00178024,151,7
S00178025,93,2
S00178026,87,7
S00178027,146,5
S00178028,85,2
S00178029,99,6
S00178030,74,5
S00178031,108,5
S00178032,110,6
S00178033,109,10
S00178034,60,3
S00178035,92,1
S00178036,114,4
S00178037,81,3
S00178038,120,6
S00178039,75,6
S00178040,139,7
S00178041,72,8
S00178042,87,9
S00178043,51,2
S00178044,132,13
S00178045,121,6
S00178046,92,4
S00178047,56,4
S00178048,80,3
S00178049,85,3
S00178050,75,2
S00178051,126,4
S00178052,136,6
S00178053,82,3
S00178054,56,2
S00178055,85,2
S00178056,160,15
S00178057,92,7
S00178058,62,4
S00178059,82,2
S00178060,69,5
S00178061,141,11
S00178062,80,5
S00178063,167,4
S00178064,112,9
S00178065,78,1
S00178066,81,4
S00178067,76,6
S00178068,89,4
S00178069,106,5
S00178070,83,3
S00178071,89,6
S00178072,137,8
S00178073,113,5
S00178074,103,8
S00178075,138,8
S00178076,71,2
S00178077,85,9
S00178078,71,1
S00178079,136,8
S00178080,89,4
S00178081,80,4
S00178082,89,2
S00178083,113,9
S00178084,112,6
S00178085,84,3
S00178086,74,7
S00178087,104,8
S00178088,65,2
S00178089,89,13
S00178090,90,10
S00178091,90,2
S00178092,134,8
S00178093,91,4
S00178094,119,7
S00178095,71,-
S00178096,74,3
S00178097,58,2
S00178098,75,1
S00178099,98,10
S00178100,86,4
S00178101,82,2
S00178102,83,3
S00178103,182,11
S00178104,56,5
S00178105,94,6
S00178106,108,4
S00178107,61,2
S00178108,92,1
S00178109,160,7
S00178110,79,-
S00178111,81,3
S00178112,91,2
S00178113,163,13
S00178114,75,2
S00178115,91,9
S00178116,97,6
S00178117,76,1
S00178118,44,3
S00178119,81,9
S00178120,111,3
S00178121,77,5
S00178122,89,4
S00178123,94,7
S00178124,101,7
S00178125,74,6
S00178126,68,2
S00178127,95,5
S00178128,81,-
S00178129,83,4
S00178130,133,5
S00178131,59,1
S00178132,74,6
S00178133,238,27
S00178134,113,4
S00178135,109,7
S00178136,92,3
S00178137,69,1
S00178138,60,5
S00178139,75,6
S00178140,155,6
S00178141,81,2
S00178142,78,-
S00178143,69,4
S00178144,69,5
S00178145,114,10
S00178146,122,12
S00178147,154,7
S00178148,168,8
S00178149,108,8
S00178150,83,1
S00178151,154,10
S00178152,152,5
S00178153,75,2
S00178154,53,2
S00178155,134,5
S00178156,102,2
S00178157,124,4
S00178158,51,-
S00178159,113,8
S00178160,59,10
S00178161,109,1
S00178162,97,6
S00178163,76,5
S00178164,108,6
S00178165,133,3
S00178166,74,3
S00178167,115,12
S00178168,138,13
S00178169,81,-
S00178170,135,8
S00178171,197,8
S00178172,118,7
S00178173,132,7
S00178174,147,7
S00178175,59,1
S00178176,104,2
S00178177,99,7
S00178178,73,6
S00178179,98,6
S00178180,109,8
S00178181,71,6
S00178182,71,6
S00178183,164,6
S00178184,128,8
S00178185,80,2
S00178186,60,3
S00178187,126,5
S00178188,94,3
S00178189,83,3
S00178190,51,2
S00178191,82,4
S00178192,119,3
S00178193,76,10
S00178194,151,6
S00178195,91,5
S00178196,100,4
S00178197,105,7
S00178198,73,8
S00178199,85,4
S00178200,53,1
S00178201,85,6
S00178202,75,4
S00178203,158,3
S00178204,93,1
S00178205,188,4
S00178206,88,3
S00178207,74,3
S00178208,119,5
S00178209,67,1
S00178210,67,5
S00178211,68,3
S00178212,112,5
S00178213,102,10
S00178214,128,3
S00178215,87,4
S00178216,109,8
S00178217,119,4
S00178218,131,4
S00178219,129,6
S00178220,86,4
S00178221,76,4
S00178222,121,4
S00178223,99,9
S00178224,121,11
S00178225,88,4
S00178226,147,8
S00178227,74,-
S00178228,120,1
S00178229,93,3
S00178230,117,5
S00178231,116,4
S00178232,64,-
S00178233,110,7
S00178234,152,4
S00178235,97,9
S00178236,79,-
S00178237,124,3
S00178238,87,6
S00178239,78,2
S00178240,76,-
S00178241,130,19
S00178242,91,-
S00178243,100,4
S00178244,115,5
S00178245,94,8
S00178246,75,3
S00178247,144,14
S00178248,136,8
S00178249,174,15
S00178250,138,4
S00178251,101,8
S00178252,73,4
S00178253,87,5
S00178254,74,4
S00178255,134,6
S00178256,89,6
S00178257,78,7
S00178258,74,4
S00178259,148,9
S00178260,89,5
S00178261,154,13
S00178262,131,5
S00178263,133,9
S00178264,96,11
S00178265,78,4
S00178266,56,4
S00178267,142,6
S00178268,108,7
S00178269,130,7
S00178270,87,6
S00178271,111,9
S00178272,95,6
S00178273,122,6
S00178274,107,11
S00178275,173,13
S00178276,120,6
S00178277,122,5
S00178278,101,6
S00178279,113,15
S00178280,102,2
S00178281,71,2
S00178282,124,7
S00178283,92,10
S00178284,103,9
S00178285,109,9
S00178286,109,2
S00178287,102,-
S00178288,90,2
S00178289,65,2
S00178290,74,4
S00178291,110,4
S00178292,118,9
S00178293,105,6
S00178294,73,4
S00178295,94,8
S00178296,108,5
S00178297,86,12
S00178298,154,10
S00178299,85,7
S00178300,74,-
S00178301,93,9
S00178302,94,3
S00178303,55,2
S00178304,114,8
S00178305,63,3
S00178306,180,12
S00178307,96,6
S00178308,66,1
S00178309,125,5
S00178310,128,12
S00178311,131,3
S00178312,89,2
S00178313,137,2
S00178314,100,7
S00178315,133,9
S00178316,87,3
S00178317,64,2
S00178318,71,2
S00178319,112,7
S00178320,127,2
S00178321,81,2
S00178322,81,3
S00178323,86,4
S00178324,96,5
S00178325,76,4
S00178326,67,4
S00178327,80,1
S00178328,150,5
S00178329,113,5
S00178330,115,4
S00178331,82,3
S00178332,122,5
S00178333,120,13
S00178334,117,7
S00178335,85,2
S00178336,72,6
S00178337,91,3
S00178338,122,6
S00178339,69,5
S00178340,71,1
S00178341,156,9
S00178342,99,10
S00178343,135,10
S00178344,149,8
S00178345,69,5
S00178346,144,6
S00178347,88,4
S00178348,59,4
S00178349,68,1
S00178350,116,6
S00178351,91,7
S00178352,128,15
S00178353,199,10
S00178354,97,6
S00178355,134,14
S00178356,124,5
S00178357,70,5
S00178358,141,8
S00178359,115,10
S00178360,97,3
S00178361,82,4
S00178362,85,4
S00178363,98,1
S00178364,91,6
S00178365,147,6
S00178366,77,10
S00178367,97,1
S00178368,81,3
S00178369,101,4
S00178370,71,3
S00178371,74,1
S00178372,105,5
S00178373,91,5
S00178374,60,3
S00178375,84,5
S00178376,88,10
S00178377,116,4
S00178378,74,6
S00178379,77,10
S00178380,116,6
S00178381,86,5
S00178382,110,5
S00178383,72,5
S00178384,87,6
S00178385,110,8
S00178386,63,6
S00178387,66,4
S00178388,73,7
S00178389,146,2
S00178390,63,3
S00178391,81,3
S00178392,97,7
S00178393,125,4
S00178394,70,1
S00178395,74,5
S00178396,65,1
S00178397,90,6
S00178398,63,3
S00178399,65,3
S00178400,136,3
S00178401,68,8
S00178402,139,2
S00178403,78,3
S00178404,75,5
S00178405,64,2
S00178406,71,3
S00178407,67,-
S00178408,120,6
S00178409,99,6
S00178410,81,6
S00178411,68,8
S00178412,93,3
S00178413,92,8
S00178414,82,4
S00178415,90,11
S00178416,90,5
S00178417,124,5
S00178418,79,2
S00178419,67,4
S00178420,66,5
S00178421,65,4
S00178422,95,8
S00178423,73,4
S00178424,120,4
S00178425,97,5
S00178426,139,5
S00178427,121,11
S00178428,85,4
S00178429,82,5
S00178430,72,9
S00178431,129,5
S00178432,105,5
S00178433,106,6
S00178434,82,2
S00178435,150,6
S00178436,98,2
S00178437,68,8
S00178438,114,6
S00178439,63,2
S00178440,86,4
S00178441,109,6
S00178442,66,4
S00178443,71,-
S00178444,108,1
S00178445,68,1
S00178446,161,5
S00178447,116,7
S00178448,111,7
S00178449,116,8
S00178450,167,1
S00178451,96,3
S00178452,82,4
S00178453,87,4
S00178454,104,3
S00178455,104,5
S00178456,66,-
S00178457,86,-
S00178458,146,8
S00178459,104,5
S00178460,95,2
S00178461,122,6
S00178462,99,6
S00178463,152,5
S00178464,112,10
S00178465,69,7
S00178466,161,18
S00178467,110,3
S00178468,94,10
S00178469,98,5
S00178470,98,7
S00178471,57,3
S00178472,136,5
S00178473,118,3
S00178474,123,5
S00178475,119,9
S00178476,66,4
S00178477,82,3
S00178478,164,7
S00178479,85,9
S00178480,94,6
S00178481,93,4
S00178482,62,3
S00178483,90,5
S00178484,80,6
S00178485,124,5
S00178486,73,2
S00178487,72,1
S00178488,156,7
S00178489,121,7
S00178490,117,2
S00178491,59,6
S00178492,122,10
S00178493,121,-
S00178494,182,8
S00178495,145,6
S00178496,99,8
S00178497,109,3
S00178498,116,7
S00178499,79,3
S00178500,156,12
S00178501,177,17
S00178502,102,9
S00178503,120,11
S00178504,79,2
S00178505,58,-
S00178506,105,7
S00178507,172,13
S00178508,111,10
S00178509,132,10
S00178510,167,6
S00178511,112,5
S00178512,93,4
S00178513,70,4
S00178514,94,5
S00178515,75,1
S00178516,144,5
S00178517,93,5
S00178518,139,9
S00178519,103,9
S00178520,79,7
S00178521,55,3
S00178522,132,7
S00178523,91,1
S00178524,86,7
S00178525,97,10
S00178526,78,3
S00178527,61,2
S00178528,64,5
S00178529,146,2
S00178530,76,2
S00178531,77,4
S00178532,92,4
S00178533,80,1
S00178534,120,2
S00178535,76,5
S00178536,94,4
S00178537,56,5
S00178538,89,5
S00178539,108,7
S00178540,89,5
S00178541,122,6
S00178542,89,6
S00178543,99,3
S00178544,150,-
S00178545,93,6
S00178546,93,5
S00178547,67,9
S00178548,105,6
S00178549,80,3
S00178550,101,6
S00178551,91,6
S00178552,107,3
S00178553,121,2
S00178554,81,5
S00178555,61,1
S00178556,105,3
S00178557,64,1
S00178558,92,4
S00178559,68,5
S00178560,120,4
S00178561,74,-
S00178562,86,7
S00178563,74,6
S00178564,69,-
S00178565,97,5
S00178566,146,3
S00178567,82,2
S00178568,83,4
S00178569,86,4
S00178570,102,5
S00178571,82,10
S00178572,87,-
S00178573,66,3
S00178574,162,5
S00178575,145,11
S00178576,79,4
S00178577,93,4
S00178578,59,1
S00178579,76,4
S00178580,126,11
S00178581,103,3
S00178582,79,4
S00178583,65,4
S00178584,140,8
S00178585,97,4
S00178586,73,4
S00178587,75,5
S00178588,130,6
S00178589,92,1
S00178590,99,8
S00178591,131,5
S00178592,51,-
S00178593,122,9
S00178594,76,3
S00178595,99,5
S00178596,56,3
S00178597,146,8
S00178598,112,2
S00178599,75,5
S00178600,156,8
S00178601,63,5
S00178602,159,13
S00178603,90,3
S00178604,110,8
S00178605,98,4
S00178606,99,2
S00178607,93,3
S00178608,106,3
S00178609,66,5
S00178610,64,2
S00178611,86,4
S00178612,59,3
S00178613,79,4
S00178614,81,5
S00178615,123,6
S00178616,81,4
S00178617,59,1
S00178618,54,4
S00178619,69,2
S00178620,88,7
S00178621,140,4
S00178622,101,1
S00178623,101,5
S00178624,115,5
S00178625,113,1
S00178626,90,3
S00178627,61,3
S00178628,65,1
S00178629,70,-
S00178630,131,5
S00178631,99,10
S00178632,74,1
S00178633,60,4
S00178634,63,-
S00178635,113,-
S00178636,128,11
S00178637,68,2
S00178638,83,5
S00178639,106,-
S00178640,88,2
S00178641,109,9
S00178642,72,4
S00178643,96,3
S00178644,115,2
S00178645,59,3
S00178646,119,2
S00178647,123,5
S00178648,120,6
S00178649,83,1
S00178650,63,-
S00178651,94,3
S00178652,88,7
S00178653,123,4
S00178654,73,4
S00178655,114,4
S00178656,79,3
S00178657,122,7
S00178658,57,2
S00178659,101,10
S00178660,116,3
S00178661,119,4
S00178662,57,5
S00178663,79,4
S00178664,144,1
S00178665,78,2
S00178666,117,3
S00178667,108,5
S00178668,68,3
S00178669,97,7
S00178670,58,1
S00178671,111,8
S00178672,115,6
S00178673,96,6
S00178674,105,3
S00178675,94,2
S00178676,123,11
S00178677,82,-
S00178678,103,6
S00178679,114,5
S00178680,118,9
S00178681,75,3
S00178682,85,7
S00178683,86,10
S00178684,128,9
S00178685,63,1
S00178686,92,7
S00178687,87,1
S00178688,104,11
S00178689,72,6
S00178690,81,5
S00178691,118,3
S00178692,161,9
S00178693,76,3
S00178694,82,6
S00178695,141,13
S00178696,192,97
S00178697,192,21
S00178698,142,6
S00178699,71,7
S00178700,92,6
S00178701,121,3
S00178702,175,18
S00178703,83,9
S00178704,98,17
S00178705,148,14
S00178706,142,19
S00178707,99,7
S00178708,168,7
S00178709,129,14
S00178710,155,3
S00178711,99,5
S00178712,79,5
S00178713,126,6
S00178714,70,7
S00178715,90,7
S00178716,80,3
S00178717,86,5
S00178718,167,13
S00178719,98,12
S00178720,79,2
S00178721,95,8
S00178722,122,7
S00178723,59,1
S00178724,86,-
S00178725,118,3
S00178726,78,6
S00178727,94,3
S00178728,87,-
S00178729,117,4
S00178730,141,6
S00178731,115,6
S00178732,118,6
S00178733,139,12
S00178734,90,7
S00178735,162,20
S00178736,88,5
S00178737,83,5
S00178738,173,12
S00178739,77,3
S00178740,68,4
S00178741,87,9
S00178742,103,4
S00178743,128,4
S00178744,117,10
S00178745,100,6
S00178746,105,5
S00178747,106,4
S00178748,117,8
S00178749,63,5
S00178750,114,10
S00178751,145,10
S00178752,83,2
S00178753,102,2
S00178754,58,4
S00178755,121,8
S00178756,79,6
S00178757,58,6
S00178758,111,6
S00178759,125,10
S00178760,64,4
S00178761,111,2
S00178762,57,3
S00178763,110,9
S00178764,60,4
S00178765,60,-
S00178766,91,5
S00178767,59,3
S00178768,122,13
S00178769,107,4
S00178770,60,4
S00178771,85,6
S00178772,103,-
S00178773,119,5
S00178774,64,6
S00178775,84,5
S00178776,102,5
S00178777,85,6
S00178778,105,8
S00178779,109,7
S00178780,131,13
S00178781,72,7
S00178782,56,2
S00178783,72,1
S00178784,69,4
S00178785,116,8
S00178786,66,2
S00178787,144,13
S00178788,149,9
S00178789,92,2
S00178790,200,24
S00178791,93,-
S00178792,63,1
S00178793,82,-
S00178794,153,2
S00178795,66,2
S00178796,105,8
S00178797,90,1
S00178798,123,12
S00178799,127,4
S00178800,135,6
S00178801,114,6
S00178802,140,1
S00178803,122,13
S00178804,55,3
S00178805,125,7
S00178806,110,1
S00178807,98,5
S00178808,166,13
S00178809,84,1
S00178810,102,4
S00178811,147,15
S00178812,103,2
S00178813,68,8
S00178814,107,6
S00178815,126,13
S00178816,76,8
S00178817,159,6
S00178818,132,13
S00178819,91,14
S00178820,72,7
S00178821,86,10
S00178822,98,23
S00178823,54,10
S00178824,91,19
S00178825,53,4
S00178826,123,6
S00178827,89,2
S00178828,129,9
S00178829,80,6
S00178830,96,4
S00178831,66,7
S00178832,121,34
S00178833,205,146
S00178834,97,10
S00178835,91,4
S00178836,144,8
S00178837,113,7
S00178838,65,9
S00178839,88,8
S00178840,97,4
S00178841,102,6
S00178842,1826,1691
S00178843,99,7
S00178844,91,4
S00178845,65,5
S00178846,91,2
S00178847,122,6
S00178848,101,21
S00178849,61,3
S00178850,98,5
S00178851,61,5
S00178852,126,10
S00178853,169,19
S00178854,101,15
S00178855,52,4
S00178856,73,11
S00178857,72,4
S00178858,116,8
S00178859,210,16
S00178860,90,12
S00178861,140,8
S00178862,61,6
S00178863,75,7
S00178864,99,-
S00178865,108,5
S00178866,122,6
S00178867,129,8
S00178868,70,6
S00178869,101,7
S00178870,93,12
S00178871,123,39
S00178872,81,5
S00178873,137,4
S00178874,119,19
S00178875,116,14
S00178876,168,16
S00178877,95,10
S00178878,101,5
S00178879,109,20
S00178880,118,16
S00178881,138,28
S00178882,116,17
S00178883,157,19
S00178884,136,15
S00178885,173,7
S00178886,139,14
S00178887,109,7
S00178888,77,6
S00178889,84,9
S00178890,61,5
S00178891,93,8
S00178892,131,7
S00178893,80,2
S00178894,86,23
S00178895,130,22
S00178896,55,11
S00178897,104,1
S00178898,100,12
S00178899,81,5
S00178900,156,9
S00178901,137,21
S00178902,59,3
S00178903,117,22
S00178904,50,-
S00178905,68,4
S00178906,130,3
S00178907,381,279
S00178908,127,18
S00178909,112,15
S00178910,116,13
S00178911,116,12
S00178912,73,2
S00178913,68,3
S00178914,80,11
S00178915,86,10
S00178916,131,9
S00178917,76,2
S00178918,64,6
S00178919,93,12
S00178920,90,7
S00178921,109,26
S00178922,59,1
S00178923,78,12
S00178924,68,11
S00178925,98,7
S00178926,123,3
S00178927,82,3
S00178928,131,11
S00178929,77,1
S00178930,109,20
S00178931,71,-
S00178932,103,8
S00178933,84,1
S00178934,79,15
S00178935,113,7
S00178936,124,3
S00178937,130,11
S00178938,148,5
S00178939,75,8
S00178940,128,7
S00178941,112,10
S00178942,55,1
S00178943,102,4
S00178944,99,6
S00178945,157,5
S00178946,88,10
S00178947,95,23
S00178948,138,9
S00178949,77,5
S00178950,115,5
S00178951,152,97
S00178952,119,52
S00178953,66,1
S00178954,361,318
S00178955,94,49
S00178956,83,6
S00178957,130,19
S00178958,172,123
S00178959,124,24
S00178960,139,29
S00178961,95,55
S00178962,100,33
S00178963,128,15
S00178964,184,137
S00178965,73,24
S00178966,121,57
S00178967,119,84
S00178968,89,47
S00178969,103,12
S00178970,82,10
S00178971,77,3
S00178972,121,5
S00178973,143,16
S00178974,106,34
S00178975,118,69
S00178976,139,52
S00178977,111,23
S00178978,60,20
S00178979,167,84
S00178980,85,15
S00178981,134,24
S00178982,70,16
S00178983,86,5
S00178984,152,47
S00178985,91,30
S00178986,303,227
S00178987,76,31
S00178988,88,59
S00178989,93,34
S00178990,108,23
S00178991,106,48
S00178992,112,6
S00178993,66,5
S00178994,77,47
S00178995,76,35
S00178996,65,41
S00178997,71,27
S00178998,161,97
S00178999,84,5
S00179000,81,6
S00179001,60,27
S00179002,127,65
S00179003,115,4
S00179004,70,38
S00179005,330,274
S00179006,123,6
S00179007,149,12
S00179008,62,4
S00179009,140,91
S00179010,99,8
S00179011,108,8
S00179012,111,64
S00179013,70,6
S00179014,90,50
S00179015,61,1
S00179016,207,119
S00179017,104,3
S00179018,124,12
S00179019,81,8
S00179020,95,4
S00179021,134,7
S00179022,77,17
S00179023,107,7
S00179024,83,22
S00179025,78,1
S00179026,83,19
S00179027,76,5
S00179028,106,3
S00179029,180,12
S00179030,98,5
S00179031,87,7
S00179032,96,9
S00179033,75,4
S00179034,86,7
S00179035,130,8
S00179036,76,3
S00179037,76,6
S00179038,94,6
S00179039,71,5
S00179040,137,8
S00179041,85,2
S00179042,61,3
S00179043,137,13
S00179044,94,6
S00179045,82,7
S00179046,81,7
S00179047,82,7
S00179048,80,8
S00179049,126,11
S00179050,87,7
S00179051,80,7
S00179052,148,8
S00179053,116,4
S00179054,80,3
S00179055,81,1
S00179056,113,8
S00179057,78,9
S00179058,81,3
S00179059,123,4
S00179060,72,10
S00179061,115,12
S00179062,81,4
S00179063,88,3
S00179064,101,8
S00179065,99,6
S00179066,98,3
S00179067,81,4
S00179068,64,3
S00179069,108,2
S00179070,127,6
S00179071,82,8
S00179072,56,3
S00179073,113,4
S00179074,154,8
S00179075,70,-
S00179076,69,10
S00179077,111,5
S00179078,83,6
S00179079,113,3
S00179080,52,6
S00179081,120,5
S00179082,137,5
S00179083,74,1
S00179084,76,6
S00179085,118,13
S00179086,94,4
S00179087,95,5
S00179088,78,6
S00179089,108,9
S00179090,121,18
S00179091,110,7
S00179092,78,4
S00179093,79,2
S00179094,113,12
S00179095,134,7
S00179096,91,6
S00179097,90,8
S00179098,111,4
S00179099,76,2
S00179100,72,3
S00179101,84,3
S00179102,93,7
S00179103,68,3
S00179104,83,1
S00179105,130,12
S00179106,81,7
S00179107,101,8
S00179108,88,7
S00179109,91,3
S00179110,90,1
S00179111,147,6
S00179112,98,3
S00179113,138,8
S00179114,121,12
S00179115,79,3
S00179116,85,1
S00179117,109,21
S00179118,89,9
S00179119,116,7
S00179120,92,5
S00179121,111,1
S00179122,113,14
S00179123,92,3
S00179124,63,9
S00179125,136,19
S00179126,79,4
S00179127,53,10
S00179128,72,-
S00179129,98,7
S00179130,107,6
S00179131,144,16
S00179132,86,2
S00179133,52,-
S00179134,106,8
S00179135,74,8
S00179136,63,1
S00179137,73,2
S00179138,55,-
S00179139,83,5
S00179140,88,2
S00179141,57,9
S00179142,71,3
S00179143,125,7
S00179144,86,6
S00179145,89,12
S00179146,161,18
S00179147,92,5
S00179148,61,1
S00179149,101,9
S00179150,76,7
S00179151,75,2
S00179152,119,16
S00179153,116,13
S00179154,107,9
S00179155,99,8
S00179156,180,9
S00179157,86,9
S00179158,92,5
S00179159,87,4
S00179160,125,10
S00179161,73,12
S00179162,95,6
S00179163,106,12
S00179164,74,14
S00179165,131,4
S00179166,75,9
S00179167,73,8
S00179168,53,4
S00179169,75,-
S00179170,64,1
S00179171,85,2
S00179172,89,13
S00179173,141,11
S00179174,83,8
S00179175,156,17
S00179176,98,5
S00179177,96,1
S00179178,121,8
S00179179,97,9
S00179180,124,8
S00179181,73,3
S00179182,76,4
S00179183,96,4
S00179184,100,6
S00179185,50,3
S00179186,88,1
S00179187,51,1
S00179188,72,7
S00179189,84,4
S00179190,108,4
S00179191,59,7
S00179192,75,-
S00179193,66,1
S00179194,78,4
S00179195,78,2
S00179196,102,5
S00179197,108,5
S00179198,82,-
S00179199,88,4
S00179200,71,5
S00179201,95,6
S00179202,109,4
S00179203,79,4
S00179204,134,9
S00179205,101,5
S00179206,88,9
S00179207,98,8
S00179208,129,10
S00179209,130,3
S00179210,63,2
S00179211,169,12
S00179212,60,-
S00179213,137,7
S00179214,113,6
S00179215,115,8
S00179216,46,5
S00179217,103,3
S00179218,76,4
S00179219,103,4
S00179220,142,15
S00179221,97,4
S00179222,65,2
S00179223,61,2
S00179224,118,8
S00179225,192,8
S00179226,154,17
S00179227,101,7
S00179228,88,1
S00179229,92,11
S00179230,75,1
S00179231,101,1
S00179232,153,6
S00179233,105,4
S00179234,59,-
S00179235,89,6
S00179236,82,6
S00179237,61,3
S00179238,55,1
S00179239,69,4
S00179240,151,6
S00179241,74,4
S00179242,87,8
S00179243,97,9
S00179244,78,6
S00179245,127,1
S00179246,91,6
S00179247,117,9
S00179248,91,1
S00179249,93,8
S00179250,69,6
S00179251,93,3
S00179252,111,6
S00179253,67,3
S00179254,54,1
S00179255,103,7
S00179256,115,7
S00179257,107,7
S00179258,124,8
S00179259,65,4
S00179260,140,5
S00179261,139,10
S00179262,108,5
S00179263,102,4
S00179264,75,2
S00179265,128,2
S00179266,132,17
S00179267,51,4
S00179268,116,11
S00179269,87,5
S00179270,155,6
S00179271,99,14
S00179272,91,4
S00179273,165,10
S00179274,79,1
S00179275,146,10
S00179276,97,5
S00179277,106,3
S00179278,121,4
S00179279,111,5
S00179280,133,7
S00179281,85,6
S00179282,82,4
S00179283,123,7
S00179284,101,6
S00179285,142,8
S00179286,92,2
S00179287,91,7
S00179288,103,8
S00179289,104,11
S00179290,81,5
S00179291,99,-
S00179292,116,8
S00179293,77,5
S00179294,85,3
S00179295,116,9
S00179296,87,3
S00179297,112,7
S00179298,123,7
S00179299,76,-
S00179300,93,1
S00179301,127,6
S00179302,97,7
S00179303,109,1
S00179304,61,4
S00179305,75,3
S00179306,127,18
S00179307,113,10
S00179308,137,11
S00179309,111,3
S00179310,112,17
S00179311,72,7
S00179312,115,6
S00179313,48,-
S00179314,71,6
S00179315,91,2
S00179316,74,4
S00179317,99,3
S00179318,105,4
S00179319,65,1
S00179320,53,1
S00179321,63,7
S00179322,88,2
S00179323,56,3
S00179324,49,1
S00179325,133,8
S00179326,140,5
S00179327,103,4
S00179328,107,7
S00179329,55,2
S00179330,111,14
S00179331,121,9
S00179332,101,7
S00179333,109,6
S00179334,67,2
S00179335,73,6
S00179336,65,3
S00179337,94,4
S00179338,78,4
S00179339,91,4
S00179340,63,3
S00179341,79,4
S00179342,102,3
S00179343,63,6
S00179344,184,4
S00179345,95,4
S00179346,87,4
S00179347,99,-
S00179348,117,4
S00179349,137,6
S00179350,154,7
S00179351,117,9
S00179352,168,11
S00179353,99,2
S00179354,86,10
S00179355,71,7
S00179356,56,6
S00179357,104,6
S00179358,94,7
S00179359,160,4
S00179360,105,7
S00179361,79,3
S00179362,89,8
S00179363,106,3
S00179364,159,10
S00179365,127,12
S00179366,166,11
S00179367,147,2
S00179368,93,-
S00179369,75,2
S00179370,62,1
S00179371,132,3
S00179372,68,2
S00179373,115,2
S00179374,110,-
S00179375,87,4
S00179376,92,11
S00179377,100,3
S00179378,161,6
S00179379,121,6
S00179380,86,4
S00179381,98,8
S00179382,77,3
S00179383,139,6
S00179384,79,1
S00179385,97,2
S00179386,55,1
S00179387,78,2
S00179388,81,2
S00179389,100,-
S00179390,109,5
S00179391,105,7
S00179392,97,4
S00179393,60,5
S00179394,114,5
S00179395,147,3
S00179396,161,12
S00179397,89,4
S00179398,88,4
S00179399,73,1
S00179400,195,17
S00179401,87,3
S00179402,120,6
S00179403,59,2
S00179404,114,3
S00179405,77,1
S00179406,69,8
S00179407,67,5
S00179408,60,5
S00179409,119,11
S00179410,58,4
S00179411,74,5
S00179412,71,5
S00179413,84,9
S00179414,95,6
S00179415,99,5
S00179416,64,-
S00179417,58,2
S00179418,80,10
S00179419,51,-
S00179420,119,12
S00179421,57,3
S00179422,68,4
S00179423,116,9
S00179424,99,6
S00179425,73,7
S00179426,162,10
S00179427,80,5
S00179428,97,3
S00179429,54,-
S00179430,115,8
S00179431,83,3
S00179432,100,8
S00179433,69,4
S00179434,119,9
S00179435,90,3
S00179436,102,1
S00179437,73,-
S00179438,74,9
S00179439,55,4
S00179440,111,1
S00179441,143,7
S00179442,112,10
S00179443,76,2
S00179444,81,10
S00179445,96,4
S00179446,70,2
S00179447,62,-
S00179448,130,4
S00179449,97,7
S00179450,51,-
S00179451,61,-
S00179452,57,2
S00179453,88,4
S00179454,100,10
S00179455,90,7
S00179456,68,2
S00179457,62,2
S00179458,59,3
S00179459,148,3
S00179460,114,5
S00179461,73,-
S00179462,54,4
S00179463,67,5
S00179464,124,10
S00179465,76,7
S00179466,64,1
S00179467,148,15
S00179468,52,-
S00179469,71,2
S00179470,135,5
S00179471,58,3
S00179472,67,3
S00179473,110,4
S00179474,68,-
S00179475,100,6
S00179476,64,-
S00179477,53,3
S00179478,68,1
S00179479,61,-
S00179480,66,-
S00179481,104,13
S00179482,60,4
S00179483,107,16
S00179484,139,10
S00179485,139,10
S00179486,98,7
S00179487,72,3
S00179488,82,5
S00179489,106,1
S00179490,63,3
S00179491,121,8
S00179492,65,-
S00179493,104,3
S00179494,59,3
S00179495,125,7
S00179496,73,4
S00179497,76,3
S00179498,83,1
S00179499,72,3
S00179500,58,4
S00179501,106,6
S00179502,79,4
S00179503,50,3
S00179504,82,5
S00179505,112,6
S00179506,98,4
S00179507,75,3
S00179508,68,2
S00179509,98,6
S00179510,101,3
S00179511,76,2
S00179512,137,10
S00179513,105,4
S00179514,128,4
S00179515,67,-
S00179516,57,6
S00179517,83,3
S00179518,61,5
S00179519,112,4
S00179520,74,2
S00179521,101,3
S00179522,107,8
S00179523,85,5
S00179524,96,4
S00179525,80,2
S00179526,120,11
S00179527,83,4
S00179528,118,6
S00179529,105,4
S00179530,101,4
S00179531,90,4
S00179532,93,2
S00179533,117,2
S00179534,64,4
S00179535,64,7
S00179536,88,3
S00179537,104,5
S00179538,111,2
S00179539,87,6
S00179540,60,4
S00179541,67,1
S00179542,141,10
S00179543,96,4
S00179544,104,4
S00179545,104,3
S00179546,63,3
S00179547,79,1
S00179548,114,8
S00179549,101,5
S00179550,135,11
S00179551,69,7
S00179552,66,11
S00179553,107,10
S00179554,95,1
S00179555,92,3
S00179556,123,6
S00179557,66,-
S00179558,58,3
S00179559,85,3
S00179560,94,1
S00179561,62,4
S00179562,82,7
S00179563,76,8
S00179564,133,4
S00179565,70,7
S00179566,112,9
S00179567,56,1
S00179568,124,11
S00179569,151,10
S00179570,39,7
S00179571,58,6
S00179572,81,4
S00179573,129,4
S00179574,71,4
S00179575,87,3
S00179576,88,8
S00179577,79,9
S00179578,78,5
S00179579,96,6
S00179580,81,7
S00179581,124,10
S00179582,143,14
S00179583,155,6
S00179584,116,6
S00179585,142,7
S00179586,94,5
S00179587,121,12
S00179588,68,3
S00179589,70,4
S00179590,99,6
S00179591,95,3
S00179592,89,5
S00179593,119,8
S00179594,72,1
S00179595,115,-
S00179596,56,6
S00179597,92,11
S00179598,103,6
S00179599,64,3
S00179600,83,5
S00179601,116,3
S00179602,62,1
S00179603,106,11
S00179604,62,5
S00179605,57,4
S00179606,85,4
S00179607,55,7
S00179608,55,1
S00179609,88,3
S00179610,57,5
S00179611,93,6
S00179612,116,9
S00179613,104,1
S00179614,76,4
S00179615,54,3
S00179616,74,-
S00179617,91,2
S00179618,82,3
S00179619,81,3
S00179620,135,11
S00179621,66,-
S00179622,71,7
S00179623,69,4
S00179624,81,5
S00179625,129,9
S00179626,80,3
S00179627,122,3
S00179628,87,6
S00179629,81,4
S00179630,58,10
S00179631,147,5
S00179632,86,14
S00179633,113,12
S00179634,82,5
S00179635,153,11
S00179636,110,-
S00179637,132,1
S00179638,74,4
S00179639,134,14
S00179640,125,2
S00179641,65,2
S00179642,95,3
S00179643,144,13
S00179644,91,5
S00179645,62,3
S00179646,77,3
S00179647,60,6
S00179648,62,-
S00179649,100,7
S00179650,99,7
S00179651,99,6
S00179652,124,6
S00179653,116,7
S00179654,86,6
S00179655,89,3
S00179656,83,3
S00179657,88,3
S00179658,159,11
S00179659,98,5
S00179660,57,1
S00179661,102,8
S00179662,115,4
S00179663,97,4
S00179664,82,-
S00179665,59,1
S00179666,144,15
S00179667,84,1
S00179668,85,2
S00179669,131,7
S00179670,105,8
S00179671,130,3
S00179672,70,3
S00179673,134,13
S00179674,60,2
S00179675,63,-
S00179676,71,3
S00179677,84,8
S00179678,58,3
S00179679,84,3
S00179680,53,-
S00179681,57,9
S00179682,64,1
S00179683,94,5
S00179684,82,3
S00179685,98,7
S00179686,81,4
S00179687,65,6
S00179688,90,6
S00179689,59,10
S00179690,93,13
S00179691,86,3
S00179692,177,18
S00179693,59,1
S00179694,63,-
S00179695,130,6
S00179696,74,-
S00179697,85,6
S00179698,108,-
S00179699,85,9
S00179700,128,19
S00179701,122,7
S00179702,62,4
S00179703,132,7
S00179704,58,6
S00179705,136,12
S00179706,110,4
S00179707,82,3
S00179708,94,8
S00179709,79,6
S00179710,103,4
S00179711,86,2
S00179712,53,8
S00179713,108,7
S00179714,77,2
S00179715,84,3
S00179716,105,5
S00179717,55,1
S00179718,66,-
S00179719,69,6
S00179720,97,8
S00179721,65,4
S00179722,122,3
S00179723,58,2
S00179724,84,3
S00179725,81,6
S00179726,67,1
S00179727,77,14
S00179728,78,-
S00179729,90,5
S00179730,69,5
S00179731,61,10
S00179732,71,-
S00179733,109,2
S00179734,64,2
S00179735,96,12
S00179736,84,3
S00179737,135,11
S00179738,76,3
S00179739,63,7
S00179740,129,9
S00179741,80,5
S00179742,86,8
S00179743,110,6
S00179744,89,-
S00179745,102,5
S00179746,63,7
S00179747,79,1
S00179748,65,2
S00179749,158,5
S00179750,84,4
S00179751,100,9
S00179752,105,4
S00179753,94,3
S00179754,82,5
S00179755,73,10
S00179756,92,4
S00179757,69,4
S00179758,76,3
S00179759,65,7
S00179760,83,1
S00179761,75,6
S00179762,84,5
S00179763,103,2
S00179764,58,-
S00179765,102,5
S00179766,111,3
S00179767,86,9
S00179768,51,7
S00179769,99,5
S00179770,76,3
S00179771,89,6
S00179772,88,5
S00179773,110,6
S00179774,116,7
S00179775,131,4
S00179776,105,8
S00179777,69,2
S00179778,81,4
S00179779,79,1
S00179780,109,5
S00179781,90,8
S00179782,107,3
S00179783,99,8
S00179784,138,5
S00179785,90,7
S00179786,62,-
S00179787,116,5
S00179788,81,2
S00179789,93,3
S00179790,125,9
S00179791,137,7
S00179792,172,15
S00179793,70,7
S00179794,155,11
S00179795,147,10
S00179796,130,12
S00179797,101,5
S00179798,51,8
S00179799,69,5
S00179800,74,2
S00179801,67,-
S00179802,110,7
S00179803,113,-
S00179804,82,7
S00179805,83,9
S00179806,61,5
S00179807,77,7
S00179808,81,2
S00179809,63,6
S00179810,76,6
S00179811,120,15
S00179812,80,5
S00179813,139,12
S00179814,118,11
S00179815,143,7
S00179816,75,4
S00179817,113,8
S00179818,81,3
S00179819,83,7
S00179820,104,7
S00179821,96,7
S00179822,75,8
S00179823,55,6
S00179824,76,7
S00179825,81,3
S00179826,81,5
S00179827,65,4
S00179828,121,10
S00179829,78,10
S00179830,63,4
S00179831,143,6
S00179832,120,3
S00179833,65,8
S00179834,153,9
S00179835,72,1
S00179836,67,4
S00179837,87,5
S00179838,93,11
S00179839,95,4
S00179840,69,1
S00179841,111,9
S00179842,85,7
S00179843,72,4
S00179844,124,8
S00179845,65,12
S00179846,83,4
S00179847,88,1
S00179848,118,4
S00179849,78,3
S00179850,49,-
S00179851,135,7
S00179852,135,1
S00179853,63,5
S00179854,64,7
S00179855,79,6
S00179856,53,4
S00179857,110,13
S00179858,54,5
S00179859,86,3
S00179860,87,6
S00179861,83,3
S00179862,97,6
S00179863,106,10
S00179864,110,4
S00179865,112,4
S00179866,72,-
S00179867,61,3
S00179868,61,-
S00179869,104,4
S00179870,55,2
S00179871,71,1
S00179872,42,6
S00179873,89,5
S00179874,120,8
S00179875,54,9
S00179876,81,6
S00179877,85,5
S00179878,85,2
S00179879,109,14
S00179880,137,13
S00179881,95,5
S00179882,111,3
S00179883,61,-
S00179884,89,6
S00179885,76,7
S00179886,94,7
S00179887,49,4
S00179888,87,4
S00179889,101,10
S00179890,87,1
S00179891,82,7
S00179892,128,8
S00179893,57,1
S00179894,62,2
S00179895,131,7
S00179896,51,4
S00179897,107,6
S00179898,65,3
S00179899,70,4
S00179900,64,3
S00179901,95,9
S00179902,74,3
S00179903,74,6
S00179904,86,8
S00179905,69,5
S00179906,58,2
S00179907,75,8
S00179908,137,16
S00179909,96,3
S00179910,56,-
S00179911,206,17
S00179912,82,7
S00179913,117,9
S00179914,127,5
S00179915,79,3
S00179916,76,3
S00179917,72,2
S00179918,72,7
S00179919,77,2
S00179920,101,10
S00179921,75,-
S00179922,146,16
S00179923,75,2
S00179924,85,6
S00179925,150,15
S00179926,81,6
S00179927,52,4
S00179928,81,-
S00179929,78,3
S00179930,131,8
S00179931,118,7
S00179932,73,5
S00179933,66,7
S00179934,80,7
S00179935,70,2
S00179936,59,5
S00179937,152,14
S00179938,84,5
S00179939,80,3
S00179940,80,1
S00179941,61,4
S00179942,109,10
S00179943,67,7
S00179944,132,14
S00179945,58,3
S00179946,76,4
S00179947,133,12
S00179948,83,1
S00179949,97,7
S00179950,68,1
S00179951,74,-
S00179952,113,6
S00179953,71,4
S00179954,123,5
S00179955,68,-
S00179956,103,8
S00179957,114,7
S00179958,107,6
S00179959,104,11
S00179960,87,5
S00179961,82,4
S00179962,66,2
S00179963,106,-
S00179964,75,4
S00179965,102,6
S00179966,69,2
S00179967,85,6
S00179968,66,3
S00179969,68,6
S00179970,60,2
S00179971,84,1
S00179972,107,1
S00179973,98,6
S00179974,91,5
S00179975,90,10
S00179976,137,10
S00179977,114,2
S00179978,52,5
S00179979,79,3
S00179980,131,11
S00179981,50,1
S00179982,87,4
S00179983,102,10
S00179984,89,7
S00179985,97,-
S00179986,76,9
S00179987,81,7
S00179988,111,5
S00179989,134,12
S00179990,97,6
S00179991,96,3
S00179992,66,2
S00179993,72,3
S00179994,74,7
S00179995,107,8
S00179996,77,2
S00179997,77,6
S00179998,94,15
S00179999,114,7
S00180000,77,6
S00180001,106,6
S00180002,117,6
S00180003,113,11
S00180004,85,10
S00180005,119,9
S00180006,124,13
S00180007,125,10
S00180008,73,8
S00180009,62,6
S00180010,84,4
S00180011,132,15
S00180012,104,6
S00180013,84,5
S00180014,77,3
S00180015,94,3
S00180016,66,7
S00180017,103,9
S00180018,97,-
S00180019,86,4
S00180020,115,12
S00180021,128,11
S00180022,110,10
S00180023,99,11
S00180024,77,4
S00180025,65,6
S00180026,80,-
S00180027,90,8
S00180028,96,12
S00180029,71,4
S00180030,120,6
S00180031,73,-
S00180032,88,9
S00180033,56,3
S00180034,61,1
S00180035,87,2
S00180036,93,8
S00180037,76,5
S00180038,78,9
S00180039,92,9
S00180040,76,4
S00180041,91,-
S00180042,87,-
S00180043,79,7
S00180044,100,7
S00180045,79,3
S00180046,86,8
S00180047,94,1
S00180048,66,1
S00180049,56,3
S00180050,94,4
S00180051,69,3
S00180052,96,-
S00180053,76,5
S00180054,104,6
S00180055,69,4
S00180056,215,4
S00180057,89,9
S00180058,107,8
S00180059,83,6
S00180060,80,6
S00180061,109,3
S00180062,73,-
S00180063,84,10
S00180064,79,4
S00180065,67,7
S00180066,111,12
S00180067,72,-
S00180068,65,1
S00180069,93,10
S00180070,134,13
S00180071,68,5
S00180072,70,5
S00180073,86,6
S00180074,78,10
S00180075,53,4
S00180076,85,5
S00180077,112,12
S00180078,70,8
S00180079,119,13
S00180080,73,2
S00180081,95,5
S00180082,76,1
S00180083,84,4
S00180084,72,9
S00180085,85,5
S00180086,95,-
S00180087,110,16
S00180088,98,23
S00180089,99,6
S00180090,61,1
S00180091,53,7
S00180092,94,5
S00180093,77,1
S00180094,123,4
S00180095,61,1
S00180096,128,11
S00180097,86,5
S00180098,72,2
S00180099,79,3
S00180100,75,3
S00180101,77,14
S00180102,117,6
S00180103,56,6
S00180104,85,6
S00180105,84,7
S00180106,76,3
S00180107,62,2
S00180108,81,10
S00180109,153,12
S00180110,132,8
S00180111,89,7
S00180112,101,11
S00180113,60,6
S00180114,95,6
S00180115,63,6
S00180116,72,10
S00180117,53,4
S00180118,85,9
S00180119,141,4
S00180120,63,-
S00180121,122,1
S00180122,75,11
S00180123,107,4
S00180124,148,10
S00180125,102,10
S00180126,81,1
S00180127,51,7
S00180128,59,11
S00180129,50,5
S00180130,83,10
S00180131,87,2
S00180132,66,7
S00180133,146,10
S00180134,118,14
S00180135,56,1
S00180136,74,7
S00180137,85,13
S00180138,135,9
S00180139,73,6
S00180140,68,4
S00180141,84,4
S00180142,139,18
S00180143,130,13
S00180144,77,3
S00180145,118,5
S00180146,79,8
S00180147,79,5
S00180148,61,3
S00180149,107,22
S00180150,95,8
S00180151,89,6
S00180152,85,9
S00180153,60,1
S00180154,136,11
S00180155,118,5
S00180156,92,6
S00180157,66,1
S00180158,71,5
S00180159,132,17
S00180160,63,4
S00180161,146,9
S00180162,63,1
S00180163,95,9
S00180164,109,11
S00180165,55,1
S00180166,109,4
S00180167,98,10
S00180168,91,16
S00180169,81,6
S00180170,74,3
S00180171,70,5
S00180172,102,7
S00180173,88,3
S00180174,85,5
S00180175,68,5
S00180176,77,5
S00180177,85,15
S00180178,68,5
S00180179,59,7
S00180180,54,3
S00180181,66,4
S00180182,62,10
S00180183,76,7
S00180184,105,3
S00180185,106,2
S00180186,79,-
S00180187,65,1
S00180188,107,9
S00180189,113,4
S00180190,135,8
S00180191,136,6
S00180192,101,12
S00180193,82,4
S00180194,64,4
S00180195,72,3
S00180196,69,12
S00180197,54,2
S00180198,65,4
S00180199,150,11
S00180200,77,3
S00180201,110,7
S00180202,74,5
S00180203,133,8
S00180204,123,8
S00180205,95,5
S00180206,76,3
S00180207,103,12
S00180208,123,4
S00180209,109,6
S00180210,91,5
S00180211,151,8
S00180212,88,2
S00180213,135,3
S00180214,187,10
S00180215,65,3
S00180216,116,6
S00180217,87,4
S00180218,87,12
S00180219,102,4
S00180220,68,-
S00180221,86,-
S00180222,113,6
S00180223,81,3
S00180224,121,7
S00180225,64,5
S00180226,129,6
S00180227,132,5
S00180228,98,5
S00180229,130,14
S00180230,78,9
S00180231,115,11
S00180232,124,5
S00180233,56,1
S00180234,102,2
S00180235,128,7
S00180236,145,4
S00180237,161,14
S00180238,109,4
S00180239,94,3
S00180240,51,4
S00180241,81,8
S00180242,91,2
S00180243,60,8
S00180244,127,8
S00180245,88,6
S00180246,101,2
S00180247,62,6
S00180248,72,2
S00180249,108,6
S00180250,81,2
S00180251,96,10
S00180252,88,2
S00180253,98,5
S00180254,95,6
S00180255,91,4
S00180256,88,2
S00180257,73,-
S00180258,133,4
S00180259,64,2
S00180260,87,7
S00180261,156,13
S00180262,115,5
S00180263,106,8
S00180264,63,2
S00180265,90,3
S00180266,91,4
S00180267,86,-
S00180268,59,2
S00180269,121,4
S00180270,86,4
S00180271,108,7
S00180272,110,6
S00180273,105,6
S00180274,77,4
S00180275,79,7
S00180276,65,3
S00180277,73,3
S00180278,118,4
S00180279,109,10
S00180280,100,6
S00180281,129,6
S00180282,97,8
S00180283,88,1
S00180284,94,13
S00180285,88,15
S00180286,86,6
S00180287,117,-
S00180288,80,4
S00180289,110,8
S00180290,100,8
S00180291,87,8
S00180292,80,6
S00180293,125,2
S00180294,100,7
S00180295,99,6
S00180296,105,2
S00180297,101,5
S00180298,79,4
S00180299,109,5
S00180300,70,2
S00180301,85,10
S00180302,117,2
S00180303,94,4
S00180304,121,8
S00180305,77,3
S00180306,79,-
S00180307,55,2
S00180308,173,13
S00180309,135,6
S00180310,62,2
S00180311,91,2
S00180312,148,11
S00180313,58,6
S00180314,132,5
S00180315,51,-
S00180316,142,5
S00180317,49,3
S00180318,109,7
S00180319,71,2
S00180320,116,4
S00180321,79,7
S00180322,109,9
S00180323,66,4
S00180324,74,2
S00180325,73,5
S00180326,71,4
S00180327,124,4
S00180328,109,2
S00180329,125,4
S00180330,56,5
S00180331,102,8
S00180332,116,4
S00180333,81,14
S00180334,82,1
S00180335,133,7
S00180336,126,5
S00180337,91,6
S00180338,110,1
S00180339,88,4
S00180340,105,8
S00180341,72,2
S00180342,77,2
S00180343,121,4
S00180344,114,5
S00180345,90,2
S00180346,282,129
S00180347,104,2
S00180348,106,9
S00180349,83,2
S00180350,77,5
S00180351,116,12
S00180352,87,7
S00180353,89,4
S00180354,57,2
S00180355,89,2
S00180356,88,6
S00180357,70,2
S00180358,59,5
S00180359,71,7
S00180360,112,4
S00180361,132,5
S00180362,54,3
S00180363,55,6
S00180364,85,3
S00180365,63,3
S00180366,126,5
S00180367,104,10
S00180368,114,7
S00180369,122,7
S00180370,74,7
S00180371,97,5
S00180372,78,4
S00180373,145,10
S00180374,62,3
S00180375,67,6
S00180376,128,12
S00180377,132,6
S00180378,103,8
S00180379,173,9
S00180380,118,6
S00180381,56,4
S00180382,86,1
S00180383,85,-
S00180384,84,2
S00180385,73,3
S00180386,101,9
S00180387,81,11
S00180388,73,3
S00180389,132,8
S00180390,114,10
S00180391,62,6
S00180392,77,12
S00180393,116,6
S00180394,145,3
S00180395,94,6
S00180396,92,5
S00180397,81,3
S00180398,118,4
S00180399,112,4
S00180400,93,11
S00180401,83,4
S00180402,123,7
S00180403,98,8
S00180404,124,4
S00180405,74,1
S00180406,91,2
S00180407,88,2
S00180408,51,5
S00180409,79,6
S00180410,118,18
S00180411,58,3
S00180412,51,4
S00180413,94,2
S00180414,107,5
S00180415,109,10
S00180416,129,11
S00180417,121,3
S00180418,66,3
S00180419,69,3
S00180420,57,8
S00180421,84,6
S00180422,104,3
S00180423,110,4
S00180424,105,2
S00180425,74,10
S00180426,73,4
S00180427,167,4
S00180428,88,4
S00180429,132,5
S00180430,77,2
S00180431,97,6
S00180432,133,2
S00180433,71,5
S00180434,76,4
S00180435,76,2
S00180436,136,18
S00180437,155,8
S00180438,87,4
S00180439,93,-
S00180440,131,3
S00180441,87,7
S00180442,86,4
S00180443,52,3
S00180444,94,6
S00180445,116,6
S00180446,64,2
S00180447,98,3
S00180448,90,6
S00180449,64,-
S00180450,91,6
S00180451,61,3
S00180452,102,3
S00180453,74,6
S00180454,104,6
S00180455,74,-
S00180456,70,-
S00180457,96,4
S00180458,108,4
S00180459,105,12
S00180460,94,2
S00180461,112,2
S00180462,84,-
S00180463,76,2
S00180464,96,4
S00180465,154,6
S00180466,104,5
S00180467,77,5
S00180468,129,4
S00180469,98,4
S00180470,56,1
S00180471,82,2
S00180472,126,6
S00180473,88,3
S00180474,82,3
S00180475,102,6
S00180476,123,14
S00180477,101,2
S00180478,63,1
S00180479,85,3
S00180480,69,4
S00180481,130,21
S00180482,166,11
S00180483,95,8
S00180484,63,1
S00180485,54,1
S00180486,94,10
S00180487,120,4
S00180488,135,9
S00180489,179,9
S00180490,69,7
S00180491,162,20
S00180492,84,4
S00180493,152,8
S00180494,171,11
S00180495,57,3
S00180496,105,9
S00180497,55,4
S00180498,156,19
S00180499,85,3
S00180500,86,5
S00180501,95,3
S00180502,122,1
S00180503,71,2
S00180504,141,4
S00180505,89,2
S00180506,82,5
S00180507,77,-
S00180508,80,4
S00180509,87,5
S00180510,68,-
S00180511,130,5
S00180512,140,5
S00180513,81,4
S00180514,84,2
S00180515,99,6
S00180516,75,4
S00180517,148,5
S00180518,126,3
S00180519,114,8
S00180520,87,5
S00180521,65,7
S00180522,102,5
S00180523,127,4
S00180524,104,2
S00180525,145,18
S00180526,77,4
S00180527,84,3
S00180528,102,5
S00180529,105,3
S00180530,68,4
S00180531,111,12
S00180532,87,5
S00180533,68,2
S00180534,82,4
S00180535,60,2
S00180536,122,4
S00180537,125,12
S00180538,72,7
S00180539,147,11
S00180540,51,4
S00180541,112,3
S00180542,128,13
S00180543,144,4
S00180544,78,7
S00180545,74,1
S00180546,55,4
S00180547,138,12
S00180548,180,20
S00180549,103,3
S00180550,69,5
S00180551,61,2
S00180552,72,10
S00180553,83,2
S00180554,84,8
S00180555,61,6
S00180556,85,3
S00180557,139,6
S00180558,102,2
S00180559,65,6
S00180560,87,5
S00180561,94,3
S00180562,124,5
S00180563,110,7
S00180564,97,12
S00180565,111,13
S00180566,108,7
S00180567,164,10
S00180568,75,2
S00180569,121,4
S00180570,101,1
S00180571,81,4
S00180572,130,15
S00180573,91,5
S00180574,121,5
S00180575,114,10
S00180576,136,5
S00180577,138,4
S00180578,81,4
S00180579,130,9
S00180580,61,2
S00180581,110,5
S00180582,113,4
S00180583,94,8
S00180584,185,17
S00180585,74,-
S00180586,95,10
S00180587,67,-
S00180588,110,4
S00180589,114,4
S00180590,115,3
S00180591,115,5
S00180592,107,3
S00180593,83,6
S00180594,120,6
S00180595,94,1
S00180596,71,2
S00180597,99,5
S00180598,88,17
S00180599,89,3
S00180600,60,4
S00180601,133,11
S00180602,73,5
S00180603,130,5
S00180604,135,6
S00180605,94,1
S00180606,100,6
S00180607,92,4
S00180608,144,5
S00180609,123,8
S00180610,91,-
S00180611,77,4
S00180612,124,7
S00180613,81,6
S00180614,121,8
S00180615,71,-
S00180616,100,17
S00180617,93,3
S00180618,118,7
S00180619,112,3
S00180620,93,6
S00180621,152,7
S00180622,131,5
S00180623,133,14
S00180624,100,2
S00180625,98,4
S00180626,117,4
S00180627,132,-
S00180628,76,3
S00180629,119,5
S00180630,116,15
S00180631,106,2
S00180632,54,2
S00180633,55,5
S00180634,86,5
S00180635,104,7
S00180636,102,2
S00180637,78,5
S00180638,92,9
S00180639,71,6
S00180640,63,2
S00180641,93,2
S00180642,60,-
S00180643,84,4
S00180644,123,4
S00180645,102,5
S00180646,124,4
S00180647,123,6
S00180648,159,16
S00180649,57,5
S00180650,73,1
S00180651,61,4
S00180652,92,1
S00180653,110,9
S00180654,132,13
S00180655,63,4
S00180656,70,-
S00180657,70,2
S00180658,89,4
S00180659,114,5
S00180660,90,10
S00180661,79,1
S00180662,147,6
S00180663,79,7
S00180664,64,-
S00180665,142,7
S00180666,54,2
S00180667,114,9
S00180668,98,9
S00180669,84,11
S00180670,95,5
S00180671,78,7
S00180672,118,4
S00180673,109,8
S00180674,106,4
S00180675,86,7
S00180676,82,7
S00180677,79,5
S00180678,75,3
S00180679,116,5
S00180680,71,-
S00180681,56,-
S00180682,114,5
S00180683,83,14
S00180684,137,6
S00180685,189,16
S00180686,97,9
S00180687,120,7
S00180688,73,3
S00180689,110,7
S00180690,98,8
S00180691,104,4
S00180692,67,3
S00180693,110,3
S00180694,87,3
S00180695,121,7
S00180696,96,9
S00180697,75,6
S00180698,87,3
S00180699,143,9
S00180700,76,3
S00180701,105,8
S00180702,95,7
S00180703,144,9
S00180704,130,9
S00180705,97,3
S00180706,95,4
S00180707,107,6
S00180708,69,-
S00180709,86,2
S00180710,101,8
S00180711,97,13
S00180712,132,12
S00180713,64,7
S00180714,86,3
S00180715,98,10
S00180716,143,12
S00180717,126,12
S00180718,117,8
S00180719,96,7
S00180720,84,1
S00180721,91,10
S00180722,101,7
S00180723,70,6
S00180724,104,11
S00180725,79,2
S00180726,75,5
S00180727,105,3
S00180728,127,20
S00180729,89,4
S00180730,78,-
S00180731,71,1
S00180732,98,5
S00180733,119,5
S00180734,187,15
S00180735,155,8
S00180736,45,2
S00180737,110,10
S00180738,157,7
S00180739,156,8
S00180740,63,1
S00180741,54,5
S00180742,95,5
S00180743,85,1
S00180744,55,4
S00180745,58,4
S00180746,85,8
S00180747,103,13
S00180748,94,3
S00180749,121,2
S00180750,91,-
S00180751,73,11
S00180752,56,3
S00180753,112,2
S00180754,55,6
S00180755,95,8
S00180756,91,4
S00180757,67,6
S00180758,90,3
S00180759,121,3
S00180760,65,1
S00180761,150,6
S00180762,134,4
S00180763,116,7
S00180764,124,4
S00180765,78,4
S00180766,80,3
S00180767,86,7
S00180768,118,11
S00180769,71,5
S00180770,63,6
S00180771,116,9
S00180772,145,10
S00180773,76,6
S00180774,99,7
S00180775,103,4
S00180776,120,11
S00180777,93,6
S00180778,86,3
S00180779,163,15
S00180780,179,20
S00180781,172,13
S00180782,111,11
S00180783,103,11
S00180784,97,5
S00180785,73,1
S00180786,80,1
S00180787,52,2
S00180788,115,2
S00180789,114,3
S00180790,150,8
S00180791,57,4
S00180792,66,1
S00180793,135,12
S00180794,119,2
S00180795,102,3
S00180796,79,2
S00180797,103,4
S00180798,98,2
S00180799,142,6
S00180800,126,6
S00180801,103,8
S00180802,111,11
S00180803,71,4
S00180804,95,6
S00180805,84,7
S00180806,79,4
S00180807,78,3
S00180808,95,-
S00180809,138,9
S00180810,83,5
S00180811,82,7
S00180812,81,6
S00180813,195,14
S00180814,133,10
S00180815,71,9
S00180816,185,11
S00180817,79,4
S00180818,96,1
S00180819,103,5
S00180820,62,7
S00180821,112,2
S00180822,142,8
S00180823,61,3
S00180824,72,9
S00180825,59,4
S00180826,98,3
S00180827,73,7
S00180828,96,5
S00180829,51,-
S00180830,155,13
S00180831,172,14
S00180832,97,4
S00180833,68,6
S00180834,80,5
S00180835,91,-
S00180836,63,-
S00180837,74,6
S00180838,97,4
S00180839,100,5
S00180840,100,5
S00180841,87,6
S00180842,59,8
S00180843,138,10
S00180844,124,7
S00180845,95,3
S00180846,99,6
S00180847,62,1
S00180848,82,6
S00180849,118,7
S00180850,105,14
S00180851,90,4
S00180852,70,-
S00180853,107,6
S00180854,118,11
S00180855,86,2
S00180856,148,5
S00180857,122,14
S00180858,168,9
S00180859,79,8
S00180860,100,4
S00180861,165,21
S00180862,55,1
S00180863,93,6
S00180864,117,12
S00180865,55,2
S00180866,153,16
S00180867,114,10
S00180868,58,4
S00180869,91,-
S00180870,58,4
S00180871,74,3
S00180872,81,4
S00180873,65,11
S00180874,100,4
S00180875,66,4
S00180876,118,4
S00180877,94,2
S00180878,81,3
S00180879,103,4
S00180880,106,11
S00180881,135,13
S00180882,92,5
S00180883,126,12
S00180884,83,1
S00180885,129,11
S00180886,94,3
S00180887,99,5
S00180888,83,2
S00180889,120,6
S00180890,157,9
S00180891,120,-
S00180892,100,4
S00180893,88,5
S00180894,128,13
S00180895,112,1
S00180896,130,10
S00180897,73,2
S00180898,64,-
S00180899,142,7
S00180900,108,7
S00180901,62,1
S00180902,74,4
S00180903,161,10
S00180904,68,-
S00180905,110,6
S00180906,94,5
S00180907,144,16
S00180908,89,8
S00180909,112,8
S00180910,106,8
S00180911,99,6
S00180912,172,24
S00180913,98,4
S00180914,129,4
S00180915,98,5
S00180916,60,2
S00180917,113,12
S00180918,128,6
S00180919,139,10
S00180920,85,-
S00180921,76,1
S00180922,134,10
S00180923,77,3
S00180924,51,3
S00180925,123,7
S00180926,62,-
S00180927,134,5
S00180928,117,5
S00180929,113,4
S00180930,86,2
S00180931,101,10
S00180932,69,5
S00180933,93,6
S00180934,121,7
S00180935,91,6
S00180936,93,11
S00180937,90,1
S00180938,115,13
S00180939,114,13
S00180940,144,9
S00180941,54,4
S00180942,84,11
S00180943,77,6
S00180944,120,5
S00180945,72,4
S00180946,126,12
S00180947,115,5
S00180948,137,11
S00180949,158,13
S00180950,131,11
S00180951,97,9
S00180952,56,6
S00180953,79,3
S00180954,102,7
S00180955,119,9
S00180956,77,13
S00180957,78,3
S00180958,107,2
S00180959,142,9
S00180960,76,8
S00180961,58,2
S00180962,100,5
S00180963,107,6
S00180964,119,10
S00180965,78,1
S00180966,61,2
S00180967,135,13
S00180968,130,6
S00180969,103,2
S00180970,53,2
S00180971,120,6
S00180972,149,2
S00180973,85,1
S00180974,79,5
S00180975,94,1
S00180976,54,-
S00180977,160,19
S00180978,70,7
S00180979,91,4
S00180980,92,4
S00180981,62,-
S00180982,172,13
S00180983,123,6
S00180984,150,8
S00180985,66,8
S00180986,120,9
S00180987,61,2
S00180988,129,11
S00180989,131,14
S00180990,101,8
S00180991,97,6
S00180992,100,10
S00180993,108,21
S00180994,124,10
S00180995,111,12
S00180996,147,12
S00180997,118,5
S00180998,90,4
S00180999,90,9
S00181000,131,10
S00181001,170,21
S00181002,85,2
S00181003,147,15
S00181004,103,7
S00181005,114,5
S00181006,84,8
S00181007,71,3
S00181008,83,3
S00181009,71,11
S00181010,111,6
S00181011,92,2
S00181012,118,5
S00181013,92,2
S00181014,78,8
S00181015,110,6
S00181016,115,9
S00181017,75,6
S00181018,61,1
S00181019,55,-
S00181020,51,3
S00181021,55,6
S00181022,109,15
S00181023,118,10
S00181024,85,10
S00181025,68,6
S00181026,155,9
S00181027,98,2
S00181028,104,7
S00181029,111,9
S00181030,113,10
S00181031,117,7
S00181032,110,6
S00181033,70,2
S00181034,178,19
S00181035,125,1
S00181036,58,4
S00181037,101,7
S00181038,68,3
S00181039,123,4
S00181040,132,9
S00181041,154,10
S00181042,130,6
S00181043,72,3
S00181044,74,-
S00181045,106,6
S00181046,77,6
S00181047,159,11
S00181048,122,10
S00181049,76,1
S00181050,99,11
S00181051,100,2
S00181052,123,7
S00181053,87,-
S00181054,104,2
S00181055,61,5
S00181056,100,6
S00181057,72,6
S00181058,117,5
S00181059,99,2
S00181060,153,9
S00181061,57,3
S00181062,126,11
S00181063,111,5
S00181064,69,5
S00181065,83,3
S00181066,68,2
S00181067,96,5
S00181068,128,8
S00181069,123,8
S00181070,84,3
S00181071,105,9
S00181072,121,9
S00181073,92,5
S00181074,92,6
S00181075,117,4
S00181076,153,3
S00181077,104,16
S00181078,121,5
S00181079,65,4
S00181080,68,10
S00181081,138,5
S00181082,133,5
S00181083,91,7
S00181084,70,2
S00181085,92,5
S00181086,90,6
S00181087,98,9
S00181088,73,7
S00181089,105,13
S00181090,125,13
S00181091,81,5
S00181092,94,5
S00181093,113,13
S00181094,117,11
S00181095,90,6
S00181096,108,6
S00181097,109,5
S00181098,91,3
S00181099,111,2
S00181100,123,4
S00181101,54,3
S00181102,86,2
S00181103,131,7
S00181104,123,7
S00181105,142,9
S00181106,157,12
S00181107,63,6
S00181108,83,7
S00181109,121,7
S00181110,165,10
S00181111,103,6
S00181112,112,9
S00181113,70,5
S00181114,103,10
S00181115,90,5
S00181116,97,10
S00181117,144,9
S00181118,114,3
S00181119,85,9
S00181120,113,5
S00181121,127,5
S00181122,67,5
S00181123,143,12
S00181124,108,11
S00181125,110,2
S00181126,136,4
S00181127,147,10
S00181128,154,8
S00181129,76,6
S00181130,140,9
S00181131,189,14
S00181132,58,3
S00181133,141,8
S00181134,79,8
S00181135,92,2
S00181136,144,12
S00181137,123,5
S00181138,119,14
S00181139,106,3
S00181140,70,2
S00181141,100,5
S00181142,77,4
S00181143,118,11
S00181144,71,6
S00181145,64,6
S00181146,109,6
S00181147,120,6
S00181148,77,5
S00181149,81,4
S00181150,123,3
S00181151,67,3
S00181152,81,6
S00181153,70,8
S00181154,82,3
S00181155,79,7
S00181156,129,5
S00181157,105,6
S00181158,109,6
S00181159,83,5
S00181160,73,2
S00181161,80,6
S00181162,72,3
S00181163,107,2
S00181164,108,4
S00181165,97,4
S00181166,151,10
S00181167,126,6
S00181168,83,-
S00181169,129,10
S00181170,122,11
S00181171,133,11
S00181172,91,6
S00181173,89,6
S00181174,106,6
S00181175,120,5
S00181176,83,3
S00181177,68,4
S00181178,145,6
S00181179,127,8
S00181180,102,8
S00181181,115,6
S00181182,133,4
S00181183,101,9
S00181184,80,7
S00181185,73,5
S00181186,79,10
S00181187,61,2
S00181188,148,2
S00181189,78,3
S00181190,129,4
S00181191,54,4
S00181192,136,6
S00181193,91,16
S00181194,90,15
S00181195,96,6
S00181196,73,6
S00181197,120,7
S00181198,115,3
S00181199,70,6
S00181200,117,5
S00181201,191,4
S00181202,74,8
S00181203,118,17
S00181204,86,4
S00181205,150,7
S00181206,65,3
S00181207,62,1
S00181208,66,-
S00181209,68,6
S00181210,75,3
S00181211,77,6
S00181212,85,4
S00181213,136,7
S00181214,100,5
S00181215,95,2
S00181216,121,3
S00181217,84,6
S00181218,191,9
S00181219,73,4
S00181220,111,2
S00181221,103,5
S00181222,89,2
S00181223,90,5
S00181224,92,4
S00181225,134,13
S00181226,149,10
S00181227,86,3
S00181228,87,7
S00181229,97,-
S00181230,75,2
S00181231,109,6
S00181232,73,4
S00181233,69,1
S00181234,112,5
S00181235,95,5
S00181236,218,16
S00181237,87,3
S00181238,96,3
S00181239,91,6
S00181240,79,1
S00181241,79,1
S00181242,116,12
S00181243,86,6
S00181244,122,7
S00181245,142,13
S00181246,116,-
S00181247,93,5
S00181248,119,4
S00181249,104,9
S00181250,77,1
S00181251,97,15
S00181252,106,11
S00181253,120,12
S00181254,67,4
S00181255,128,6
S00181256,80,6
S00181257,115,3
S00181258,85,4
S00181259,102,5
S00181260,81,3
S00181261,97,15
S00181262,87,2
S00181263,73,11
S00181264,140,13
S00181265,114,6
S00181266,93,5
S00181267,135,11
S00181268,116,3
S00181269,101,3
S00181270,73,3
S00181271,60,3
S00181272,146,10
S00181273,130,18
S00181274,123,7
S00181275,202,12
S00181276,97,6
S00181277,101,1
S00181278,103,8
S00181279,76,8
S00181280,131,8
S00181281,72,-
S00181282,103,1
S00181283,157,11
S00181284,52,-
S00181285,145,13
S00181286,135,10
S00181287,107,14
S00181288,111,4
S00181289,62,-
S00181290,68,6
S00181291,128,15
S00181292,57,4
S00181293,97,2
S00181294,58,1
S00181295,122,4
S00181296,73,6
S00181297,73,8
S00181298,124,6
S00181299,169,14
S00181300,83,8
S00181301,72,10
S00181302,104,5
S00181303,72,6
S00181304,136,9
S00181305,95,1
S00181306,113,16
S00181307,102,7
S00181308,117,2
S00181309,113,6
S00181310,134,9
S00181311,76,2
S00181312,102,8
S00181313,104,4
S00181314,83,8
S00181315,91,1
S00181316,68,6
S00181317,119,5
S00181318,137,11
S00181319,92,2
S00181320,121,11
S00181321,83,3
S00181322,156,11
S00181323,114,6
S00181324,55,9
S00181325,84,1
S00181326,83,2
S00181327,73,1
S00181328,92,4
S00181329,70,8
S00181330,107,2
S00181331,123,7
S00181332,120,13
S00181333,114,8
S00181334,65,2
S00181335,79,3
S00181336,108,5
S00181337,129,19
S00181338,107,6
S00181339,115,1
S00181340,94,3
S00181341,113,10
S00181342,123,5
S00181343,122,14
S00181344,143,7
S00181345,94,4
S00181346,102,7
S00181347,87,4
S00181348,98,6
S00181349,57,4
S00181350,113,6
S00181351,104,6
S00181352,114,6
S00181353,67,14
S00181354,95,7
S00181355,193,8
S00181356,93,3
S00181357,123,8
S00181358,127,6
S00181359,85,7
S00181360,117,5
S00181361,60,3
S00181362,63,3
S00181363,123,13
S00181364,68,2
S00181365,94,8
S00181366,151,12
S00181367,99,6
S00181368,141,4
S00181369,66,11
S00181370,169,7
S00181371,147,19
S00181372,99,3
S00181373,118,4
S00181374,106,8
S00181375,79,4
S00181376,131,6
S00181377,126,6
S00181378,68,-
S00181379,113,1
S00181380,124,9
S00181381,181,13
S00181382,69,3
S00181383,95,4
S00181384,104,6
S00181385,91,8
S00181386,112,8
S00181387,85,5
S00181388,77,3
S00181389,136,8
S00181390,73,3
S00181391,74,-
S00181392,91,6
S00181393,127,7
S00181394,86,5
S00181395,129,8
S00181396,47,5
S00181397,65,1
S00181398,153,19
S00181399,86,3
S00181400,200,30
S00181401,62,2
S00181402,90,5
S00181403,125,7
S00181404,62,6
S00181405,87,6
S00181406,92,3
S00181407,64,4
S00181408,91,4
S00181409,132,10
S00181410,65,7
S00181411,129,9
S00181412,114,6
S00181413,78,6
S00181414,88,7
S00181415,640,4
S00181416,119,7
S00181417,77,3
S00181418,79,5
S00181419,72,5
S00181420,53,4
S00181421,131,7
S00181422,110,8
S00181423,109,6
S00181424,81,2
S00181425,74,1
S00181426,74,7
S00181427,108,7
S00181428,80,9
S00181429,84,3
S00181430,97,-
S00181431,120,7
S00181432,73,6
S00181433,178,27
S00181434,76,6
S00181435,110,6
S00181436,151,14
S00181437,127,11
S00181438,94,7
S00181439,152,9
S00181440,93,6
S00181441,96,5
S00181442,76,2
S00181443,98,10
S00181444,76,3
S00181445,116,4
S00181446,82,2
S00181447,99,13
S00181448,81,10
S00181449,135,8
S00181450,81,4
S00181451,92,8
S00181452,115,1
S00181453,165,8
S00181454,61,1
S00181455,161,6
S00181456,105,1
S00181457,97,4
S00181458,124,8
S00181459,106,4
S00181460,117,4
S00181461,76,1
S00181462,77,4
S00181463,122,7
S00181464,98,3
S00181465,79,4
S00181466,95,2
S00181467,75,5
S00181468,106,6
S00181469,132,12
S00181470,64,6
S00181471,49,4
S00181472,64,1
S00181473,65,5
S00181474,121,7
S00181475,77,3
S00181476,103,6
S00181477,99,8
S00181478,56,2
S00181479,107,3
S00181480,61,2
S00181481,114,3
S00181482,77,6
S00181483,96,7
S00181484,70,2
S00181485,62,6
S00181486,86,6
S00181487,75,3
S00181488,97,6
S00181489,114,6
S00181490,93,2
S00181491,75,1
S00181492,96,5
S00181493,101,5
S00181494,61,5
S00181495,75,11
S00181496,56,4
S00181497,110,4
S00181498,68,4
S00181499,75,1
S00181500,53,1
S00181501,127,8
S00181502,129,8
S00181503,51,1
S00181504,98,6
S00181505,75,10
S00181506,108,2
S00181507,73,4
S00181508,117,4
S00181509,83,4
S00181510,59,4
S00181511,74,7
S00181512,112,6
S00181513,64,5
S00181514,108,3
S00181515,136,10
S00181516,77,6
S00181517,51,-
S00181518,126,8
S00181519,61,2
S00181520,56,1
S00181521,90,5
S00181522,131,12
S00181523,54,2
S00181524,122,15
S00181525,116,4
S00181526,75,4
S00181527,129,6
S00181528,81,3
S00181529,123,6
S00181530,119,15
S00181531,60,1
S00181532,100,5
S00181533,103,2
S00181534,133,7
S00181535,126,10
S00181536,121,7
S00181537,86,12
S00181538,83,2
S00181539,71,8
S00181540,117,7
S00181541,58,-
S00181542,91,7
S00181543,116,11
S00181544,158,23
S00181545,100,7
S00181546,90,3
S00181547,108,3
S00181548,103,5
S00181549,125,3
S00181550,61,5
S00181551,107,8
S00181552,73,6
S00181553,127,7
S00181554,96,7
S00181555,113,11
S00181556,55,4
S00181557,74,2
S00181558,108,8
S00181559,125,3
S00181560,56,-
S00181561,89,5
S00181562,122,7
S00181563,112,4
S00181564,90,3
S00181565,62,-
S00181566,84,10
S00181567,66,1
S00181568,102,4
S00181569,119,8
S00181570,114,4
S00181571,107,7
S00181572,116,6
S00181573,61,8
S00181574,116,3
S00181575,71,6
S00181576,126,7
S00181577,66,7
S00181578,101,2
S00181579,56,1
S00181580,69,11
S00181581,111,7
S00181582,79,4
S00181583,65,2
S00181584,62,3
S00181585,52,4
S00181586,83,2
S00181587,67,-
S00181588,105,5
S00181589,101,10
S00181590,113,8
S00181591,74,4
S00181592,96,6
S00181593,87,5
S00181594,151,16
S00181595,64,8
S00181596,97,4
S00181597,116,2
S00181598,133,7
S00181599,64,1
S00181600,174,15
S00181601,82,2
S00181602,108,5
S00181603,133,9
S00181604,54,4
S00181605,183,10
S00181606,124,6
S00181607,100,3
S00181608,159,7
S00181609,154,13
S00181610,76,-
S00181611,127,12
S00181612,134,7
S00181613,100,6
S00181614,121,4
S00181615,104,7
S00181616,158,10
S00181617,76,8
S00181618,63,2
S00181619,97,2
S00181620,73,4
S00181621,121,6
S00181622,102,7
S00181623,93,4
S00181624,129,10
S00181625,73,10
S00181626,138,16
S00181627,52,-
S00181628,97,3
S00181629,122,6
S00181630,70,3
S00181631,113,14
S00181632,92,9
S00181633,58,1
S00181634,107,3
S00181635,79,9
S00181636,62,4
S00181637,120,12
S00181638,58,6
S00181639,159,11
S00181640,87,7
S00181641,56,6
S00181642,80,6
S00181643,113,6
S00181644,132,5
S00181645,107,1
S00181646,100,3
S00181647,76,4
S00181648,108,5
S00181649,97,6
S00181650,120,6
S00181651,128,3
S00181652,85,5
S00181653,87,8
S00181654,86,2
S00181655,87,3
S00181656,96,-
S00181657,82,4
S00181658,121,7
S00181659,67,1
S00181660,72,4
S00181661,165,16
S00181662,87,3
S00181663,98,7
S00181664,90,2
S00181665,72,3
S00181666,69,1
S00181667,92,3
S00181668,101,4
S00181669,93,3
Crown copyright 2024,,
"For further information on variables, see https://www.scotlandscensus.gov.uk/about/metadata-a-to-z/",,
"In order to protect against disclosure of personal information, Statistical Disclosure Control has been applied to the data/outputs. ",,
Cells might not sum to sub totals and totals due to these Statistical Disclosure Controls.,,
To find out more on this visit https://www.scotlandscensus.gov.uk/about/2022-census/statistical-methodology/statistical-disclosure-control/,,
