OutputArea,over16pop
S00135307,118
S00135308,52
S00135309,147
S00135310,132
S00135311,117
S00135312,132
S00135313,154
S00135314,138
S00135315,87
S00135316,111
S00135317,134
S00135318,69
S00135319,114
S00135320,101
S00135321,72
S00135322,118
S00135323,96
S00135324,52
S00135325,64
S00135326,71
S00135327,78
S00135328,106
S00135329,97
S00135330,95
S00135331,54
S00135332,78
S00135333,82
S00135334,58
S00135335,99
S00135336,63
S00135337,128
S00135338,124
S00135339,104
S00135340,105
S00135341,70
S00135342,80
S00135343,121
S00135344,101
S00135345,131
S00135346,118
S00135347,75
S00135348,106
S00135349,107
S00135350,99
S00135351,151
S00135352,139
S00135353,142
S00135354,75
S00135355,90
S00135356,111
S00135357,164
S00135358,117
S00135359,113
S00135360,123
S00135361,97
S00135362,113
S00135363,117
S00135364,148
S00135365,101
S00135366,100
S00135367,73
S00135368,106
S00135369,102
S00135370,62
S00135371,124
S00135372,104
S00135373,192
S00135374,115
S00135375,78
S00135376,56
S00135377,101
S00135378,92
S00135379,54
S00135380,116
S00135381,105
S00135382,84
S00135383,111
S00135384,51
S00135385,65
S00135386,105
S00135387,155
S00135388,146
S00135389,116
S00135390,68
S00135391,154
S00135392,61
S00135393,162
S00135394,131
S00135395,64
S00135396,110
S00135397,86
S00135398,110
S00135399,217
S00135400,141
S00135401,87
S00135402,68
S00135403,107
S00135404,71
S00135405,145
S00135406,153
S00135407,122
S00135408,132
S00135409,62
S00135410,99
S00135411,161
S00135412,101
S00135413,117
S00135414,84
S00135415,87
S00135416,162
S00135417,95
S00135418,129
S00135419,72
S00135420,125
S00135421,102
S00135422,92
S00135423,154
S00135424,100
S00135425,100
S00135426,118
S00135427,118
S00135428,55
S00135429,75
S00135430,98
S00135431,86
S00135432,104
S00135433,108
S00135434,106
S00135435,72
S00135436,94
S00135437,95
S00135438,66
S00135439,80
S00135440,113
S00135441,110
S00135442,67
S00135443,87
S00135444,71
S00135445,118
S00135446,129
S00135447,109
S00135448,113
S00135449,93
S00135450,86
S00135451,68
S00135452,57
S00135453,96
S00135454,95
S00135455,93
S00135456,72
S00135457,63
S00135458,62
S00135459,113
S00135460,102
S00135461,104
S00135462,129
S00135463,129
S00135464,94
S00135465,96
S00135466,87
S00135467,80
S00135468,69
S00135469,116
S00135470,112
S00135471,126
S00135472,126
S00135473,103
S00135474,89
S00135475,81
S00135476,93
S00135477,94
S00135478,88
S00135479,109
S00135480,111
S00135481,115
S00135482,64
S00135483,100
S00135484,74
S00135485,139
S00135486,85
S00135487,144
S00135488,97
S00135489,101
S00135490,117
S00135491,112
S00135492,111
S00135493,127
S00135494,86
S00135495,82
S00135496,87
S00135497,185
S00135498,118
S00135499,110
S00135500,79
S00135501,119
S00135502,114
S00135503,77
S00135504,137
S00135505,125
S00135506,82
S00135507,132
S00135508,61
S00135509,102
S00135510,101
S00135511,113
S00135512,110
S00135513,97
S00135514,99
S00135515,145
S00135516,108
S00135517,99
S00135518,76
S00135519,129
S00135520,125
S00135521,104
S00135522,84
S00135523,69
S00135524,104
S00135525,87
S00135526,96
S00135527,60
S00135528,149
S00135529,132
S00135530,73
S00135531,86
S00135532,74
S00135533,110
S00135534,97
S00135535,198
S00135536,124
S00135537,129
S00135538,82
S00135539,72
S00135540,125
S00135541,74
S00135542,123
S00135543,131
S00135544,83
S00135545,125
S00135546,76
S00135547,143
S00135548,71
S00135549,55
S00135550,97
S00135551,104
S00135552,100
S00135553,177
S00135554,70
S00135555,143
S00135556,98
S00135557,72
S00135558,125
S00135559,97
S00135560,93
S00135561,73
S00135562,80
S00135563,44
S00135564,94
S00135565,56
S00135566,87
S00135567,99
S00135568,135
S00135569,89
S00135570,101
S00135571,91
S00135572,102
S00135573,82
S00135574,69
S00135575,126
S00135576,111
S00135577,105
S00135578,100
S00135579,76
S00135580,121
S00135581,105
S00135582,77
S00135583,106
S00135584,97
S00135585,82
S00135586,99
S00135587,67
S00135588,82
S00135589,78
S00135590,62
S00135591,68
S00135592,78
S00135593,77
S00135594,85
S00135595,119
S00135596,185
S00135597,113
S00135598,76
S00135599,105
S00135600,59
S00135601,98
S00135602,114
S00135603,65
S00135604,81
S00135605,72
S00135606,216
S00135607,1710
S00135608,80
S00135609,91
S00135610,151
S00135611,74
S00135612,121
S00135613,85
S00135614,96
S00135615,135
S00135616,61
S00135617,91
S00135618,65
S00135619,52
S00135620,77
S00135621,112
S00135622,80
S00135623,116
S00135624,70
S00135625,93
S00135626,54
S00135627,98
S00135628,136
S00135629,136
S00135630,93
S00135631,117
S00135632,134
S00135633,57
S00135634,74
S00135635,98
S00135636,89
S00135637,98
S00135638,74
S00135639,59
S00135640,114
S00135641,66
S00135642,129
S00135643,74
S00135644,70
S00135645,73
S00135646,67
S00135647,128
S00135648,86
S00135649,63
S00135650,93
S00135651,103
S00135652,81
S00135653,58
S00135654,58
S00135655,91
S00135656,81
S00135657,93
S00135658,72
S00135659,106
S00135660,91
S00135661,54
S00135662,100
S00135663,90
S00135664,135
S00135665,100
S00135666,68
S00135667,123
S00135668,107
S00135669,113
S00135670,127
S00135671,74
S00135672,94
S00135673,68
S00135674,83
S00135675,109
S00135676,71
S00135677,58
S00135678,88
S00135679,72
S00135680,88
S00135681,98
S00135682,73
S00135683,83
S00135684,70
S00135685,112
S00135686,103
S00135687,101
S00135688,106
S00135689,74
S00135690,109
S00135691,101
S00135692,64
S00135693,83
S00135694,76
S00135695,73
S00135696,54
S00135697,101
S00135698,118
S00135699,124
S00135700,49
S00135701,80
S00135702,99
S00135703,59
S00135704,62
S00135705,75
S00135706,92
S00135707,53
S00135708,97
S00135709,79
S00135710,52
S00135711,75
S00135712,108
S00135713,66
S00135714,107
S00135715,92
S00135716,107
S00135717,95
S00135718,60
S00135719,121
S00135720,170
S00135721,130
S00135722,56
S00135723,61
S00135724,67
S00135725,88
S00135726,114
S00135727,99
S00135728,91
S00135729,96
S00135730,86
S00135731,69
S00135732,88
S00135733,68
S00135734,180
S00135735,84
S00135736,78
S00135737,68
S00135738,132
S00135739,79
S00135740,77
S00135741,54
S00135742,81
S00135743,66
S00135744,74
S00135745,98
S00135746,51
S00135747,75
S00135748,101
S00135749,62
S00135750,89
S00135751,106
S00135752,65
S00135753,89
S00135754,80
S00135755,112
S00135756,80
S00135757,93
S00135758,97
S00135759,47
S00135760,55
S00135761,74
S00135762,96
S00135763,75
S00135764,77
S00135765,119
S00135766,91
S00135767,98
S00135768,140
S00135769,101
S00135770,89
S00135771,100
S00135772,154
S00135773,118
S00135774,61
S00135775,129
S00135776,85
S00135777,136
S00135778,60
S00135779,102
S00135780,76
S00135781,98
S00135782,87
S00135783,135
S00135784,64
S00135785,59
S00135786,115
S00135787,51
S00135788,93
S00135789,80
S00135790,91
S00135791,143
S00135792,70
S00135793,76
S00135794,121
S00135795,78
S00135796,88
S00135797,193
S00135798,72
S00135799,144
S00135800,90
S00135801,64
S00135802,67
S00135803,84
S00135804,92
S00135805,71
S00135806,90
S00135807,89
S00135808,99
S00135809,81
S00135810,90
S00135811,125
S00135812,95
S00135813,89
S00135814,57
S00135815,66
S00135816,91
S00135817,94
S00135818,91
S00135819,89
S00135820,126
S00135821,65
S00135822,92
S00135823,122
S00135824,142
S00135825,75
S00135826,69
S00135827,57
S00135828,114
S00135829,81
S00135830,60
S00135831,96
S00135832,148
S00135833,97
S00135834,85
S00135835,133
S00135836,83
S00135837,106
S00135838,156
S00135839,225
S00135840,125
S00135841,59
S00135842,75
S00135843,72
S00135844,51
S00135845,62
S00135846,102
S00135847,214
S00135848,89
S00135849,66
S00135850,67
S00135851,91
S00135852,63
S00135853,78
S00135854,65
S00135855,92
S00135856,60
S00135857,50
S00135858,55
S00135859,69
S00135860,86
S00135861,90
S00135862,70
S00135863,73
S00135864,73
S00135865,92
S00135866,73
S00135867,92
S00135868,104
S00135869,62
S00135870,74
S00135871,137
S00135872,86
S00135873,98
S00135874,100
S00135875,100
S00135876,85
S00135877,124
S00135878,131
S00135879,74
S00135880,173
S00135881,99
S00135882,85
S00135883,61
S00135884,59
S00135885,80
S00135886,76
S00135887,65
S00135888,86
S00135889,61
S00135890,76
S00135891,65
S00135892,99
S00135893,95
S00135894,100
S00135895,126
S00135896,134
S00135897,129
S00135898,98
S00135899,72
S00135900,115
S00135901,92
S00135902,72
S00135903,89
S00135904,64
S00135905,65
S00135906,51
S00135907,96
S00135908,92
S00135909,58
S00135910,67
S00135911,87
S00135912,110
S00135913,104
S00135914,93
S00135915,126
S00135916,82
S00135917,118
S00135918,91
S00135919,79
S00135920,100
S00135921,98
S00135922,102
S00135923,198
S00135924,88
S00135925,60
S00135926,83
S00135927,113
S00135928,70
S00135929,59
S00135930,111
S00135931,97
S00135932,64
S00135933,117
S00135934,114
S00135935,91
S00135936,94
S00135937,103
S00135938,90
S00135939,67
S00135940,82
S00135941,111
S00135942,115
S00135943,88
S00135944,144
S00135945,71
S00135946,130
S00135947,112
S00135948,118
S00135949,128
S00135950,59
S00135951,129
S00135952,56
S00135953,110
S00135954,114
S00135955,115
S00135956,99
S00135957,100
S00135958,65
S00135959,118
S00135960,124
S00135961,135
S00135962,87
S00135963,146
S00135964,95
S00135965,90
S00135966,77
S00135967,85
S00135968,124
S00135969,72
S00135970,83
S00135971,113
S00135972,90
S00135973,98
S00135974,87
S00135975,73
S00135976,112
S00135977,66
S00135978,113
S00135979,78
S00135980,80
S00135981,125
S00135982,77
S00135983,107
S00135984,103
S00135985,101
S00135986,104
S00135987,76
S00135988,67
S00135989,88
S00135990,52
S00135991,71
S00135992,87
S00135993,90
S00135994,125
S00135995,63
S00135996,135
S00135997,105
S00135998,86
S00135999,93
S00136000,113
S00136001,75
S00136002,82
S00136003,69
S00136004,63
S00136005,101
S00136006,58
S00136007,140
S00136008,62
S00136009,97
S00136010,110
S00136011,108
S00136012,97
S00136013,84
S00136014,96
S00136015,102
S00136016,113
S00136017,139
S00136018,127
S00136019,870
S00136020,112
S00136021,59
S00136022,99
S00136023,57
S00136024,73
S00136025,88
S00136026,134
S00136027,65
S00136028,56
S00136029,68
S00136030,127
S00136031,101
S00136032,101
S00136033,121
S00136034,103
S00136035,125
S00136036,98
S00136037,77
S00136038,67
S00136039,77
S00136040,70
S00136041,120
S00136042,96
S00136043,75
S00136044,59
S00136045,116
S00136046,70
S00136047,107
S00136048,86
S00136049,120
S00136050,116
S00136051,100
S00136052,59
S00136053,76
S00136054,112
S00136055,102
S00136056,82
S00136057,103
S00136058,249
S00136059,76
S00136060,90
S00136061,393
S00136062,65
S00136063,95
S00136064,118
S00136065,93
S00136066,53
S00136067,53
S00136068,102
S00136069,106
S00136070,70
S00136071,138
S00136072,70
S00136073,90
S00136074,74
S00136075,94
S00136076,117
S00136077,81
S00136078,162
S00136079,62
S00136080,124
S00136081,72
S00136082,69
S00136083,95
S00136084,81
S00136085,77
S00136086,85
S00136087,89
S00136088,81
S00136089,141
S00136090,90
S00136091,104
S00136092,144
S00136093,97
S00136094,64
S00136095,53
S00136096,135
S00136097,135
S00136098,83
S00136099,117
S00136100,174
S00136101,90
S00136102,99
S00136103,78
S00136104,102
S00136105,120
S00136106,76
S00136107,113
S00136108,127
S00136109,88
S00136110,76
S00136111,108
S00136112,110
S00136113,77
S00136114,143
S00136115,119
S00136116,67
S00136117,98
S00136118,62
S00136119,71
S00136120,77
S00136121,111
S00136122,115
S00136123,132
S00136124,66
S00136125,88
S00136126,86
S00136127,115
S00136128,66
S00136129,88
S00136130,63
S00136131,81
S00136132,71
S00136133,88
S00136134,72
S00136135,78
S00136136,63
S00136137,80
S00136138,83
S00136139,81
S00136140,106
S00136141,67
S00136142,107
S00136143,63
S00136144,136
S00136145,271
S00136146,102
S00136147,59
S00136148,82
S00136149,69
S00136150,96
S00136151,65
S00136152,69
S00136153,75
S00136154,105
S00136155,104
S00136156,91
S00136157,54
S00136158,119
S00136159,77
S00136160,76
S00136161,79
S00136162,112
S00136163,62
S00136164,67
S00136165,52
S00136166,61
S00136167,83
S00136168,97
S00136169,55
S00136170,72
S00136171,59
S00136172,81
S00136173,62
S00136174,126
S00136175,63
S00136176,104
S00136177,86
S00136178,100
S00136179,98
S00136180,127
S00136181,59
S00136182,95
S00136183,96
S00136184,104
S00136185,93
S00136186,100
S00136187,78
S00136188,53
S00136189,87
S00136190,80
S00136191,97
S00136192,127
S00136193,116
S00136194,125
S00136195,384
S00136196,73
S00136197,108
S00136198,107
S00136199,57
S00136200,61
S00136201,84
S00136202,67
S00136203,88
S00136204,117
S00136205,74
S00136206,90
S00136207,63
S00136208,70
S00136209,85
S00136210,150
S00136211,87
S00136212,77
S00136213,69
S00136214,90
S00136215,85
S00136216,103
S00136217,114
S00136218,178
S00136219,70
S00136220,96
S00136221,60
S00136222,61
S00136223,151
S00136224,76
S00136225,83
S00136226,93
S00136227,65
S00136228,149
S00136229,87
S00136230,85
S00136231,102
S00136232,134
S00136233,73
S00136234,86
S00136235,57
S00136236,446
S00136237,139
S00136238,108
S00136239,308
S00136240,74
S00136241,66
S00136242,93
S00136243,78
S00136244,118
S00136245,585
S00136246,68
S00136247,105
S00136248,105
S00136249,72
S00136250,86
S00136251,99
S00136252,81
S00136253,72
S00136254,111
S00136255,99
S00136256,97
S00136257,103
S00136258,86
S00136259,160
S00136260,74
S00136261,83
S00136262,100
S00136263,77
S00136264,92
S00136265,101
S00136266,88
S00136267,86
S00136268,98
S00136269,85
S00136270,83
S00136271,95
S00136272,104
S00136273,59
S00136274,82
S00136275,116
S00136276,97
S00136277,60
S00136278,86
S00136279,57
S00136280,87
S00136281,111
S00136282,57
S00136283,59
S00136284,127
S00136285,103
S00136286,88
S00136287,74
S00136288,111
S00136289,135
S00136290,137
S00136291,96
S00136292,107
S00136293,77
S00136294,80
S00136295,71
S00136296,78
S00136297,100
S00136298,122
S00136299,108
S00136300,72
S00136301,124
S00136302,104
S00136303,112
S00136304,87
S00136305,115
S00136306,72
S00136307,101
S00136308,143
S00136309,118
S00136310,184
S00136311,81
S00136312,98
S00136313,75
S00136314,85
S00136315,81
S00136316,81
S00136317,90
S00136318,82
S00136319,77
S00136320,66
S00136321,83
S00136322,62
S00136323,96
S00136324,68
S00136325,116
S00136326,81
S00136327,56
S00136328,58
S00136329,99
S00136330,122
S00136331,69
S00136332,83
S00136333,407
S00136334,114
S00136335,59
S00136336,76
S00136337,102
S00136338,95
S00136339,101
S00136340,75
S00136341,57
S00136342,68
S00136343,107
S00136344,58
S00136345,107
S00136346,80
S00136347,60
S00136348,101
S00136349,96
S00136350,72
S00136351,90
S00136352,65
S00136353,109
S00136354,72
S00136355,90
S00136356,58
S00136357,77
S00136358,108
S00136359,79
S00136360,64
S00136361,63
S00136362,106
S00136363,72
S00136364,79
S00136365,124
S00136366,100
S00136367,81
S00136368,66
S00136369,115
S00136370,156
S00136371,69
S00136372,109
S00136373,102
S00136374,135
S00136375,118
S00136376,90
S00136377,67
S00136378,79
S00136379,83
S00136380,96
S00136381,74
S00136382,92
S00136383,82
S00136384,66
S00136385,96
S00136386,76
S00136387,117
S00136388,79
S00136389,124
S00136390,92
S00136391,72
S00136392,69
S00136393,64
S00136394,66
S00136395,155
S00136396,65
S00136397,111
S00136398,77
S00136399,67
S00136400,63
S00136401,86
S00136402,100
S00136403,97
S00136404,56
S00136405,95
S00136406,79
S00136407,95
S00136408,134
S00136409,98
S00136410,109
S00136411,70
S00136412,60
S00136413,71
S00136414,97
S00136415,82
S00136416,115
S00136417,74
S00136418,73
S00136419,104
S00136420,78
S00136421,59
S00136422,140
S00136423,84
S00136424,104
S00136425,94
S00136426,77
S00136427,75
S00136428,76
S00136429,124
S00136430,78
S00136431,131
S00136432,105
S00136433,95
S00136434,62
S00136435,71
S00136436,85
S00136437,151
S00136438,123
S00136439,136
S00136440,68
S00136441,77
S00136442,80
S00136443,73
S00136444,82
S00136445,100
S00136446,92
S00136447,93
S00136448,61
S00136449,98
S00136450,67
S00136451,92
S00136452,74
S00136453,89
S00136454,62
S00136455,106
S00136456,92
S00136457,89
S00136458,95
S00136459,57
S00136460,84
S00136461,139
S00136462,72
S00136463,128
S00136464,72
S00136465,75
S00136466,76
S00136467,96
S00136468,132
S00136469,89
S00136470,90
S00136471,70
S00136472,64
S00136473,67
S00136474,81
S00136475,80
S00136476,62
S00136477,87
S00136478,68
S00136479,105
S00136480,97
S00136481,73
S00136482,116
S00136483,86
S00136484,102
S00136485,84
S00136486,95
S00136487,80
S00136488,80
S00136489,73
S00136490,85
S00136491,77
S00136492,88
S00136493,112
S00136494,154
S00136495,62
S00136496,78
S00136497,81
S00136498,96
S00136499,94
S00136500,96
S00136501,66
S00136502,112
S00136503,85
S00136504,79
S00136505,111
S00136506,102
S00136507,88
S00136508,114
S00136509,127
S00136510,92
S00136511,59
S00136512,59
S00136513,111
S00136514,128
S00136515,89
S00136516,92
S00136517,64
S00136518,149
S00136519,91
S00136520,158
S00136521,91
S00136522,92
S00136523,92
S00136524,83
S00136525,95
S00136526,69
S00136527,107
S00136528,59
S00136529,68
S00136530,89
S00136531,74
S00136532,117
S00136533,82
S00136534,112
S00136535,61
S00136536,77
S00136537,86
S00136538,119
S00136539,97
S00136540,64
S00136541,76
S00136542,60
S00136543,111
S00136544,52
S00136545,85
S00136546,69
S00136547,76
S00136548,81
S00136549,102
S00136550,114
S00136551,103
S00136552,92
S00136553,87
S00136554,84
S00136555,85
S00136556,53
S00136557,68
S00136558,96
S00136559,55
S00136560,72
S00136561,66
S00136562,68
S00136563,64
S00136564,132
S00136565,102
S00136566,79
S00136567,106
S00136568,88
S00136569,84
S00136570,67
S00136571,67
S00136572,61
S00136573,89
S00136574,79
S00136575,67
S00136576,92
S00136577,67
S00136578,93
S00136579,82
S00136580,115
S00136581,61
S00136582,127
S00136583,63
S00136584,62
S00136585,106
S00136586,63
S00136587,58
S00136588,87
S00136589,65
S00136590,93
S00136591,98
S00136592,179
S00136593,108
S00136594,90
S00136595,91
S00136596,62
S00136597,86
S00136598,76
S00136599,78
S00136600,105
S00136601,74
S00136602,118
S00136603,104
S00136604,60
S00136605,133
S00136606,103
S00136607,75
S00136608,309
S00136609,96
S00136610,68
S00136611,82
S00136612,72
S00136613,64
S00136614,69
S00136615,83
S00136616,129
S00136617,65
S00136618,71
S00136619,52
S00136620,107
S00136621,116
S00136622,109
S00136623,64
S00136624,92
S00136625,59
S00136626,87
S00136627,98
S00136628,83
S00136629,69
S00136630,107
S00136631,74
S00136632,67
S00136633,83
S00136634,76
S00136635,82
S00136636,122
S00136637,191
S00136638,102
S00136639,80
S00136640,66
S00136641,103
S00136642,95
S00136643,71
S00136644,71
S00136645,79
S00136646,94
S00136647,113
S00136648,83
S00136649,84
S00136650,123
S00136651,82
S00136652,82
S00136653,54
S00136654,100
S00136655,104
S00136656,61
S00136657,105
S00136658,67
S00136659,98
S00136660,85
S00136661,72
S00136662,68
S00136663,115
S00136664,82
S00136665,103
S00136666,77
S00136667,64
S00136668,76
S00136669,90
S00136670,136
S00136671,64
S00136672,67
S00136673,84
S00136674,69
S00136675,111
S00136676,67
S00136677,140
S00136678,111
S00136679,114
S00136680,128
S00136681,111
S00136682,109
S00136683,89
S00136684,61
S00136685,108
S00136686,76
S00136687,104
S00136688,108
S00136689,85
S00136690,63
S00136691,110
S00136692,103
S00136693,78
S00136694,106
S00136695,90
S00136696,97
S00136697,118
S00136698,70
S00136699,70
S00136700,97
S00136701,72
S00136702,76
S00136703,106
S00136704,79
S00136705,60
S00136706,61
S00136707,70
S00136708,83
S00136709,143
S00136710,101
S00136711,101
S00136712,116
S00136713,85
S00136714,71
S00136715,125
S00136716,147
S00136717,73
S00136718,95
S00136719,82
S00136720,91
S00136721,117
S00136722,94
S00136723,91
S00136724,109
S00136725,58
S00136726,74
S00136727,73
S00136728,76
S00136729,100
S00136730,70
S00136731,103
S00136732,54
S00136733,118
S00136734,102
S00136735,105
S00136736,80
S00136737,101
S00136738,68
S00136739,77
S00136740,122
S00136741,69
S00136742,118
S00136743,49
S00136744,96
S00136745,139
S00136746,133
S00136747,77
S00136748,93
S00136749,116
S00136750,74
S00136751,73
S00136752,100
S00136753,119
S00136754,77
S00136755,91
S00136756,89
S00136757,81
S00136758,70
S00136759,54
S00136760,82
S00136761,85
S00136762,102
S00136763,62
S00136764,103
S00136765,99
S00136766,96
S00136767,84
S00136768,127
S00136769,97
S00136770,79
S00136771,102
S00136772,88
S00136773,101
S00136774,64
S00136775,79
S00136776,117
S00136777,72
S00136778,75
S00136779,96
S00136780,93
S00136781,95
S00136782,124
S00136783,74
S00136784,61
S00136785,109
S00136786,131
S00136787,84
S00136788,84
S00136789,109
S00136790,131
S00136791,90
S00136792,51
S00136793,65
S00136794,112
S00136795,94
S00136796,98
S00136797,89
S00136798,105
S00136799,58
S00136800,99
S00136801,65
S00136802,61
S00136803,107
S00136804,119
S00136805,102
S00136806,55
S00136807,72
S00136808,113
S00136809,136
S00136810,129
S00136811,119
S00136812,80
S00136813,76
S00136814,109
S00136815,114
S00136816,64
S00136817,100
S00136818,73
S00136819,69
S00136820,81
S00136821,73
S00136822,73
S00136823,65
S00136824,83
S00136825,76
S00136826,75
S00136827,102
S00136828,104
S00136829,102
S00136830,103
S00136831,81
S00136832,133
S00136833,84
S00136834,97
S00136835,137
S00136836,92
S00136837,115
S00136838,74
S00136839,71
S00136840,87
S00136841,140
S00136842,89
S00136843,89
S00136844,105
S00136845,94
S00136846,84
S00136847,76
S00136848,76
S00136849,109
S00136850,65
S00136851,81
S00136852,57
S00136853,77
S00136854,118
S00136855,53
S00136856,83
S00136857,66
S00136858,116
S00136859,62
S00136860,84
S00136861,96
S00136862,59
S00136863,77
S00136864,74
S00136865,82
S00136866,78
S00136867,92
S00136868,91
S00136869,96
S00136870,93
S00136871,64
S00136872,116
S00136873,99
S00136874,80
S00136875,81
S00136876,102
S00136877,81
S00136878,80
S00136879,57
S00136880,122
S00136881,128
S00136882,82
S00136883,109
S00136884,92
S00136885,168
S00136886,60
S00136887,89
S00136888,52
S00136889,81
S00136890,104
S00136891,67
S00136892,96
S00136893,81
S00136894,57
S00136895,129
S00136896,58
S00136897,91
S00136898,60
S00136899,71
S00136900,116
S00136901,57
S00136902,121
S00136903,92
S00136904,61
S00136905,72
S00136906,63
S00136907,86
S00136908,123
S00136909,81
S00136910,138
S00136911,105
S00136912,54
S00136913,88
S00136914,140
S00136915,68
S00136916,105
S00136917,128
S00136918,105
S00136919,136
S00136920,57
S00136921,115
S00136922,74
S00136923,143
S00136924,71
S00136925,55
S00136926,79
S00136927,83
S00136928,97
S00136929,69
S00136930,81
S00136931,89
S00136932,258
S00136933,106
S00136934,104
S00136935,78
S00136936,84
S00136937,88
S00136938,115
S00136939,150
S00136940,137
S00136941,134
S00136942,61
S00136943,76
S00136944,119
S00136945,79
S00136946,79
S00136947,89
S00136948,129
S00136949,139
S00136950,127
S00136951,66
S00136952,85
S00136953,115
S00136954,113
S00136955,93
S00136956,99
S00136957,70
S00136958,202
S00136959,92
S00136960,75
S00136961,94
S00136962,70
S00136963,93
S00136964,87
S00136965,88
S00136966,117
S00136967,85
S00136968,131
S00136969,89
S00136970,92
S00136971,129
S00136972,87
S00136973,116
S00136974,84
S00136975,97
S00136976,100
S00136977,100
S00136978,114
S00136979,158
S00136980,115
S00136981,81
S00136982,102
S00136983,128
S00136984,150
S00136985,106
S00136986,129
S00136987,80
S00136988,74
S00136989,81
S00136990,117
S00136991,121
S00136992,80
S00136993,108
S00136994,52
S00136995,124
S00136996,68
S00136997,62
S00136998,149
S00136999,82
S00137000,53
S00137001,126
S00137002,85
S00137003,103
S00137004,77
S00137005,63
S00137006,114
S00137007,79
S00137008,83
S00137009,108
S00137010,111
S00137011,128
S00137012,150
S00137013,111
S00137014,98
S00137015,80
S00137016,122
S00137017,83
S00137018,71
S00137019,107
S00137020,67
S00137021,59
S00137022,77
S00137023,72
S00137024,132
S00137025,104
S00137026,77
S00137027,93
S00137028,115
S00137029,66
S00137030,133
S00137031,91
S00137032,258
S00137033,115
S00137034,64
S00137035,97
S00137036,56
S00137037,78
S00137038,73
S00137039,59
S00137040,97
S00137041,101
S00137042,91
S00137043,112
S00137044,81
S00137045,73
S00137046,122
S00137047,55
S00137048,81
S00137049,73
S00137050,96
S00137051,78
S00137052,57
S00137053,117
S00137054,93
S00137055,104
S00137056,79
S00137057,98
S00137058,69
S00137059,159
S00137060,57
S00137061,143
S00137062,92
S00137063,134
S00137064,127
S00137065,138
S00137066,65
S00137067,105
S00137068,108
S00137069,88
S00137070,125
S00137071,52
S00137072,96
S00137073,113
S00137074,137
S00137075,61
S00137076,168
S00137077,133
S00137078,61
S00137079,72
S00137080,64
S00137081,106
S00137082,88
S00137083,115
S00137084,162
S00137085,102
S00137086,124
S00137087,119
S00137088,81
S00137089,73
S00137090,71
S00137091,72
S00137092,85
S00137093,101
S00137094,87
S00137095,86
S00137096,69
S00137097,64
S00137098,124
S00137099,52
S00137100,134
S00137101,145
S00137102,84
S00137103,135
S00137104,148
S00137105,116
S00137106,109
S00137107,106
S00137108,90
S00137109,65
S00137110,100
S00137111,71
S00137112,76
S00137113,78
S00137114,74
S00137115,80
S00137116,93
S00137117,85
S00137118,63
S00137119,110
S00137120,66
S00137121,88
S00137122,284
S00137123,87
S00137124,120
S00137125,85
S00137126,78
S00137127,137
S00137128,46
S00137129,105
S00137130,56
S00137131,66
S00137132,103
S00137133,86
S00137134,92
S00137135,67
S00137136,51
S00137137,70
S00137138,82
S00137139,119
S00137140,73
S00137141,224
S00137142,140
S00137143,110
S00137144,92
S00137145,99
S00137146,139
S00137147,77
S00137148,60
S00137149,197
S00137150,131
S00137151,162
S00137152,97
S00137153,99
S00137154,70
S00137155,93
S00137156,53
S00137157,103
S00137158,128
S00137159,141
S00137160,74
S00137161,125
S00137162,96
S00137163,107
S00137164,114
S00137165,94
S00137166,63
S00137167,109
S00137168,120
S00137169,77
S00137170,141
S00137171,58
S00137172,89
S00137173,126
S00137174,113
S00137175,129
S00137176,167
S00137177,71
S00137178,62
S00137179,122
S00137180,162
S00137181,86
S00137182,64
S00137183,122
S00137184,76
S00137185,112
S00137186,144
S00137187,149
S00137188,86
S00137189,70
S00137190,83
S00137191,126
S00137192,133
S00137193,67
S00137194,108
S00137195,95
S00137196,99
S00137197,124
S00137198,86
S00137199,85
S00137200,95
S00137201,112
S00137202,89
S00137203,123
S00137204,68
S00137205,138
S00137206,101
S00137207,79
S00137208,64
S00137209,65
S00137210,106
S00137211,113
S00137212,82
S00137213,130
S00137214,120
S00137215,75
S00137216,73
S00137217,92
S00137218,85
S00137219,75
S00137220,60
S00137221,78
S00137222,49
S00137223,77
S00137224,64
S00137225,79
S00137226,82
S00137227,91
S00137228,96
S00137229,109
S00137230,104
S00137231,68
S00137232,75
S00137233,117
S00137234,114
S00137235,87
S00137236,76
S00137237,68
S00137238,58
S00137239,56
S00137240,99
S00137241,95
S00137242,90
S00137243,58
S00137244,91
S00137245,82
S00137246,117
S00137247,105
S00137248,95
S00137249,56
S00137250,82
S00137251,180
S00137252,82
S00137253,124
S00137254,59
S00137255,103
S00137256,78
S00137257,110
S00137258,98
S00137259,103
S00137260,98
S00137261,68
S00137262,75
S00137263,121
S00137264,67
S00137265,138
S00137266,105
S00137267,120
S00137268,67
S00137269,91
S00137270,124
S00137271,76
S00137272,80
S00137273,95
S00137274,61
S00137275,119
S00137276,103
S00137277,145
S00137278,127
S00137279,106
S00137280,126
S00137281,96
S00137282,86
S00137283,78
S00137284,142
S00137285,57
S00137286,117
S00137287,108
S00137288,122
S00137289,119
S00137290,111
S00137291,96
S00137292,65
S00137293,119
S00137294,121
S00137295,110
S00137296,116
S00137297,111
S00137298,80
S00137299,79
S00137300,74
S00137301,89
S00137302,99
S00137303,59
S00137304,114
S00137305,111
S00137306,113
S00137307,121
S00137308,79
S00137309,119
S00137310,83
S00137311,99
S00137312,107
S00137313,60
S00137314,71
S00137315,50
S00137316,104
S00137317,65
S00137318,78
S00137319,114
S00137320,111
S00137321,137
S00137322,104
S00137323,53
S00137324,60
S00137325,100
S00137326,145
S00137327,116
S00137328,139
S00137329,45
S00137330,120
S00137331,126
S00137332,114
S00137333,96
S00137334,87
S00137335,137
S00137336,71
S00137337,132
S00137338,102
S00137339,64
S00137340,112
S00137341,126
S00137342,68
S00137343,154
S00137344,69
S00137345,111
S00137346,110
S00137347,86
S00137348,86
S00137349,84
S00137350,65
S00137351,72
S00137352,86
S00137353,54
S00137354,60
S00137355,65
S00137356,128
S00137357,74
S00137358,120
S00137359,83
S00137360,102
S00137361,64
S00137362,145
S00137363,97
S00137364,87
S00137365,129
S00137366,88
S00137367,138
S00137368,56
S00137369,115
S00137370,68
S00137371,52
S00137372,104
S00137373,144
S00137374,51
S00137375,129
S00137376,75
S00137377,99
S00137378,96
S00137379,90
S00137380,130
S00137381,70
S00137382,89
S00137383,153
S00137384,115
S00137385,82
S00137386,121
S00137387,147
S00137388,162
S00137389,64
S00137390,88
S00137391,112
S00137392,98
S00137393,122
S00137394,82
S00137395,141
S00137396,56
S00137397,64
S00137398,83
S00137399,127
S00137400,174
S00137401,117
S00137402,106
S00137403,117
S00137404,167
S00137405,62
S00137406,78
S00137407,66
S00137408,84
S00137409,79
S00137410,134
S00137411,131
S00137412,135
S00137413,80
S00137414,83
S00137415,133
S00137416,92
S00137417,71
S00137418,82
S00137419,138
S00137420,131
S00137421,87
S00137422,148
S00137423,107
S00137424,95
S00137425,56
S00137426,108
S00137427,107
S00137428,72
S00137429,98
S00137430,112
S00137431,70
S00137432,100
S00137433,139
S00137434,129
S00137435,107
S00137436,113
S00137437,164
S00137438,130
S00137439,63
S00137440,103
S00137441,57
S00137442,69
S00137443,128
S00137444,152
S00137445,76
S00137446,81
S00137447,136
S00137448,95
S00137449,76
S00137450,98
S00137451,179
S00137452,93
S00137453,141
S00137454,96
S00137455,114
S00137456,108
S00137457,99
S00137458,103
S00137459,103
S00137460,120
S00137461,102
S00137462,62
S00137463,70
S00137464,84
S00137465,158
S00137466,69
S00137467,130
S00137468,111
S00137469,87
S00137470,107
S00137471,77
S00137472,69
S00137473,76
S00137474,74
S00137475,110
S00137476,96
S00137477,68
S00137478,93
S00137479,77
S00137480,59
S00137481,97
S00137482,87
S00137483,76
S00137484,83
S00137485,110
S00137486,76
S00137487,66
S00137488,99
S00137489,79
S00137490,118
S00137491,71
S00137492,110
S00137493,127
S00137494,79
S00137495,72
S00137496,73
S00137497,132
S00137498,64
S00137499,73
S00137500,65
S00137501,121
S00137502,119
S00137503,104
S00137504,144
S00137505,97
S00137506,82
S00137507,113
S00137508,83
S00137509,98
S00137510,91
S00137511,61
S00137512,54
S00137513,51
S00137514,85
S00137515,90
S00137516,92
S00137517,101
S00137518,65
S00137519,94
S00137520,83
S00137521,113
S00137522,77
S00137523,114
S00137524,59
S00137525,66
S00137526,83
S00137527,90
S00137528,104
S00137529,167
S00137530,105
S00137531,63
S00137532,175
S00137533,82
S00137534,100
S00137535,162
S00137536,82
S00137537,72
S00137538,98
S00137539,87
S00137540,65
S00137541,95
S00137542,121
S00137543,115
S00137544,96
S00137545,98
S00137546,120
S00137547,73
S00137548,114
S00137549,89
S00137550,67
S00137551,104
S00137552,68
S00137553,157
S00137554,149
S00137555,99
S00137556,59
S00137557,75
S00137558,107
S00137559,95
S00137560,81
S00137561,79
S00137562,150
S00137563,79
S00137564,78
S00137565,157
S00137566,127
S00137567,89
S00137568,89
S00137569,69
S00137570,97
S00137571,99
S00137572,171
S00137573,86
S00137574,158
S00137575,150
S00137576,102
S00137577,196
S00137578,86
S00137579,97
S00137580,119
S00137581,111
S00137582,91
S00137583,76
S00137584,119
S00137585,122
S00137586,92
S00137587,135
S00137588,97
S00137589,92
S00137590,94
S00137591,89
S00137592,93
S00137593,72
S00137594,63
S00137595,112
S00137596,115
S00137597,107
S00137598,114
S00137599,123
S00137600,105
S00137601,114
S00137602,115
S00137603,68
S00137604,72
S00137605,152
S00137606,69
S00137607,79
S00137608,87
S00137609,135
S00137610,83
S00137611,112
S00137612,133
S00137613,88
S00137614,114
S00137615,98
S00137616,101
S00137617,129
S00137618,99
S00137619,59
S00137620,134
S00137621,106
S00137622,115
S00137623,88
S00137624,142
S00137625,125
S00137626,120
S00137627,158
S00137628,77
S00137629,159
S00137630,142
S00137631,77
S00137632,96
S00137633,129
S00137634,43
S00137635,63
S00137636,84
S00137637,146
S00137638,86
S00137639,122
S00137640,107
S00137641,117
S00137642,61
S00137643,137
S00137644,104
S00137645,142
S00137646,83
S00137647,80
S00137648,133
S00137649,100
S00137650,141
S00137651,99
S00137652,72
S00137653,129
S00137654,142
S00137655,122
S00137656,79
S00137657,51
S00137658,81
S00137659,105
S00137660,92
S00137661,95
S00137662,160
S00137663,118
S00137664,70
S00137665,117
S00137666,113
S00137667,105
S00137668,130
S00137669,123
S00137670,135
S00137671,123
S00137672,96
S00137673,150
S00137674,109
S00137675,81
S00137676,102
S00137677,100
S00137678,100
S00137679,71
S00137680,75
S00137681,80
S00137682,98
S00137683,90
S00137684,98
S00137685,76
S00137686,95
S00137687,86
S00137688,133
S00137689,126
S00137690,100
S00137691,96
S00137692,59
S00137693,88
S00137694,109
S00137695,62
S00137696,93
S00137697,117
S00137698,95
S00137699,90
S00137700,68
S00137701,164
S00137702,98
S00137703,108
S00137704,111
S00137705,73
S00137706,123
S00137707,135
S00137708,132
S00137709,153
S00137710,185
S00137711,143
S00137712,59
S00137713,119
S00137714,66
S00137715,76
S00137716,64
S00137717,103
S00137718,80
S00137719,74
S00137720,100
S00137721,121
S00137722,77
S00137723,104
S00137724,133
S00137725,120
S00137726,50
S00137727,104
S00137728,85
S00137729,121
S00137730,67
S00137731,89
S00137732,142
S00137733,102
S00137734,89
S00137735,118
S00137736,77
S00137737,129
S00137738,115
S00137739,93
S00137740,98
S00137741,64
S00137742,107
S00137743,91
S00137744,117
S00137745,77
S00137746,96
S00137747,113
S00137748,149
S00137749,139
S00137750,114
S00137751,132
S00137752,126
S00137753,53
S00137754,82
S00137755,99
S00137756,122
S00137757,95
S00137758,67
S00137759,111
S00137760,149
S00137761,100
S00137762,70
S00137763,107
S00137764,89
S00137765,62
S00137766,102
S00137767,103
S00137768,57
S00137769,81
S00137770,107
S00137771,116
S00137772,105
S00137773,75
S00137774,70
S00137775,55
S00137776,56
S00137777,96
S00137778,140
S00137779,93
S00137780,94
S00137781,97
S00137782,66
S00137783,139
S00137784,90
S00137785,91
S00137786,92
S00137787,111
S00137788,111
S00137789,68
S00137790,73
S00137791,167
S00137792,114
S00137793,80
S00137794,115
S00137795,83
S00137796,104
S00137797,73
S00137798,63
S00137799,103
S00137800,88
S00137801,174
S00137802,66
S00137803,93
S00137804,60
S00137805,157
S00137806,80
S00137807,72
S00137808,99
S00137809,132
S00137810,78
S00137811,101
S00137812,79
S00137813,95
S00137814,79
S00137815,87
S00137816,62
S00137817,90
S00137818,98
S00137819,63
S00137820,71
S00137821,111
S00137822,95
S00137823,73
S00137824,86
S00137825,93
S00137826,95
S00137827,94
S00137828,85
S00137829,82
S00137830,87
S00137831,83
S00137832,85
S00137833,55
S00137834,71
S00137835,58
S00137836,116
S00137837,92
S00137838,95
S00137839,76
S00137840,148
S00137841,101
S00137842,80
S00137843,102
S00137844,59
S00137845,98
S00137846,85
S00137847,103
S00137848,111
S00137849,94
S00137850,79
S00137851,74
S00137852,108
S00137853,76
S00137854,106
S00137855,139
S00137856,98
S00137857,89
S00137858,128
S00137859,89
S00137860,74
S00137861,176
S00137862,117
S00137863,80
S00137864,71
S00137865,142
S00137866,141
S00137867,100
S00137868,69
S00137869,135
S00137870,66
S00137871,111
S00137872,62
S00137873,71
S00137874,71
S00137875,82
S00137876,106
S00137877,178
S00137878,84
S00137879,93
S00137880,78
S00137881,51
S00137882,84
S00137883,149
S00137884,64
S00137885,61
S00137886,58
S00137887,154
S00137888,73
S00137889,67
S00137890,119
S00137891,98
S00137892,106
S00137893,91
S00137894,122
S00137895,79
S00137896,89
S00137897,106
S00137898,111
S00137899,128
S00137900,124
S00137901,65
S00137902,66
S00137903,110
S00137904,91
S00137905,122
S00137906,75
S00137907,113
S00137908,73
S00137909,140
S00137910,104
S00137911,135
S00137912,69
S00137913,58
S00137914,70
S00137915,156
S00137916,58
S00137917,100
S00137918,133
S00137919,80
S00137920,117
S00137921,132
S00137922,87
S00137923,107
S00137924,119
S00137925,69
S00137926,95
S00137927,103
S00137928,46
S00137929,121
S00137930,63
S00137931,78
S00137932,122
S00137933,67
S00137934,86
S00137935,75
S00137936,130
S00137937,100
S00137938,63
S00137939,76
S00137940,142
S00137941,80
S00137942,126
S00137943,99
S00137944,68
S00137945,55
S00137946,56
S00137947,117
S00137948,400
S00137949,124
S00137950,69
S00137951,88
S00137952,112
S00137953,144
S00137954,103
S00137955,91
S00137956,109
S00137957,101
S00137958,101
S00137959,105
S00137960,81
S00137961,159
S00137962,100
S00137963,87
S00137964,143
S00137965,87
S00137966,147
S00137967,130
S00137968,76
S00137969,70
S00137970,149
S00137971,72
S00137972,113
S00137973,128
S00137974,113
S00137975,50
S00137976,113
S00137977,92
S00137978,136
S00137979,58
S00137980,63
S00137981,99
S00137982,81
S00137983,116
S00137984,65
S00137985,63
S00137986,138
S00137987,120
S00137988,116
S00137989,101
S00137990,111
S00137991,85
S00137992,67
S00137993,126
S00137994,106
S00137995,121
S00137996,72
S00137997,104
S00137998,83
S00137999,75
S00138000,103
S00138001,105
S00138002,91
S00138003,201
S00138004,152
S00138005,131
S00138006,84
S00138007,73
S00138008,115
S00138009,138
S00138010,89
S00138011,117
S00138012,80
S00138013,125
S00138014,54
S00138015,97
S00138016,98
S00138017,129
S00138018,62
S00138019,60
S00138020,86
S00138021,76
S00138022,73
S00138023,120
S00138024,90
S00138025,119
S00138026,97
S00138027,78
S00138028,167
S00138029,76
S00138030,131
S00138031,97
S00138032,98
S00138033,107
S00138034,87
S00138035,126
S00138036,61
S00138037,88
S00138038,53
S00138039,117
S00138040,82
S00138041,97
S00138042,138
S00138043,98
S00138044,79
S00138045,99
S00138046,105
S00138047,135
S00138048,63
S00138049,125
S00138050,129
S00138051,114
S00138052,115
S00138053,76
S00138054,176
S00138055,87
S00138056,88
S00138057,75
S00138058,93
S00138059,99
S00138060,59
S00138061,75
S00138062,144
S00138063,60
S00138064,58
S00138065,63
S00138066,118
S00138067,59
S00138068,85
S00138069,158
S00138070,70
S00138071,67
S00138072,75
S00138073,184
S00138074,89
S00138075,83
S00138076,97
S00138077,56
S00138078,63
S00138079,128
S00138080,115
S00138081,96
S00138082,103
S00138083,62
S00138084,96
S00138085,156
S00138086,116
S00138087,110
S00138088,84
S00138089,129
S00138090,76
S00138091,106
S00138092,113
S00138093,80
S00138094,128
S00138095,72
S00138096,126
S00138097,67
S00138098,130
S00138099,93
S00138100,121
S00138101,89
S00138102,72
S00138103,120
S00138104,56
S00138105,87
S00138106,125
S00138107,91
S00138108,84
S00138109,89
S00138110,123
S00138111,104
S00138112,120
S00138113,117
S00138114,73
S00138115,173
S00138116,99
S00138117,123
S00138118,150
S00138119,157
S00138120,113
S00138121,98
S00138122,82
S00138123,99
S00138124,157
S00138125,179
S00138126,159
S00138127,91
S00138128,157
S00138129,118
S00138130,143
S00138131,104
S00138132,99
S00138133,61
S00138134,109
S00138135,163
S00138136,139
S00138137,149
S00138138,183
S00138139,73
S00138140,107
S00138141,82
S00138142,70
S00138143,123
S00138144,149
S00138145,116
S00138146,141
S00138147,117
S00138148,126
S00138149,133
S00138150,56
S00138151,132
S00138152,144
S00138153,62
S00138154,66
S00138155,78
S00138156,113
S00138157,175
S00138158,76
S00138159,90
S00138160,207
S00138161,105
S00138162,165
S00138163,140
S00138164,125
S00138165,110
S00138166,122
S00138167,91
S00138168,74
S00138169,141
S00138170,84
S00138171,79
S00138172,107
S00138173,143
S00138174,105
S00138175,90
S00138176,85
S00138177,100
S00138178,87
S00138179,77
S00138180,112
S00138181,61
S00138182,99
S00138183,90
S00138184,63
S00138185,91
S00138186,96
S00138187,71
S00138188,110
S00138189,112
S00138190,49
S00138191,115
S00138192,101
S00138193,102
S00138194,131
S00138195,83
S00138196,104
S00138197,69
S00138198,115
S00138199,77
S00138200,96
S00138201,62
S00138202,122
S00138203,92
S00138204,71
S00138205,98
S00138206,109
S00138207,97
S00138208,111
S00138209,110
S00138210,111
S00138211,106
S00138212,139
S00138213,93
S00138214,115
S00138215,67
S00138216,128
S00138217,114
S00138218,74
S00138219,66
S00138220,97
S00138221,77
S00138222,115
S00138223,60
S00138224,112
S00138225,82
S00138226,112
S00138227,82
S00138228,117
S00138229,115
S00138230,63
S00138231,98
S00138232,78
S00138233,120
S00138234,80
S00138235,142
S00138236,146
S00138237,96
S00138238,135
S00138239,136
S00138240,69
S00138241,102
S00138242,94
S00138243,86
S00138244,105
S00138245,78
S00138246,185
S00138247,97
S00138248,90
S00138249,145
S00138250,159
S00138251,86
S00138252,103
S00138253,96
S00138254,136
S00138255,94
S00138256,85
S00138257,59
S00138258,100
S00138259,78
S00138260,133
S00138261,118
S00138262,87
S00138263,77
S00138264,151
S00138265,94
S00138266,97
S00138267,95
S00138268,80
S00138269,126
S00138270,127
S00138271,95
S00138272,78
S00138273,129
S00138274,65
S00138275,121
S00138276,141
S00138277,87
S00138278,118
S00138279,96
S00138280,72
S00138281,109
S00138282,90
S00138283,85
S00138284,133
S00138285,94
S00138286,107
S00138287,90
S00138288,85
S00138289,64
S00138290,92
S00138291,78
S00138292,92
S00138293,161
S00138294,78
S00138295,94
S00138296,66
S00138297,97
S00138298,89
S00138299,116
S00138300,104
S00138301,101
S00138302,110
S00138303,119
S00138304,115
S00138305,109
S00138306,184
S00138307,88
S00138308,134
S00138309,152
S00138310,62
S00138311,115
S00138312,91
S00138313,87
S00138314,105
S00138315,104
S00138316,106
S00138317,103
S00138318,74
S00138319,114
S00138320,133
S00138321,119
S00138322,142
S00138323,108
S00138324,147
S00138325,78
S00138326,138
S00138327,65
S00138328,82
S00138329,147
S00138330,53
S00138331,107
S00138332,121
S00138333,92
S00138334,128
S00138335,114
S00138336,121
S00138337,139
S00138338,69
S00138339,127
S00138340,73
S00138341,83
S00138342,81
S00138343,99
S00138344,85
S00138345,143
S00138346,147
S00138347,161
S00138348,111
S00138349,64
S00138350,119
S00138351,102
S00138352,121
S00138353,152
S00138354,141
S00138355,121
S00138356,120
S00138357,121
S00138358,89
S00138359,152
S00138360,69
S00138361,112
S00138362,143
S00138363,122
S00138364,142
S00138365,157
S00138366,85
S00138367,131
S00138368,114
S00138369,140
S00138370,149
S00138371,94
S00138372,64
S00138373,113
S00138374,88
S00138375,167
S00138376,134
S00138377,103
S00138378,140
S00138379,76
S00138380,93
S00138381,111
S00138382,97
S00138383,151
S00138384,137
S00138385,123
S00138386,121
S00138387,127
S00138388,105
S00138389,77
S00138390,83
S00138391,62
S00138392,91
S00138393,118
S00138394,103
S00138395,119
S00138396,81
S00138397,80
S00138398,96
S00138399,85
S00138400,113
S00138401,71
S00138402,112
S00138403,110
S00138404,85
S00138405,98
S00138406,121
S00138407,85
S00138408,121
S00138409,81
S00138410,52
S00138411,75
S00138412,102
S00138413,54
S00138414,87
S00138415,69
S00138416,91
S00138417,132
S00138418,84
S00138419,64
S00138420,91
S00138421,112
S00138422,83
S00138423,84
S00138424,105
S00138425,55
S00138426,74
S00138427,77
S00138428,108
S00138429,85
S00138430,138
S00138431,70
S00138432,116
S00138433,110
S00138434,117
S00138435,153
S00138436,97
S00138437,107
S00138438,71
S00138439,61
S00138440,66
S00138441,79
S00138442,144
S00138443,67
S00138444,105
S00138445,128
S00138446,80
S00138447,127
S00138448,116
S00138449,120
S00138450,59
S00138451,102
S00138452,105
S00138453,65
S00138454,112
S00138455,121
S00138456,118
S00138457,66
S00138458,91
S00138459,129
S00138460,91
S00138461,62
S00138462,59
S00138463,149
S00138464,54
S00138465,127
S00138466,99
S00138467,84
S00138468,61
S00138469,94
S00138470,143
S00138471,58
S00138472,58
S00138473,128
S00138474,77
S00138475,67
S00138476,96
S00138477,77
S00138478,107
S00138479,113
S00138480,129
S00138481,138
S00138482,111
S00138483,50
S00138484,78
S00138485,145
S00138486,79
S00138487,100
S00138488,110
S00138489,82
S00138490,133
S00138491,102
S00138492,112
S00138493,127
S00138494,95
S00138495,74
S00138496,103
S00138497,125
S00138498,124
S00138499,164
S00138500,112
S00138501,65
S00138502,110
S00138503,95
S00138504,127
S00138505,125
S00138506,141
S00138507,71
S00138508,73
S00138509,108
S00138510,153
S00138511,153
S00138512,78
S00138513,132
S00138514,92
S00138515,144
S00138516,95
S00138517,120
S00138518,77
S00138519,118
S00138520,106
S00138521,66
S00138522,75
S00138523,77
S00138524,57
S00138525,82
S00138526,80
S00138527,78
S00138528,112
S00138529,112
S00138530,70
S00138531,67
S00138532,120
S00138533,105
S00138534,112
S00138535,133
S00138536,110
S00138537,82
S00138538,133
S00138539,128
S00138540,138
S00138541,134
S00138542,78
S00138543,79
S00138544,123
S00138545,98
S00138546,148
S00138547,142
S00138548,86
S00138549,89
S00138550,110
S00138551,111
S00138552,103
S00138553,105
S00138554,78
S00138555,64
S00138556,133
S00138557,113
S00138558,87
S00138559,139
S00138560,164
S00138561,123
S00138562,112
S00138563,100
S00138564,143
S00138565,58
S00138566,67
S00138567,139
S00138568,59
S00138569,128
S00138570,170
S00138571,126
S00138572,155
S00138573,127
S00138574,137
S00138575,111
S00138576,102
S00138577,62
S00138578,121
S00138579,166
S00138580,106
S00138581,80
S00138582,76
S00138583,113
S00138584,134
S00138585,91
S00138586,86
S00138587,89
S00138588,86
S00138589,149
S00138590,116
S00138591,94
S00138592,61
S00138593,141
S00138594,125
S00138595,101
S00138596,91
S00138597,140
S00138598,51
S00138599,102
S00138600,99
S00138601,102
S00138602,100
S00138603,71
S00138604,107
S00138605,135
S00138606,92
S00138607,57
S00138608,80
S00138609,82
S00138610,108
S00138611,81
S00138612,67
S00138613,115
S00138614,111
S00138615,124
S00138616,78
S00138617,117
S00138618,74
S00138619,112
S00138620,74
S00138621,50
S00138622,134
S00138623,99
S00138624,64
S00138625,116
S00138626,80
S00138627,70
S00138628,69
S00138629,85
S00138630,81
S00138631,124
S00138632,101
S00138633,60
S00138634,83
S00138635,95
S00138636,80
S00138637,76
S00138638,120
S00138639,115
S00138640,71
S00138641,122
S00138642,87
S00138643,90
S00138644,74
S00138645,150
S00138646,103
S00138647,137
S00138648,92
S00138649,91
S00138650,121
S00138651,84
S00138652,108
S00138653,117
S00138654,132
S00138655,101
S00138656,98
S00138657,163
S00138658,65
S00138659,111
S00138660,92
S00138661,99
S00138662,114
S00138663,90
S00138664,114
S00138665,121
S00138666,54
S00138667,89
S00138668,117
S00138669,129
S00138670,120
S00138671,70
S00138672,126
S00138673,111
S00138674,90
S00138675,68
S00138676,97
S00138677,134
S00138678,96
S00138679,195
S00138680,75
S00138681,84
S00138682,86
S00138683,83
S00138684,80
S00138685,53
S00138686,106
S00138687,86
S00138688,104
S00138689,119
S00138690,106
S00138691,72
S00138692,69
S00138693,104
S00138694,112
S00138695,97
S00138696,99
S00138697,148
S00138698,104
S00138699,94
S00138700,100
S00138701,101
S00138702,166
S00138703,111
S00138704,140
S00138705,128
S00138706,111
S00138707,100
S00138708,134
S00138709,111
S00138710,135
S00138711,101
S00138712,88
S00138713,91
S00138714,124
S00138715,115
S00138716,112
S00138717,98
S00138718,126
S00138719,97
S00138720,67
S00138721,78
S00138722,118
S00138723,124
S00138724,87
S00138725,97
S00138726,142
S00138727,176
S00138728,141
S00138729,72
S00138730,88
S00138731,57
S00138732,105
S00138733,57
S00138734,82
S00138735,98
S00138736,104
S00138737,111
S00138738,88
S00138739,168
S00138740,67
S00138741,145
S00138742,114
S00138743,126
S00138744,150
S00138745,94
S00138746,111
S00138747,189
S00138748,152
S00138749,137
S00138750,117
S00138751,183
S00138752,153
S00138753,85
S00138754,148
S00138755,114
S00138756,91
S00138757,126
S00138758,87
S00138759,66
S00138760,149
S00138761,69
S00138762,87
S00138763,129
S00138764,87
S00138765,122
S00138766,99
S00138767,193
S00138768,75
S00138769,109
S00138770,142
S00138771,119
S00138772,75
S00138773,73
S00138774,69
S00138775,104
S00138776,130
S00138777,123
S00138778,122
S00138779,75
S00138780,129
S00138781,97
S00138782,90
S00138783,91
S00138784,77
S00138785,88
S00138786,98
S00138787,125
S00138788,70
S00138789,73
S00138790,113
S00138791,103
S00138792,159
S00138793,108
S00138794,113
S00138795,89
S00138796,145
S00138797,135
S00138798,188
S00138799,110
S00138800,109
S00138801,112
S00138802,143
S00138803,148
S00138804,109
S00138805,171
S00138806,114
S00138807,64
S00138808,101
S00138809,116
S00138810,130
S00138811,60
S00138812,128
S00138813,118
S00138814,81
S00138815,78
S00138816,119
S00138817,147
S00138818,120
S00138819,127
S00138820,57
S00138821,70
S00138822,69
S00138823,91
S00138824,87
S00138825,78
S00138826,145
S00138827,113
S00138828,111
S00138829,104
S00138830,150
S00138831,134
S00138832,74
S00138833,133
S00138834,53
S00138835,61
S00138836,148
S00138837,105
S00138838,113
S00138839,102
S00138840,102
S00138841,108
S00138842,98
S00138843,114
S00138844,143
S00138845,103
S00138846,131
S00138847,58
S00138848,58
S00138849,70
S00138850,76
S00138851,140
S00138852,129
S00138853,77
S00138854,93
S00138855,114
S00138856,137
S00138857,69
S00138858,121
S00138859,109
S00138860,79
S00138861,133
S00138862,188
S00138863,106
S00138864,85
S00138865,79
S00138866,83
S00138867,149
S00138868,81
S00138869,94
S00138870,118
S00138871,82
S00138872,150
S00138873,109
S00138874,133
S00138875,94
S00138876,149
S00138877,78
S00138878,67
S00138879,72
S00138880,74
S00138881,74
S00138882,65
S00138883,71
S00138884,100
S00138885,119
S00138886,70
S00138887,131
S00138888,79
S00138889,84
S00138890,63
S00138891,63
S00138892,64
S00138893,99
S00138894,114
S00138895,69
S00138896,59
S00138897,155
S00138898,123
S00138899,55
S00138900,99
S00138901,104
S00138902,143
S00138903,142
S00138904,68
S00138905,135
S00138906,106
S00138907,124
S00138908,110
S00138909,137
S00138910,122
S00138911,89
S00138912,90
S00138913,76
S00138914,148
S00138915,161
S00138916,64
S00138917,75
S00138918,122
S00138919,113
S00138920,59
S00138921,109
S00138922,114
S00138923,66
S00138924,136
S00138925,90
S00138926,57
S00138927,73
S00138928,99
S00138929,77
S00138930,99
S00138931,68
S00138932,141
S00138933,64
S00138934,60
S00138935,94
S00138936,68
S00138937,114
S00138938,69
S00138939,101
S00138940,144
S00138941,101
S00138942,99
S00138943,112
S00138944,55
S00138945,105
S00138946,73
S00138947,109
S00138948,91
S00138949,146
S00138950,71
S00138951,165
S00138952,87
S00138953,99
S00138954,110
S00138955,98
S00138956,146
S00138957,127
S00138958,83
S00138959,114
S00138960,69
S00138961,144
S00138962,87
S00138963,101
S00138964,142
S00138965,91
S00138966,92
S00138967,120
S00138968,89
S00138969,147
S00138970,139
S00138971,163
S00138972,68
S00138973,114
S00138974,124
S00138975,158
S00138976,81
S00138977,89
S00138978,137
S00138979,59
S00138980,140
S00138981,135
S00138982,86
S00138983,125
S00138984,84
S00138985,58
S00138986,108
S00138987,131
S00138988,107
S00138989,87
S00138990,87
S00138991,147
S00138992,119
S00138993,140
S00138994,112
S00138995,94
S00138996,77
S00138997,58
S00138998,133
S00138999,139
S00139000,107
S00139001,88
S00139002,91
S00139003,119
S00139004,88
S00139005,65
S00139006,76
S00139007,63
S00139008,121
S00139009,156
S00139010,112
S00139011,84
S00139012,69
S00139013,140
S00139014,133
S00139015,79
S00139016,62
S00139017,80
S00139018,49
S00139019,138
S00139020,81
S00139021,128
S00139022,127
S00139023,54
S00139024,98
S00139025,121
S00139026,76
S00139027,100
S00139028,100
S00139029,104
S00139030,81
S00139031,75
S00139032,61
S00139033,96
S00139034,116
S00139035,87
S00139036,58
S00139037,100
S00139038,104
S00139039,139
S00139040,88
S00139041,115
S00139042,96
S00139043,82
S00139044,111
S00139045,84
S00139046,140
S00139047,104
S00139048,95
S00139049,72
S00139050,121
S00139051,129
S00139052,142
S00139053,73
S00139054,74
S00139055,80
S00139056,93
S00139057,79
S00139058,77
S00139059,130
S00139060,84
S00139061,122
S00139062,75
S00139063,79
S00139064,86
S00139065,141
S00139066,109
S00139067,60
S00139068,93
S00139069,105
S00139070,98
S00139071,90
S00139072,66
S00139073,103
S00139074,135
S00139075,80
S00139076,106
S00139077,78
S00139078,131
S00139079,130
S00139080,119
S00139081,101
S00139082,70
S00139083,121
S00139084,104
S00139085,97
S00139086,91
S00139087,70
S00139088,91
S00139089,97
S00139090,87
S00139091,124
S00139092,90
S00139093,113
S00139094,84
S00139095,71
S00139096,139
S00139097,59
S00139098,120
S00139099,111
S00139100,60
S00139101,151
S00139102,69
S00139103,153
S00139104,77
S00139105,58
S00139106,101
S00139107,69
S00139108,88
S00139109,54
S00139110,144
S00139111,67
S00139112,56
S00139113,130
S00139114,112
S00139115,68
S00139116,91
S00139117,149
S00139118,171
S00139119,77
S00139120,136
S00139121,138
S00139122,100
S00139123,87
S00139124,67
S00139125,66
S00139126,152
S00139127,65
S00139128,104
S00139129,175
S00139130,81
S00139131,74
S00139132,70
S00139133,60
S00139134,58
S00139135,63
S00139136,120
S00139137,126
S00139138,113
S00139139,92
S00139140,79
S00139141,101
S00139142,137
S00139143,107
S00139144,136
S00139145,129
S00139146,94
S00139147,118
S00139148,64
S00139149,181
S00139150,83
S00139151,60
S00139152,88
S00139153,81
S00139154,164
S00139155,69
S00139156,87
S00139157,91
S00139158,99
S00139159,135
S00139160,100
S00139161,92
S00139162,74
S00139163,164
S00139164,98
S00139165,118
S00139166,107
S00139167,118
S00139168,112
S00139169,111
S00139170,119
S00139171,135
S00139172,139
S00139173,111
S00139174,88
S00139175,139
S00139176,80
S00139177,65
S00139178,114
S00139179,97
S00139180,94
S00139181,94
S00139182,112
S00139183,66
S00139184,78
S00139185,107
S00139186,85
S00139187,91
S00139188,58
S00139189,61
S00139190,92
S00139191,128
S00139192,106
S00139193,119
S00139194,142
S00139195,157
S00139196,86
S00139197,146
S00139198,177
S00139199,129
S00139200,82
S00139201,153
S00139202,84
S00139203,73
S00139204,122
S00139205,82
S00139206,94
S00139207,156
S00139208,60
S00139209,90
S00139210,89
S00139211,133
S00139212,153
S00139213,78
S00139214,53
S00139215,125
S00139216,100
S00139217,77
S00139218,65
S00139219,93
S00139220,91
S00139221,82
S00139222,91
S00139223,94
S00139224,125
S00139225,70
S00139226,114
S00139227,97
S00139228,130
S00139229,76
S00139230,67
S00139231,131
S00139232,106
S00139233,66
S00139234,69
S00139235,92
S00139236,102
S00139237,124
S00139238,58
S00139239,65
S00139240,122
S00139241,77
S00139242,65
S00139243,70
S00139244,58
S00139245,91
S00139246,146
S00139247,57
S00139248,109
S00139249,116
S00139250,83
S00139251,82
S00139252,83
S00139253,103
S00139254,61
S00139255,126
S00139256,75
S00139257,82
S00139258,144
S00139259,102
S00139260,98
S00139261,60
S00139262,109
S00139263,124
S00139264,105
S00139265,79
S00139266,56
S00139267,81
S00139268,180
S00139269,84
S00139270,104
S00139271,165
S00139272,98
S00139273,172
S00139274,69
S00139275,87
S00139276,121
S00139277,118
S00139278,99
S00139279,137
S00139280,121
S00139281,81
S00139282,74
S00139283,91
S00139284,162
S00139285,119
S00139286,117
S00139287,145
S00139288,84
S00139289,75
S00139290,83
S00139291,108
S00139292,51
S00139293,154
S00139294,152
S00139295,66
S00139296,109
S00139297,85
S00139298,80
S00139299,80
S00139300,99
S00139301,90
S00139302,58
S00139303,84
S00139304,87
S00139305,139
S00139306,94
S00139307,114
S00139308,98
S00139309,86
S00139310,101
S00139311,96
S00139312,96
S00139313,55
S00139314,86
S00139315,78
S00139316,69
S00139317,69
S00139318,126
S00139319,94
S00139320,150
S00139321,200
S00139322,126
S00139323,125
S00139324,101
S00139325,125
S00139326,118
S00139327,95
S00139328,134
S00139329,94
S00139330,116
S00139331,98
S00139332,88
S00139333,118
S00139334,68
S00139335,115
S00139336,120
S00139337,120
S00139338,112
S00139339,61
S00139340,145
S00139341,123
S00139342,112
S00139343,104
S00139344,79
S00139345,109
S00139346,116
S00139347,89
S00139348,76
S00139349,69
S00139350,68
S00139351,99
S00139352,93
S00139353,75
S00139354,108
S00139355,144
S00139356,89
S00139357,116
S00139358,65
S00139359,107
S00139360,123
S00139361,86
S00139362,111
S00139363,143
S00139364,132
S00139365,98
S00139366,140
S00139367,74
S00139368,98
S00139369,112
S00139370,102
S00139371,100
S00139372,70
S00139373,162
S00139374,138
S00139375,142
S00139376,94
S00139377,93
S00139378,121
S00139379,105
S00139380,66
S00139381,75
S00139382,56
S00139383,83
S00139384,141
S00139385,56
S00139386,69
S00139387,63
S00139388,71
S00139389,91
S00139390,120
S00139391,106
S00139392,106
S00139393,109
S00139394,63
S00139395,65
S00139396,96
S00139397,77
S00139398,74
S00139399,126
S00139400,80
S00139401,147
S00139402,80
S00139403,64
S00139404,85
S00139405,131
S00139406,137
S00139407,57
S00139408,136
S00139409,57
S00139410,77
S00139411,89
S00139412,64
S00139413,139
S00139414,99
S00139415,107
S00139416,116
S00139417,76
S00139418,135
S00139419,76
S00139420,115
S00139421,126
S00139422,78
S00139423,91
S00139424,85
S00139425,71
S00139426,52
S00139427,61
S00139428,152
S00139429,153
S00139430,132
S00139431,70
S00139432,107
S00139433,116
S00139434,95
S00139435,58
S00139436,86
S00139437,72
S00139438,57
S00139439,122
S00139440,78
S00139441,70
S00139442,77
S00139443,70
S00139444,115
S00139445,100
S00139446,73
S00139447,69
S00139448,117
S00139449,66
S00139450,110
S00139451,114
S00139452,94
S00139453,69
S00139454,98
S00139455,75
S00139456,100
S00139457,101
S00139458,102
S00139459,73
S00139460,107
S00139461,100
S00139462,97
S00139463,77
S00139464,97
S00139465,97
S00139466,82
S00139467,146
S00139468,89
S00139469,154
S00139470,118
S00139471,117
S00139472,96
S00139473,100
S00139474,132
S00139475,97
S00139476,108
S00139477,89
S00139478,78
S00139479,83
S00139480,68
S00139481,67
S00139482,85
S00139483,131
S00139484,101
S00139485,104
S00139486,122
S00139487,74
S00139488,73
S00139489,84
S00139490,80
S00139491,131
S00139492,68
S00139493,93
S00139494,86
S00139495,56
S00139496,59
S00139497,80
S00139498,72
S00139499,93
S00139500,124
S00139501,130
S00139502,68
S00139503,52
S00139504,117
S00139505,70
S00139506,71
S00139507,86
S00139508,157
S00139509,118
S00139510,120
S00139511,114
S00139512,124
S00139513,82
S00139514,119
S00139515,78
S00139516,79
S00139517,102
S00139518,93
S00139519,55
S00139520,76
S00139521,109
S00139522,113
S00139523,84
S00139524,64
S00139525,110
S00139526,70
S00139527,117
S00139528,132
S00139529,134
S00139530,55
S00139531,170
S00139532,148
S00139533,90
S00139534,66
S00139535,154
S00139536,85
S00139537,146
S00139538,91
S00139539,137
S00139540,94
S00139541,86
S00139542,85
S00139543,119
S00139544,129
S00139545,73
S00139546,77
S00139547,134
S00139548,74
S00139549,104
S00139550,81
S00139551,165
S00139552,74
S00139553,87
S00139554,74
S00139555,102
S00139556,148
S00139557,124
S00139558,92
S00139559,65
S00139560,56
S00139561,57
S00139562,56
S00139563,61
S00139564,86
S00139565,80
S00139566,77
S00139567,78
S00139568,70
S00139569,66
S00139570,92
S00139571,126
S00139572,63
S00139573,69
S00139574,75
S00139575,64
S00139576,140
S00139577,80
S00139578,90
S00139579,64
S00139580,90
S00139581,70
S00139582,72
S00139583,71
S00139584,97
S00139585,102
S00139586,59
S00139587,104
S00139588,87
S00139589,76
S00139590,119
S00139591,64
S00139592,59
S00139593,100
S00139594,78
S00139595,96
S00139596,92
S00139597,56
S00139598,89
S00139599,102
S00139600,67
S00139601,109
S00139602,85
S00139603,68
S00139604,117
S00139605,86
S00139606,58
S00139607,61
S00139608,79
S00139609,90
S00139610,80
S00139611,105
S00139612,54
S00139613,100
S00139614,99
S00139615,91
S00139616,63
S00139617,85
S00139618,89
S00139619,114
S00139620,85
S00139621,59
S00139622,106
S00139623,56
S00139624,136
S00139625,75
S00139626,64
S00139627,97
S00139628,122
S00139629,61
S00139630,93
S00139631,61
S00139632,96
S00139633,89
S00139634,73
S00139635,126
S00139636,136
S00139637,88
S00139638,144
S00139639,66
S00139640,74
S00139641,74
S00139642,94
S00139643,106
S00139644,97
S00139645,60
S00139646,101
S00139647,103
S00139648,99
S00139649,81
S00139650,109
S00139651,66
S00139652,154
S00139653,112
S00139654,101
S00139655,103
S00139656,80
S00139657,146
S00139658,77
S00139659,57
S00139660,150
S00139661,82
S00139662,60
S00139663,99
S00139664,152
S00139665,68
S00139666,72
S00139667,80
S00139668,75
S00139669,69
S00139670,66
S00139671,70
S00139672,84
S00139673,55
S00139674,83
S00139675,85
S00139676,78
S00139677,95
S00139678,69
S00139679,68
S00139680,118
S00139681,100
S00139682,84
S00139683,78
S00139684,91
S00139685,123
S00139686,94
S00139687,113
S00139688,94
S00139689,98
S00139690,83
S00139691,64
S00139692,67
S00139693,71
S00139694,81
S00139695,73
S00139696,82
S00139697,94
S00139698,82
S00139699,76
S00139700,83
S00139701,77
S00139702,77
S00139703,115
S00139704,87
S00139705,81
S00139706,60
S00139707,71
S00139708,102
S00139709,64
S00139710,85
S00139711,80
S00139712,117
S00139713,120
S00139714,55
S00139715,103
S00139716,64
S00139717,110
S00139718,89
S00139719,96
S00139720,84
S00139721,159
S00139722,108
S00139723,88
S00139724,69
S00139725,162
S00139726,86
S00139727,95
S00139728,63
S00139729,104
S00139730,92
S00139731,84
S00139732,106
S00139733,93
S00139734,64
S00139735,97
S00139736,120
S00139737,121
S00139738,101
S00139739,64
S00139740,84
S00139741,66
S00139742,137
S00139743,94
S00139744,139
S00139745,131
S00139746,127
S00139747,136
S00139748,108
S00139749,94
S00139750,103
S00139751,78
S00139752,55
S00139753,103
S00139754,92
S00139755,81
S00139756,134
S00139757,99
S00139758,112
S00139759,94
S00139760,87
S00139761,55
S00139762,122
S00139763,101
S00139764,93
S00139765,124
S00139766,67
S00139767,91
S00139768,73
S00139769,93
S00139770,106
S00139771,115
S00139772,92
S00139773,83
S00139774,73
S00139775,66
S00139776,86
S00139777,57
S00139778,125
S00139779,103
S00139780,76
S00139781,72
S00139782,90
S00139783,78
S00139784,86
S00139785,112
S00139786,81
S00139787,103
S00139788,117
S00139789,64
S00139790,96
S00139791,58
S00139792,79
S00139793,145
S00139794,106
S00139795,120
S00139796,101
S00139797,119
S00139798,92
S00139799,88
S00139800,94
S00139801,135
S00139802,76
S00139803,60
S00139804,56
S00139805,119
S00139806,117
S00139807,99
S00139808,125
S00139809,68
S00139810,76
S00139811,77
S00139812,87
S00139813,108
S00139814,72
S00139815,83
S00139816,96
S00139817,135
S00139818,55
S00139819,68
S00139820,138
S00139821,77
S00139822,91
S00139823,119
S00139824,100
S00139825,75
S00139826,113
S00139827,111
S00139828,153
S00139829,58
S00139830,66
S00139831,110
S00139832,96
S00139833,109
S00139834,78
S00139835,77
S00139836,58
S00139837,112
S00139838,82
S00139839,92
S00139840,116
S00139841,138
S00139842,132
S00139843,79
S00139844,101
S00139845,74
S00139846,101
S00139847,120
S00139848,122
S00139849,103
S00139850,68
S00139851,87
S00139852,83
S00139853,61
S00139854,60
S00139855,99
S00139856,105
S00139857,68
S00139858,56
S00139859,63
S00139860,82
S00139861,118
S00139862,96
S00139863,127
S00139864,85
S00139865,90
S00139866,62
S00139867,143
S00139868,121
S00139869,94
S00139870,85
S00139871,87
S00139872,80
S00139873,61
S00139874,85
S00139875,133
S00139876,74
S00139877,112
S00139878,75
S00139879,147
S00139880,117
S00139881,144
S00139882,82
S00139883,141
S00139884,120
S00139885,132
S00139886,91
S00139887,124
S00139888,66
S00139889,133
S00139890,141
S00139891,78
S00139892,114
S00139893,86
S00139894,132
S00139895,91
S00139896,51
S00139897,72
S00139898,77
S00139899,140
S00139900,111
S00139901,84
S00139902,102
S00139903,120
S00139904,67
S00139905,89
S00139906,92
S00139907,82
S00139908,84
S00139909,82
S00139910,58
S00139911,94
S00139912,67
S00139913,160
S00139914,61
S00139915,154
S00139916,118
S00139917,56
S00139918,153
S00139919,62
S00139920,118
S00139921,126
S00139922,116
S00139923,146
S00139924,131
S00139925,85
S00139926,132
S00139927,75
S00139928,85
S00139929,69
S00139930,100
S00139931,116
S00139932,134
S00139933,157
S00139934,96
S00139935,61
S00139936,110
S00139937,88
S00139938,85
S00139939,79
S00139940,70
S00139941,92
S00139942,62
S00139943,63
S00139944,203
S00139945,70
S00139946,95
S00139947,67
S00139948,63
S00139949,88
S00139950,118
S00139951,150
S00139952,67
S00139953,59
S00139954,105
S00139955,113
S00139956,91
S00139957,84
S00139958,109
S00139959,133
S00139960,56
S00139961,135
S00139962,100
S00139963,129
S00139964,86
S00139965,66
S00139966,68
S00139967,66
S00139968,94
S00139969,76
S00139970,93
S00139971,100
S00139972,65
S00139973,67
S00139974,94
S00139975,88
S00139976,63
S00139977,57
S00139978,110
S00139979,49
S00139980,121
S00139981,99
S00139982,66
S00139983,139
S00139984,85
S00139985,93
S00139986,104
S00139987,88
S00139988,117
S00139989,94
S00139990,125
S00139991,67
S00139992,90
S00139993,75
S00139994,114
S00139995,73
S00139996,147
S00139997,85
S00139998,71
S00139999,90
S00140000,72
S00140001,68
S00140002,151
S00140003,112
S00140004,76
S00140005,95
S00140006,62
S00140007,104
S00140008,110
S00140009,59
S00140010,127
S00140011,154
S00140012,69
S00140013,164
S00140014,63
S00140015,93
S00140016,146
S00140017,46
S00140018,86
S00140019,101
S00140020,112
S00140021,114
S00140022,114
S00140023,87
S00140024,91
S00140025,104
S00140026,85
S00140027,91
S00140028,63
S00140029,72
S00140030,78
S00140031,95
S00140032,136
S00140033,61
S00140034,84
S00140035,102
S00140036,57
S00140037,67
S00140038,91
S00140039,86
S00140040,100
S00140041,103
S00140042,98
S00140043,112
S00140044,113
S00140045,81
S00140046,86
S00140047,65
S00140048,102
S00140049,86
S00140050,82
S00140051,116
S00140052,77
S00140053,55
S00140054,118
S00140055,87
S00140056,83
S00140057,68
S00140058,76
S00140059,92
S00140060,68
S00140061,58
S00140062,75
S00140063,89
S00140064,93
S00140065,73
S00140066,64
S00140067,55
S00140068,66
S00140069,91
S00140070,73
S00140071,79
S00140072,57
S00140073,88
S00140074,141
S00140075,85
S00140076,82
S00140077,77
S00140078,108
S00140079,71
S00140080,125
S00140081,72
S00140082,56
S00140083,103
S00140084,107
S00140085,100
S00140086,57
S00140087,56
S00140088,97
S00140089,98
S00140090,51
S00140091,82
S00140092,57
S00140093,88
S00140094,70
S00140095,108
S00140096,82
S00140097,106
S00140098,125
S00140099,85
S00140100,88
S00140101,68
S00140102,118
S00140103,75
S00140104,121
S00140105,105
S00140106,86
S00140107,52
S00140108,96
S00140109,62
S00140110,78
S00140111,112
S00140112,83
S00140113,82
S00140114,82
S00140115,134
S00140116,67
S00140117,96
S00140118,107
S00140119,61
S00140120,118
S00140121,80
S00140122,190
S00140123,158
S00140124,77
S00140125,113
S00140126,54
S00140127,62
S00140128,92
S00140129,73
S00140130,66
S00140131,88
S00140132,120
S00140133,101
S00140134,84
S00140135,104
S00140136,173
S00140137,90
S00140138,182
S00140139,138
S00140140,77
S00140141,80
S00140142,123
S00140143,164
S00140144,108
S00140145,133
S00140146,76
S00140147,96
S00140148,94
S00140149,130
S00140150,138
S00140151,154
S00140152,99
S00140153,116
S00140154,115
S00140155,157
S00140156,103
S00140157,120
S00140158,122
S00140159,108
S00140160,86
S00140161,134
S00140162,92
S00140163,89
S00140164,127
S00140165,76
S00140166,100
S00140167,117
S00140168,154
S00140169,78
S00140170,107
S00140171,86
S00140172,89
S00140173,98
S00140174,138
S00140175,101
S00140176,77
S00140177,91
S00140178,72
S00140179,82
S00140180,87
S00140181,135
S00140182,67
S00140183,99
S00140184,146
S00140185,95
S00140186,106
S00140187,116
S00140188,125
S00140189,136
S00140190,61
S00140191,127
S00140192,89
S00140193,139
S00140194,136
S00140195,58
S00140196,122
S00140197,100
S00140198,135
S00140199,123
S00140200,109
S00140201,127
S00140202,129
S00140203,116
S00140204,100
S00140205,95
S00140206,110
S00140207,85
S00140208,97
S00140209,60
S00140210,67
S00140211,75
S00140212,99
S00140213,64
S00140214,155
S00140215,108
S00140216,96
S00140217,104
S00140218,96
S00140219,121
S00140220,80
S00140221,85
S00140222,75
S00140223,151
S00140224,107
S00140225,119
S00140226,96
S00140227,108
S00140228,80
S00140229,103
S00140230,112
S00140231,112
S00140232,89
S00140233,73
S00140234,121
S00140235,69
S00140236,80
S00140237,154
S00140238,137
S00140239,101
S00140240,95
S00140241,88
S00140242,80
S00140243,68
S00140244,104
S00140245,117
S00140246,145
S00140247,66
S00140248,62
S00140249,57
S00140250,117
S00140251,59
S00140252,61
S00140253,95
S00140254,127
S00140255,81
S00140256,65
S00140257,123
S00140258,124
S00140259,113
S00140260,73
S00140261,91
S00140262,85
S00140263,79
S00140264,73
S00140265,124
S00140266,108
S00140267,102
S00140268,71
S00140269,63
S00140270,67
S00140271,82
S00140272,67
S00140273,68
S00140274,79
S00140275,83
S00140276,86
S00140277,93
S00140278,84
S00140279,90
S00140280,88
S00140281,119
S00140282,71
S00140283,90
S00140284,61
S00140285,71
S00140286,99
S00140287,97
S00140288,113
S00140289,76
S00140290,86
S00140291,72
S00140292,132
S00140293,75
S00140294,72
S00140295,168
S00140296,87
S00140297,80
S00140298,56
S00140299,361
S00140300,139
S00140301,111
S00140302,93
S00140303,74
S00140304,102
S00140305,96
S00140306,116
S00140307,98
S00140308,81
S00140309,57
S00140310,154
S00140311,103
S00140312,106
S00140313,66
S00140314,116
S00140315,126
S00140316,109
S00140317,106
S00140318,135
S00140319,95
S00140320,77
S00140321,94
S00140322,97
S00140323,148
S00140324,90
S00140325,144
S00140326,218
S00140327,129
S00140328,123
S00140329,100
S00140330,104
S00140331,142
S00140332,137
S00140333,91
S00140334,122
S00140335,109
S00140336,94
S00140337,191
S00140338,99
S00140339,154
S00140340,83
S00140341,93
S00140342,91
S00140343,106
S00140344,81
S00140345,68
S00140346,87
S00140347,85
S00140348,97
S00140349,60
S00140350,97
S00140351,97
S00140352,147
S00140353,117
S00140354,94
S00140355,108
S00140356,106
S00140357,130
S00140358,64
S00140359,76
S00140360,81
S00140361,91
S00140362,112
S00140363,109
S00140364,105
S00140365,116
S00140366,93
S00140367,91
S00140368,76
S00140369,87
S00140370,69
S00140371,113
S00140372,83
S00140373,90
S00140374,78
S00140375,61
S00140376,110
S00140377,99
S00140378,71
S00140379,105
S00140380,127
S00140381,99
S00140382,87
S00140383,86
S00140384,95
S00140385,89
S00140386,89
S00140387,89
S00140388,75
S00140389,74
S00140390,81
S00140391,92
S00140392,70
S00140393,144
S00140394,111
S00140395,170
S00140396,112
S00140397,95
S00140398,82
S00140399,57
S00140400,135
S00140401,81
S00140402,154
S00140403,50
S00140404,75
S00140405,94
S00140406,105
S00140407,100
S00140408,71
S00140409,117
S00140410,61
S00140411,92
S00140412,104
S00140413,106
S00140414,114
S00140415,84
S00140416,108
S00140417,127
S00140418,122
S00140419,58
S00140420,141
S00140421,122
S00140422,71
S00140423,101
S00140424,96
S00140425,152
S00140426,80
S00140427,96
S00140428,105
S00140429,86
S00140430,59
S00140431,140
S00140432,77
S00140433,137
S00140434,149
S00140435,121
S00140436,100
S00140437,125
S00140438,121
S00140439,121
S00140440,65
S00140441,96
S00140442,128
S00140443,102
S00140444,114
S00140445,147
S00140446,132
S00140447,148
S00140448,105
S00140449,69
S00140450,85
S00140451,123
S00140452,109
S00140453,116
S00140454,96
S00140455,146
S00140456,58
S00140457,112
S00140458,116
S00140459,116
S00140460,120
S00140461,136
S00140462,82
S00140463,78
S00140464,111
S00140465,122
S00140466,136
S00140467,115
S00140468,97
S00140469,57
S00140470,63
S00140471,97
S00140472,60
S00140473,107
S00140474,114
S00140475,90
S00140476,72
S00140477,80
S00140478,142
S00140479,100
S00140480,60
S00140481,55
S00140482,84
S00140483,114
S00140484,96
S00140485,131
S00140486,96
S00140487,61
S00140488,79
S00140489,94
S00140490,76
S00140491,67
S00140492,94
S00140493,95
S00140494,81
S00140495,149
S00140496,128
S00140497,74
S00140498,103
S00140499,59
S00140500,99
S00140501,151
S00140502,108
S00140503,63
S00140504,110
S00140505,65
S00140506,93
S00140507,124
S00140508,68
S00140509,122
S00140510,88
S00140511,113
S00140512,52
S00140513,59
S00140514,78
S00140515,118
S00140516,121
S00140517,59
S00140518,147
S00140519,119
S00140520,93
S00140521,121
S00140522,133
S00140523,93
S00140524,106
S00140525,73
S00140526,157
S00140527,58
S00140528,113
S00140529,127
S00140530,136
S00140531,116
S00140532,98
S00140533,128
S00140534,86
S00140535,97
S00140536,86
S00140537,118
S00140538,82
S00140539,76
S00140540,127
S00140541,112
S00140542,145
S00140543,156
S00140544,59
S00140545,89
S00140546,89
S00140547,109
S00140548,127
S00140549,112
S00140550,64
S00140551,80
S00140552,103
S00140553,120
S00140554,80
S00140555,111
S00140556,117
S00140557,62
S00140558,113
S00140559,55
S00140560,73
S00140561,155
S00140562,111
S00140563,118
S00140564,95
S00140565,119
S00140566,55
S00140567,138
S00140568,123
S00140569,112
S00140570,105
S00140571,95
S00140572,98
S00140573,97
S00140574,77
S00140575,93
S00140576,93
S00140577,124
S00140578,96
S00140579,173
S00140580,75
S00140581,141
S00140582,96
S00140583,91
S00140584,77
S00140585,94
S00140586,78
S00140587,77
S00140588,98
S00140589,108
S00140590,70
S00140591,97
S00140592,107
S00140593,149
S00140594,122
S00140595,108
S00140596,113
S00140597,120
S00140598,59
S00140599,140
S00140600,115
S00140601,168
S00140602,86
S00140603,137
S00140604,97
S00140605,75
S00140606,163
S00140607,117
S00140608,108
S00140609,153
S00140610,95
S00140611,66
S00140612,141
S00140613,105
S00140614,102
S00140615,121
S00140616,97
S00140617,101
S00140618,54
S00140619,92
S00140620,98
S00140621,82
S00140622,103
S00140623,424
S00140624,70
S00140625,98
S00140626,62
S00140627,132
S00140628,113
S00140629,119
S00140630,116
S00140631,81
S00140632,125
S00140633,93
S00140634,55
S00140635,101
S00140636,117
S00140637,128
S00140638,95
S00140639,68
S00140640,118
S00140641,77
S00140642,51
S00140643,81
S00140644,84
S00140645,74
S00140646,88
S00140647,71
S00140648,100
S00140649,86
S00140650,59
S00140651,123
S00140652,91
S00140653,104
S00140654,95
S00140655,84
S00140656,88
S00140657,97
S00140658,65
S00140659,88
S00140660,132
S00140661,143
S00140662,135
S00140663,69
S00140664,77
S00140665,102
S00140666,78
S00140667,106
S00140668,103
S00140669,78
S00140670,98
S00140671,74
S00140672,119
S00140673,101
S00140674,59
S00140675,83
S00140676,67
S00140677,116
S00140678,126
S00140679,55
S00140680,102
S00140681,97
S00140682,70
S00140683,59
S00140684,93
S00140685,111
S00140686,105
S00140687,101
S00140688,101
S00140689,159
S00140690,110
S00140691,69
S00140692,91
S00140693,70
S00140694,84
S00140695,63
S00140696,83
S00140697,90
S00140698,111
S00140699,122
S00140700,136
S00140701,153
S00140702,89
S00140703,87
S00140704,59
S00140705,102
S00140706,128
S00140707,121
S00140708,91
S00140709,63
S00140710,78
S00140711,140
S00140712,117
S00140713,89
S00140714,91
S00140715,137
S00140716,84
S00140717,106
S00140718,124
S00140719,157
S00140720,57
S00140721,81
S00140722,96
S00140723,126
S00140724,57
S00140725,169
S00140726,103
S00140727,108
S00140728,100
S00140729,95
S00140730,99
S00140731,58
S00140732,93
S00140733,84
S00140734,105
S00140735,125
S00140736,61
S00140737,163
S00140738,66
S00140739,81
S00140740,71
S00140741,53
S00140742,86
S00140743,82
S00140744,136
S00140745,123
S00140746,87
S00140747,107
S00140748,113
S00140749,95
S00140750,122
S00140751,96
S00140752,61
S00140753,81
S00140754,68
S00140755,78
S00140756,60
S00140757,127
S00140758,115
S00140759,80
S00140760,99
S00140761,76
S00140762,98
S00140763,72
S00140764,121
S00140765,108
S00140766,102
S00140767,93
S00140768,83
S00140769,109
S00140770,82
S00140771,82
S00140772,102
S00140773,83
S00140774,74
S00140775,82
S00140776,90
S00140777,102
S00140778,88
S00140779,73
S00140780,99
S00140781,79
S00140782,93
S00140783,96
S00140784,80
S00140785,117
S00140786,105
S00140787,70
S00140788,68
S00140789,63
S00140790,79
S00140791,63
S00140792,89
S00140793,59
S00140794,110
S00140795,113
S00140796,76
S00140797,101
S00140798,78
S00140799,125
S00140800,98
S00140801,75
S00140802,88
S00140803,49
S00140804,80
S00140805,99
S00140806,61
S00140807,106
S00140808,72
S00140809,91
S00140810,77
S00140811,90
S00140812,76
S00140813,68
S00140814,78
S00140815,80
S00140816,68
S00140817,67
S00140818,65
S00140819,108
S00140820,133
S00140821,125
S00140822,52
S00140823,86
S00140824,67
S00140825,64
S00140826,164
S00140827,70
S00140828,122
S00140829,91
S00140830,94
S00140831,107
S00140832,97
S00140833,102
S00140834,150
S00140835,72
S00140836,68
S00140837,143
S00140838,49
S00140839,92
S00140840,136
S00140841,69
S00140842,111
S00140843,85
S00140844,58
S00140845,102
S00140846,100
S00140847,85
S00140848,70
S00140849,76
S00140850,128
S00140851,66
S00140852,110
S00140853,86
S00140854,88
S00140855,77
S00140856,81
S00140857,91
S00140858,136
S00140859,74
S00140860,122
S00140861,92
S00140862,125
S00140863,169
S00140864,142
S00140865,82
S00140866,59
S00140867,97
S00140868,64
S00140869,68
S00140870,133
S00140871,57
S00140872,78
S00140873,66
S00140874,67
S00140875,63
S00140876,74
S00140877,86
S00140878,72
S00140879,58
S00140880,65
S00140881,54
S00140882,72
S00140883,77
S00140884,80
S00140885,137
S00140886,138
S00140887,93
S00140888,67
S00140889,105
S00140890,69
S00140891,59
S00140892,116
S00140893,66
S00140894,90
S00140895,82
S00140896,82
S00140897,93
S00140898,67
S00140899,54
S00140900,104
S00140901,129
S00140902,144
S00140903,146
S00140904,56
S00140905,78
S00140906,89
S00140907,77
S00140908,127
S00140909,75
S00140910,78
S00140911,102
S00140912,102
S00140913,71
S00140914,99
S00140915,118
S00140916,78
S00140917,92
S00140918,76
S00140919,75
S00140920,99
S00140921,84
S00140922,117
S00140923,85
S00140924,98
S00140925,107
S00140926,113
S00140927,67
S00140928,91
S00140929,94
S00140930,87
S00140931,71
S00140932,72
S00140933,73
S00140934,99
S00140935,98
S00140936,58
S00140937,87
S00140938,57
S00140939,116
S00140940,94
S00140941,59
S00140942,84
S00140943,62
S00140944,64
S00140945,86
S00140946,116
S00140947,68
S00140948,62
S00140949,77
S00140950,72
S00140951,120
S00140952,91
S00140953,50
S00140954,87
S00140955,77
S00140956,101
S00140957,77
S00140958,61
S00140959,69
S00140960,66
S00140961,65
S00140962,107
S00140963,76
S00140964,96
S00140965,64
S00140966,203
S00140967,66
S00140968,93
S00140969,118
S00140970,115
S00140971,57
S00140972,94
S00140973,158
S00140974,75
S00140975,73
S00140976,122
S00140977,57
S00140978,88
S00140979,89
S00140980,80
S00140981,104
S00140982,69
S00140983,114
S00140984,91
S00140985,137
S00140986,64
S00140987,81
S00140988,102
S00140989,70
S00140990,83
S00140991,113
S00140992,73
S00140993,76
S00140994,76
S00140995,80
S00140996,92
S00140997,80
S00140998,130
S00140999,51
S00141000,82
S00141001,80
S00141002,76
S00141003,84
S00141004,74
S00141005,72
S00141006,81
S00141007,77
S00141008,76
S00141009,58
S00141010,86
S00141011,60
S00141012,84
S00141013,67
S00141014,106
S00141015,71
S00141016,107
S00141017,105
S00141018,70
S00141019,153
S00141020,125
S00141021,75
S00141022,142
S00141023,115
S00141024,96
S00141025,79
S00141026,76
S00141027,86
S00141028,78
S00141029,71
S00141030,71
S00141031,87
S00141032,96
S00141033,107
S00141034,110
S00141035,88
S00141036,85
S00141037,69
S00141038,58
S00141039,70
S00141040,125
S00141041,75
S00141042,76
S00141043,62
S00141044,66
S00141045,66
S00141046,64
S00141047,96
S00141048,121
S00141049,76
S00141050,76
S00141051,103
S00141052,69
S00141053,78
S00141054,62
S00141055,108
S00141056,79
S00141057,107
S00141058,82
S00141059,89
S00141060,71
S00141061,69
S00141062,79
S00141063,51
S00141064,130
S00141065,83
S00141066,68
S00141067,106
S00141068,71
S00141069,70
S00141070,120
S00141071,101
S00141072,63
S00141073,97
S00141074,113
S00141075,152
S00141076,106
S00141077,83
S00141078,133
S00141079,83
S00141080,84
S00141081,87
S00141082,71
S00141083,78
S00141084,146
S00141085,163
S00141086,110
S00141087,145
S00141088,65
S00141089,112
S00141090,68
S00141091,98
S00141092,73
S00141093,128
S00141094,105
S00141095,64
S00141096,121
S00141097,93
S00141098,95
S00141099,85
S00141100,110
S00141101,113
S00141102,81
S00141103,108
S00141104,65
S00141105,68
S00141106,101
S00141107,95
S00141108,158
S00141109,67
S00141110,145
S00141111,115
S00141112,126
S00141113,69
S00141114,47
S00141115,76
S00141116,65
S00141117,111
S00141118,91
S00141119,68
S00141120,59
S00141121,76
S00141122,72
S00141123,86
S00141124,99
S00141125,102
S00141126,59
S00141127,76
S00141128,117
S00141129,83
S00141130,55
S00141131,138
S00141132,62
S00141133,84
S00141134,63
S00141135,79
S00141136,68
S00141137,69
S00141138,79
S00141139,97
S00141140,94
S00141141,89
S00141142,66
S00141143,90
S00141144,128
S00141145,70
S00141146,65
S00141147,100
S00141148,92
S00141149,68
S00141150,74
S00141151,123
S00141152,70
S00141153,61
S00141154,57
S00141155,110
S00141156,92
S00141157,107
S00141158,113
S00141159,91
S00141160,116
S00141161,110
S00141162,75
S00141163,148
S00141164,139
S00141165,91
S00141166,164
S00141167,70
S00141168,73
S00141169,121
S00141170,92
S00141171,71
S00141172,104
S00141173,66
S00141174,125
S00141175,68
S00141176,79
S00141177,118
S00141178,90
S00141179,85
S00141180,79
S00141181,121
S00141182,95
S00141183,68
S00141184,121
S00141185,91
S00141186,92
S00141187,73
S00141188,133
S00141189,126
S00141190,101
S00141191,113
S00141192,153
S00141193,84
S00141194,115
S00141195,75
S00141196,100
S00141197,123
S00141198,109
S00141199,122
S00141200,108
S00141201,60
S00141202,130
S00141203,141
S00141204,140
S00141205,111
S00141206,88
S00141207,115
S00141208,77
S00141209,120
S00141210,104
S00141211,94
S00141212,67
S00141213,108
S00141214,90
S00141215,86
S00141216,131
S00141217,87
S00141218,103
S00141219,97
S00141220,104
S00141221,97
S00141222,90
S00141223,125
S00141224,130
S00141225,68
S00141226,93
S00141227,50
S00141228,130
S00141229,112
S00141230,117
S00141231,140
S00141232,75
S00141233,91
S00141234,79
S00141235,221
S00141236,137
S00141237,99
S00141238,119
S00141239,94
S00141240,79
S00141241,103
S00141242,77
S00141243,85
S00141244,130
S00141245,59
S00141246,123
S00141247,176
S00141248,104
S00141249,80
S00141250,110
S00141251,68
S00141252,127
S00141253,70
S00141254,112
S00141255,98
S00141256,67
S00141257,82
S00141258,81
S00141259,62
S00141260,128
S00141261,152
S00141262,73
S00141263,75
S00141264,105
S00141265,110
S00141266,60
S00141267,97
S00141268,131
S00141269,104
S00141270,109
S00141271,87
S00141272,78
S00141273,94
S00141274,75
S00141275,107
S00141276,134
S00141277,70
S00141278,126
S00141279,73
S00141280,140
S00141281,71
S00141282,67
S00141283,80
S00141284,85
S00141285,117
S00141286,84
S00141287,124
S00141288,107
S00141289,92
S00141290,64
S00141291,105
S00141292,109
S00141293,82
S00141294,87
S00141295,79
S00141296,67
S00141297,62
S00141298,68
S00141299,63
S00141300,109
S00141301,60
S00141302,71
S00141303,95
S00141304,77
S00141305,115
S00141306,65
S00141307,130
S00141308,64
S00141309,75
S00141310,84
S00141311,86
S00141312,110
S00141313,122
S00141314,102
S00141315,88
S00141316,60
S00141317,73
S00141318,112
S00141319,103
S00141320,79
S00141321,63
S00141322,60
S00141323,85
S00141324,64
S00141325,97
S00141326,58
S00141327,100
S00141328,80
S00141329,98
S00141330,95
S00141331,81
S00141332,68
S00141333,71
S00141334,123
S00141335,141
S00141336,98
S00141337,72
S00141338,137
S00141339,136
S00141340,67
S00141341,111
S00141342,69
S00141343,80
S00141344,108
S00141345,81
S00141346,61
S00141347,105
S00141348,80
S00141349,103
S00141350,90
S00141351,45
S00141352,59
S00141353,67
S00141354,74
S00141355,58
S00141356,79
S00141357,140
S00141358,111
S00141359,65
S00141360,50
S00141361,90
S00141362,75
S00141363,82
S00141364,66
S00141365,116
S00141366,70
S00141367,119
S00141368,71
S00141369,97
S00141370,70
S00141371,100
S00141372,124
S00141373,72
S00141374,95
S00141375,98
S00141376,92
S00141377,66
S00141378,48
S00141379,81
S00141380,108
S00141381,104
S00141382,143
S00141383,96
S00141384,98
S00141385,95
S00141386,100
S00141387,86
S00141388,131
S00141389,75
S00141390,112
S00141391,69
S00141392,66
S00141393,60
S00141394,79
S00141395,80
S00141396,175
S00141397,125
S00141398,99
S00141399,76
S00141400,51
S00141401,125
S00141402,81
S00141403,113
S00141404,87
S00141405,94
S00141406,77
S00141407,77
S00141408,50
S00141409,128
S00141410,77
S00141411,69
S00141412,91
S00141413,60
S00141414,137
S00141415,114
S00141416,79
S00141417,129
S00141418,78
S00141419,95
S00141420,74
S00141421,109
S00141422,56
S00141423,105
S00141424,83
S00141425,76
S00141426,149
S00141427,48
S00141428,125
S00141429,99
S00141430,87
S00141431,81
S00141432,85
S00141433,105
S00141434,93
S00141435,84
S00141436,82
S00141437,125
S00141438,67
S00141439,77
S00141440,101
S00141441,76
S00141442,121
S00141443,70
S00141444,78
S00141445,87
S00141446,143
S00141447,130
S00141448,72
S00141449,89
S00141450,86
S00141451,89
S00141452,101
S00141453,123
S00141454,82
S00141455,71
S00141456,120
S00141457,130
S00141458,80
S00141459,73
S00141460,130
S00141461,116
S00141462,107
S00141463,117
S00141464,63
S00141465,55
S00141466,118
S00141467,118
S00141468,73
S00141469,114
S00141470,77
S00141471,161
S00141472,91
S00141473,126
S00141474,100
S00141475,82
S00141476,123
S00141477,147
S00141478,74
S00141479,73
S00141480,60
S00141481,84
S00141482,84
S00141483,65
S00141484,98
S00141485,113
S00141486,101
S00141487,74
S00141488,78
S00141489,116
S00141490,77
S00141491,79
S00141492,79
S00141493,75
S00141494,117
S00141495,99
S00141496,79
S00141497,128
S00141498,65
S00141499,58
S00141500,85
S00141501,83
S00141502,65
S00141503,95
S00141504,99
S00141505,83
S00141506,84
S00141507,65
S00141508,76
S00141509,130
S00141510,65
S00141511,89
S00141512,112
S00141513,84
S00141514,107
S00141515,77
S00141516,92
S00141517,126
S00141518,85
S00141519,130
S00141520,66
S00141521,89
S00141522,124
S00141523,114
S00141524,79
S00141525,88
S00141526,73
S00141527,101
S00141528,101
S00141529,151
S00141530,59
S00141531,131
S00141532,85
S00141533,153
S00141534,112
S00141535,59
S00141536,87
S00141537,116
S00141538,106
S00141539,119
S00141540,101
S00141541,133
S00141542,55
S00141543,64
S00141544,80
S00141545,83
S00141546,93
S00141547,98
S00141548,64
S00141549,83
S00141550,89
S00141551,98
S00141552,57
S00141553,87
S00141554,55
S00141555,106
S00141556,106
S00141557,79
S00141558,59
S00141559,122
S00141560,71
S00141561,103
S00141562,64
S00141563,113
S00141564,111
S00141565,99
S00141566,72
S00141567,63
S00141568,138
S00141569,127
S00141570,97
S00141571,86
S00141572,112
S00141573,139
S00141574,79
S00141575,114
S00141576,100
S00141577,85
S00141578,82
S00141579,152
S00141580,103
S00141581,63
S00141582,108
S00141583,96
S00141584,59
S00141585,87
S00141586,100
S00141587,140
S00141588,110
S00141589,75
S00141590,76
S00141591,80
S00141592,85
S00141593,69
S00141594,95
S00141595,129
S00141596,139
S00141597,71
S00141598,69
S00141599,93
S00141600,101
S00141601,145
S00141602,145
S00141603,110
S00141604,116
S00141605,89
S00141606,73
S00141607,131
S00141608,75
S00141609,123
S00141610,146
S00141611,101
S00141612,67
S00141613,90
S00141614,67
S00141615,86
S00141616,88
S00141617,65
S00141618,90
S00141619,122
S00141620,91
S00141621,105
S00141622,144
S00141623,89
S00141624,83
S00141625,157
S00141626,89
S00141627,95
S00141628,94
S00141629,75
S00141630,72
S00141631,157
S00141632,119
S00141633,75
S00141634,89
S00141635,54
S00141636,117
S00141637,65
S00141638,65
S00141639,102
S00141640,85
S00141641,81
S00141642,122
S00141643,118
S00141644,110
S00141645,60
S00141646,66
S00141647,63
S00141648,114
S00141649,99
S00141650,75
S00141651,115
S00141652,92
S00141653,99
S00141654,122
S00141655,65
S00141656,94
S00141657,138
S00141658,85
S00141659,70
S00141660,47
S00141661,62
S00141662,82
S00141663,72
S00141664,81
S00141665,118
S00141666,87
S00141667,87
S00141668,156
S00141669,68
S00141670,101
S00141671,65
S00141672,70
S00141673,123
S00141674,102
S00141675,145
S00141676,115
S00141677,134
S00141678,106
S00141679,56
S00141680,115
S00141681,95
S00141682,70
S00141683,85
S00141684,112
S00141685,65
S00141686,72
S00141687,73
S00141688,109
S00141689,85
S00141690,62
S00141691,100
S00141692,85
S00141693,137
S00141694,114
S00141695,73
S00141696,71
S00141697,84
S00141698,76
S00141699,108
S00141700,116
S00141701,97
S00141702,63
S00141703,122
S00141704,49
S00141705,83
S00141706,84
S00141707,128
S00141708,88
S00141709,105
S00141710,144
S00141711,79
S00141712,95
S00141713,146
S00141714,121
S00141715,79
S00141716,80
S00141717,102
S00141718,96
S00141719,85
S00141720,150
S00141721,144
S00141722,97
S00141723,85
S00141724,91
S00141725,86
S00141726,80
S00141727,184
S00141728,104
S00141729,108
S00141730,136
S00141731,87
S00141732,54
S00141733,54
S00141734,128
S00141735,89
S00141736,120
S00141737,73
S00141738,89
S00141739,90
S00141740,118
S00141741,130
S00141742,99
S00141743,70
S00141744,140
S00141745,52
S00141746,85
S00141747,90
S00141748,76
S00141749,67
S00141750,97
S00141751,123
S00141752,91
S00141753,63
S00141754,93
S00141755,131
S00141756,129
S00141757,117
S00141758,88
S00141759,125
S00141760,82
S00141761,109
S00141762,104
S00141763,112
S00141764,81
S00141765,103
S00141766,97
S00141767,92
S00141768,112
S00141769,76
S00141770,65
S00141771,78
S00141772,96
S00141773,107
S00141774,79
S00141775,60
S00141776,71
S00141777,141
S00141778,92
S00141779,62
S00141780,93
S00141781,101
S00141782,111
S00141783,95
S00141784,101
S00141785,96
S00141786,118
S00141787,104
S00141788,105
S00141789,56
S00141790,85
S00141791,51
S00141792,107
S00141793,78
S00141794,57
S00141795,94
S00141796,80
S00141797,67
S00141798,90
S00141799,100
S00141800,95
S00141801,82
S00141802,126
S00141803,62
S00141804,144
S00141805,81
S00141806,77
S00141807,120
S00141808,85
S00141809,84
S00141810,92
S00141811,78
S00141812,150
S00141813,107
S00141814,84
S00141815,55
S00141816,78
S00141817,120
S00141818,130
S00141819,57
S00141820,69
S00141821,68
S00141822,84
S00141823,74
S00141824,88
S00141825,86
S00141826,83
S00141827,68
S00141828,87
S00141829,130
S00141830,82
S00141831,79
S00141832,101
S00141833,91
S00141834,108
S00141835,92
S00141836,56
S00141837,103
S00141838,56
S00141839,79
S00141840,80
S00141841,73
S00141842,101
S00141843,92
S00141844,55
S00141845,111
S00141846,97
S00141847,96
S00141848,70
S00141849,83
S00141850,85
S00141851,128
S00141852,47
S00141853,123
S00141854,62
S00141855,101
S00141856,129
S00141857,88
S00141858,87
S00141859,112
S00141860,112
S00141861,128
S00141862,90
S00141863,95
S00141864,102
S00141865,89
S00141866,115
S00141867,77
S00141868,58
S00141869,68
S00141870,73
S00141871,67
S00141872,106
S00141873,120
S00141874,100
S00141875,66
S00141876,111
S00141877,163
S00141878,73
S00141879,79
S00141880,75
S00141881,162
S00141882,124
S00141883,107
S00141884,106
S00141885,66
S00141886,118
S00141887,71
S00141888,102
S00141889,141
S00141890,64
S00141891,65
S00141892,65
S00141893,93
S00141894,82
S00141895,77
S00141896,178
S00141897,78
S00141898,68
S00141899,107
S00141900,67
S00141901,99
S00141902,125
S00141903,103
S00141904,94
S00141905,75
S00141906,91
S00141907,128
S00141908,67
S00141909,85
S00141910,53
S00141911,125
S00141912,84
S00141913,68
S00141914,133
S00141915,78
S00141916,72
S00141917,56
S00141918,78
S00141919,93
S00141920,97
S00141921,69
S00141922,128
S00141923,59
S00141924,61
S00141925,88
S00141926,123
S00141927,115
S00141928,123
S00141929,86
S00141930,83
S00141931,103
S00141932,114
S00141933,76
S00141934,91
S00141935,399
S00141936,112
S00141937,128
S00141938,60
S00141939,120
S00141940,108
S00141941,76
S00141942,74
S00141943,60
S00141944,76
S00141945,121
S00141946,77
S00141947,83
S00141948,100
S00141949,96
S00141950,59
S00141951,107
S00141952,114
S00141953,135
S00141954,74
S00141955,107
S00141956,97
S00141957,75
S00141958,131
S00141959,90
S00141960,69
S00141961,62
S00141962,96
S00141963,103
S00141964,103
S00141965,65
S00141966,111
S00141967,82
S00141968,136
S00141969,93
S00141970,124
S00141971,82
S00141972,73
S00141973,61
S00141974,106
S00141975,87
S00141976,112
S00141977,104
S00141978,72
S00141979,72
S00141980,94
S00141981,63
S00141982,61
S00141983,83
S00141984,68
S00141985,96
S00141986,126
S00141987,128
S00141988,89
S00141989,94
S00141990,83
S00141991,76
S00141992,141
S00141993,99
S00141994,106
S00141995,101
S00141996,156
S00141997,83
S00141998,141
S00141999,111
S00142000,51
S00142001,62
S00142002,84
S00142003,114
S00142004,111
S00142005,65
S00142006,63
S00142007,122
S00142008,107
S00142009,93
S00142010,127
S00142011,80
S00142012,101
S00142013,85
S00142014,93
S00142015,65
S00142016,102
S00142017,96
S00142018,81
S00142019,51
S00142020,101
S00142021,81
S00142022,75
S00142023,85
S00142024,60
S00142025,77
S00142026,106
S00142027,108
S00142028,81
S00142029,138
S00142030,108
S00142031,72
S00142032,95
S00142033,60
S00142034,68
S00142035,78
S00142036,79
S00142037,81
S00142038,103
S00142039,64
S00142040,74
S00142041,94
S00142042,93
S00142043,90
S00142044,85
S00142045,74
S00142046,118
S00142047,75
S00142048,46
S00142049,103
S00142050,67
S00142051,97
S00142052,121
S00142053,63
S00142054,99
S00142055,83
S00142056,56
S00142057,76
S00142058,67
S00142059,54
S00142060,109
S00142061,143
S00142062,96
S00142063,116
S00142064,90
S00142065,85
S00142066,76
S00142067,92
S00142068,101
S00142069,105
S00142070,109
S00142071,135
S00142072,122
S00142073,80
S00142074,108
S00142075,156
S00142076,71
S00142077,66
S00142078,120
S00142079,93
S00142080,102
S00142081,90
S00142082,86
S00142083,69
S00142084,132
S00142085,61
S00142086,76
S00142087,48
S00142088,95
S00142089,101
S00142090,78
S00142091,60
S00142092,56
S00142093,120
S00142094,137
S00142095,57
S00142096,449
S00142097,117
S00142098,126
S00142099,86
S00142100,60
S00142101,133
S00142102,82
S00142103,123
S00142104,103
S00142105,65
S00142106,72
S00142107,132
S00142108,100
S00142109,111
S00142110,53
S00142111,100
S00142112,94
S00142113,98
S00142114,72
S00142115,77
S00142116,62
S00142117,94
S00142118,96
S00142119,103
S00142120,76
S00142121,113
S00142122,95
S00142123,81
S00142124,98
S00142125,98
S00142126,92
S00142127,123
S00142128,109
S00142129,144
S00142130,95
S00142131,84
S00142132,78
S00142133,83
S00142134,84
S00142135,50
S00142136,83
S00142137,60
S00142138,87
S00142139,61
S00142140,83
S00142141,116
S00142142,102
S00142143,71
S00142144,51
S00142145,63
S00142146,72
S00142147,96
S00142148,191
S00142149,101
S00142150,61
S00142151,147
S00142152,96
S00142153,115
S00142154,77
S00142155,76
S00142156,83
S00142157,113
S00142158,94
S00142159,69
S00142160,104
S00142161,85
S00142162,129
S00142163,70
S00142164,112
S00142165,71
S00142166,83
S00142167,59
S00142168,100
S00142169,122
S00142170,121
S00142171,83
S00142172,66
S00142173,108
S00142174,112
S00142175,95
S00142176,93
S00142177,83
S00142178,102
S00142179,58
S00142180,80
S00142181,70
S00142182,86
S00142183,83
S00142184,78
S00142185,145
S00142186,110
S00142187,86
S00142188,96
S00142189,59
S00142190,91
S00142191,86
S00142192,78
S00142193,85
S00142194,101
S00142195,85
S00142196,101
S00142197,65
S00142198,144
S00142199,55
S00142200,113
S00142201,98
S00142202,105
S00142203,54
S00142204,90
S00142205,98
S00142206,69
S00142207,86
S00142208,92
S00142209,100
S00142210,97
S00142211,55
S00142212,84
S00142213,121
S00142214,84
S00142215,118
S00142216,99
S00142217,60
S00142218,78
S00142219,93
S00142220,81
S00142221,65
S00142222,87
S00142223,335
S00142224,86
S00142225,83
S00142226,78
S00142227,106
S00142228,95
S00142229,134
S00142230,55
S00142231,66
S00142232,136
S00142233,65
S00142234,70
S00142235,103
S00142236,97
S00142237,103
S00142238,61
S00142239,87
S00142240,81
S00142241,129
S00142242,67
S00142243,97
S00142244,83
S00142245,96
S00142246,113
S00142247,71
S00142248,60
S00142249,95
S00142250,96
S00142251,87
S00142252,95
S00142253,89
S00142254,133
S00142255,117
S00142256,86
S00142257,81
S00142258,72
S00142259,108
S00142260,49
S00142261,84
S00142262,81
S00142263,107
S00142264,121
S00142265,80
S00142266,46
S00142267,76
S00142268,104
S00142269,81
S00142270,86
S00142271,94
S00142272,92
S00142273,95
S00142274,125
S00142275,85
S00142276,57
S00142277,144
S00142278,70
S00142279,82
S00142280,92
S00142281,68
S00142282,73
S00142283,78
S00142284,92
S00142285,473
S00142286,76
S00142287,71
S00142288,74
S00142289,98
S00142290,105
S00142291,71
S00142292,120
S00142293,120
S00142294,91
S00142295,83
S00142296,72
S00142297,85
S00142298,82
S00142299,58
S00142300,75
S00142301,108
S00142302,99
S00142303,70
S00142304,82
S00142305,66
S00142306,68
S00142307,65
S00142308,132
S00142309,225
S00142310,67
S00142311,119
S00142312,110
S00142313,60
S00142314,108
S00142315,88
S00142316,85
S00142317,83
S00142318,111
S00142319,54
S00142320,90
S00142321,91
S00142322,118
S00142323,83
S00142324,69
S00142325,84
S00142326,116
S00142327,88
S00142328,112
S00142329,86
S00142330,120
S00142331,49
S00142332,86
S00142333,138
S00142334,88
S00142335,102
S00142336,72
S00142337,158
S00142338,89
S00142339,115
S00142340,116
S00142341,60
S00142342,76
S00142343,65
S00142344,103
S00142345,108
S00142346,112
S00142347,136
S00142348,129
S00142349,103
S00142350,104
S00142351,123
S00142352,79
S00142353,82
S00142354,261
S00142355,82
S00142356,58
S00142357,98
S00142358,108
S00142359,91
S00142360,149
S00142361,135
S00142362,106
S00142363,131
S00142364,90
S00142365,96
S00142366,92
S00142367,108
S00142368,60
S00142369,122
S00142370,82
S00142371,94
S00142372,116
S00142373,97
S00142374,94
S00142375,126
S00142376,98
S00142377,78
S00142378,88
S00142379,88
S00142380,120
S00142381,106
S00142382,132
S00142383,108
S00142384,83
S00142385,64
S00142386,73
S00142387,89
S00142388,101
S00142389,84
S00142390,98
S00142391,108
S00142392,100
S00142393,71
S00142394,59
S00142395,76
S00142396,60
S00142397,98
S00142398,111
S00142399,86
S00142400,100
S00142401,67
S00142402,104
S00142403,109
S00142404,122
S00142405,68
S00142406,78
S00142407,73
S00142408,95
S00142409,69
S00142410,168
S00142411,100
S00142412,69
S00142413,64
S00142414,90
S00142415,112
S00142416,80
S00142417,131
S00142418,98
S00142419,44
S00142420,80
S00142421,93
S00142422,85
S00142423,74
S00142424,70
S00142425,145
S00142426,113
S00142427,93
S00142428,98
S00142429,140
S00142430,142
S00142431,92
S00142432,97
S00142433,102
S00142434,67
S00142435,61
S00142436,60
S00142437,87
S00142438,65
S00142439,83
S00142440,128
S00142441,102
S00142442,102
S00142443,74
S00142444,113
S00142445,94
S00142446,84
S00142447,121
S00142448,74
S00142449,91
S00142450,78
S00142451,229
S00142452,335
S00142453,96
S00142454,80
S00142455,107
S00142456,71
S00142457,85
S00142458,89
S00142459,86
S00142460,56
S00142461,92
S00142462,91
S00142463,94
S00142464,132
S00142465,106
S00142466,83
S00142467,90
S00142468,55
S00142469,116
S00142470,74
S00142471,64
S00142472,129
S00142473,77
S00142474,73
S00142475,127
S00142476,88
S00142477,99
S00142478,178
S00142479,79
S00142480,84
S00142481,111
S00142482,144
S00142483,116
S00142484,64
S00142485,88
S00142486,86
S00142487,72
S00142488,119
S00142489,110
S00142490,78
S00142491,86
S00142492,105
S00142493,80
S00142494,67
S00142495,85
S00142496,74
S00142497,81
S00142498,118
S00142499,89
S00142500,64
S00142501,118
S00142502,62
S00142503,86
S00142504,69
S00142505,73
S00142506,69
S00142507,83
S00142508,100
S00142509,86
S00142510,85
S00142511,79
S00142512,74
S00142513,57
S00142514,111
S00142515,62
S00142516,80
S00142517,94
S00142518,102
S00142519,102
S00142520,86
S00142521,90
S00142522,63
S00142523,99
S00142524,112
S00142525,76
S00142526,89
S00142527,147
S00142528,92
S00142529,85
S00142530,63
S00142531,83
S00142532,105
S00142533,59
S00142534,112
S00142535,53
S00142536,97
S00142537,84
S00142538,108
S00142539,94
S00142540,89
S00142541,62
S00142542,75
S00142543,62
S00142544,233
S00142545,262
S00142546,92
S00142547,112
S00142548,109
S00142549,67
S00142550,75
S00142551,87
S00142552,70
S00142553,85
S00142554,77
S00142555,78
S00142556,117
S00142557,111
S00142558,59
S00142559,116
S00142560,68
S00142561,47
S00142562,93
S00142563,69
S00142564,102
S00142565,73
S00142566,126
S00142567,132
S00142568,81
S00142569,75
S00142570,67
S00142571,74
S00142572,106
S00142573,76
S00142574,97
S00142575,123
S00142576,118
S00142577,80
S00142578,63
S00142579,88
S00142580,62
S00142581,83
S00142582,143
S00142583,93
S00142584,92
S00142585,87
S00142586,90
S00142587,66
S00142588,114
S00142589,96
S00142590,104
S00142591,80
S00142592,141
S00142593,90
S00142594,107
S00142595,88
S00142596,80
S00142597,92
S00142598,72
S00142599,76
S00142600,88
S00142601,59
S00142602,124
S00142603,142
S00142604,108
S00142605,79
S00142606,145
S00142607,96
S00142608,107
S00142609,73
S00142610,104
S00142611,88
S00142612,115
S00142613,53
S00142614,78
S00142615,138
S00142616,145
S00142617,111
S00142618,67
S00142619,69
S00142620,92
S00142621,85
S00142622,136
S00142623,146
S00142624,144
S00142625,82
S00142626,72
S00142627,132
S00142628,57
S00142629,76
S00142630,80
S00142631,81
S00142632,71
S00142633,121
S00142634,73
S00142635,73
S00142636,63
S00142637,75
S00142638,67
S00142639,78
S00142640,99
S00142641,77
S00142642,118
S00142643,92
S00142644,91
S00142645,77
S00142646,83
S00142647,80
S00142648,156
S00142649,71
S00142650,96
S00142651,83
S00142652,104
S00142653,117
S00142654,89
S00142655,109
S00142656,70
S00142657,60
S00142658,65
S00142659,89
S00142660,102
S00142661,116
S00142662,77
S00142663,65
S00142664,79
S00142665,85
S00142666,68
S00142667,63
S00142668,65
S00142669,97
S00142670,98
S00142671,77
S00142672,98
S00142673,83
S00142674,83
S00142675,91
S00142676,99
S00142677,97
S00142678,64
S00142679,58
S00142680,76
S00142681,108
S00142682,72
S00142683,66
S00142684,105
S00142685,127
S00142686,67
S00142687,115
S00142688,69
S00142689,103
S00142690,134
S00142691,74
S00142692,92
S00142693,69
S00142694,94
S00142695,75
S00142696,68
S00142697,99
S00142698,121
S00142699,84
S00142700,109
S00142701,101
S00142702,113
S00142703,56
S00142704,81
S00142705,62
S00142706,314
S00142707,116
S00142708,71
S00142709,66
S00142710,69
S00142711,56
S00142712,74
S00142713,80
S00142714,91
S00142715,60
S00142716,81
S00142717,51
S00142718,111
S00142719,91
S00142720,76
S00142721,105
S00142722,80
S00142723,105
S00142724,94
S00142725,93
S00142726,84
S00142727,95
S00142728,59
S00142729,74
S00142730,65
S00142731,65
S00142732,85
S00142733,72
S00142734,65
S00142735,123
S00142736,131
S00142737,133
S00142738,101
S00142739,57
S00142740,136
S00142741,74
S00142742,98
S00142743,125
S00142744,82
S00142745,71
S00142746,89
S00142747,72
S00142748,79
S00142749,84
S00142750,76
S00142751,100
S00142752,87
S00142753,59
S00142754,112
S00142755,146
S00142756,124
S00142757,61
S00142758,147
S00142759,101
S00142760,100
S00142761,65
S00142762,96
S00142763,110
S00142764,89
S00142765,122
S00142766,96
S00142767,93
S00142768,472
S00142769,91
S00142770,62
S00142771,71
S00142772,138
S00142773,74
S00142774,67
S00142775,97
S00142776,83
S00142777,80
S00142778,75
S00142779,66
S00142780,82
S00142781,100
S00142782,62
S00142783,86
S00142784,79
S00142785,122
S00142786,83
S00142787,93
S00142788,84
S00142789,98
S00142790,83
S00142791,112
S00142792,120
S00142793,88
S00142794,111
S00142795,79
S00142796,111
S00142797,88
S00142798,65
S00142799,97
S00142800,74
S00142801,66
S00142802,131
S00142803,88
S00142804,119
S00142805,59
S00142806,88
S00142807,92
S00142808,114
S00142809,85
S00142810,92
S00142811,98
S00142812,99
S00142813,117
S00142814,112
S00142815,60
S00142816,99
S00142817,139
S00142818,78
S00142819,112
S00142820,75
S00142821,125
S00142822,80
S00142823,74
S00142824,78
S00142825,113
S00142826,60
S00142827,100
S00142828,114
S00142829,82
S00142830,90
S00142831,141
S00142832,91
S00142833,103
S00142834,77
S00142835,105
S00142836,105
S00142837,95
S00142838,69
S00142839,116
S00142840,75
S00142841,85
S00142842,78
S00142843,60
S00142844,94
S00142845,85
S00142846,78
S00142847,93
S00142848,73
S00142849,90
S00142850,67
S00142851,86
S00142852,95
S00142853,103
S00142854,76
S00142855,87
S00142856,132
S00142857,118
S00142858,60
S00142859,111
S00142860,81
S00142861,54
S00142862,84
S00142863,77
S00142864,92
S00142865,66
S00142866,97
S00142867,75
S00142868,72
S00142869,68
S00142870,109
S00142871,129
S00142872,112
S00142873,110
S00142874,63
S00142875,65
S00142876,108
S00142877,75
S00142878,95
S00142879,123
S00142880,71
S00142881,103
S00142882,58
S00142883,57
S00142884,94
S00142885,124
S00142886,91
S00142887,87
S00142888,132
S00142889,96
S00142890,407
S00142891,70
S00142892,88
S00142893,127
S00142894,114
S00142895,67
S00142896,89
S00142897,88
S00142898,120
S00142899,126
S00142900,83
S00142901,89
S00142902,98
S00142903,119
S00142904,93
S00142905,69
S00142906,88
S00142907,93
S00142908,81
S00142909,148
S00142910,84
S00142911,108
S00142912,92
S00142913,96
S00142914,94
S00142915,77
S00142916,81
S00142917,87
S00142918,85
S00142919,77
S00142920,84
S00142921,116
S00142922,65
S00142923,94
S00142924,75
S00142925,77
S00142926,106
S00142927,89
S00142928,109
S00142929,58
S00142930,222
S00142931,77
S00142932,89
S00142933,101
S00142934,89
S00142935,88
S00142936,107
S00142937,126
S00142938,72
S00142939,74
S00142940,84
S00142941,72
S00142942,138
S00142943,239
S00142944,64
S00142945,60
S00142946,103
S00142947,82
S00142948,139
S00142949,65
S00142950,81
S00142951,68
S00142952,64
S00142953,78
S00142954,103
S00142955,133
S00142956,135
S00142957,68
S00142958,63
S00142959,80
S00142960,119
S00142961,74
S00142962,56
S00142963,89
S00142964,62
S00142965,86
S00142966,82
S00142967,71
S00142968,129
S00142969,93
S00142970,105
S00142971,85
S00142972,58
S00142973,231
S00142974,103
S00142975,74
S00142976,83
S00142977,90
S00142978,82
S00142979,83
S00142980,77
S00142981,102
S00142982,97
S00142983,80
S00142984,94
S00142985,123
S00142986,85
S00142987,55
S00142988,76
S00142989,59
S00142990,118
S00142991,66
S00142992,101
S00142993,123
S00142994,112
S00142995,72
S00142996,128
S00142997,123
S00142998,69
S00142999,107
S00143000,98
S00143001,86
S00143002,99
S00143003,92
S00143004,124
S00143005,85
S00143006,131
S00143007,96
S00143008,102
S00143009,52
S00143010,98
S00143011,114
S00143012,102
S00143013,97
S00143014,108
S00143015,113
S00143016,69
S00143017,98
S00143018,60
S00143019,123
S00143020,90
S00143021,78
S00143022,81
S00143023,64
S00143024,92
S00143025,126
S00143026,60
S00143027,114
S00143028,119
S00143029,85
S00143030,91
S00143031,67
S00143032,109
S00143033,109
S00143034,130
S00143035,137
S00143036,69
S00143037,86
S00143038,107
S00143039,75
S00143040,98
S00143041,103
S00143042,106
S00143043,72
S00143044,96
S00143045,91
S00143046,133
S00143047,96
S00143048,58
S00143049,82
S00143050,96
S00143051,114
S00143052,112
S00143053,67
S00143054,70
S00143055,90
S00143056,72
S00143057,89
S00143058,94
S00143059,52
S00143060,94
S00143061,87
S00143062,79
S00143063,51
S00143064,77
S00143065,118
S00143066,115
S00143067,149
S00143068,70
S00143069,105
S00143070,101
S00143071,115
S00143072,96
S00143073,95
S00143074,104
S00143075,61
S00143076,110
S00143077,94
S00143078,66
S00143079,831
S00143080,103
S00143081,94
S00143082,105
S00143083,93
S00143084,91
S00143085,64
S00143086,61
S00143087,112
S00143088,81
S00143089,105
S00143090,62
S00143091,72
S00143092,118
S00143093,103
S00143094,97
S00143095,142
S00143096,72
S00143097,278
S00143098,101
S00143099,70
S00143100,76
S00143101,76
S00143102,124
S00143103,140
S00143104,113
S00143105,122
S00143106,80
S00143107,206
S00143108,56
S00143109,133
S00143110,60
S00143111,70
S00143112,58
S00143113,142
S00143114,99
S00143115,84
S00143116,73
S00143117,83
S00143118,250
S00143119,87
S00143120,77
S00143121,110
S00143122,131
S00143123,166
S00143124,122
S00143125,154
S00143126,112
S00143127,113
S00143128,89
S00143129,162
S00143130,59
S00143131,87
S00143132,75
S00143133,88
S00143134,135
S00143135,78
S00143136,75
S00143137,135
S00143138,78
S00143139,67
S00143140,105
S00143141,90
S00143142,86
S00143143,101
S00143144,95
S00143145,108
S00143146,81
S00143147,79
S00143148,72
S00143149,103
S00143150,77
S00143151,78
S00143152,116
S00143153,73
S00143154,57
S00143155,93
S00143156,80
S00143157,133
S00143158,123
S00143159,88
S00143160,379
S00143161,65
S00143162,68
S00143163,502
S00143164,143
S00143165,59
S00143166,64
S00143167,71
S00143168,137
S00143169,82
S00143170,136
S00143171,78
S00143172,81
S00143173,78
S00143174,81
S00143175,121
S00143176,100
S00143177,137
S00143178,134
S00143179,89
S00143180,88
S00143181,99
S00143182,96
S00143183,115
S00143184,95
S00143185,62
S00143186,104
S00143187,108
S00143188,69
S00143189,105
S00143190,103
S00143191,97
S00143192,89
S00143193,83
S00143194,105
S00143195,367
S00143196,101
S00143197,184
S00143198,53
S00143199,165
S00143200,181
S00143201,185
S00143202,68
S00143203,96
S00143204,353
S00143205,163
S00143206,104
S00143207,129
S00143208,97
S00143209,64
S00143210,80
S00143211,94
S00143212,113
S00143213,99
S00143214,153
S00143215,140
S00143216,97
S00143217,83
S00143218,78
S00143219,101
S00143220,98
S00143221,98
S00143222,94
S00143223,96
S00143224,120
S00143225,86
S00143226,93
S00143227,63
S00143228,61
S00143229,420
S00143230,89
S00143231,112
S00143232,95
S00143233,130
S00143234,225
S00143235,62
S00143236,93
S00143237,101
S00143238,92
S00143239,123
S00143240,92
S00143241,121
S00143242,195
S00143243,157
S00143244,76
S00143245,104
S00143246,68
S00143247,69
S00143248,111
S00143249,114
S00143250,194
S00143251,139
S00143252,90
S00143253,111
S00143254,174
S00143255,108
S00143256,81
S00143257,136
S00143258,123
S00143259,139
S00143260,108
S00143261,62
S00143262,64
S00143263,90
S00143264,93
S00143265,158
S00143266,86
S00143267,185
S00143268,88
S00143269,91
S00143270,138
S00143271,93
S00143272,63
S00143273,97
S00143274,70
S00143275,114
S00143276,75
S00143277,73
S00143278,112
S00143279,62
S00143280,48
S00143281,90
S00143282,92
S00143283,83
S00143284,83
S00143285,162
S00143286,89
S00143287,94
S00143288,82
S00143289,131
S00143290,70
S00143291,69
S00143292,74
S00143293,63
S00143294,91
S00143295,85
S00143296,78
S00143297,71
S00143298,227
S00143299,81
S00143300,81
S00143301,108
S00143302,321
S00143303,83
S00143304,129
S00143305,77
S00143306,147
S00143307,103
S00143308,85
S00143309,94
S00143310,80
S00143311,109
S00143312,194
S00143313,76
S00143314,77
S00143315,89
S00143316,101
S00143317,86
S00143318,73
S00143319,66
S00143320,78
S00143321,162
S00143322,106
S00143323,87
S00143324,157
S00143325,77
S00143326,97
S00143327,80
S00143328,57
S00143329,95
S00143330,54
S00143331,106
S00143332,129
S00143333,125
S00143334,68
S00143335,115
S00143336,93
S00143337,120
S00143338,104
S00143339,142
S00143340,90
S00143341,108
S00143342,145
S00143343,104
S00143344,95
S00143345,125
S00143346,407
S00143347,105
S00143348,96
S00143349,101
S00143350,102
S00143351,73
S00143352,148
S00143353,70
S00143354,66
S00143355,76
S00143356,90
S00143357,81
S00143358,70
S00143359,81
S00143360,75
S00143361,144
S00143362,61
S00143363,68
S00143364,85
S00143365,113
S00143366,97
S00143367,111
S00143368,377
S00143369,111
S00143370,108
S00143371,73
S00143372,70
S00143373,118
S00143374,113
S00143375,94
S00143376,111
S00143377,114
S00143378,64
S00143379,78
S00143380,83
S00143381,78
S00143382,73
S00143383,63
S00143384,71
S00143385,164
S00143386,89
S00143387,84
S00143388,108
S00143389,76
S00143390,96
S00143391,106
S00143392,427
S00143393,101
S00143394,103
S00143395,77
S00143396,121
S00143397,129
S00143398,136
S00143399,128
S00143400,108
S00143401,87
S00143402,96
S00143403,170
S00143404,87
S00143405,109
S00143406,64
S00143407,97
S00143408,104
S00143409,84
S00143410,81
S00143411,108
S00143412,60
S00143413,82
S00143414,105
S00143415,57
S00143416,102
S00143417,114
S00143418,123
S00143419,92
S00143420,97
S00143421,103
S00143422,132
S00143423,74
S00143424,124
S00143425,138
S00143426,73
S00143427,79
S00143428,79
S00143429,160
S00143430,73
S00143431,75
S00143432,115
S00143433,102
S00143434,80
S00143435,73
S00143436,92
S00143437,119
S00143438,214
S00143439,115
S00143440,150
S00143441,91
S00143442,86
S00143443,65
S00143444,66
S00143445,69
S00143446,66
S00143447,627
S00143448,60
S00143449,78
S00143450,114
S00143451,91
S00143452,153
S00143453,134
S00143454,68
S00143455,110
S00143456,123
S00143457,106
S00143458,71
S00143459,108
S00143460,124
S00143461,91
S00143462,139
S00143463,69
S00143464,65
S00143465,121
S00143466,94
S00143467,58
S00143468,94
S00143469,112
S00143470,78
S00143471,147
S00143472,92
S00143473,93
S00143474,55
S00143475,113
S00143476,94
S00143477,83
S00143478,113
S00143479,73
S00143480,84
S00143481,60
S00143482,126
S00143483,103
S00143484,1281
S00143485,73
S00143486,149
S00143487,73
S00143488,104
S00143489,91
S00143490,126
S00143491,121
S00143492,118
S00143493,108
S00143494,107
S00143495,69
S00143496,78
S00143497,105
S00143498,76
S00143499,84
S00143500,77
S00143501,121
S00143502,94
S00143503,61
S00143504,86
S00143505,82
S00143506,69
S00143507,604
S00143508,93
S00143509,91
S00143510,68
S00143511,74
S00143512,101
S00143513,95
S00143514,96
S00143515,78
S00143516,81
S00143517,79
S00143518,95
S00143519,124
S00143520,82
S00143521,67
S00143522,79
S00143523,63
S00143524,111
S00143525,60
S00143526,100
S00143527,95
S00143528,92
S00143529,60
S00143530,64
S00143531,404
S00143532,116
S00143533,83
S00143534,136
S00143535,81
S00143536,137
S00143537,77
S00143538,92
S00143539,149
S00143540,103
S00143541,78
S00143542,93
S00143543,78
S00143544,134
S00143545,114
S00143546,74
S00143547,101
S00143548,102
S00143549,106
S00143550,106
S00143551,139
S00143552,100
S00143553,106
S00143554,117
S00143555,96
S00143556,60
S00143557,101
S00143558,136
S00143559,52
S00143560,108
S00143561,138
S00143562,82
S00143563,112
S00143564,124
S00143565,98
S00143566,128
S00143567,70
S00143568,70
S00143569,69
S00143570,104
S00143571,91
S00143572,106
S00143573,165
S00143574,109
S00143575,206
S00143576,325
S00143577,79
S00143578,66
S00143579,257
S00143580,87
S00143581,154
S00143582,112
S00143583,73
S00143584,74
S00143585,91
S00143586,71
S00143587,119
S00143588,68
S00143589,107
S00143590,119
S00143591,160
S00143592,84
S00143593,119
S00143594,110
S00143595,190
S00143596,84
S00143597,81
S00143598,105
S00143599,107
S00143600,60
S00143601,115
S00143602,65
S00143603,86
S00143604,82
S00143605,84
S00143606,72
S00143607,123
S00143608,56
S00143609,61
S00143610,119
S00143611,80
S00143612,99
S00143613,123
S00143614,119
S00143615,85
S00143616,72
S00143617,138
S00143618,96
S00143619,52
S00143620,70
S00143621,90
S00143622,103
S00143623,63
S00143624,110
S00143625,138
S00143626,81
S00143627,70
S00143628,79
S00143629,63
S00143630,87
S00143631,96
S00143632,71
S00143633,78
S00143634,102
S00143635,96
S00143636,132
S00143637,97
S00143638,2283
S00143639,74
S00143640,187
S00143641,101
S00143642,711
S00143643,134
S00143644,94
S00143645,93
S00143646,192
S00143647,329
S00143648,126
S00143649,112
S00143650,122
S00143651,82
S00143652,131
S00143653,76
S00143654,99
S00143655,91
S00143656,78
S00143657,80
S00143658,130
S00143659,105
S00143660,62
S00143661,474
S00143662,70
S00143663,88
S00143664,62
S00143665,73
S00143666,104
S00143667,70
S00143668,129
S00143669,95
S00143670,234
S00143671,120
S00143672,102
S00143673,62
S00143674,94
S00143675,107
S00143676,79
S00143677,144
S00143678,91
S00143679,74
S00143680,96
S00143681,123
S00143682,60
S00143683,100
S00143684,71
S00143685,53
S00143686,86
S00143687,140
S00143688,93
S00143689,70
S00143690,106
S00143691,104
S00143692,131
S00143693,58
S00143694,84
S00143695,89
S00143696,92
S00143697,125
S00143698,104
S00143699,88
S00143700,81
S00143701,75
S00143702,93
S00143703,88
S00143704,119
S00143705,105
S00143706,83
S00143707,69
S00143708,91
S00143709,132
S00143710,131
S00143711,124
S00143712,97
S00143713,137
S00143714,64
S00143715,82
S00143716,116
S00143717,100
S00143718,226
S00143719,121
S00143720,141
S00143721,54
S00143722,96
S00143723,87
S00143724,84
S00143725,79
S00143726,84
S00143727,106
S00143728,118
S00143729,83
S00143730,132
S00143731,83
S00143732,100
S00143733,117
S00143734,115
S00143735,83
S00143736,84
S00143737,82
S00143738,64
S00143739,101
S00143740,78
S00143741,78
S00143742,99
S00143743,93
S00143744,107
S00143745,88
S00143746,77
S00143747,197
S00143748,99
S00143749,91
S00143750,99
S00143751,96
S00143752,118
S00143753,75
S00143754,144
S00143755,99
S00143756,254
S00143757,105
S00143758,91
S00143759,146
S00143760,140
S00143761,114
S00143762,110
S00143763,112
S00143764,85
S00143765,118
S00143766,82
S00143767,114
S00143768,166
S00143769,105
S00143770,91
S00143771,78
S00143772,70
S00143773,69
S00143774,87
S00143775,118
S00143776,80
S00143777,88
S00143778,76
S00143779,105
S00143780,107
S00143781,86
S00143782,108
S00143783,158
S00143784,113
S00143785,126
S00143786,96
S00143787,103
S00143788,118
S00143789,71
S00143790,90
S00143791,127
S00143792,124
S00143793,107
S00143794,115
S00143795,103
S00143796,131
S00143797,98
S00143798,140
S00143799,180
S00143800,74
S00143801,67
S00143802,117
S00143803,84
S00143804,94
S00143805,62
S00143806,80
S00143807,78
S00143808,72
S00143809,89
S00143810,126
S00143811,92
S00143812,104
S00143813,167
S00143814,99
S00143815,61
S00143816,107
S00143817,111
S00143818,113
S00143819,96
S00143820,140
S00143821,97
S00143822,97
S00143823,244
S00143824,154
S00143825,178
S00143826,140
S00143827,95
S00143828,103
S00143829,77
S00143830,72
S00143831,150
S00143832,135
S00143833,69
S00143834,73
S00143835,86
S00143836,84
S00143837,60
S00143838,61
S00143839,129
S00143840,62
S00143841,76
S00143842,113
S00143843,64
S00143844,105
S00143845,113
S00143846,93
S00143847,126
S00143848,56
S00143849,79
S00143850,75
S00143851,135
S00143852,106
S00143853,60
S00143854,64
S00143855,62
S00143856,121
S00143857,117
S00143858,84
S00143859,87
S00143860,83
S00143861,121
S00143862,159
S00143863,70
S00143864,93
S00143865,63
S00143866,79
S00143867,122
S00143868,143
S00143869,91
S00143870,120
S00143871,152
S00143872,69
S00143873,97
S00143874,99
S00143875,74
S00143876,171
S00143877,117
S00143878,128
S00143879,137
S00143880,110
S00143881,135
S00143882,107
S00143883,85
S00143884,72
S00143885,87
S00143886,71
S00143887,145
S00143888,118
S00143889,150
S00143890,69
S00143891,138
S00143892,66
S00143893,115
S00143894,153
S00143895,137
S00143896,134
S00143897,61
S00143898,72
S00143899,89
S00143900,95
S00143901,68
S00143902,101
S00143903,108
S00143904,129
S00143905,67
S00143906,97
S00143907,141
S00143908,94
S00143909,79
S00143910,130
S00143911,87
S00143912,133
S00143913,92
S00143914,62
S00143915,69
S00143916,63
S00143917,86
S00143918,90
S00143919,85
S00143920,103
S00143921,63
S00143922,117
S00143923,131
S00143924,118
S00143925,120
S00143926,123
S00143927,125
S00143928,61
S00143929,96
S00143930,161
S00143931,164
S00143932,89
S00143933,87
S00143934,190
S00143935,96
S00143936,87
S00143937,117
S00143938,130
S00143939,98
S00143940,65
S00143941,111
S00143942,65
S00143943,156
S00143944,117
S00143945,72
S00143946,80
S00143947,63
S00143948,97
S00143949,65
S00143950,98
S00143951,70
S00143952,122
S00143953,95
S00143954,68
S00143955,82
S00143956,81
S00143957,88
S00143958,79
S00143959,80
S00143960,149
S00143961,77
S00143962,82
S00143963,146
S00143964,306
S00143965,80
S00143966,56
S00143967,86
S00143968,61
S00143969,120
S00143970,81
S00143971,198
S00143972,110
S00143973,133
S00143974,145
S00143975,154
S00143976,80
S00143977,99
S00143978,70
S00143979,158
S00143980,112
S00143981,64
S00143982,74
S00143983,118
S00143984,114
S00143985,84
S00143986,110
S00143987,60
S00143988,57
S00143989,62
S00143990,101
S00143991,74
S00143992,85
S00143993,85
S00143994,100
S00143995,75
S00143996,142
S00143997,101
S00143998,61
S00143999,164
S00144000,64
S00144001,94
S00144002,74
S00144003,147
S00144004,90
S00144005,74
S00144006,85
S00144007,119
S00144008,227
S00144009,329
S00144010,106
S00144011,97
S00144012,172
S00144013,64
S00144014,130
S00144015,108
S00144016,98
S00144017,98
S00144018,126
S00144019,101
S00144020,78
S00144021,93
S00144022,130
S00144023,89
S00144024,123
S00144025,70
S00144026,94
S00144027,96
S00144028,109
S00144029,82
S00144030,80
S00144031,110
S00144032,130
S00144033,103
S00144034,82
S00144035,144
S00144036,96
S00144037,90
S00144038,80
S00144039,84
S00144040,108
S00144041,96
S00144042,84
S00144043,86
S00144044,80
S00144045,169
S00144046,138
S00144047,175
S00144048,139
S00144049,72
S00144050,124
S00144051,85
S00144052,66
S00144053,111
S00144054,94
S00144055,81
S00144056,91
S00144057,134
S00144058,91
S00144059,95
S00144060,143
S00144061,94
S00144062,90
S00144063,71
S00144064,112
S00144065,105
S00144066,80
S00144067,115
S00144068,111
S00144069,165
S00144070,66
S00144071,64
S00144072,77
S00144073,109
S00144074,85
S00144075,82
S00144076,151
S00144077,101
S00144078,114
S00144079,102
S00144080,108
S00144081,66
S00144082,84
S00144083,103
S00144084,160
S00144085,84
S00144086,113
S00144087,150
S00144088,79
S00144089,105
S00144090,82
S00144091,74
S00144092,63
S00144093,117
S00144094,87
S00144095,64
S00144096,110
S00144097,76
S00144098,107
S00144099,100
S00144100,68
S00144101,117
S00144102,109
S00144103,53
S00144104,74
S00144105,77
S00144106,58
S00144107,122
S00144108,87
S00144109,157
S00144110,60
S00144111,169
S00144112,67
S00144113,80
S00144114,114
S00144115,68
S00144116,57
S00144117,109
S00144118,80
S00144119,89
S00144120,88
S00144121,153
S00144122,82
S00144123,50
S00144124,64
S00144125,150
S00144126,82
S00144127,82
S00144128,61
S00144129,94
S00144130,79
S00144131,85
S00144132,106
S00144133,104
S00144134,105
S00144135,90
S00144136,97
S00144137,58
S00144138,83
S00144139,92
S00144140,101
S00144141,91
S00144142,104
S00144143,128
S00144144,85
S00144145,98
S00144146,126
S00144147,70
S00144148,131
S00144149,121
S00144150,81
S00144151,54
S00144152,80
S00144153,67
S00144154,100
S00144155,144
S00144156,103
S00144157,104
S00144158,89
S00144159,90
S00144160,130
S00144161,71
S00144162,96
S00144163,100
S00144164,154
S00144165,146
S00144166,113
S00144167,73
S00144168,132
S00144169,110
S00144170,174
S00144171,121
S00144172,89
S00144173,122
S00144174,162
S00144175,87
S00144176,94
S00144177,164
S00144178,101
S00144179,137
S00144180,94
S00144181,88
S00144182,76
S00144183,69
S00144184,115
S00144185,66
S00144186,83
S00144187,169
S00144188,72
S00144189,109
S00144190,77
S00144191,124
S00144192,90
S00144193,55
S00144194,137
S00144195,54
S00144196,61
S00144197,124
S00144198,105
S00144199,129
S00144200,65
S00144201,68
S00144202,87
S00144203,84
S00144204,131
S00144205,78
S00144206,111
S00144207,78
S00144208,76
S00144209,84
S00144210,68
S00144211,59
S00144212,68
S00144213,53
S00144214,82
S00144215,84
S00144216,144
S00144217,97
S00144218,127
S00144219,85
S00144220,78
S00144221,67
S00144222,70
S00144223,74
S00144224,100
S00144225,67
S00144226,95
S00144227,83
S00144228,116
S00144229,99
S00144230,96
S00144231,92
S00144232,89
S00144233,65
S00144234,91
S00144235,168
S00144236,83
S00144237,91
S00144238,117
S00144239,127
S00144240,91
S00144241,80
S00144242,105
S00144243,61
S00144244,73
S00144245,109
S00144246,89
S00144247,139
S00144248,93
S00144249,96
S00144250,119
S00144251,92
S00144252,76
S00144253,97
S00144254,88
S00144255,79
S00144256,84
S00144257,137
S00144258,75
S00144259,110
S00144260,66
S00144261,63
S00144262,63
S00144263,73
S00144264,57
S00144265,76
S00144266,82
S00144267,54
S00144268,84
S00144269,74
S00144270,83
S00144271,95
S00144272,83
S00144273,120
S00144274,132
S00144275,78
S00144276,130
S00144277,93
S00144278,81
S00144279,109
S00144280,67
S00144281,104
S00144282,126
S00144283,101
S00144284,71
S00144285,122
S00144286,121
S00144287,182
S00144288,101
S00144289,111
S00144290,160
S00144291,65
S00144292,56
S00144293,98
S00144294,90
S00144295,54
S00144296,125
S00144297,59
S00144298,70
S00144299,95
S00144300,54
S00144301,110
S00144302,68
S00144303,128
S00144304,132
S00144305,108
S00144306,74
S00144307,53
S00144308,100
S00144309,80
S00144310,84
S00144311,100
S00144312,133
S00144313,126
S00144314,58
S00144315,105
S00144316,90
S00144317,108
S00144318,74
S00144319,75
S00144320,130
S00144321,82
S00144322,72
S00144323,84
S00144324,104
S00144325,98
S00144326,119
S00144327,82
S00144328,107
S00144329,59
S00144330,74
S00144331,89
S00144332,80
S00144333,53
S00144334,55
S00144335,58
S00144336,156
S00144337,70
S00144338,153
S00144339,74
S00144340,85
S00144341,106
S00144342,80
S00144343,64
S00144344,105
S00144345,68
S00144346,90
S00144347,61
S00144348,62
S00144349,88
S00144350,62
S00144351,90
S00144352,108
S00144353,134
S00144354,98
S00144355,114
S00144356,74
S00144357,111
S00144358,141
S00144359,82
S00144360,107
S00144361,71
S00144362,77
S00144363,95
S00144364,122
S00144365,60
S00144366,140
S00144367,92
S00144368,112
S00144369,76
S00144370,77
S00144371,133
S00144372,93
S00144373,79
S00144374,92
S00144375,94
S00144376,61
S00144377,121
S00144378,117
S00144379,57
S00144380,85
S00144381,99
S00144382,73
S00144383,72
S00144384,173
S00144385,60
S00144386,61
S00144387,150
S00144388,90
S00144389,129
S00144390,93
S00144391,103
S00144392,119
S00144393,115
S00144394,82
S00144395,141
S00144396,106
S00144397,449
S00144398,133
S00144399,110
S00144400,93
S00144401,69
S00144402,101
S00144403,110
S00144404,62
S00144405,66
S00144406,120
S00144407,99
S00144408,84
S00144409,130
S00144410,180
S00144411,80
S00144412,90
S00144413,102
S00144414,108
S00144415,90
S00144416,80
S00144417,104
S00144418,183
S00144419,747
S00144420,80
S00144421,103
S00144422,57
S00144423,47
S00144424,55
S00144425,81
S00144426,107
S00144427,129
S00144428,111
S00144429,73
S00144430,62
S00144431,77
S00144432,111
S00144433,104
S00144434,85
S00144435,140
S00144436,151
S00144437,73
S00144438,134
S00144439,107
S00144440,75
S00144441,66
S00144442,148
S00144443,126
S00144444,72
S00144445,142
S00144446,66
S00144447,126
S00144448,76
S00144449,98
S00144450,95
S00144451,65
S00144452,58
S00144453,112
S00144454,93
S00144455,253
S00144456,108
S00144457,84
S00144458,65
S00144459,109
S00144460,91
S00144461,82
S00144462,75
S00144463,130
S00144464,75
S00144465,94
S00144466,108
S00144467,76
S00144468,115
S00144469,94
S00144470,60
S00144471,91
S00144472,78
S00144473,72
S00144474,106
S00144475,161
S00144476,80
S00144477,85
S00144478,105
S00144479,100
S00144480,109
S00144481,127
S00144482,70
S00144483,116
S00144484,103
S00144485,89
S00144486,125
S00144487,108
S00144488,75
S00144489,124
S00144490,129
S00144491,78
S00144492,67
S00144493,88
S00144494,105
S00144495,99
S00144496,84
S00144497,94
S00144498,119
S00144499,76
S00144500,125
S00144501,67
S00144502,86
S00144503,63
S00144504,79
S00144505,88
S00144506,87
S00144507,160
S00144508,95
S00144509,141
S00144510,107
S00144511,74
S00144512,74
S00144513,87
S00144514,92
S00144515,155
S00144516,95
S00144517,89
S00144518,94
S00144519,133
S00144520,114
S00144521,96
S00144522,77
S00144523,87
S00144524,101
S00144525,61
S00144526,85
S00144527,279
S00144528,74
S00144529,86
S00144530,108
S00144531,85
S00144532,103
S00144533,115
S00144534,113
S00144535,69
S00144536,148
S00144537,59
S00144538,57
S00144539,81
S00144540,115
S00144541,135
S00144542,118
S00144543,110
S00144544,92
S00144545,98
S00144546,121
S00144547,118
S00144548,94
S00144549,101
S00144550,125
S00144551,98
S00144552,78
S00144553,84
S00144554,80
S00144555,114
S00144556,122
S00144557,63
S00144558,104
S00144559,91
S00144560,132
S00144561,92
S00144562,86
S00144563,106
S00144564,90
S00144565,116
S00144566,77
S00144567,51
S00144568,58
S00144569,97
S00144570,55
S00144571,110
S00144572,99
S00144573,101
S00144574,65
S00144575,112
S00144576,55
S00144577,81
S00144578,79
S00144579,72
S00144580,48
S00144581,84
S00144582,128
S00144583,70
S00144584,124
S00144585,117
S00144586,74
S00144587,72
S00144588,96
S00144589,112
S00144590,118
S00144591,110
S00144592,74
S00144593,89
S00144594,97
S00144595,103
S00144596,84
S00144597,84
S00144598,81
S00144599,81
S00144600,115
S00144601,82
S00144602,127
S00144603,102
S00144604,153
S00144605,82
S00144606,93
S00144607,120
S00144608,94
S00144609,94
S00144610,101
S00144611,108
S00144612,72
S00144613,67
S00144614,139
S00144615,68
S00144616,101
S00144617,118
S00144618,84
S00144619,55
S00144620,68
S00144621,117
S00144622,115
S00144623,98
S00144624,86
S00144625,121
S00144626,75
S00144627,114
S00144628,50
S00144629,194
S00144630,67
S00144631,69
S00144632,106
S00144633,78
S00144634,77
S00144635,64
S00144636,108
S00144637,80
S00144638,125
S00144639,106
S00144640,117
S00144641,86
S00144642,87
S00144643,63
S00144644,103
S00144645,102
S00144646,88
S00144647,142
S00144648,71
S00144649,83
S00144650,90
S00144651,80
S00144652,78
S00144653,130
S00144654,106
S00144655,112
S00144656,116
S00144657,73
S00144658,146
S00144659,111
S00144660,80
S00144661,95
S00144662,97
S00144663,107
S00144664,135
S00144665,84
S00144666,64
S00144667,68
S00144668,73
S00144669,83
S00144670,56
S00144671,70
S00144672,84
S00144673,74
S00144674,111
S00144675,96
S00144676,94
S00144677,116
S00144678,134
S00144679,93
S00144680,116
S00144681,73
S00144682,89
S00144683,65
S00144684,140
S00144685,54
S00144686,73
S00144687,132
S00144688,88
S00144689,91
S00144690,175
S00144691,90
S00144692,67
S00144693,97
S00144694,85
S00144695,115
S00144696,101
S00144697,66
S00144698,67
S00144699,92
S00144700,104
S00144701,66
S00144702,111
S00144703,99
S00144704,63
S00144705,153
S00144706,119
S00144707,96
S00144708,110
S00144709,92
S00144710,64
S00144711,65
S00144712,115
S00144713,101
S00144714,118
S00144715,100
S00144716,85
S00144717,119
S00144718,81
S00144719,148
S00144720,60
S00144721,142
S00144722,94
S00144723,132
S00144724,107
S00144725,65
S00144726,142
S00144727,101
S00144728,117
S00144729,63
S00144730,91
S00144731,104
S00144732,83
S00144733,124
S00144734,73
S00144735,120
S00144736,112
S00144737,145
S00144738,82
S00144739,101
S00144740,58
S00144741,72
S00144742,97
S00144743,94
S00144744,101
S00144745,84
S00144746,114
S00144747,62
S00144748,56
S00144749,86
S00144750,81
S00144751,85
S00144752,96
S00144753,121
S00144754,99
S00144755,68
S00144756,61
S00144757,124
S00144758,100
S00144759,96
S00144760,50
S00144761,112
S00144762,56
S00144763,78
S00144764,68
S00144765,67
S00144766,109
S00144767,100
S00144768,85
S00144769,89
S00144770,91
S00144771,87
S00144772,93
S00144773,98
S00144774,97
S00144775,64
S00144776,114
S00144777,108
S00144778,143
S00144779,83
S00144780,104
S00144781,76
S00144782,68
S00144783,89
S00144784,123
S00144785,98
S00144786,117
S00144787,92
S00144788,114
S00144789,69
S00144790,146
S00144791,63
S00144792,105
S00144793,92
S00144794,82
S00144795,91
S00144796,90
S00144797,106
S00144798,82
S00144799,84
S00144800,87
S00144801,93
S00144802,93
S00144803,84
S00144804,63
S00144805,95
S00144806,126
S00144807,56
S00144808,66
S00144809,123
S00144810,94
S00144811,76
S00144812,97
S00144813,57
S00144814,106
S00144815,56
S00144816,73
S00144817,59
S00144818,63
S00144819,47
S00144820,104
S00144821,131
S00144822,87
S00144823,66
S00144824,88
S00144825,83
S00144826,67
S00144827,85
S00144828,81
S00144829,69
S00144830,103
S00144831,72
S00144832,177
S00144833,87
S00144834,101
S00144835,91
S00144836,92
S00144837,92
S00144838,83
S00144839,88
S00144840,94
S00144841,113
S00144842,80
S00144843,95
S00144844,168
S00144845,79
S00144846,105
S00144847,85
S00144848,82
S00144849,76
S00144850,109
S00144851,55
S00144852,87
S00144853,74
S00144854,81
S00144855,79
S00144856,87
S00144857,76
S00144858,73
S00144859,124
S00144860,158
S00144861,94
S00144862,54
S00144863,73
S00144864,110
S00144865,85
S00144866,107
S00144867,1675
S00144868,71
S00144869,109
S00144870,75
S00144871,66
S00144872,64
S00144873,102
S00144874,93
S00144875,110
S00144876,94
S00144877,76
S00144878,93
S00144879,287
S00144880,79
S00144881,78
S00144882,50
S00144883,98
S00144884,97
S00144885,105
S00144886,93
S00144887,120
S00144888,60
S00144889,95
S00144890,53
S00144891,83
S00144892,89
S00144893,127
S00144894,90
S00144895,51
S00144896,48
S00144897,97
S00144898,83
S00144899,113
S00144900,61
S00144901,120
S00144902,74
S00144903,101
S00144904,82
S00144905,115
S00144906,70
S00144907,81
S00144908,85
S00144909,123
S00144910,103
S00144911,76
S00144912,106
S00144913,74
S00144914,63
S00144915,75
S00144916,75
S00144917,91
S00144918,95
S00144919,103
S00144920,138
S00144921,80
S00144922,131
S00144923,98
S00144924,101
S00144925,82
S00144926,83
S00144927,75
S00144928,121
S00144929,127
S00144930,92
S00144931,75
S00144932,82
S00144933,95
S00144934,104
S00144935,70
S00144936,115
S00144937,103
S00144938,100
S00144939,101
S00144940,93
S00144941,130
S00144942,104
S00144943,110
S00144944,137
S00144945,94
S00144946,183
S00144947,86
S00144948,126
S00144949,117
S00144950,69
S00144951,94
S00144952,123
S00144953,86
S00144954,109
S00144955,94
S00144956,114
S00144957,80
S00144958,81
S00144959,63
S00144960,64
S00144961,80
S00144962,123
S00144963,113
S00144964,160
S00144965,74
S00144966,94
S00144967,100
S00144968,169
S00144969,81
S00144970,132
S00144971,113
S00144972,72
S00144973,145
S00144974,78
S00144975,111
S00144976,107
S00144977,63
S00144978,81
S00144979,61
S00144980,56
S00144981,113
S00144982,55
S00144983,81
S00144984,68
S00144985,87
S00144986,56
S00144987,83
S00144988,161
S00144989,84
S00144990,71
S00144991,114
S00144992,134
S00144993,63
S00144994,95
S00144995,101
S00144996,92
S00144997,102
S00144998,71
S00144999,64
S00145000,145
S00145001,100
S00145002,72
S00145003,148
S00145004,127
S00145005,91
S00145006,56
S00145007,131
S00145008,122
S00145009,88
S00145010,108
S00145011,104
S00145012,90
S00145013,108
S00145014,94
S00145015,98
S00145016,113
S00145017,94
S00145018,88
S00145019,114
S00145020,79
S00145021,73
S00145022,75
S00145023,64
S00145024,88
S00145025,73
S00145026,116
S00145027,146
S00145028,94
S00145029,97
S00145030,91
S00145031,156
S00145032,83
S00145033,81
S00145034,77
S00145035,76
S00145036,63
S00145037,86
S00145038,107
S00145039,92
S00145040,75
S00145041,89
S00145042,146
S00145043,92
S00145044,56
S00145045,105
S00145046,110
S00145047,117
S00145048,181
S00145049,99
S00145050,124
S00145051,105
S00145052,100
S00145053,74
S00145054,85
S00145055,73
S00145056,104
S00145057,90
S00145058,96
S00145059,124
S00145060,104
S00145061,108
S00145062,133
S00145063,85
S00145064,71
S00145065,83
S00145066,93
S00145067,71
S00145068,92
S00145069,63
S00145070,102
S00145071,64
S00145072,91
S00145073,76
S00145074,99
S00145075,79
S00145076,77
S00145077,125
S00145078,155
S00145079,77
S00145080,156
S00145081,79
S00145082,87
S00145083,158
S00145084,97
S00145085,81
S00145086,108
S00145087,56
S00145088,79
S00145089,90
S00145090,95
S00145091,91
S00145092,101
S00145093,125
S00145094,103
S00145095,103
S00145096,143
S00145097,95
S00145098,88
S00145099,67
S00145100,89
S00145101,81
S00145102,57
S00145103,94
S00145104,85
S00145105,111
S00145106,50
S00145107,154
S00145108,66
S00145109,76
S00145110,136
S00145111,74
S00145112,105
S00145113,132
S00145114,109
S00145115,98
S00145116,96
S00145117,116
S00145118,102
S00145119,99
S00145120,83
S00145121,85
S00145122,47
S00145123,93
S00145124,78
S00145125,113
S00145126,61
S00145127,60
S00145128,79
S00145129,125
S00145130,113
S00145131,62
S00145132,126
S00145133,72
S00145134,139
S00145135,81
S00145136,149
S00145137,63
S00145138,93
S00145139,159
S00145140,138
S00145141,112
S00145142,76
S00145143,81
S00145144,103
S00145145,83
S00145146,69
S00145147,135
S00145148,70
S00145149,98
S00145150,166
S00145151,169
S00145152,123
S00145153,134
S00145154,104
S00145155,103
S00145156,88
S00145157,92
S00145158,102
S00145159,111
S00145160,72
S00145161,76
S00145162,74
S00145163,77
S00145164,90
S00145165,84
S00145166,121
S00145167,138
S00145168,74
S00145169,134
S00145170,54
S00145171,115
S00145172,137
S00145173,100
S00145174,96
S00145175,92
S00145176,92
S00145177,71
S00145178,111
S00145179,65
S00145180,54
S00145181,61
S00145182,52
S00145183,67
S00145184,97
S00145185,135
S00145186,85
S00145187,102
S00145188,105
S00145189,68
S00145190,98
S00145191,72
S00145192,81
S00145193,123
S00145194,69
S00145195,120
S00145196,98
S00145197,102
S00145198,99
S00145199,98
S00145200,80
S00145201,69
S00145202,76
S00145203,105
S00145204,82
S00145205,95
S00145206,116
S00145207,84
S00145208,121
S00145209,94
S00145210,96
S00145211,58
S00145212,92
S00145213,114
S00145214,109
S00145215,92
S00145216,63
S00145217,92
S00145218,111
S00145219,94
S00145220,133
S00145221,122
S00145222,59
S00145223,74
S00145224,90
S00145225,63
S00145226,140
S00145227,111
S00145228,91
S00145229,87
S00145230,85
S00145231,93
S00145232,160
S00145233,85
S00145234,56
S00145235,116
S00145236,94
S00145237,108
S00145238,105
S00145239,105
S00145240,108
S00145241,102
S00145242,98
S00145243,101
S00145244,151
S00145245,48
S00145246,57
S00145247,134
S00145248,65
S00145249,74
S00145250,92
S00145251,82
S00145252,146
S00145253,145
S00145254,93
S00145255,71
S00145256,158
S00145257,121
S00145258,95
S00145259,230
S00145260,76
S00145261,117
S00145262,123
S00145263,124
S00145264,109
S00145265,124
S00145266,97
S00145267,68
S00145268,103
S00145269,119
S00145270,96
S00145271,99
S00145272,101
S00145273,86
S00145274,118
S00145275,74
S00145276,65
S00145277,103
S00145278,112
S00145279,149
S00145280,89
S00145281,115
S00145282,82
S00145283,463
S00145284,118
S00145285,85
S00145286,99
S00145287,102
S00145288,103
S00145289,106
S00145290,114
S00145291,140
S00145292,90
S00145293,68
S00145294,90
S00145295,95
S00145296,71
S00145297,114
S00145298,102
S00145299,108
S00145300,113
S00145301,65
S00145302,122
S00145303,62
S00145304,65
S00145305,139
S00145306,82
S00145307,111
S00145308,109
S00145309,56
S00145310,105
S00145311,76
S00145312,97
S00145313,93
S00145314,134
S00145315,81
S00145316,71
S00145317,64
S00145318,67
S00145319,135
S00145320,101
S00145321,85
S00145322,84
S00145323,55
S00145324,75
S00145325,72
S00145326,59
S00145327,94
S00145328,105
S00145329,97
S00145330,84
S00145331,89
S00145332,117
S00145333,139
S00145334,158
S00145335,98
S00145336,77
S00145337,72
S00145338,75
S00145339,100
S00145340,77
S00145341,88
S00145342,119
S00145343,105
S00145344,97
S00145345,71
S00145346,73
S00145347,52
S00145348,81
S00145349,61
S00145350,109
S00145351,105
S00145352,94
S00145353,54
S00145354,64
S00145355,59
S00145356,108
S00145357,78
S00145358,91
S00145359,131
S00145360,81
S00145361,92
S00145362,79
S00145363,64
S00145364,100
S00145365,80
S00145366,91
S00145367,127
S00145368,93
S00145369,99
S00145370,89
S00145371,115
S00145372,124
S00145373,53
S00145374,113
S00145375,120
S00145376,121
S00145377,125
S00145378,109
S00145379,76
S00145380,116
S00145381,110
S00145382,145
S00145383,86
S00145384,78
S00145385,95
S00145386,121
S00145387,152
S00145388,131
S00145389,60
S00145390,77
S00145391,132
S00145392,120
S00145393,93
S00145394,72
S00145395,99
S00145396,98
S00145397,57
S00145398,106
S00145399,78
S00145400,83
S00145401,108
S00145402,85
S00145403,91
S00145404,83
S00145405,102
S00145406,99
S00145407,127
S00145408,93
S00145409,119
S00145410,136
S00145411,68
S00145412,75
S00145413,78
S00145414,98
S00145415,100
S00145416,120
S00145417,74
S00145418,75
S00145419,131
S00145420,203
S00145421,93
S00145422,138
S00145423,65
S00145424,77
S00145425,115
S00145426,80
S00145427,105
S00145428,83
S00145429,75
S00145430,104
S00145431,90
S00145432,87
S00145433,107
S00145434,112
S00145435,122
S00145436,74
S00145437,103
S00145438,96
S00145439,102
S00145440,110
S00145441,119
S00145442,102
S00145443,59
S00145444,141
S00145445,118
S00145446,84
S00145447,72
S00145448,91
S00145449,94
S00145450,77
S00145451,110
S00145452,85
S00145453,78
S00145454,106
S00145455,94
S00145456,111
S00145457,108
S00145458,114
S00145459,95
S00145460,85
S00145461,80
S00145462,96
S00145463,81
S00145464,91
S00145465,86
S00145466,83
S00145467,48
S00145468,125
S00145469,78
S00145470,110
S00145471,118
S00145472,122
S00145473,77
S00145474,55
S00145475,111
S00145476,149
S00145477,95
S00145478,124
S00145479,93
S00145480,113
S00145481,124
S00145482,119
S00145483,111
S00145484,118
S00145485,65
S00145486,108
S00145487,86
S00145488,88
S00145489,163
S00145490,93
S00145491,78
S00145492,126
S00145493,135
S00145494,85
S00145495,64
S00145496,111
S00145497,65
S00145498,114
S00145499,55
S00145500,152
S00145501,118
S00145502,66
S00145503,134
S00145504,148
S00145505,80
S00145506,83
S00145507,100
S00145508,90
S00145509,160
S00145510,113
S00145511,107
S00145512,108
S00145513,79
S00145514,82
S00145515,96
S00145516,89
S00145517,61
S00145518,155
S00145519,88
S00145520,108
S00145521,81
S00145522,70
S00145523,93
S00145524,89
S00145525,55
S00145526,110
S00145527,110
S00145528,77
S00145529,95
S00145530,101
S00145531,156
S00145532,124
S00145533,59
S00145534,140
S00145535,100
S00145536,117
S00145537,100
S00145538,105
S00145539,57
S00145540,77
S00145541,119
S00145542,130
S00145543,109
S00145544,177
S00145545,78
S00145546,105
S00145547,155
S00145548,125
S00145549,135
S00145550,117
S00145551,85
S00145552,105
S00145553,145
S00145554,132
S00145555,103
S00145556,62
S00145557,91
S00145558,71
S00145559,51
S00145560,74
S00145561,83
S00145562,89
S00145563,99
S00145564,118
S00145565,148
S00145566,61
S00145567,62
S00145568,99
S00145569,86
S00145570,131
S00145571,82
S00145572,58
S00145573,70
S00145574,123
S00145575,129
S00145576,155
S00145577,110
S00145578,158
S00145579,108
S00145580,101
S00145581,114
S00145582,75
S00145583,111
S00145584,74
S00145585,156
S00145586,100
S00145587,69
S00145588,113
S00145589,98
S00145590,149
S00145591,121
S00145592,95
S00145593,81
S00145594,82
S00145595,136
S00145596,97
S00145597,146
S00145598,126
S00145599,61
S00145600,118
S00145601,86
S00145602,60
S00145603,160
S00145604,119
S00145605,124
S00145606,116
S00145607,106
S00145608,82
S00145609,124
S00145610,102
S00145611,76
S00145612,59
S00145613,87
S00145614,123
S00145615,59
S00145616,112
S00145617,125
S00145618,133
S00145619,75
S00145620,119
S00145621,72
S00145622,97
S00145623,81
S00145624,103
S00145625,87
S00145626,83
S00145627,106
S00145628,126
S00145629,144
S00145630,107
S00145631,91
S00145632,117
S00145633,96
S00145634,81
S00145635,80
S00145636,73
S00145637,85
S00145638,63
S00145639,67
S00145640,71
S00145641,59
S00145642,67
S00145643,106
S00145644,90
S00145645,91
S00145646,93
S00145647,100
S00145648,99
S00145649,106
S00145650,73
S00145651,88
S00145652,85
S00145653,113
S00145654,79
S00145655,117
S00145656,80
S00145657,88
S00145658,64
S00145659,107
S00145660,87
S00145661,74
S00145662,71
S00145663,96
S00145664,123
S00145665,85
S00145666,136
S00145667,61
S00145668,68
S00145669,57
S00145670,70
S00145671,88
S00145672,104
S00145673,79
S00145674,75
S00145675,82
S00145676,83
S00145677,108
S00145678,85
S00145679,83
S00145680,63
S00145681,79
S00145682,62
S00145683,82
S00145684,84
S00145685,124
S00145686,61
S00145687,78
S00145688,121
S00145689,106
S00145690,96
S00145691,57
S00145692,97
S00145693,92
S00145694,86
S00145695,78
S00145696,118
S00145697,63
S00145698,55
S00145699,88
S00145700,103
S00145701,76
S00145702,48
S00145703,121
S00145704,82
S00145705,92
S00145706,125
S00145707,78
S00145708,81
S00145709,87
S00145710,78
S00145711,100
S00145712,84
S00145713,69
S00145714,100
S00145715,103
S00145716,52
S00145717,90
S00145718,56
S00145719,82
S00145720,53
S00145721,77
S00145722,70
S00145723,92
S00145724,88
S00145725,117
S00145726,125
S00145727,125
S00145728,74
S00145729,126
S00145730,100
S00145731,157
S00145732,76
S00145733,125
S00145734,108
S00145735,56
S00145736,114
S00145737,59
S00145738,73
S00145739,136
S00145740,864
S00145741,52
S00145742,49
S00145743,93
S00145744,112
S00145745,81
S00145746,89
S00145747,142
S00145748,49
S00145749,103
S00145750,107
S00145751,168
S00145752,80
S00145753,104
S00145754,144
S00145755,118
S00145756,94
S00145757,78
S00145758,137
S00145759,98
S00145760,62
S00145761,162
S00145762,124
S00145763,88
S00145764,109
S00145765,116
S00145766,121
S00145767,115
S00145768,73
S00145769,112
S00145770,83
S00145771,134
S00145772,91
S00145773,78
S00145774,148
S00145775,73
S00145776,74
S00145777,82
S00145778,105
S00145779,78
S00145780,128
S00145781,79
S00145782,100
S00145783,92
S00145784,61
S00145785,100
S00145786,119
S00145787,75
S00145788,59
S00145789,84
S00145790,118
S00145791,71
S00145792,67
S00145793,79
S00145794,90
S00145795,63
S00145796,85
S00145797,124
S00145798,85
S00145799,66
S00145800,118
S00145801,80
S00145802,147
S00145803,64
S00145804,114
S00145805,106
S00145806,122
S00145807,104
S00145808,131
S00145809,59
S00145810,92
S00145811,128
S00145812,113
S00145813,103
S00145814,111
S00145815,92
S00145816,67
S00145817,89
S00145818,114
S00145819,93
S00145820,82
S00145821,78
S00145822,81
S00145823,133
S00145824,65
S00145825,132
S00145826,96
S00145827,115
S00145828,92
S00145829,124
S00145830,133
S00145831,67
S00145832,103
S00145833,112
S00145834,102
S00145835,130
S00145836,76
S00145837,99
S00145838,93
S00145839,96
S00145840,113
S00145841,136
S00145842,129
S00145843,72
S00145844,99
S00145845,159
S00145846,112
S00145847,107
S00145848,59
S00145849,160
S00145850,125
S00145851,89
S00145852,52
S00145853,78
S00145854,102
S00145855,67
S00145856,84
S00145857,93
S00145858,102
S00145859,112
S00145860,96
S00145861,77
S00145862,48
S00145863,104
S00145864,80
S00145865,73
S00145866,101
S00145867,117
S00145868,99
S00145869,98
S00145870,98
S00145871,95
S00145872,107
S00145873,110
S00145874,185
S00145875,115
S00145876,89
S00145877,67
S00145878,91
S00145879,116
S00145880,59
S00145881,166
S00145882,76
S00145883,112
S00145884,142
S00145885,82
S00145886,126
S00145887,139
S00145888,90
S00145889,52
S00145890,104
S00145891,92
S00145892,106
S00145893,139
S00145894,140
S00145895,109
S00145896,67
S00145897,101
S00145898,79
S00145899,59
S00145900,167
S00145901,108
S00145902,78
S00145903,148
S00145904,56
S00145905,108
S00145906,104
S00145907,104
S00145908,71
S00145909,85
S00145910,64
S00145911,82
S00145912,97
S00145913,69
S00145914,154
S00145915,84
S00145916,113
S00145917,69
S00145918,150
S00145919,79
S00145920,107
S00145921,70
S00145922,88
S00145923,80
S00145924,106
S00145925,70
S00145926,114
S00145927,100
S00145928,86
S00145929,96
S00145930,95
S00145931,80
S00145932,82
S00145933,127
S00145934,91
S00145935,94
S00145936,77
S00145937,72
S00145938,143
S00145939,83
S00145940,83
S00145941,123
S00145942,117
S00145943,96
S00145944,87
S00145945,70
S00145946,106
S00145947,102
S00145948,71
S00145949,73
S00145950,108
S00145951,105
S00145952,60
S00145953,63
S00145954,139
S00145955,112
S00145956,81
S00145957,109
S00145958,94
S00145959,121
S00145960,87
S00145961,101
S00145962,87
S00145963,136
S00145964,64
S00145965,57
S00145966,75
S00145967,68
S00145968,153
S00145969,96
S00145970,156
S00145971,63
S00145972,69
S00145973,57
S00145974,123
S00145975,86
S00145976,80
S00145977,77
S00145978,103
S00145979,72
S00145980,115
S00145981,127
S00145982,107
S00145983,98
S00145984,54
S00145985,67
S00145986,92
S00145987,94
S00145988,110
S00145989,128
S00145990,80
S00145991,101
S00145992,87
S00145993,90
S00145994,113
S00145995,131
S00145996,101
S00145997,82
S00145998,107
S00145999,121
S00146000,82
S00146001,160
S00146002,100
S00146003,78
S00146004,77
S00146005,84
S00146006,122
S00146007,84
S00146008,75
S00146009,82
S00146010,81
S00146011,65
S00146012,127
S00146013,67
S00146014,101
S00146015,87
S00146016,130
S00146017,57
S00146018,75
S00146019,105
S00146020,50
S00146021,135
S00146022,76
S00146023,108
S00146024,88
S00146025,82
S00146026,87
S00146027,100
S00146028,133
S00146029,129
S00146030,96
S00146031,119
S00146032,72
S00146033,62
S00146034,70
S00146035,70
S00146036,86
S00146037,85
S00146038,94
S00146039,92
S00146040,98
S00146041,109
S00146042,71
S00146043,76
S00146044,86
S00146045,73
S00146046,118
S00146047,72
S00146048,80
S00146049,80
S00146050,85
S00146051,89
S00146052,64
S00146053,58
S00146054,74
S00146055,75
S00146056,109
S00146057,136
S00146058,124
S00146059,112
S00146060,62
S00146061,100
S00146062,79
S00146063,68
S00146064,113
S00146065,74
S00146066,78
S00146067,89
S00146068,82
S00146069,122
S00146070,112
S00146071,77
S00146072,91
S00146073,83
S00146074,108
S00146075,90
S00146076,69
S00146077,171
S00146078,86
S00146079,54
S00146080,117
S00146081,129
S00146082,109
S00146083,78
S00146084,93
S00146085,78
S00146086,87
S00146087,60
S00146088,87
S00146089,84
S00146090,105
S00146091,75
S00146092,110
S00146093,115
S00146094,128
S00146095,91
S00146096,103
S00146097,56
S00146098,88
S00146099,159
S00146100,53
S00146101,89
S00146102,65
S00146103,116
S00146104,85
S00146105,77
S00146106,98
S00146107,89
S00146108,100
S00146109,73
S00146110,105
S00146111,146
S00146112,56
S00146113,64
S00146114,72
S00146115,79
S00146116,87
S00146117,74
S00146118,76
S00146119,123
S00146120,98
S00146121,111
S00146122,106
S00146123,156
S00146124,84
S00146125,109
S00146126,42
S00146127,103
S00146128,99
S00146129,95
S00146130,112
S00146131,86
S00146132,89
S00146133,69
S00146134,116
S00146135,142
S00146136,110
S00146137,91
S00146138,93
S00146139,66
S00146140,65
S00146141,56
S00146142,93
S00146143,54
S00146144,53
S00146145,93
S00146146,90
S00146147,110
S00146148,73
S00146149,81
S00146150,140
S00146151,125
S00146152,69
S00146153,135
S00146154,74
S00146155,151
S00146156,72
S00146157,87
S00146158,127
S00146159,98
S00146160,93
S00146161,63
S00146162,113
S00146163,141
S00146164,87
S00146165,67
S00146166,60
S00146167,59
S00146168,75
S00146169,95
S00146170,78
S00146171,81
S00146172,131
S00146173,117
S00146174,74
S00146175,147
S00146176,74
S00146177,128
S00146178,134
S00146179,100
S00146180,134
S00146181,150
S00146182,130
S00146183,97
S00146184,69
S00146185,73
S00146186,152
S00146187,142
S00146188,70
S00146189,81
S00146190,120
S00146191,137
S00146192,57
S00146193,114
S00146194,88
S00146195,76
S00146196,84
S00146197,110
S00146198,152
S00146199,131
S00146200,110
S00146201,112
S00146202,83
S00146203,136
S00146204,104
S00146205,56
S00146206,120
S00146207,57
S00146208,79
S00146209,159
S00146210,63
S00146211,96
S00146212,71
S00146213,77
S00146214,64
S00146215,69
S00146216,95
S00146217,66
S00146218,79
S00146219,125
S00146220,103
S00146221,133
S00146222,76
S00146223,134
S00146224,99
S00146225,66
S00146226,113
S00146227,124
S00146228,141
S00146229,125
S00146230,122
S00146231,127
S00146232,106
S00146233,162
S00146234,117
S00146235,89
S00146236,118
S00146237,78
S00146238,119
S00146239,87
S00146240,72
S00146241,143
S00146242,59
S00146243,69
S00146244,85
S00146245,103
S00146246,54
S00146247,112
S00146248,56
S00146249,115
S00146250,122
S00146251,50
S00146252,149
S00146253,98
S00146254,101
S00146255,63
S00146256,69
S00146257,81
S00146258,120
S00146259,61
S00146260,127
S00146261,87
S00146262,106
S00146263,106
S00146264,152
S00146265,62
S00146266,145
S00146267,150
S00146268,97
S00146269,86
S00146270,87
S00146271,129
S00146272,119
S00146273,130
S00146274,90
S00146275,64
S00146276,110
S00146277,115
S00146278,96
S00146279,121
S00146280,104
S00146281,102
S00146282,88
S00146283,129
S00146284,108
S00146285,111
S00146286,140
S00146287,78
S00146288,52
S00146289,160
S00146290,100
S00146291,72
S00146292,68
S00146293,78
S00146294,72
S00146295,121
S00146296,172
S00146297,98
S00146298,112
S00146299,130
S00146300,64
S00146301,64
S00146302,95
S00146303,78
S00146304,118
S00146305,52
S00146306,111
S00146307,111
S00146308,105
S00146309,92
S00146310,93
S00146311,122
S00146312,78
S00146313,151
S00146314,91
S00146315,70
S00146316,85
S00146317,104
S00146318,63
S00146319,104
S00146320,117
S00146321,73
S00146322,100
S00146323,93
S00146324,90
S00146325,126
S00146326,86
S00146327,85
S00146328,94
S00146329,84
S00146330,94
S00146331,74
S00146332,86
S00146333,132
S00146334,66
S00146335,112
S00146336,107
S00146337,86
S00146338,105
S00146339,99
S00146340,95
S00146341,50
S00146342,144
S00146343,118
S00146344,134
S00146345,87
S00146346,58
S00146347,83
S00146348,123
S00146349,90
S00146350,91
S00146351,69
S00146352,109
S00146353,132
S00146354,128
S00146355,142
S00146356,103
S00146357,78
S00146358,86
S00146359,73
S00146360,104
S00146361,131
S00146362,96
S00146363,83
S00146364,72
S00146365,97
S00146366,135
S00146367,98
S00146368,103
S00146369,107
S00146370,90
S00146371,81
S00146372,84
S00146373,104
S00146374,62
S00146375,139
S00146376,96
S00146377,99
S00146378,57
S00146379,90
S00146380,81
S00146381,72
S00146382,91
S00146383,102
S00146384,72
S00146385,87
S00146386,119
S00146387,147
S00146388,65
S00146389,98
S00146390,89
S00146391,53
S00146392,65
S00146393,82
S00146394,102
S00146395,98
S00146396,93
S00146397,118
S00146398,60
S00146399,109
S00146400,148
S00146401,94
S00146402,92
S00146403,86
S00146404,69
S00146405,141
S00146406,93
S00146407,114
S00146408,94
S00146409,130
S00146410,71
S00146411,106
S00146412,73
S00146413,69
S00146414,58
S00146415,72
S00146416,78
S00146417,95
S00146418,81
S00146419,65
S00146420,55
S00146421,162
S00146422,105
S00146423,68
S00146424,110
S00146425,145
S00146426,84
S00146427,65
S00146428,114
S00146429,138
S00146430,123
S00146431,125
S00146432,85
S00146433,49
S00146434,69
S00146435,124
S00146436,114
S00146437,122
S00146438,64
S00146439,59
S00146440,63
S00146441,159
S00146442,84
S00146443,65
S00146444,65
S00146445,97
S00146446,68
S00146447,126
S00146448,87
S00146449,192
S00146450,118
S00146451,89
S00146452,78
S00146453,139
S00146454,95
S00146455,73
S00146456,59
S00146457,69
S00146458,94
S00146459,74
S00146460,63
S00146461,95
S00146462,75
S00146463,130
S00146464,90
S00146465,112
S00146466,113
S00146467,163
S00146468,122
S00146469,63
S00146470,113
S00146471,113
S00146472,154
S00146473,72
S00146474,119
S00146475,112
S00146476,153
S00146477,70
S00146478,79
S00146479,129
S00146480,63
S00146481,86
S00146482,74
S00146483,77
S00146484,203
S00146485,94
S00146486,98
S00146487,127
S00146488,84
S00146489,103
S00146490,72
S00146491,100
S00146492,110
S00146493,68
S00146494,69
S00146495,117
S00146496,57
S00146497,63
S00146498,133
S00146499,99
S00146500,135
S00146501,119
S00146502,154
S00146503,118
S00146504,153
S00146505,101
S00146506,96
S00146507,91
S00146508,150
S00146509,70
S00146510,104
S00146511,50
S00146512,101
S00146513,85
S00146514,113
S00146515,57
S00146516,109
S00146517,59
S00146518,122
S00146519,49
S00146520,156
S00146521,94
S00146522,105
S00146523,94
S00146524,73
S00146525,148
S00146526,116
S00146527,99
S00146528,109
S00146529,123
S00146530,115
S00146531,72
S00146532,82
S00146533,71
S00146534,98
S00146535,172
S00146536,95
S00146537,135
S00146538,84
S00146539,114
S00146540,232
S00146541,74
S00146542,82
S00146543,138
S00146544,102
S00146545,77
S00146546,100
S00146547,100
S00146548,108
S00146549,95
S00146550,103
S00146551,89
S00146552,59
S00146553,102
S00146554,98
S00146555,130
S00146556,91
S00146557,137
S00146558,105
S00146559,102
S00146560,68
S00146561,129
S00146562,117
S00146563,84
S00146564,111
S00146565,94
S00146566,48
S00146567,58
S00146568,93
S00146569,104
S00146570,133
S00146571,97
S00146572,135
S00146573,92
S00146574,61
S00146575,67
S00146576,78
S00146577,86
S00146578,63
S00146579,62
S00146580,68
S00146581,100
S00146582,121
S00146583,68
S00146584,63
S00146585,90
S00146586,71
S00146587,79
S00146588,90
S00146589,92
S00146590,92
S00146591,57
S00146592,140
S00146593,98
S00146594,143
S00146595,92
S00146596,101
S00146597,145
S00146598,87
S00146599,72
S00146600,100
S00146601,75
S00146602,77
S00146603,96
S00146604,86
S00146605,61
S00146606,93
S00146607,139
S00146608,94
S00146609,96
S00146610,81
S00146611,139
S00146612,82
S00146613,83
S00146614,65
S00146615,59
S00146616,53
S00146617,69
S00146618,106
S00146619,76
S00146620,63
S00146621,74
S00146622,124
S00146623,79
S00146624,72
S00146625,62
S00146626,109
S00146627,124
S00146628,151
S00146629,106
S00146630,101
S00146631,136
S00146632,67
S00146633,77
S00146634,116
S00146635,91
S00146636,112
S00146637,108
S00146638,106
S00146639,91
S00146640,67
S00146641,118
S00146642,84
S00146643,130
S00146644,96
S00146645,91
S00146646,107
S00146647,108
S00146648,53
S00146649,86
S00146650,85
S00146651,66
S00146652,79
S00146653,96
S00146654,65
S00146655,87
S00146656,135
S00146657,139
S00146658,204
S00146659,84
S00146660,119
S00146661,126
S00146662,99
S00146663,68
S00146664,96
S00146665,85
S00146666,138
S00146667,88
S00146668,99
S00146669,50
S00146670,66
S00146671,126
S00146672,91
S00146673,111
S00146674,107
S00146675,74
S00146676,138
S00146677,86
S00146678,70
S00146679,75
S00146680,69
S00146681,131
S00146682,101
S00146683,64
S00146684,112
S00146685,136
S00146686,127
S00146687,131
S00146688,91
S00146689,71
S00146690,82
S00146691,102
S00146692,100
S00146693,89
S00146694,86
S00146695,52
S00146696,104
S00146697,68
S00146698,74
S00146699,102
S00146700,78
S00146701,113
S00146702,79
S00146703,147
S00146704,81
S00146705,87
S00146706,70
S00146707,110
S00146708,120
S00146709,98
S00146710,123
S00146711,113
S00146712,101
S00146713,159
S00146714,106
S00146715,104
S00146716,108
S00146717,92
S00146718,63
S00146719,68
S00146720,121
S00146721,90
S00146722,121
S00146723,106
S00146724,143
S00146725,68
S00146726,164
S00146727,89
S00146728,92
S00146729,143
S00146730,150
S00146731,135
S00146732,92
S00146733,86
S00146734,101
S00146735,121
S00146736,103
S00146737,120
S00146738,67
S00146739,87
S00146740,133
S00146741,145
S00146742,118
S00146743,106
S00146744,94
S00146745,108
S00146746,141
S00146747,81
S00146748,65
S00146749,102
S00146750,92
S00146751,161
S00146752,103
S00146753,114
S00146754,58
S00146755,57
S00146756,120
S00146757,74
S00146758,108
S00146759,112
S00146760,99
S00146761,146
S00146762,125
S00146763,114
S00146764,121
S00146765,58
S00146766,82
S00146767,96
S00146768,110
S00146769,71
S00146770,74
S00146771,101
S00146772,100
S00146773,65
S00146774,137
S00146775,107
S00146776,109
S00146777,121
S00146778,58
S00146779,73
S00146780,100
S00146781,171
S00146782,124
S00146783,71
S00146784,136
S00146785,111
S00146786,80
S00146787,97
S00146788,133
S00146789,54
S00146790,144
S00146791,81
S00146792,61
S00146793,85
S00146794,93
S00146795,95
S00146796,130
S00146797,68
S00146798,113
S00146799,103
S00146800,91
S00146801,61
S00146802,79
S00146803,118
S00146804,80
S00146805,84
S00146806,69
S00146807,62
S00146808,80
S00146809,80
S00146810,129
S00146811,79
S00146812,74
S00146813,96
S00146814,77
S00146815,108
S00146816,67
S00146817,134
S00146818,113
S00146819,65
S00146820,137
S00146821,66
S00146822,106
S00146823,68
S00146824,82
S00146825,81
S00146826,63
S00146827,110
S00146828,73
S00146829,73
S00146830,71
S00146831,78
S00146832,73
S00146833,93
S00146834,51
S00146835,104
S00146836,117
S00146837,92
S00146838,70
S00146839,51
S00146840,68
S00146841,77
S00146842,117
S00146843,71
S00146844,76
S00146845,177
S00146846,146
S00146847,139
S00146848,77
S00146849,139
S00146850,109
S00146851,139
S00146852,67
S00146853,52
S00146854,143
S00146855,114
S00146856,66
S00146857,65
S00146858,111
S00146859,69
S00146860,95
S00146861,78
S00146862,85
S00146863,89
S00146864,74
S00146865,62
S00146866,90
S00146867,81
S00146868,68
S00146869,124
S00146870,56
S00146871,74
S00146872,89
S00146873,94
S00146874,85
S00146875,79
S00146876,109
S00146877,90
S00146878,59
S00146879,94
S00146880,137
S00146881,69
S00146882,101
S00146883,66
S00146884,99
S00146885,95
S00146886,93
S00146887,136
S00146888,69
S00146889,89
S00146890,103
S00146891,114
S00146892,108
S00146893,77
S00146894,131
S00146895,81
S00146896,69
S00146897,94
S00146898,80
S00146899,59
S00146900,97
S00146901,89
S00146902,118
S00146903,86
S00146904,68
S00146905,101
S00146906,106
S00146907,85
S00146908,107
S00146909,81
S00146910,67
S00146911,76
S00146912,66
S00146913,115
S00146914,97
S00146915,108
S00146916,92
S00146917,59
S00146918,119
S00146919,112
S00146920,92
S00146921,85
S00146922,132
S00146923,123
S00146924,43
S00146925,86
S00146926,75
S00146927,99
S00146928,72
S00146929,119
S00146930,89
S00146931,58
S00146932,103
S00146933,103
S00146934,98
S00146935,66
S00146936,114
S00146937,56
S00146938,104
S00146939,84
S00146940,75
S00146941,113
S00146942,79
S00146943,62
S00146944,57
S00146945,118
S00146946,153
S00146947,87
S00146948,83
S00146949,94
S00146950,59
S00146951,89
S00146952,79
S00146953,126
S00146954,119
S00146955,88
S00146956,81
S00146957,68
S00146958,75
S00146959,112
S00146960,73
S00146961,144
S00146962,106
S00146963,76
S00146964,156
S00146965,135
S00146966,124
S00146967,112
S00146968,79
S00146969,135
S00146970,123
S00146971,68
S00146972,88
S00146973,71
S00146974,81
S00146975,141
S00146976,145
S00146977,150
S00146978,140
S00146979,82
S00146980,57
S00146981,91
S00146982,117
S00146983,71
S00146984,88
S00146985,72
S00146986,89
S00146987,109
S00146988,93
S00146989,133
S00146990,63
S00146991,61
S00146992,70
S00146993,80
S00146994,70
S00146995,108
S00146996,144
S00146997,133
S00146998,66
S00146999,71
S00147000,96
S00147001,64
S00147002,86
S00147003,68
S00147004,92
S00147005,111
S00147006,60
S00147007,120
S00147008,99
S00147009,117
S00147010,110
S00147011,73
S00147012,100
S00147013,84
S00147014,58
S00147015,110
S00147016,136
S00147017,141
S00147018,90
S00147019,144
S00147020,123
S00147021,137
S00147022,65
S00147023,103
S00147024,77
S00147025,112
S00147026,75
S00147027,78
S00147028,117
S00147029,99
S00147030,59
S00147031,90
S00147032,137
S00147033,46
S00147034,69
S00147035,159
S00147036,78
S00147037,84
S00147038,74
S00147039,77
S00147040,67
S00147041,147
S00147042,65
S00147043,127
S00147044,79
S00147045,87
S00147046,112
S00147047,80
S00147048,96
S00147049,118
S00147050,76
S00147051,127
S00147052,118
S00147053,83
S00147054,82
S00147055,85
S00147056,75
S00147057,102
S00147058,74
S00147059,111
S00147060,70
S00147061,53
S00147062,98
S00147063,82
S00147064,74
S00147065,96
S00147066,67
S00147067,56
S00147068,106
S00147069,100
S00147070,66
S00147071,69
S00147072,96
S00147073,90
S00147074,104
S00147075,92
S00147076,83
S00147077,119
S00147078,119
S00147079,108
S00147080,83
S00147081,108
S00147082,76
S00147083,70
S00147084,87
S00147085,85
S00147086,65
S00147087,121
S00147088,122
S00147089,59
S00147090,91
S00147091,89
S00147092,100
S00147093,104
S00147094,75
S00147095,61
S00147096,67
S00147097,70
S00147098,76
S00147099,62
S00147100,64
S00147101,102
S00147102,81
S00147103,103
S00147104,72
S00147105,81
S00147106,79
S00147107,88
S00147108,85
S00147109,54
S00147110,91
S00147111,87
S00147112,78
S00147113,52
S00147114,100
S00147115,100
S00147116,90
S00147117,92
S00147118,94
S00147119,97
S00147120,65
S00147121,75
S00147122,76
S00147123,101
S00147124,128
S00147125,99
S00147126,55
S00147127,121
S00147128,84
S00147129,121
S00147130,133
S00147131,68
S00147132,137
S00147133,67
S00147134,70
S00147135,76
S00147136,75
S00147137,63
S00147138,94
S00147139,122
S00147140,73
S00147141,147
S00147142,87
S00147143,74
S00147144,133
S00147145,96
S00147146,83
S00147147,120
S00147148,77
S00147149,134
S00147150,72
S00147151,76
S00147152,108
S00147153,80
S00147154,107
S00147155,53
S00147156,114
S00147157,106
S00147158,62
S00147159,106
S00147160,116
S00147161,74
S00147162,59
S00147163,79
S00147164,98
S00147165,78
S00147166,123
S00147167,105
S00147168,65
S00147169,126
S00147170,103
S00147171,61
S00147172,59
S00147173,109
S00147174,63
S00147175,62
S00147176,94
S00147177,115
S00147178,105
S00147179,78
S00147180,62
S00147181,130
S00147182,88
S00147183,101
S00147184,129
S00147185,102
S00147186,151
S00147187,120
S00147188,65
S00147189,121
S00147190,94
S00147191,105
S00147192,115
S00147193,89
S00147194,112
S00147195,104
S00147196,74
S00147197,65
S00147198,60
S00147199,99
S00147200,52
S00147201,82
S00147202,141
S00147203,100
S00147204,105
S00147205,95
S00147206,129
S00147207,69
S00147208,92
S00147209,89
S00147210,93
S00147211,73
S00147212,72
S00147213,131
S00147214,112
S00147215,65
S00147216,83
S00147217,73
S00147218,71
S00147219,81
S00147220,70
S00147221,102
S00147222,61
S00147223,97
S00147224,96
S00147225,119
S00147226,74
S00147227,101
S00147228,92
S00147229,63
S00147230,93
S00147231,142
S00147232,126
S00147233,107
S00147234,132
S00147235,53
S00147236,120
S00147237,57
S00147238,110
S00147239,58
S00147240,60
S00147241,87
S00147242,77
S00147243,79
S00147244,98
S00147245,69
S00147246,96
S00147247,76
S00147248,95
S00147249,95
S00147250,119
S00147251,78
S00147252,97
S00147253,147
S00147254,103
S00147255,138
S00147256,103
S00147257,85
S00147258,82
S00147259,93
S00147260,81
S00147261,64
S00147262,60
S00147263,79
S00147264,61
S00147265,71
S00147266,136
S00147267,79
S00147268,83
S00147269,70
S00147270,101
S00147271,79
S00147272,85
S00147273,98
S00147274,89
S00147275,77
S00147276,91
S00147277,125
S00147278,64
S00147279,97
S00147280,120
S00147281,61
S00147282,147
S00147283,144
S00147284,70
S00147285,90
S00147286,48
S00147287,80
S00147288,88
S00147289,60
S00147290,110
S00147291,64
S00147292,75
S00147293,108
S00147294,85
S00147295,134
S00147296,94
S00147297,71
S00147298,77
S00147299,63
S00147300,70
S00147301,77
S00147302,81
S00147303,141
S00147304,111
S00147305,60
S00147306,60
S00147307,121
S00147308,82
S00147309,123
S00147310,78
S00147311,90
S00147312,91
S00147313,60
S00147314,71
S00147315,114
S00147316,65
S00147317,67
S00147318,69
S00147319,103
S00147320,101
S00147321,104
S00147322,64
S00147323,142
S00147324,81
S00147325,57
S00147326,108
S00147327,95
S00147328,74
S00147329,55
S00147330,158
S00147331,134
S00147332,133
S00147333,172
S00147334,167
S00147335,94
S00147336,100
S00147337,75
S00147338,94
S00147339,68
S00147340,140
S00147341,77
S00147342,92
S00147343,105
S00147344,103
S00147345,96
S00147346,103
S00147347,67
S00147348,69
S00147349,117
S00147350,64
S00147351,162
S00147352,84
S00147353,120
S00147354,94
S00147355,81
S00147356,84
S00147357,121
S00147358,83
S00147359,108
S00147360,160
S00147361,101
S00147362,90
S00147363,159
S00147364,51
S00147365,137
S00147366,149
S00147367,136
S00147368,66
S00147369,121
S00147370,80
S00147371,142
S00147372,101
S00147373,67
S00147374,146
S00147375,97
S00147376,80
S00147377,89
S00147378,127
S00147379,130
S00147380,75
S00147381,113
S00147382,107
S00147383,177
S00147384,111
S00147385,50
S00147386,115
S00147387,71
S00147388,82
S00147389,89
S00147390,129
S00147391,47
S00147392,94
S00147393,137
S00147394,98
S00147395,69
S00147396,61
S00147397,96
S00147398,84
S00147399,128
S00147400,85
S00147401,116
S00147402,93
S00147403,75
S00147404,143
S00147405,79
S00147406,137
S00147407,81
S00147408,75
S00147409,100
S00147410,70
S00147411,72
S00147412,92
S00147413,95
S00147414,78
S00147415,118
S00147416,56
S00147417,81
S00147418,87
S00147419,156
S00147420,99
S00147421,95
S00147422,119
S00147423,96
S00147424,72
S00147425,73
S00147426,58
S00147427,76
S00147428,91
S00147429,131
S00147430,105
S00147431,100
S00147432,152
S00147433,75
S00147434,145
S00147435,60
S00147436,101
S00147437,74
S00147438,78
S00147439,107
S00147440,53
S00147441,65
S00147442,76
S00147443,117
S00147444,87
S00147445,90
S00147446,115
S00147447,87
S00147448,96
S00147449,58
S00147450,118
S00147451,76
S00147452,97
S00147453,62
S00147454,101
S00147455,102
S00147456,105
S00147457,67
S00147458,114
S00147459,68
S00147460,114
S00147461,90
S00147462,76
S00147463,75
S00147464,61
S00147465,121
S00147466,89
S00147467,88
S00147468,86
S00147469,139
S00147470,87
S00147471,147
S00147472,144
S00147473,93
S00147474,125
S00147475,79
S00147476,108
S00147477,157
S00147478,90
S00147479,90
S00147480,106
S00147481,76
S00147482,83
S00147483,89
S00147484,86
S00147485,137
S00147486,108
S00147487,69
S00147488,92
S00147489,84
S00147490,86
S00147491,83
S00147492,96
S00147493,110
S00147494,160
S00147495,107
S00147496,106
S00147497,90
S00147498,104
S00147499,117
S00147500,112
S00147501,140
S00147502,98
S00147503,112
S00147504,134
S00147505,105
S00147506,123
S00147507,87
S00147508,124
S00147509,129
S00147510,138
S00147511,147
S00147512,120
S00147513,103
S00147514,105
S00147515,89
S00147516,60
S00147517,70
S00147518,105
S00147519,88
S00147520,105
S00147521,142
S00147522,77
S00147523,96
S00147524,120
S00147525,61
S00147526,71
S00147527,59
S00147528,108
S00147529,59
S00147530,105
S00147531,96
S00147532,59
S00147533,68
S00147534,92
S00147535,61
S00147536,116
S00147537,59
S00147538,66
S00147539,141
S00147540,62
S00147541,104
S00147542,66
S00147543,71
S00147544,116
S00147545,126
S00147546,121
S00147547,94
S00147548,77
S00147549,69
S00147550,82
S00147551,76
S00147552,94
S00147553,68
S00147554,122
S00147555,113
S00147556,89
S00147557,102
S00147558,82
S00147559,100
S00147560,63
S00147561,68
S00147562,104
S00147563,82
S00147564,89
S00147565,90
S00147566,89
S00147567,66
S00147568,92
S00147569,65
S00147570,83
S00147571,97
S00147572,134
S00147573,98
S00147574,67
S00147575,90
S00147576,62
S00147577,78
S00147578,81
S00147579,64
S00147580,74
S00147581,76
S00147582,78
S00147583,93
S00147584,85
S00147585,40
S00147586,110
S00147587,60
S00147588,103
S00147589,80
S00147590,66
S00147591,66
S00147592,85
S00147593,78
S00147594,121
S00147595,106
S00147596,127
S00147597,120
S00147598,84
S00147599,70
S00147600,62
S00147601,93
S00147602,102
S00147603,76
S00147604,78
S00147605,66
S00147606,105
S00147607,92
S00147608,89
S00147609,66
S00147610,71
S00147611,127
S00147612,59
S00147613,74
S00147614,80
S00147615,95
S00147616,76
S00147617,62
S00147618,66
S00147619,158
S00147620,65
S00147621,76
S00147622,119
S00147623,101
S00147624,85
S00147625,92
S00147626,118
S00147627,66
S00147628,120
S00147629,106
S00147630,154
S00147631,90
S00147632,127
S00147633,93
S00147634,124
S00147635,84
S00147636,156
S00147637,62
S00147638,101
S00147639,87
S00147640,98
S00147641,128
S00147642,78
S00147643,90
S00147644,91
S00147645,89
S00147646,78
S00147647,181
S00147648,126
S00147649,110
S00147650,61
S00147651,84
S00147652,103
S00147653,101
S00147654,107
S00147655,89
S00147656,114
S00147657,95
S00147658,149
S00147659,163
S00147660,140
S00147661,94
S00147662,112
S00147663,123
S00147664,78
S00147665,74
S00147666,74
S00147667,125
S00147668,55
S00147669,56
S00147670,82
S00147671,204
S00147672,74
S00147673,137
S00147674,100
S00147675,82
S00147676,100
S00147677,104
S00147678,103
S00147679,70
S00147680,118
S00147681,68
S00147682,99
S00147683,118
S00147684,100
S00147685,72
S00147686,98
S00147687,103
S00147688,68
S00147689,68
S00147690,72
S00147691,129
S00147692,67
S00147693,68
S00147694,107
S00147695,105
S00147696,117
S00147697,101
S00147698,135
S00147699,67
S00147700,152
S00147701,102
S00147702,96
S00147703,75
S00147704,51
S00147705,86
S00147706,57
S00147707,74
S00147708,57
S00147709,98
S00147710,81
S00147711,61
S00147712,99
S00147713,74
S00147714,119
S00147715,71
S00147716,70
S00147717,78
S00147718,74
S00147719,93
S00147720,98
S00147721,60
S00147722,120
S00147723,101
S00147724,93
S00147725,144
S00147726,85
S00147727,95
S00147728,93
S00147729,66
S00147730,58
S00147731,93
S00147732,127
S00147733,149
S00147734,90
S00147735,97
S00147736,78
S00147737,159
S00147738,68
S00147739,108
S00147740,122
S00147741,69
S00147742,62
S00147743,54
S00147744,49
S00147745,99
S00147746,133
S00147747,77
S00147748,89
S00147749,85
S00147750,72
S00147751,71
S00147752,82
S00147753,95
S00147754,116
S00147755,58
S00147756,71
S00147757,100
S00147758,75
S00147759,111
S00147760,62
S00147761,65
S00147762,92
S00147763,99
S00147764,97
S00147765,114
S00147766,78
S00147767,109
S00147768,112
S00147769,65
S00147770,135
S00147771,72
S00147772,59
S00147773,55
S00147774,77
S00147775,110
S00147776,101
S00147777,103
S00147778,74
S00147779,71
S00147780,89
S00147781,74
S00147782,82
S00147783,147
S00147784,87
S00147785,145
S00147786,68
S00147787,82
S00147788,66
S00147789,78
S00147790,112
S00147791,79
S00147792,86
S00147793,93
S00147794,90
S00147795,99
S00147796,74
S00147797,109
S00147798,63
S00147799,61
S00147800,101
S00147801,113
S00147802,85
S00147803,76
S00147804,86
S00147805,76
S00147806,111
S00147807,53
S00147808,68
S00147809,98
S00147810,81
S00147811,85
S00147812,144
S00147813,83
S00147814,82
S00147815,120
S00147816,95
S00147817,78
S00147818,98
S00147819,126
S00147820,101
S00147821,139
S00147822,91
S00147823,68
S00147824,77
S00147825,136
S00147826,124
S00147827,59
S00147828,124
S00147829,136
S00147830,90
S00147831,62
S00147832,80
S00147833,83
S00147834,96
S00147835,114
S00147836,105
S00147837,62
S00147838,98
S00147839,85
S00147840,73
S00147841,115
S00147842,48
S00147843,61
S00147844,117
S00147845,84
S00147846,90
S00147847,88
S00147848,98
S00147849,127
S00147850,63
S00147851,86
S00147852,91
S00147853,77
S00147854,82
S00147855,44
S00147856,92
S00147857,84
S00147858,71
S00147859,92
S00147860,75
S00147861,92
S00147862,54
S00147863,55
S00147864,138
S00147865,57
S00147866,178
S00147867,104
S00147868,92
S00147869,59
S00147870,95
S00147871,113
S00147872,96
S00147873,118
S00147874,102
S00147875,79
S00147876,118
S00147877,63
S00147878,87
S00147879,142
S00147880,61
S00147881,80
S00147882,124
S00147883,71
S00147884,63
S00147885,142
S00147886,62
S00147887,92
S00147888,70
S00147889,93
S00147890,60
S00147891,72
S00147892,87
S00147893,58
S00147894,81
S00147895,117
S00147896,96
S00147897,100
S00147898,91
S00147899,64
S00147900,80
S00147901,55
S00147902,52
S00147903,89
S00147904,94
S00147905,95
S00147906,82
S00147907,73
S00147908,73
S00147909,86
S00147910,96
S00147911,136
S00147912,65
S00147913,140
S00147914,77
S00147915,55
S00147916,132
S00147917,128
S00147918,92
S00147919,80
S00147920,85
S00147921,57
S00147922,82
S00147923,61
S00147924,110
S00147925,77
S00147926,72
S00147927,74
S00147928,112
S00147929,95
S00147930,86
S00147931,85
S00147932,66
S00147933,67
S00147934,55
S00147935,88
S00147936,74
S00147937,112
S00147938,77
S00147939,73
S00147940,65
S00147941,84
S00147942,96
S00147943,97
S00147944,66
S00147945,93
S00147946,66
S00147947,116
S00147948,118
S00147949,83
S00147950,93
S00147951,117
S00147952,110
S00147953,98
S00147954,58
S00147955,73
S00147956,84
S00147957,68
S00147958,63
S00147959,98
S00147960,79
S00147961,72
S00147962,98
S00147963,111
S00147964,103
S00147965,57
S00147966,64
S00147967,76
S00147968,84
S00147969,64
S00147970,103
S00147971,147
S00147972,74
S00147973,62
S00147974,87
S00147975,71
S00147976,79
S00147977,74
S00147978,120
S00147979,66
S00147980,90
S00147981,107
S00147982,74
S00147983,113
S00147984,102
S00147985,83
S00147986,123
S00147987,99
S00147988,110
S00147989,86
S00147990,99
S00147991,63
S00147992,62
S00147993,61
S00147994,54
S00147995,103
S00147996,116
S00147997,80
S00147998,92
S00147999,108
S00148000,93
S00148001,86
S00148002,76
S00148003,79
S00148004,90
S00148005,98
S00148006,84
S00148007,102
S00148008,130
S00148009,87
S00148010,62
S00148011,93
S00148012,77
S00148013,90
S00148014,71
S00148015,119
S00148016,74
S00148017,83
S00148018,57
S00148019,91
S00148020,112
S00148021,61
S00148022,107
S00148023,99
S00148024,117
S00148025,63
S00148026,61
S00148027,72
S00148028,121
S00148029,69
S00148030,124
S00148031,127
S00148032,69
S00148033,118
S00148034,101
S00148035,85
S00148036,70
S00148037,99
S00148038,83
S00148039,64
S00148040,92
S00148041,119
S00148042,85
S00148043,78
S00148044,55
S00148045,98
S00148046,80
S00148047,90
S00148048,104
S00148049,128
S00148050,131
S00148051,113
S00148052,64
S00148053,149
S00148054,124
S00148055,95
S00148056,120
S00148057,59
S00148058,122
S00148059,73
S00148060,91
S00148061,105
S00148062,88
S00148063,73
S00148064,95
S00148065,105
S00148066,121
S00148067,60
S00148068,88
S00148069,81
S00148070,96
S00148071,114
S00148072,71
S00148073,90
S00148074,69
S00148075,54
S00148076,63
S00148077,95
S00148078,88
S00148079,60
S00148080,90
S00148081,69
S00148082,82
S00148083,76
S00148084,86
S00148085,91
S00148086,63
S00148087,61
S00148088,98
S00148089,105
S00148090,68
S00148091,86
S00148092,95
S00148093,75
S00148094,93
S00148095,44
S00148096,77
S00148097,65
S00148098,89
S00148099,61
S00148100,91
S00148101,62
S00148102,110
S00148103,76
S00148104,112
S00148105,83
S00148106,151
S00148107,93
S00148108,82
S00148109,81
S00148110,78
S00148111,120
S00148112,130
S00148113,98
S00148114,104
S00148115,93
S00148116,120
S00148117,111
S00148118,71
S00148119,65
S00148120,163
S00148121,74
S00148122,86
S00148123,90
S00148124,116
S00148125,89
S00148126,71
S00148127,70
S00148128,61
S00148129,132
S00148130,63
S00148131,105
S00148132,85
S00148133,98
S00148134,61
S00148135,134
S00148136,102
S00148137,121
S00148138,96
S00148139,75
S00148140,68
S00148141,67
S00148142,131
S00148143,110
S00148144,87
S00148145,96
S00148146,69
S00148147,98
S00148148,64
S00148149,107
S00148150,124
S00148151,100
S00148152,80
S00148153,132
S00148154,97
S00148155,83
S00148156,71
S00148157,55
S00148158,115
S00148159,73
S00148160,87
S00148161,114
S00148162,155
S00148163,56
S00148164,84
S00148165,95
S00148166,72
S00148167,145
S00148168,107
S00148169,60
S00148170,104
S00148171,73
S00148172,97
S00148173,99
S00148174,100
S00148175,117
S00148176,87
S00148177,109
S00148178,124
S00148179,92
S00148180,93
S00148181,63
S00148182,88
S00148183,107
S00148184,99
S00148185,60
S00148186,96
S00148187,120
S00148188,104
S00148189,128
S00148190,63
S00148191,88
S00148192,133
S00148193,94
S00148194,53
S00148195,107
S00148196,66
S00148197,58
S00148198,52
S00148199,186
S00148200,60
S00148201,84
S00148202,127
S00148203,110
S00148204,63
S00148205,84
S00148206,73
S00148207,88
S00148208,52
S00148209,68
S00148210,50
S00148211,63
S00148212,127
S00148213,75
S00148214,60
S00148215,72
S00148216,65
S00148217,73
S00148218,66
S00148219,76
S00148220,99
S00148221,80
S00148222,143
S00148223,81
S00148224,71
S00148225,93
S00148226,65
S00148227,95
S00148228,136
S00148229,83
S00148230,58
S00148231,88
S00148232,88
S00148233,102
S00148234,112
S00148235,59
S00148236,80
S00148237,110
S00148238,55
S00148239,82
S00148240,91
S00148241,65
S00148242,68
S00148243,66
S00148244,101
S00148245,87
S00148246,57
S00148247,68
S00148248,100
S00148249,114
S00148250,64
S00148251,67
S00148252,85
S00148253,73
S00148254,56
S00148255,67
S00148256,64
S00148257,117
S00148258,109
S00148259,98
S00148260,88
S00148261,89
S00148262,93
S00148263,80
S00148264,60
S00148265,123
S00148266,137
S00148267,88
S00148268,72
S00148269,47
S00148270,56
S00148271,80
S00148272,124
S00148273,59
S00148274,117
S00148275,68
S00148276,90
S00148277,79
S00148278,73
S00148279,111
S00148280,80
S00148281,86
S00148282,74
S00148283,131
S00148284,96
S00148285,70
S00148286,87
S00148287,87
S00148288,84
S00148289,69
S00148290,86
S00148291,82
S00148292,88
S00148293,59
S00148294,113
S00148295,150
S00148296,77
S00148297,73
S00148298,64
S00148299,63
S00148300,85
S00148301,72
S00148302,134
S00148303,121
S00148304,116
S00148305,85
S00148306,124
S00148307,96
S00148308,126
S00148309,73
S00148310,82
S00148311,114
S00148312,157
S00148313,117
S00148314,58
S00148315,64
S00148316,174
S00148317,67
S00148318,99
S00148319,71
S00148320,76
S00148321,70
S00148322,118
S00148323,76
S00148324,168
S00148325,94
S00148326,98
S00148327,79
S00148328,54
S00148329,95
S00148330,68
S00148331,85
S00148332,79
S00148333,74
S00148334,80
S00148335,75
S00148336,61
S00148337,56
S00148338,101
S00148339,107
S00148340,60
S00148341,94
S00148342,60
S00148343,106
S00148344,78
S00148345,60
S00148346,117
S00148347,55
S00148348,61
S00148349,75
S00148350,109
S00148351,76
S00148352,98
S00148353,76
S00148354,94
S00148355,77
S00148356,90
S00148357,121
S00148358,96
S00148359,97
S00148360,65
S00148361,64
S00148362,104
S00148363,74
S00148364,77
S00148365,68
S00148366,63
S00148367,111
S00148368,164
S00148369,78
S00148370,78
S00148371,121
S00148372,94
S00148373,95
S00148374,88
S00148375,65
S00148376,48
S00148377,67
S00148378,96
S00148379,109
S00148380,81
S00148381,106
S00148382,117
S00148383,95
S00148384,102
S00148385,83
S00148386,85
S00148387,79
S00148388,56
S00148389,72
S00148390,62
S00148391,93
S00148392,62
S00148393,76
S00148394,104
S00148395,95
S00148396,114
S00148397,49
S00148398,69
S00148399,110
S00148400,68
S00148401,132
S00148402,71
S00148403,107
S00148404,152
S00148405,69
S00148406,107
S00148407,57
S00148408,94
S00148409,97
S00148410,237
S00148411,95
S00148412,87
S00148413,122
S00148414,63
S00148415,103
S00148416,115
S00148417,64
S00148418,215
S00148419,60
S00148420,197
S00148421,129
S00148422,133
S00148423,63
S00148424,85
S00148425,81
S00148426,66
S00148427,46
S00148428,121
S00148429,59
S00148430,113
S00148431,67
S00148432,89
S00148433,112
S00148434,82
S00148435,103
S00148436,89
S00148437,103
S00148438,74
S00148439,53
S00148440,62
S00148441,93
S00148442,78
S00148443,61
S00148444,81
S00148445,79
S00148446,61
S00148447,108
S00148448,90
S00148449,104
S00148450,66
S00148451,120
S00148452,82
S00148453,105
S00148454,55
S00148455,56
S00148456,79
S00148457,115
S00148458,230
S00148459,88
S00148460,110
S00148461,80
S00148462,122
S00148463,109
S00148464,77
S00148465,132
S00148466,69
S00148467,566
S00148468,84
S00148469,65
S00148470,124
S00148471,122
S00148472,108
S00148473,90
S00148474,121
S00148475,86
S00148476,77
S00148477,131
S00148478,138
S00148479,160
S00148480,308
S00148481,137
S00148482,95
S00148483,83
S00148484,73
S00148485,70
S00148486,67
S00148487,124
S00148488,82
S00148489,1237
S00148490,116
S00148491,74
S00148492,118
S00148493,109
S00148494,52
S00148495,146
S00148496,96
S00148497,126
S00148498,115
S00148499,107
S00148500,179
S00148501,79
S00148502,174
S00148503,82
S00148504,123
S00148505,108
S00148506,57
S00148507,87
S00148508,89
S00148509,90
S00148510,76
S00148511,154
S00148512,104
S00148513,85
S00148514,222
S00148515,85
S00148516,50
S00148517,83
S00148518,90
S00148519,83
S00148520,119
S00148521,57
S00148522,90
S00148523,92
S00148524,185
S00148525,132
S00148526,90
S00148527,91
S00148528,74
S00148529,99
S00148530,55
S00148531,101
S00148532,108
S00148533,93
S00148534,167
S00148535,84
S00148536,110
S00148537,92
S00148538,127
S00148539,129
S00148540,116
S00148541,75
S00148542,60
S00148543,74
S00148544,101
S00148545,75
S00148546,70
S00148547,86
S00148548,123
S00148549,71
S00148550,84
S00148551,115
S00148552,136
S00148553,77
S00148554,117
S00148555,66
S00148556,56
S00148557,88
S00148558,87
S00148559,98
S00148560,534
S00148561,95
S00148562,92
S00148563,77
S00148564,303
S00148565,163
S00148566,113
S00148567,72
S00148568,82
S00148569,498
S00148570,117
S00148571,78
S00148572,89
S00148573,62
S00148574,138
S00148575,85
S00148576,73
S00148577,112
S00148578,142
S00148579,130
S00148580,102
S00148581,84
S00148582,122
S00148583,92
S00148584,62
S00148585,110
S00148586,101
S00148587,100
S00148588,136
S00148589,110
S00148590,139
S00148591,199
S00148592,111
S00148593,71
S00148594,613
S00148595,103
S00148596,68
S00148597,97
S00148598,74
S00148599,90
S00148600,65
S00148601,86
S00148602,88
S00148603,113
S00148604,66
S00148605,66
S00148606,101
S00148607,110
S00148608,93
S00148609,66
S00148610,85
S00148611,84
S00148612,82
S00148613,142
S00148614,337
S00148615,84
S00148616,120
S00148617,71
S00148618,87
S00148619,87
S00148620,120
S00148621,67
S00148622,85
S00148623,92
S00148624,142
S00148625,104
S00148626,109
S00148627,93
S00148628,66
S00148629,107
S00148630,162
S00148631,127
S00148632,60
S00148633,94
S00148634,61
S00148635,118
S00148636,63
S00148637,179
S00148638,120
S00148639,99
S00148640,153
S00148641,193
S00148642,80
S00148643,102
S00148644,108
S00148645,112
S00148646,102
S00148647,63
S00148648,98
S00148649,66
S00148650,101
S00148651,157
S00148652,111
S00148653,104
S00148654,135
S00148655,89
S00148656,136
S00148657,104
S00148658,123
S00148659,80
S00148660,136
S00148661,80
S00148662,143
S00148663,85
S00148664,74
S00148665,133
S00148666,169
S00148667,132
S00148668,103
S00148669,104
S00148670,87
S00148671,76
S00148672,73
S00148673,84
S00148674,72
S00148675,100
S00148676,89
S00148677,111
S00148678,74
S00148679,100
S00148680,91
S00148681,95
S00148682,103
S00148683,80
S00148684,102
S00148685,112
S00148686,102
S00148687,98
S00148688,77
S00148689,47
S00148690,56
S00148691,83
S00148692,76
S00148693,54
S00148694,75
S00148695,69
S00148696,77
S00148697,61
S00148698,99
S00148699,92
S00148700,60
S00148701,124
S00148702,85
S00148703,161
S00148704,71
S00148705,95
S00148706,61
S00148707,86
S00148708,94
S00148709,75
S00148710,72
S00148711,75
S00148712,128
S00148713,129
S00148714,78
S00148715,67
S00148716,87
S00148717,97
S00148718,81
S00148719,66
S00148720,74
S00148721,84
S00148722,155
S00148723,73
S00148724,86
S00148725,69
S00148726,122
S00148727,95
S00148728,121
S00148729,76
S00148730,149
S00148731,109
S00148732,93
S00148733,122
S00148734,103
S00148735,96
S00148736,209
S00148737,153
S00148738,90
S00148739,104
S00148740,85
S00148741,77
S00148742,79
S00148743,81
S00148744,105
S00148745,86
S00148746,76
S00148747,147
S00148748,117
S00148749,56
S00148750,76
S00148751,104
S00148752,121
S00148753,66
S00148754,115
S00148755,101
S00148756,76
S00148757,127
S00148758,72
S00148759,83
S00148760,93
S00148761,157
S00148762,134
S00148763,118
S00148764,92
S00148765,111
S00148766,113
S00148767,108
S00148768,120
S00148769,93
S00148770,67
S00148771,105
S00148772,104
S00148773,161
S00148774,74
S00148775,136
S00148776,140
S00148777,96
S00148778,84
S00148779,143
S00148780,192
S00148781,133
S00148782,113
S00148783,86
S00148784,81
S00148785,101
S00148786,83
S00148787,68
S00148788,98
S00148789,156
S00148790,110
S00148791,98
S00148792,83
S00148793,97
S00148794,154
S00148795,100
S00148796,96
S00148797,157
S00148798,109
S00148799,113
S00148800,56
S00148801,93
S00148802,62
S00148803,46
S00148804,93
S00148805,68
S00148806,94
S00148807,71
S00148808,94
S00148809,83
S00148810,96
S00148811,82
S00148812,92
S00148813,67
S00148814,149
S00148815,89
S00148816,124
S00148817,85
S00148818,92
S00148819,134
S00148820,64
S00148821,114
S00148822,67
S00148823,79
S00148824,126
S00148825,65
S00148826,97
S00148827,154
S00148828,103
S00148829,89
S00148830,84
S00148831,89
S00148832,98
S00148833,136
S00148834,73
S00148835,178
S00148836,85
S00148837,82
S00148838,138
S00148839,101
S00148840,104
S00148841,139
S00148842,69
S00148843,111
S00148844,144
S00148845,136
S00148846,130
S00148847,72
S00148848,75
S00148849,72
S00148850,114
S00148851,81
S00148852,158
S00148853,89
S00148854,89
S00148855,136
S00148856,179
S00148857,140
S00148858,55
S00148859,48
S00148860,84
S00148861,93
S00148862,106
S00148863,76
S00148864,122
S00148865,104
S00148866,114
S00148867,168
S00148868,72
S00148869,82
S00148870,67
S00148871,131
S00148872,152
S00148873,108
S00148874,114
S00148875,72
S00148876,87
S00148877,89
S00148878,99
S00148879,125
S00148880,59
S00148881,98
S00148882,149
S00148883,82
S00148884,93
S00148885,74
S00148886,99
S00148887,87
S00148888,65
S00148889,109
S00148890,119
S00148891,128
S00148892,96
S00148893,119
S00148894,89
S00148895,143
S00148896,110
S00148897,95
S00148898,64
S00148899,67
S00148900,98
S00148901,56
S00148902,111
S00148903,153
S00148904,123
S00148905,63
S00148906,106
S00148907,110
S00148908,78
S00148909,64
S00148910,123
S00148911,77
S00148912,79
S00148913,75
S00148914,96
S00148915,115
S00148916,85
S00148917,58
S00148918,88
S00148919,102
S00148920,91
S00148921,108
S00148922,107
S00148923,117
S00148924,76
S00148925,59
S00148926,68
S00148927,57
S00148928,77
S00148929,91
S00148930,62
S00148931,61
S00148932,81
S00148933,99
S00148934,96
S00148935,139
S00148936,110
S00148937,101
S00148938,83
S00148939,69
S00148940,86
S00148941,73
S00148942,120
S00148943,94
S00148944,72
S00148945,97
S00148946,66
S00148947,85
S00148948,75
S00148949,68
S00148950,84
S00148951,83
S00148952,159
S00148953,123
S00148954,87
S00148955,110
S00148956,86
S00148957,80
S00148958,147
S00148959,88
S00148960,127
S00148961,53
S00148962,76
S00148963,99
S00148964,77
S00148965,140
S00148966,99
S00148967,120
S00148968,139
S00148969,67
S00148970,81
S00148971,95
S00148972,76
S00148973,83
S00148974,84
S00148975,98
S00148976,127
S00148977,93
S00148978,106
S00148979,60
S00148980,86
S00148981,61
S00148982,104
S00148983,121
S00148984,60
S00148985,114
S00148986,92
S00148987,93
S00148988,137
S00148989,82
S00148990,118
S00148991,131
S00148992,135
S00148993,64
S00148994,92
S00148995,132
S00148996,97
S00148997,148
S00148998,66
S00148999,87
S00149000,129
S00149001,116
S00149002,83
S00149003,72
S00149004,154
S00149005,78
S00149006,181
S00149007,112
S00149008,116
S00149009,135
S00149010,83
S00149011,64
S00149012,106
S00149013,115
S00149014,124
S00149015,124
S00149016,82
S00149017,90
S00149018,85
S00149019,167
S00149020,83
S00149021,122
S00149022,77
S00149023,88
S00149024,77
S00149025,73
S00149026,144
S00149027,103
S00149028,86
S00149029,128
S00149030,87
S00149031,69
S00149032,77
S00149033,93
S00149034,122
S00149035,78
S00149036,59
S00149037,67
S00149038,86
S00149039,111
S00149040,126
S00149041,95
S00149042,90
S00149043,99
S00149044,78
S00149045,58
S00149046,145
S00149047,91
S00149048,82
S00149049,141
S00149050,93
S00149051,83
S00149052,106
S00149053,67
S00149054,98
S00149055,91
S00149056,94
S00149057,66
S00149058,71
S00149059,83
S00149060,84
S00149061,93
S00149062,178
S00149063,103
S00149064,107
S00149065,126
S00149066,135
S00149067,74
S00149068,94
S00149069,96
S00149070,94
S00149071,71
S00149072,128
S00149073,123
S00149074,82
S00149075,109
S00149076,72
S00149077,85
S00149078,90
S00149079,50
S00149080,69
S00149081,109
S00149082,59
S00149083,125
S00149084,68
S00149085,114
S00149086,69
S00149087,180
S00149088,149
S00149089,98
S00149090,68
S00149091,70
S00149092,90
S00149093,59
S00149094,98
S00149095,112
S00149096,106
S00149097,104
S00149098,74
S00149099,124
S00149100,86
S00149101,63
S00149102,146
S00149103,57
S00149104,90
S00149105,68
S00149106,69
S00149107,103
S00149108,161
S00149109,56
S00149110,93
S00149111,65
S00149112,93
S00149113,108
S00149114,76
S00149115,112
S00149116,172
S00149117,89
S00149118,100
S00149119,66
S00149120,82
S00149121,104
S00149122,150
S00149123,58
S00149124,54
S00149125,136
S00149126,114
S00149127,65
S00149128,93
S00149129,100
S00149130,68
S00149131,48
S00149132,89
S00149133,83
S00149134,69
S00149135,68
S00149136,72
S00149137,105
S00149138,89
S00149139,60
S00149140,55
S00149141,116
S00149142,102
S00149143,84
S00149144,63
S00149145,149
S00149146,94
S00149147,161
S00149148,92
S00149149,71
S00149150,68
S00149151,92
S00149152,144
S00149153,122
S00149154,85
S00149155,113
S00149156,82
S00149157,114
S00149158,114
S00149159,117
S00149160,121
S00149161,80
S00149162,111
S00149163,57
S00149164,91
S00149165,64
S00149166,182
S00149167,77
S00149168,95
S00149169,105
S00149170,111
S00149171,59
S00149172,127
S00149173,125
S00149174,59
S00149175,116
S00149176,96
S00149177,66
S00149178,113
S00149179,70
S00149180,110
S00149181,72
S00149182,58
S00149183,116
S00149184,128
S00149185,133
S00149186,131
S00149187,99
S00149188,91
S00149189,98
S00149190,161
S00149191,63
S00149192,101
S00149193,74
S00149194,147
S00149195,70
S00149196,69
S00149197,113
S00149198,96
S00149199,78
S00149200,68
S00149201,63
S00149202,70
S00149203,507
S00149204,110
S00149205,116
S00149206,82
S00149207,89
S00149208,103
S00149209,66
S00149210,70
S00149211,122
S00149212,118
S00149213,125
S00149214,129
S00149215,84
S00149216,146
S00149217,54
S00149218,126
S00149219,68
S00149220,95
S00149221,114
S00149222,100
S00149223,94
S00149224,97
S00149225,137
S00149226,66
S00149227,121
S00149228,55
S00149229,158
S00149230,69
S00149231,96
S00149232,87
S00149233,88
S00149234,100
S00149235,154
S00149236,72
S00149237,94
S00149238,55
S00149239,108
S00149240,110
S00149241,71
S00149242,61
S00149243,81
S00149244,134
S00149245,93
S00149246,107
S00149247,120
S00149248,96
S00149249,100
S00149250,85
S00149251,80
S00149252,78
S00149253,85
S00149254,78
S00149255,102
S00149256,71
S00149257,86
S00149258,112
S00149259,77
S00149260,91
S00149261,83
S00149262,67
S00149263,86
S00149264,89
S00149265,112
S00149266,158
S00149267,68
S00149268,90
S00149269,99
S00149270,68
S00149271,57
S00149272,115
S00149273,102
S00149274,102
S00149275,61
S00149276,99
S00149277,107
S00149278,92
S00149279,88
S00149280,86
S00149281,114
S00149282,105
S00149283,81
S00149284,119
S00149285,54
S00149286,80
S00149287,60
S00149288,81
S00149289,74
S00149290,62
S00149291,60
S00149292,81
S00149293,147
S00149294,83
S00149295,111
S00149296,134
S00149297,60
S00149298,63
S00149299,122
S00149300,106
S00149301,85
S00149302,59
S00149303,97
S00149304,104
S00149305,110
S00149306,102
S00149307,93
S00149308,70
S00149309,106
S00149310,93
S00149311,110
S00149312,92
S00149313,74
S00149314,86
S00149315,74
S00149316,99
S00149317,92
S00149318,60
S00149319,80
S00149320,76
S00149321,113
S00149322,82
S00149323,77
S00149324,74
S00149325,77
S00149326,89
S00149327,58
S00149328,129
S00149329,76
S00149330,87
S00149331,56
S00149332,91
S00149333,89
S00149334,65
S00149335,80
S00149336,60
S00149337,62
S00149338,116
S00149339,85
S00149340,127
S00149341,113
S00149342,62
S00149343,93
S00149344,108
S00149345,78
S00149346,76
S00149347,84
S00149348,114
S00149349,108
S00149350,91
S00149351,119
S00149352,80
S00149353,79
S00149354,99
S00149355,122
S00149356,118
S00149357,94
S00149358,92
S00149359,153
S00149360,118
S00149361,121
S00149362,126
S00149363,90
S00149364,117
S00149365,96
S00149366,65
S00149367,108
S00149368,106
S00149369,94
S00149370,111
S00149371,111
S00149372,65
S00149373,65
S00149374,93
S00149375,99
S00149376,134
S00149377,62
S00149378,115
S00149379,80
S00149380,102
S00149381,74
S00149382,60
S00149383,95
S00149384,149
S00149385,139
S00149386,84
S00149387,56
S00149388,84
S00149389,77
S00149390,101
S00149391,56
S00149392,112
S00149393,78
S00149394,114
S00149395,166
S00149396,93
S00149397,107
S00149398,102
S00149399,97
S00149400,87
S00149401,99
S00149402,64
S00149403,68
S00149404,82
S00149405,78
S00149406,79
S00149407,75
S00149408,78
S00149409,53
S00149410,137
S00149411,95
S00149412,89
S00149413,117
S00149414,95
S00149415,75
S00149416,120
S00149417,57
S00149418,85
S00149419,93
S00149420,105
S00149421,44
S00149422,102
S00149423,77
S00149424,73
S00149425,128
S00149426,53
S00149427,74
S00149428,59
S00149429,94
S00149430,74
S00149431,112
S00149432,159
S00149433,77
S00149434,143
S00149435,72
S00149436,103
S00149437,76
S00149438,60
S00149439,68
S00149440,65
S00149441,96
S00149442,91
S00149443,63
S00149444,98
S00149445,92
S00149446,69
S00149447,92
S00149448,111
S00149449,90
S00149450,130
S00149451,87
S00149452,86
S00149453,150
S00149454,73
S00149455,110
S00149456,87
S00149457,124
S00149458,80
S00149459,125
S00149460,89
S00149461,125
S00149462,182
S00149463,80
S00149464,63
S00149465,70
S00149466,167
S00149467,167
S00149468,105
S00149469,110
S00149470,105
S00149471,147
S00149472,105
S00149473,67
S00149474,93
S00149475,139
S00149476,125
S00149477,105
S00149478,57
S00149479,55
S00149480,77
S00149481,99
S00149482,83
S00149483,101
S00149484,124
S00149485,111
S00149486,58
S00149487,66
S00149488,138
S00149489,80
S00149490,72
S00149491,132
S00149492,113
S00149493,95
S00149494,140
S00149495,125
S00149496,91
S00149497,87
S00149498,83
S00149499,90
S00149500,116
S00149501,56
S00149502,100
S00149503,79
S00149504,94
S00149505,77
S00149506,81
S00149507,88
S00149508,107
S00149509,101
S00149510,112
S00149511,77
S00149512,80
S00149513,59
S00149514,96
S00149515,68
S00149516,105
S00149517,67
S00149518,109
S00149519,68
S00149520,61
S00149521,86
S00149522,63
S00149523,115
S00149524,69
S00149525,93
S00149526,93
S00149527,114
S00149528,171
S00149529,86
S00149530,117
S00149531,89
S00149532,109
S00149533,92
S00149534,96
S00149535,111
S00149536,47
S00149537,140
S00149538,111
S00149539,79
S00149540,75
S00149541,113
S00149542,97
S00149543,94
S00149544,91
S00149545,84
S00149546,131
S00149547,103
S00149548,103
S00149549,77
S00149550,101
S00149551,70
S00149552,69
S00149553,87
S00149554,122
S00149555,71
S00149556,48
S00149557,126
S00149558,109
S00149559,90
S00149560,91
S00149561,113
S00149562,131
S00149563,131
S00149564,197
S00149565,74
S00149566,82
S00149567,121
S00149568,79
S00149569,94
S00149570,89
S00149571,90
S00149572,84
S00149573,74
S00149574,124
S00149575,86
S00149576,68
S00149577,81
S00149578,65
S00149579,96
S00149580,143
S00149581,89
S00149582,110
S00149583,146
S00149584,59
S00149585,89
S00149586,140
S00149587,127
S00149588,80
S00149589,118
S00149590,157
S00149591,82
S00149592,65
S00149593,79
S00149594,88
S00149595,117
S00149596,87
S00149597,91
S00149598,86
S00149599,99
S00149600,88
S00149601,102
S00149602,78
S00149603,74
S00149604,121
S00149605,68
S00149606,55
S00149607,68
S00149608,63
S00149609,61
S00149610,80
S00149611,108
S00149612,119
S00149613,89
S00149614,86
S00149615,102
S00149616,109
S00149617,104
S00149618,83
S00149619,72
S00149620,76
S00149621,78
S00149622,68
S00149623,101
S00149624,71
S00149625,67
S00149626,107
S00149627,60
S00149628,172
S00149629,75
S00149630,134
S00149631,89
S00149632,81
S00149633,93
S00149634,135
S00149635,225
S00149636,89
S00149637,146
S00149638,126
S00149639,70
S00149640,84
S00149641,94
S00149642,67
S00149643,106
S00149644,51
S00149645,64
S00149646,104
S00149647,108
S00149648,125
S00149649,85
S00149650,82
S00149651,153
S00149652,159
S00149653,84
S00149654,102
S00149655,138
S00149656,116
S00149657,84
S00149658,112
S00149659,65
S00149660,106
S00149661,120
S00149662,64
S00149663,96
S00149664,138
S00149665,67
S00149666,63
S00149667,96
S00149668,154
S00149669,99
S00149670,171
S00149671,161
S00149672,119
S00149673,132
S00149674,144
S00149675,86
S00149676,254
S00149677,95
S00149678,119
S00149679,89
S00149680,81
S00149681,75
S00149682,63
S00149683,137
S00149684,79
S00149685,125
S00149686,74
S00149687,101
S00149688,109
S00149689,105
S00149690,117
S00149691,70
S00149692,139
S00149693,131
S00149694,121
S00149695,62
S00149696,135
S00149697,70
S00149698,144
S00149699,117
S00149700,99
S00149701,85
S00149702,104
S00149703,122
S00149704,146
S00149705,76
S00149706,65
S00149707,83
S00149708,80
S00149709,119
S00149710,131
S00149711,87
S00149712,66
S00149713,101
S00149714,103
S00149715,79
S00149716,90
S00149717,105
S00149718,109
S00149719,101
S00149720,68
S00149721,119
S00149722,126
S00149723,76
S00149724,92
S00149725,114
S00149726,102
S00149727,84
S00149728,76
S00149729,91
S00149730,82
S00149731,116
S00149732,85
S00149733,59
S00149734,60
S00149735,101
S00149736,134
S00149737,89
S00149738,155
S00149739,69
S00149740,143
S00149741,218
S00149742,128
S00149743,74
S00149744,101
S00149745,126
S00149746,72
S00149747,116
S00149748,117
S00149749,92
S00149750,90
S00149751,94
S00149752,98
S00149753,81
S00149754,114
S00149755,101
S00149756,123
S00149757,116
S00149758,214
S00149759,78
S00149760,124
S00149761,57
S00149762,63
S00149763,107
S00149764,63
S00149765,148
S00149766,179
S00149767,94
S00149768,53
S00149769,79
S00149770,118
S00149771,67
S00149772,136
S00149773,90
S00149774,79
S00149775,54
S00149776,58
S00149777,85
S00149778,96
S00149779,96
S00149780,76
S00149781,95
S00149782,93
S00149783,93
S00149784,92
S00149785,84
S00149786,74
S00149787,85
S00149788,130
S00149789,135
S00149790,131
S00149791,98
S00149792,80
S00149793,98
S00149794,93
S00149795,87
S00149796,111
S00149797,90
S00149798,136
S00149799,88
S00149800,106
S00149801,53
S00149802,86
S00149803,64
S00149804,154
S00149805,76
S00149806,106
S00149807,55
S00149808,81
S00149809,124
S00149810,127
S00149811,88
S00149812,92
S00149813,121
S00149814,124
S00149815,63
S00149816,95
S00149817,88
S00149818,87
S00149819,59
S00149820,133
S00149821,104
S00149822,93
S00149823,114
S00149824,105
S00149825,58
S00149826,80
S00149827,98
S00149828,120
S00149829,117
S00149830,107
S00149831,89
S00149832,88
S00149833,77
S00149834,96
S00149835,136
S00149836,77
S00149837,64
S00149838,82
S00149839,100
S00149840,74
S00149841,93
S00149842,166
S00149843,111
S00149844,73
S00149845,77
S00149846,52
S00149847,93
S00149848,61
S00149849,60
S00149850,82
S00149851,158
S00149852,80
S00149853,112
S00149854,66
S00149855,75
S00149856,110
S00149857,96
S00149858,127
S00149859,71
S00149860,84
S00149861,127
S00149862,92
S00149863,121
S00149864,118
S00149865,89
S00149866,78
S00149867,49
S00149868,91
S00149869,137
S00149870,120
S00149871,89
S00149872,77
S00149873,96
S00149874,116
S00149875,125
S00149876,159
S00149877,62
S00149878,72
S00149879,101
S00149880,53
S00149881,74
S00149882,74
S00149883,101
S00149884,72
S00149885,83
S00149886,108
S00149887,118
S00149888,96
S00149889,113
S00149890,59
S00149891,99
S00149892,65
S00149893,136
S00149894,92
S00149895,70
S00149896,57
S00149897,97
S00149898,57
S00149899,74
S00149900,148
S00149901,83
S00149902,83
S00149903,77
S00149904,53
S00149905,73
S00149906,111
S00149907,60
S00149908,62
S00149909,129
S00149910,98
S00149911,69
S00149912,80
S00149913,77
S00149914,95
S00149915,70
S00149916,84
S00149917,117
S00149918,147
S00149919,97
S00149920,95
S00149921,59
S00149922,116
S00149923,112
S00149924,102
S00149925,74
S00149926,61
S00149927,91
S00149928,137
S00149929,128
S00149930,107
S00149931,94
S00149932,120
S00149933,85
S00149934,99
S00149935,130
S00149936,103
S00149937,97
S00149938,185
S00149939,122
S00149940,112
S00149941,110
S00149942,128
S00149943,148
S00149944,74
S00149945,119
S00149946,129
S00149947,129
S00149948,80
S00149949,87
S00149950,105
S00149951,94
S00149952,153
S00149953,178
S00149954,74
S00149955,91
S00149956,135
S00149957,97
S00149958,86
S00149959,130
S00149960,65
S00149961,65
S00149962,76
S00149963,85
S00149964,76
S00149965,86
S00149966,101
S00149967,85
S00149968,76
S00149969,97
S00149970,110
S00149971,102
S00149972,78
S00149973,79
S00149974,72
S00149975,91
S00149976,64
S00149977,114
S00149978,93
S00149979,110
S00149980,79
S00149981,153
S00149982,96
S00149983,99
S00149984,59
S00149985,110
S00149986,74
S00149987,75
S00149988,133
S00149989,66
S00149990,76
S00149991,142
S00149992,110
S00149993,149
S00149994,107
S00149995,85
S00149996,109
S00149997,95
S00149998,78
S00149999,167
S00150000,78
S00150001,103
S00150002,85
S00150003,66
S00150004,64
S00150005,147
S00150006,104
S00150007,121
S00150008,75
S00150009,121
S00150010,107
S00150011,50
S00150012,77
S00150013,69
S00150014,132
S00150015,89
S00150016,92
S00150017,92
S00150018,128
S00150019,53
S00150020,85
S00150021,138
S00150022,148
S00150023,136
S00150024,138
S00150025,60
S00150026,84
S00150027,104
S00150028,85
S00150029,110
S00150030,93
S00150031,77
S00150032,102
S00150033,146
S00150034,52
S00150035,144
S00150036,90
S00150037,86
S00150038,131
S00150039,49
S00150040,84
S00150041,52
S00150042,83
S00150043,61
S00150044,82
S00150045,111
S00150046,58
S00150047,88
S00150048,235
S00150049,86
S00150050,77
S00150051,118
S00150052,65
S00150053,56
S00150054,198
S00150055,130
S00150056,63
S00150057,73
S00150058,94
S00150059,114
S00150060,83
S00150061,71
S00150062,64
S00150063,80
S00150064,173
S00150065,120
S00150066,93
S00150067,97
S00150068,126
S00150069,75
S00150070,50
S00150071,112
S00150072,122
S00150073,87
S00150074,95
S00150075,89
S00150076,66
S00150077,68
S00150078,161
S00150079,129
S00150080,65
S00150081,93
S00150082,136
S00150083,90
S00150084,91
S00150085,49
S00150086,105
S00150087,83
S00150088,110
S00150089,87
S00150090,166
S00150091,73
S00150092,133
S00150093,82
S00150094,92
S00150095,57
S00150096,131
S00150097,89
S00150098,133
S00150099,88
S00150100,103
S00150101,158
S00150102,98
S00150103,64
S00150104,82
S00150105,190
S00150106,82
S00150107,90
S00150108,77
S00150109,74
S00150110,145
S00150111,118
S00150112,79
S00150113,101
S00150114,100
S00150115,109
S00150116,60
S00150117,101
S00150118,143
S00150119,137
S00150120,61
S00150121,118
S00150122,89
S00150123,137
S00150124,158
S00150125,157
S00150126,91
S00150127,78
S00150128,58
S00150129,86
S00150130,78
S00150131,130
S00150132,126
S00150133,116
S00150134,109
S00150135,103
S00150136,128
S00150137,107
S00150138,133
S00150139,127
S00150140,119
S00150141,96
S00150142,129
S00150143,57
S00150144,78
S00150145,48
S00150146,84
S00150147,95
S00150148,169
S00150149,100
S00150150,71
S00150151,99
S00150152,96
S00150153,80
S00150154,129
S00150155,97
S00150156,101
S00150157,96
S00150158,116
S00150159,102
S00150160,164
S00150161,156
S00150162,98
S00150163,156
S00150164,663
S00150165,143
S00150166,81
S00150167,148
S00150168,135
S00150169,160
S00150170,75
S00150171,108
S00150172,106
S00150173,138
S00150174,129
S00150175,88
S00150176,106
S00150177,146
S00150178,103
S00150179,74
S00150180,118
S00150181,141
S00150182,152
S00150183,109
S00150184,93
S00150185,45
S00150186,78
S00150187,68
S00150188,134
S00150189,94
S00150190,109
S00150191,141
S00150192,79
S00150193,100
S00150194,119
S00150195,105
S00150196,90
S00150197,149
S00150198,94
S00150199,75
S00150200,93
S00150201,84
S00150202,96
S00150203,99
S00150204,100
S00150205,84
S00150206,150
S00150207,98
S00150208,88
S00150209,72
S00150210,164
S00150211,79
S00150212,108
S00150213,88
S00150214,122
S00150215,106
S00150216,87
S00150217,93
S00150218,158
S00150219,130
S00150220,90
S00150221,114
S00150222,62
S00150223,107
S00150224,63
S00150225,106
S00150226,192
S00150227,76
S00150228,93
S00150229,72
S00150230,124
S00150231,83
S00150232,66
S00150233,114
S00150234,90
S00150235,112
S00150236,105
S00150237,123
S00150238,105
S00150239,98
S00150240,131
S00150241,83
S00150242,98
S00150243,102
S00150244,108
S00150245,106
S00150246,120
S00150247,149
S00150248,61
S00150249,68
S00150250,116
S00150251,132
S00150252,82
S00150253,69
S00150254,115
S00150255,122
S00150256,129
S00150257,100
S00150258,53
S00150259,69
S00150260,126
S00150261,88
S00150262,94
S00150263,103
S00150264,121
S00150265,95
S00150266,100
S00150267,101
S00150268,111
S00150269,85
S00150270,91
S00150271,121
S00150272,67
S00150273,118
S00150274,107
S00150275,131
S00150276,110
S00150277,130
S00150278,91
S00150279,99
S00150280,111
S00150281,142
S00150282,130
S00150283,61
S00150284,90
S00150285,133
S00150286,147
S00150287,96
S00150288,96
S00150289,107
S00150290,82
S00150291,103
S00150292,126
S00150293,97
S00150294,80
S00150295,125
S00150296,137
S00150297,81
S00150298,103
S00150299,105
S00150300,89
S00150301,156
S00150302,55
S00150303,81
S00150304,110
S00150305,92
S00150306,110
S00150307,79
S00150308,62
S00150309,122
S00150310,50
S00150311,95
S00150312,121
S00150313,80
S00150314,51
S00150315,91
S00150316,96
S00150317,78
S00150318,80
S00150319,91
S00150320,137
S00150321,72
S00150322,91
S00150323,104
S00150324,90
S00150325,140
S00150326,129
S00150327,147
S00150328,105
S00150329,98
S00150330,97
S00150331,93
S00150332,158
S00150333,105
S00150334,137
S00150335,153
S00150336,93
S00150337,103
S00150338,118
S00150339,79
S00150340,93
S00150341,86
S00150342,85
S00150343,100
S00150344,138
S00150345,171
S00150346,123
S00150347,121
S00150348,123
S00150349,71
S00150350,150
S00150351,126
S00150352,150
S00150353,104
S00150354,82
S00150355,59
S00150356,87
S00150357,77
S00150358,136
S00150359,102
S00150360,110
S00150361,106
S00150362,150
S00150363,92
S00150364,108
S00150365,98
S00150366,99
S00150367,145
S00150368,75
S00150369,88
S00150370,112
S00150371,123
S00150372,111
S00150373,138
S00150374,92
S00150375,79
S00150376,105
S00150377,139
S00150378,109
S00150379,93
S00150380,84
S00150381,160
S00150382,92
S00150383,89
S00150384,103
S00150385,93
S00150386,156
S00150387,82
S00150388,77
S00150389,101
S00150390,149
S00150391,99
S00150392,94
S00150393,93
S00150394,73
S00150395,101
S00150396,114
S00150397,80
S00150398,128
S00150399,72
S00150400,95
S00150401,145
S00150402,61
S00150403,108
S00150404,99
S00150405,82
S00150406,86
S00150407,101
S00150408,147
S00150409,129
S00150410,89
S00150411,86
S00150412,75
S00150413,131
S00150414,66
S00150415,96
S00150416,55
S00150417,105
S00150418,99
S00150419,193
S00150420,129
S00150421,61
S00150422,103
S00150423,75
S00150424,131
S00150425,110
S00150426,82
S00150427,79
S00150428,143
S00150429,115
S00150430,134
S00150431,96
S00150432,100
S00150433,104
S00150434,105
S00150435,124
S00150436,101
S00150437,79
S00150438,143
S00150439,89
S00150440,146
S00150441,87
S00150442,64
S00150443,107
S00150444,95
S00150445,71
S00150446,79
S00150447,105
S00150448,114
S00150449,79
S00150450,108
S00150451,96
S00150452,109
S00150453,121
S00150454,72
S00150455,99
S00150456,111
S00150457,168
S00150458,147
S00150459,122
S00150460,76
S00150461,105
S00150462,88
S00150463,127
S00150464,78
S00150465,123
S00150466,116
S00150467,83
S00150468,104
S00150469,101
S00150470,147
S00150471,75
S00150472,105
S00150473,64
S00150474,93
S00150475,98
S00150476,158
S00150477,132
S00150478,103
S00150479,123
S00150480,59
S00150481,65
S00150482,138
S00150483,124
S00150484,134
S00150485,99
S00150486,82
S00150487,135
S00150488,93
S00150489,91
S00150490,110
S00150491,107
S00150492,88
S00150493,117
S00150494,82
S00150495,100
S00150496,115
S00150497,154
S00150498,111
S00150499,102
S00150500,122
S00150501,72
S00150502,123
S00150503,64
S00150504,74
S00150505,81
S00150506,119
S00150507,127
S00150508,136
S00150509,190
S00150510,125
S00150511,153
S00150512,83
S00150513,64
S00150514,81
S00150515,174
S00150516,131
S00150517,96
S00150518,91
S00150519,120
S00150520,98
S00150521,92
S00150522,87
S00150523,106
S00150524,124
S00150525,91
S00150526,85
S00150527,83
S00150528,117
S00150529,85
S00150530,70
S00150531,120
S00150532,78
S00150533,114
S00150534,99
S00150535,68
S00150536,105
S00150537,124
S00150538,78
S00150539,84
S00150540,110
S00150541,106
S00150542,120
S00150543,57
S00150544,125
S00150545,104
S00150546,78
S00150547,94
S00150548,86
S00150549,115
S00150550,84
S00150551,60
S00150552,158
S00150553,93
S00150554,115
S00150555,82
S00150556,83
S00150557,102
S00150558,173
S00150559,110
S00150560,70
S00150561,108
S00150562,102
S00150563,77
S00150564,72
S00150565,112
S00150566,95
S00150567,106
S00150568,75
S00150569,142
S00150570,142
S00150571,83
S00150572,114
S00150573,72
S00150574,67
S00150575,108
S00150576,58
S00150577,67
S00150578,147
S00150579,61
S00150580,75
S00150581,71
S00150582,67
S00150583,96
S00150584,142
S00150585,114
S00150586,75
S00150587,129
S00150588,88
S00150589,104
S00150590,111
S00150591,126
S00150592,127
S00150593,150
S00150594,89
S00150595,103
S00150596,84
S00150597,68
S00150598,78
S00150599,115
S00150600,96
S00150601,85
S00150602,141
S00150603,113
S00150604,73
S00150605,81
S00150606,62
S00150607,87
S00150608,105
S00150609,114
S00150610,71
S00150611,109
S00150612,76
S00150613,124
S00150614,97
S00150615,92
S00150616,126
S00150617,100
S00150618,115
S00150619,77
S00150620,87
S00150621,107
S00150622,84
S00150623,130
S00150624,76
S00150625,105
S00150626,72
S00150627,123
S00150628,108
S00150629,92
S00150630,79
S00150631,94
S00150632,93
S00150633,79
S00150634,83
S00150635,97
S00150636,77
S00150637,62
S00150638,89
S00150639,105
S00150640,120
S00150641,69
S00150642,98
S00150643,97
S00150644,73
S00150645,139
S00150646,185
S00150647,91
S00150648,104
S00150649,96
S00150650,72
S00150651,66
S00150652,153
S00150653,86
S00150654,88
S00150655,145
S00150656,117
S00150657,89
S00150658,101
S00150659,85
S00150660,77
S00150661,134
S00150662,117
S00150663,98
S00150664,78
S00150665,75
S00150666,52
S00150667,126
S00150668,98
S00150669,129
S00150670,92
S00150671,83
S00150672,122
S00150673,81
S00150674,82
S00150675,66
S00150676,90
S00150677,118
S00150678,102
S00150679,59
S00150680,107
S00150681,105
S00150682,68
S00150683,101
S00150684,77
S00150685,76
S00150686,68
S00150687,128
S00150688,131
S00150689,123
S00150690,62
S00150691,60
S00150692,141
S00150693,94
S00150694,94
S00150695,96
S00150696,83
S00150697,62
S00150698,83
S00150699,118
S00150700,103
S00150701,48
S00150702,48
S00150703,70
S00150704,96
S00150705,103
S00150706,122
S00150707,68
S00150708,102
S00150709,59
S00150710,116
S00150711,84
S00150712,103
S00150713,69
S00150714,100
S00150715,156
S00150716,151
S00150717,97
S00150718,63
S00150719,132
S00150720,90
S00150721,136
S00150722,89
S00150723,97
S00150724,82
S00150725,76
S00150726,176
S00150727,139
S00150728,86
S00150729,60
S00150730,113
S00150731,110
S00150732,98
S00150733,64
S00150734,82
S00150735,105
S00150736,143
S00150737,135
S00150738,101
S00150739,82
S00150740,102
S00150741,109
S00150742,72
S00150743,98
S00150744,107
S00150745,65
S00150746,178
S00150747,197
S00150748,146
S00150749,135
S00150750,101
S00150751,79
S00150752,182
S00150753,108
S00150754,71
S00150755,172
S00150756,65
S00150757,126
S00150758,118
S00150759,102
S00150760,87
S00150761,97
S00150762,65
S00150763,105
S00150764,88
S00150765,106
S00150766,73
S00150767,85
S00150768,97
S00150769,109
S00150770,85
S00150771,90
S00150772,128
S00150773,177
S00150774,78
S00150775,68
S00150776,84
S00150777,86
S00150778,70
S00150779,90
S00150780,94
S00150781,98
S00150782,70
S00150783,74
S00150784,110
S00150785,76
S00150786,115
S00150787,56
S00150788,62
S00150789,56
S00150790,152
S00150791,143
S00150792,137
S00150793,94
S00150794,124
S00150795,63
S00150796,123
S00150797,80
S00150798,153
S00150799,113
S00150800,82
S00150801,103
S00150802,114
S00150803,101
S00150804,100
S00150805,78
S00150806,71
S00150807,68
S00150808,69
S00150809,79
S00150810,142
S00150811,115
S00150812,70
S00150813,75
S00150814,121
S00150815,100
S00150816,132
S00150817,107
S00150818,117
S00150819,102
S00150820,90
S00150821,114
S00150822,101
S00150823,96
S00150824,129
S00150825,79
S00150826,110
S00150827,65
S00150828,55
S00150829,102
S00150830,120
S00150831,101
S00150832,65
S00150833,71
S00150834,145
S00150835,89
S00150836,93
S00150837,139
S00150838,139
S00150839,123
S00150840,60
S00150841,111
S00150842,110
S00150843,120
S00150844,78
S00150845,78
S00150846,83
S00150847,85
S00150848,67
S00150849,99
S00150850,70
S00150851,175
S00150852,107
S00150853,113
S00150854,79
S00150855,81
S00150856,129
S00150857,138
S00150858,99
S00150859,64
S00150860,80
S00150861,111
S00150862,92
S00150863,112
S00150864,46
S00150865,74
S00150866,138
S00150867,104
S00150868,123
S00150869,123
S00150870,135
S00150871,158
S00150872,121
S00150873,90
S00150874,115
S00150875,131
S00150876,74
S00150877,72
S00150878,129
S00150879,144
S00150880,85
S00150881,81
S00150882,102
S00150883,89
S00150884,126
S00150885,88
S00150886,109
S00150887,98
S00150888,74
S00150889,92
S00150890,106
S00150891,98
S00150892,176
S00150893,69
S00150894,123
S00150895,80
S00150896,123
S00150897,85
S00150898,122
S00150899,63
S00150900,103
S00150901,103
S00150902,122
S00150903,151
S00150904,96
S00150905,116
S00150906,91
S00150907,74
S00150908,82
S00150909,107
S00150910,117
S00150911,82
S00150912,103
S00150913,79
S00150914,136
S00150915,88
S00150916,98
S00150917,94
S00150918,130
S00150919,48
S00150920,69
S00150921,96
S00150922,59
S00150923,111
S00150924,72
S00150925,144
S00150926,65
S00150927,114
S00150928,99
S00150929,82
S00150930,85
S00150931,85
S00150932,93
S00150933,95
S00150934,114
S00150935,73
S00150936,83
S00150937,68
S00150938,116
S00150939,57
S00150940,124
S00150941,83
S00150942,83
S00150943,75
S00150944,109
S00150945,57
S00150946,83
S00150947,114
S00150948,157
S00150949,83
S00150950,99
S00150951,97
S00150952,93
S00150953,122
S00150954,120
S00150955,78
S00150956,99
S00150957,84
S00150958,96
S00150959,110
S00150960,95
S00150961,114
S00150962,96
S00150963,102
S00150964,61
S00150965,79
S00150966,87
S00150967,91
S00150968,90
S00150969,64
S00150970,108
S00150971,98
S00150972,128
S00150973,81
S00150974,66
S00150975,102
S00150976,73
S00150977,78
S00150978,89
S00150979,117
S00150980,61
S00150981,97
S00150982,116
S00150983,113
S00150984,91
S00150985,91
S00150986,76
S00150987,88
S00150988,144
S00150989,66
S00150990,120
S00150991,87
S00150992,110
S00150993,105
S00150994,106
S00150995,128
S00150996,83
S00150997,89
S00150998,66
S00150999,73
S00151000,56
S00151001,92
S00151002,93
S00151003,94
S00151004,99
S00151005,121
S00151006,56
S00151007,122
S00151008,143
S00151009,62
S00151010,109
S00151011,123
S00151012,79
S00151013,80
S00151014,78
S00151015,99
S00151016,94
S00151017,85
S00151018,131
S00151019,182
S00151020,73
S00151021,64
S00151022,67
S00151023,100
S00151024,83
S00151025,78
S00151026,128
S00151027,85
S00151028,86
S00151029,104
S00151030,106
S00151031,115
S00151032,113
S00151033,61
S00151034,134
S00151035,99
S00151036,140
S00151037,90
S00151038,69
S00151039,86
S00151040,135
S00151041,125
S00151042,103
S00151043,151
S00151044,149
S00151045,92
S00151046,116
S00151047,146
S00151048,103
S00151049,96
S00151050,123
S00151051,81
S00151052,106
S00151053,193
S00151054,94
S00151055,139
S00151056,137
S00151057,153
S00151058,122
S00151059,164
S00151060,112
S00151061,159
S00151062,62
S00151063,93
S00151064,161
S00151065,131
S00151066,97
S00151067,98
S00151068,99
S00151069,83
S00151070,112
S00151071,128
S00151072,141
S00151073,183
S00151074,115
S00151075,155
S00151076,109
S00151077,138
S00151078,68
S00151079,114
S00151080,142
S00151081,130
S00151082,127
S00151083,148
S00151084,73
S00151085,139
S00151086,84
S00151087,56
S00151088,73
S00151089,72
S00151090,90
S00151091,81
S00151092,70
S00151093,105
S00151094,77
S00151095,93
S00151096,102
S00151097,67
S00151098,131
S00151099,87
S00151100,133
S00151101,120
S00151102,109
S00151103,88
S00151104,76
S00151105,95
S00151106,80
S00151107,239
S00151108,147
S00151109,140
S00151110,71
S00151111,81
S00151112,86
S00151113,120
S00151114,60
S00151115,88
S00151116,98
S00151117,105
S00151118,68
S00151119,124
S00151120,63
S00151121,59
S00151122,112
S00151123,104
S00151124,92
S00151125,114
S00151126,102
S00151127,101
S00151128,129
S00151129,75
S00151130,104
S00151131,133
S00151132,70
S00151133,59
S00151134,110
S00151135,100
S00151136,141
S00151137,75
S00151138,121
S00151139,79
S00151140,89
S00151141,68
S00151142,87
S00151143,82
S00151144,69
S00151145,98
S00151146,47
S00151147,120
S00151148,77
S00151149,110
S00151150,98
S00151151,111
S00151152,104
S00151153,123
S00151154,83
S00151155,85
S00151156,56
S00151157,94
S00151158,99
S00151159,71
S00151160,80
S00151161,61
S00151162,74
S00151163,51
S00151164,68
S00151165,139
S00151166,108
S00151167,112
S00151168,136
S00151169,85
S00151170,102
S00151171,132
S00151172,99
S00151173,71
S00151174,64
S00151175,104
S00151176,80
S00151177,92
S00151178,115
S00151179,108
S00151180,70
S00151181,87
S00151182,78
S00151183,101
S00151184,67
S00151185,105
S00151186,97
S00151187,150
S00151188,66
S00151189,70
S00151190,101
S00151191,60
S00151192,105
S00151193,66
S00151194,97
S00151195,64
S00151196,77
S00151197,99
S00151198,94
S00151199,127
S00151200,92
S00151201,132
S00151202,107
S00151203,102
S00151204,77
S00151205,77
S00151206,109
S00151207,85
S00151208,135
S00151209,114
S00151210,94
S00151211,57
S00151212,62
S00151213,90
S00151214,86
S00151215,102
S00151216,68
S00151217,95
S00151218,85
S00151219,109
S00151220,101
S00151221,107
S00151222,82
S00151223,72
S00151224,66
S00151225,77
S00151226,84
S00151227,122
S00151228,83
S00151229,111
S00151230,83
S00151231,126
S00151232,76
S00151233,86
S00151234,105
S00151235,147
S00151236,94
S00151237,110
S00151238,74
S00151239,128
S00151240,106
S00151241,107
S00151242,99
S00151243,132
S00151244,65
S00151245,105
S00151246,108
S00151247,79
S00151248,76
S00151249,108
S00151250,78
S00151251,110
S00151252,66
S00151253,80
S00151254,107
S00151255,85
S00151256,66
S00151257,104
S00151258,167
S00151259,75
S00151260,105
S00151261,56
S00151262,119
S00151263,62
S00151264,79
S00151265,82
S00151266,88
S00151267,90
S00151268,134
S00151269,75
S00151270,70
S00151271,98
S00151272,70
S00151273,84
S00151274,59
S00151275,129
S00151276,168
S00151277,106
S00151278,91
S00151279,82
S00151280,84
S00151281,135
S00151282,91
S00151283,67
S00151284,100
S00151285,101
S00151286,82
S00151287,106
S00151288,185
S00151289,95
S00151290,99
S00151291,157
S00151292,67
S00151293,100
S00151294,165
S00151295,158
S00151296,136
S00151297,94
S00151298,80
S00151299,78
S00151300,177
S00151301,110
S00151302,134
S00151303,140
S00151304,104
S00151305,85
S00151306,121
S00151307,84
S00151308,121
S00151309,112
S00151310,107
S00151311,91
S00151312,128
S00151313,102
S00151314,74
S00151315,104
S00151316,102
S00151317,157
S00151318,67
S00151319,186
S00151320,121
S00151321,63
S00151322,56
S00151323,94
S00151324,126
S00151325,77
S00151326,838
S00151327,105
S00151328,118
S00151329,194
S00151330,95
S00151331,91
S00151332,82
S00151333,79
S00151334,98
S00151335,82
S00151336,99
S00151337,95
S00151338,86
S00151339,87
S00151340,78
S00151341,140
S00151342,123
S00151343,66
S00151344,111
S00151345,147
S00151346,69
S00151347,97
S00151348,101
S00151349,88
S00151350,93
S00151351,102
S00151352,112
S00151353,70
S00151354,141
S00151355,101
S00151356,106
S00151357,94
S00151358,99
S00151359,91
S00151360,110
S00151361,88
S00151362,94
S00151363,102
S00151364,131
S00151365,115
S00151366,74
S00151367,61
S00151368,110
S00151369,60
S00151370,99
S00151371,84
S00151372,103
S00151373,101
S00151374,105
S00151375,144
S00151376,104
S00151377,132
S00151378,104
S00151379,101
S00151380,64
S00151381,154
S00151382,128
S00151383,112
S00151384,107
S00151385,125
S00151386,131
S00151387,58
S00151388,106
S00151389,78
S00151390,113
S00151391,109
S00151392,148
S00151393,92
S00151394,94
S00151395,90
S00151396,114
S00151397,123
S00151398,106
S00151399,94
S00151400,72
S00151401,113
S00151402,150
S00151403,119
S00151404,118
S00151405,138
S00151406,100
S00151407,94
S00151408,75
S00151409,83
S00151410,125
S00151411,151
S00151412,80
S00151413,102
S00151414,116
S00151415,140
S00151416,143
S00151417,114
S00151418,112
S00151419,89
S00151420,140
S00151421,137
S00151422,138
S00151423,74
S00151424,180
S00151425,87
S00151426,148
S00151427,105
S00151428,82
S00151429,97
S00151430,71
S00151431,101
S00151432,107
S00151433,79
S00151434,152
S00151435,100
S00151436,100
S00151437,84
S00151438,116
S00151439,67
S00151440,75
S00151441,117
S00151442,100
S00151443,110
S00151444,81
S00151445,105
S00151446,71
S00151447,126
S00151448,55
S00151449,114
S00151450,54
S00151451,89
S00151452,59
S00151453,121
S00151454,83
S00151455,110
S00151456,168
S00151457,86
S00151458,95
S00151459,71
S00151460,123
S00151461,72
S00151462,102
S00151463,92
S00151464,139
S00151465,74
S00151466,163
S00151467,121
S00151468,95
S00151469,132
S00151470,85
S00151471,91
S00151472,105
S00151473,111
S00151474,143
S00151475,88
S00151476,154
S00151477,159
S00151478,143
S00151479,82
S00151480,119
S00151481,72
S00151482,107
S00151483,121
S00151484,138
S00151485,87
S00151486,119
S00151487,91
S00151488,136
S00151489,54
S00151490,134
S00151491,126
S00151492,103
S00151493,73
S00151494,63
S00151495,100
S00151496,101
S00151497,136
S00151498,143
S00151499,90
S00151500,106
S00151501,87
S00151502,81
S00151503,85
S00151504,110
S00151505,106
S00151506,101
S00151507,61
S00151508,108
S00151509,84
S00151510,79
S00151511,106
S00151512,156
S00151513,107
S00151514,57
S00151515,78
S00151516,96
S00151517,94
S00151518,50
S00151519,81
S00151520,111
S00151521,134
S00151522,77
S00151523,119
S00151524,156
S00151525,102
S00151526,98
S00151527,72
S00151528,104
S00151529,91
S00151530,79
S00151531,128
S00151532,91
S00151533,114
S00151534,61
S00151535,115
S00151536,124
S00151537,133
S00151538,96
S00151539,86
S00151540,57
S00151541,109
S00151542,93
S00151543,106
S00151544,95
S00151545,150
S00151546,74
S00151547,94
S00151548,73
S00151549,83
S00151550,138
S00151551,71
S00151552,69
S00151553,88
S00151554,101
S00151555,76
S00151556,143
S00151557,150
S00151558,104
S00151559,71
S00151560,112
S00151561,76
S00151562,112
S00151563,83
S00151564,77
S00151565,155
S00151566,66
S00151567,99
S00151568,97
S00151569,133
S00151570,101
S00151571,109
S00151572,63
S00151573,83
S00151574,60
S00151575,166
S00151576,72
S00151577,132
S00151578,143
S00151579,67
S00151580,105
S00151581,125
S00151582,111
S00151583,123
S00151584,60
S00151585,62
S00151586,93
S00151587,66
S00151588,146
S00151589,109
S00151590,101
S00151591,67
S00151592,133
S00151593,88
S00151594,182
S00151595,67
S00151596,80
S00151597,130
S00151598,90
S00151599,112
S00151600,64
S00151601,110
S00151602,86
S00151603,48
S00151604,93
S00151605,116
S00151606,126
S00151607,112
S00151608,81
S00151609,59
S00151610,93
S00151611,90
S00151612,107
S00151613,89
S00151614,128
S00151615,63
S00151616,64
S00151617,60
S00151618,95
S00151619,104
S00151620,124
S00151621,81
S00151622,93
S00151623,80
S00151624,128
S00151625,63
S00151626,90
S00151627,144
S00151628,106
S00151629,85
S00151630,107
S00151631,99
S00151632,142
S00151633,147
S00151634,106
S00151635,105
S00151636,132
S00151637,85
S00151638,110
S00151639,86
S00151640,107
S00151641,88
S00151642,62
S00151643,148
S00151644,71
S00151645,133
S00151646,92
S00151647,74
S00151648,83
S00151649,162
S00151650,90
S00151651,91
S00151652,64
S00151653,73
S00151654,95
S00151655,109
S00151656,106
S00151657,75
S00151658,81
S00151659,61
S00151660,106
S00151661,92
S00151662,112
S00151663,137
S00151664,91
S00151665,117
S00151666,121
S00151667,55
S00151668,95
S00151669,106
S00151670,63
S00151671,108
S00151672,139
S00151673,99
S00151674,94
S00151675,100
S00151676,65
S00151677,95
S00151678,80
S00151679,108
S00151680,90
S00151681,104
S00151682,79
S00151683,124
S00151684,143
S00151685,93
S00151686,99
S00151687,106
S00151688,152
S00151689,146
S00151690,107
S00151691,76
S00151692,134
S00151693,93
S00151694,94
S00151695,77
S00151696,99
S00151697,86
S00151698,93
S00151699,111
S00151700,81
S00151701,129
S00151702,85
S00151703,181
S00151704,94
S00151705,139
S00151706,88
S00151707,61
S00151708,87
S00151709,76
S00151710,83
S00151711,110
S00151712,86
S00151713,56
S00151714,78
S00151715,157
S00151716,128
S00151717,77
S00151718,163
S00151719,72
S00151720,127
S00151721,88
S00151722,124
S00151723,101
S00151724,144
S00151725,155
S00151726,70
S00151727,154
S00151728,71
S00151729,93
S00151730,116
S00151731,146
S00151732,99
S00151733,229
S00151734,131
S00151735,128
S00151736,63
S00151737,96
S00151738,114
S00151739,87
S00151740,105
S00151741,105
S00151742,155
S00151743,130
S00151744,48
S00151745,156
S00151746,164
S00151747,177
S00151748,102
S00151749,66
S00151750,97
S00151751,92
S00151752,125
S00151753,68
S00151754,83
S00151755,97
S00151756,116
S00151757,62
S00151758,94
S00151759,86
S00151760,111
S00151761,69
S00151762,76
S00151763,76
S00151764,69
S00151765,131
S00151766,82
S00151767,57
S00151768,80
S00151769,137
S00151770,99
S00151771,88
S00151772,131
S00151773,129
S00151774,89
S00151775,107
S00151776,93
S00151777,113
S00151778,92
S00151779,123
S00151780,176
S00151781,90
S00151782,112
S00151783,56
S00151784,109
S00151785,98
S00151786,100
S00151787,118
S00151788,78
S00151789,122
S00151790,77
S00151791,108
S00151792,96
S00151793,80
S00151794,126
S00151795,74
S00151796,87
S00151797,103
S00151798,107
S00151799,74
S00151800,92
S00151801,93
S00151802,82
S00151803,87
S00151804,136
S00151805,141
S00151806,82
S00151807,113
S00151808,112
S00151809,88
S00151810,105
S00151811,132
S00151812,98
S00151813,124
S00151814,87
S00151815,153
S00151816,111
S00151817,81
S00151818,110
S00151819,114
S00151820,111
S00151821,118
S00151822,65
S00151823,122
S00151824,93
S00151825,133
S00151826,96
S00151827,106
S00151828,196
S00151829,117
S00151830,109
S00151831,97
S00151832,95
S00151833,132
S00151834,111
S00151835,89
S00151836,178
S00151837,71
S00151838,80
S00151839,171
S00151840,91
S00151841,84
S00151842,96
S00151843,141
S00151844,80
S00151845,84
S00151846,118
S00151847,90
S00151848,131
S00151849,91
S00151850,50
S00151851,101
S00151852,86
S00151853,101
S00151854,100
S00151855,82
S00151856,138
S00151857,179
S00151858,57
S00151859,66
S00151860,185
S00151861,83
S00151862,77
S00151863,103
S00151864,103
S00151865,80
S00151866,63
S00151867,96
S00151868,64
S00151869,91
S00151870,156
S00151871,118
S00151872,103
S00151873,125
S00151874,107
S00151875,105
S00151876,106
S00151877,157
S00151878,122
S00151879,148
S00151880,108
S00151881,109
S00151882,109
S00151883,103
S00151884,87
S00151885,104
S00151886,107
S00151887,150
S00151888,113
S00151889,86
S00151890,95
S00151891,142
S00151892,96
S00151893,82
S00151894,87
S00151895,91
S00151896,66
S00151897,147
S00151898,115
S00151899,110
S00151900,98
S00151901,141
S00151902,99
S00151903,102
S00151904,92
S00151905,93
S00151906,128
S00151907,68
S00151908,68
S00151909,112
S00151910,105
S00151911,93
S00151912,117
S00151913,115
S00151914,108
S00151915,72
S00151916,131
S00151917,128
S00151918,105
S00151919,81
S00151920,123
S00151921,135
S00151922,123
S00151923,86
S00151924,122
S00151925,96
S00151926,118
S00151927,179
S00151928,148
S00151929,141
S00151930,93
S00151931,157
S00151932,117
S00151933,84
S00151934,67
S00151935,88
S00151936,111
S00151937,141
S00151938,102
S00151939,96
S00151940,90
S00151941,138
S00151942,120
S00151943,111
S00151944,133
S00151945,78
S00151946,119
S00151947,89
S00151948,75
S00151949,91
S00151950,128
S00151951,134
S00151952,105
S00151953,83
S00151954,101
S00151955,61
S00151956,144
S00151957,131
S00151958,184
S00151959,59
S00151960,82
S00151961,145
S00151962,140
S00151963,115
S00151964,123
S00151965,104
S00151966,82
S00151967,126
S00151968,73
S00151969,161
S00151970,95
S00151971,124
S00151972,98
S00151973,79
S00151974,69
S00151975,89
S00151976,51
S00151977,133
S00151978,139
S00151979,108
S00151980,68
S00151981,44
S00151982,87
S00151983,112
S00151984,113
S00151985,76
S00151986,115
S00151987,100
S00151988,112
S00151989,79
S00151990,98
S00151991,134
S00151992,79
S00151993,164
S00151994,83
S00151995,141
S00151996,94
S00151997,121
S00151998,101
S00151999,124
S00152000,100
S00152001,111
S00152002,98
S00152003,143
S00152004,127
S00152005,92
S00152006,161
S00152007,95
S00152008,165
S00152009,97
S00152010,61
S00152011,85
S00152012,138
S00152013,120
S00152014,130
S00152015,119
S00152016,182
S00152017,89
S00152018,87
S00152019,138
S00152020,99
S00152021,68
S00152022,88
S00152023,76
S00152024,65
S00152025,109
S00152026,153
S00152027,161
S00152028,117
S00152029,163
S00152030,112
S00152031,136
S00152032,126
S00152033,71
S00152034,96
S00152035,130
S00152036,70
S00152037,111
S00152038,52
S00152039,115
S00152040,146
S00152041,130
S00152042,154
S00152043,88
S00152044,101
S00152045,137
S00152046,60
S00152047,82
S00152048,159
S00152049,98
S00152050,105
S00152051,112
S00152052,121
S00152053,119
S00152054,109
S00152055,88
S00152056,104
S00152057,112
S00152058,99
S00152059,70
S00152060,120
S00152061,61
S00152062,84
S00152063,167
S00152064,93
S00152065,100
S00152066,123
S00152067,127
S00152068,142
S00152069,110
S00152070,82
S00152071,90
S00152072,116
S00152073,145
S00152074,83
S00152075,80
S00152076,148
S00152077,115
S00152078,178
S00152079,84
S00152080,72
S00152081,87
S00152082,92
S00152083,110
S00152084,129
S00152085,160
S00152086,124
S00152087,65
S00152088,89
S00152089,102
S00152090,109
S00152091,82
S00152092,91
S00152093,121
S00152094,115
S00152095,163
S00152096,47
S00152097,107
S00152098,134
S00152099,111
S00152100,76
S00152101,117
S00152102,93
S00152103,132
S00152104,141
S00152105,146
S00152106,76
S00152107,163
S00152108,174
S00152109,96
S00152110,90
S00152111,135
S00152112,155
S00152113,105
S00152114,81
S00152115,152
S00152116,84
S00152117,90
S00152118,100
S00152119,92
S00152120,95
S00152121,109
S00152122,78
S00152123,94
S00152124,102
S00152125,137
S00152126,92
S00152127,147
S00152128,105
S00152129,122
S00152130,78
S00152131,83
S00152132,73
S00152133,73
S00152134,106
S00152135,93
S00152136,89
S00152137,87
S00152138,87
S00152139,122
S00152140,126
S00152141,57
S00152142,110
S00152143,53
S00152144,109
S00152145,135
S00152146,138
S00152147,89
S00152148,171
S00152149,116
S00152150,115
S00152151,103
S00152152,102
S00152153,99
S00152154,133
S00152155,116
S00152156,121
S00152157,119
S00152158,87
S00152159,85
S00152160,118
S00152161,128
S00152162,108
S00152163,77
S00152164,126
S00152165,118
S00152166,57
S00152167,130
S00152168,97
S00152169,67
S00152170,84
S00152171,120
S00152172,103
S00152173,102
S00152174,119
S00152175,191
S00152176,55
S00152177,67
S00152178,91
S00152179,127
S00152180,89
S00152181,75
S00152182,95
S00152183,80
S00152184,125
S00152185,98
S00152186,112
S00152187,49
S00152188,60
S00152189,77
S00152190,214
S00152191,56
S00152192,104
S00152193,99
S00152194,83
S00152195,84
S00152196,103
S00152197,94
S00152198,123
S00152199,78
S00152200,93
S00152201,64
S00152202,95
S00152203,111
S00152204,102
S00152205,98
S00152206,101
S00152207,82
S00152208,90
S00152209,121
S00152210,159
S00152211,86
S00152212,125
S00152213,96
S00152214,76
S00152215,57
S00152216,142
S00152217,106
S00152218,169
S00152219,139
S00152220,105
S00152221,79
S00152222,112
S00152223,74
S00152224,152
S00152225,158
S00152226,117
S00152227,104
S00152228,99
S00152229,95
S00152230,104
S00152231,119
S00152232,157
S00152233,149
S00152234,180
S00152235,86
S00152236,141
S00152237,185
S00152238,117
S00152239,155
S00152240,105
S00152241,64
S00152242,95
S00152243,110
S00152244,77
S00152245,108
S00152246,97
S00152247,112
S00152248,119
S00152249,107
S00152250,95
S00152251,46
S00152252,141
S00152253,127
S00152254,112
S00152255,69
S00152256,106
S00152257,76
S00152258,113
S00152259,139
S00152260,74
S00152261,103
S00152262,77
S00152263,149
S00152264,135
S00152265,78
S00152266,60
S00152267,134
S00152268,103
S00152269,67
S00152270,106
S00152271,154
S00152272,160
S00152273,103
S00152274,107
S00152275,102
S00152276,62
S00152277,141
S00152278,57
S00152279,94
S00152280,84
S00152281,92
S00152282,99
S00152283,125
S00152284,119
S00152285,111
S00152286,106
S00152287,103
S00152288,116
S00152289,68
S00152290,73
S00152291,76
S00152292,78
S00152293,127
S00152294,96
S00152295,75
S00152296,97
S00152297,49
S00152298,79
S00152299,156
S00152300,102
S00152301,80
S00152302,73
S00152303,112
S00152304,61
S00152305,125
S00152306,111
S00152307,99
S00152308,110
S00152309,128
S00152310,76
S00152311,104
S00152312,78
S00152313,83
S00152314,77
S00152315,76
S00152316,101
S00152317,82
S00152318,81
S00152319,94
S00152320,61
S00152321,79
S00152322,66
S00152323,88
S00152324,74
S00152325,72
S00152326,66
S00152327,136
S00152328,91
S00152329,115
S00152330,96
S00152331,99
S00152332,109
S00152333,75
S00152334,91
S00152335,103
S00152336,118
S00152337,103
S00152338,148
S00152339,68
S00152340,124
S00152341,122
S00152342,64
S00152343,93
S00152344,78
S00152345,128
S00152346,100
S00152347,65
S00152348,89
S00152349,79
S00152350,93
S00152351,66
S00152352,115
S00152353,92
S00152354,82
S00152355,137
S00152356,87
S00152357,71
S00152358,96
S00152359,70
S00152360,94
S00152361,126
S00152362,139
S00152363,60
S00152364,108
S00152365,99
S00152366,82
S00152367,99
S00152368,93
S00152369,94
S00152370,87
S00152371,86
S00152372,109
S00152373,106
S00152374,103
S00152375,106
S00152376,57
S00152377,113
S00152378,94
S00152379,83
S00152380,127
S00152381,155
S00152382,163
S00152383,125
S00152384,78
S00152385,89
S00152386,142
S00152387,62
S00152388,69
S00152389,73
S00152390,71
S00152391,58
S00152392,99
S00152393,71
S00152394,79
S00152395,123
S00152396,84
S00152397,88
S00152398,70
S00152399,113
S00152400,92
S00152401,151
S00152402,99
S00152403,127
S00152404,149
S00152405,105
S00152406,128
S00152407,60
S00152408,100
S00152409,141
S00152410,115
S00152411,71
S00152412,122
S00152413,61
S00152414,127
S00152415,126
S00152416,141
S00152417,59
S00152418,101
S00152419,113
S00152420,70
S00152421,99
S00152422,87
S00152423,85
S00152424,75
S00152425,77
S00152426,89
S00152427,109
S00152428,97
S00152429,74
S00152430,92
S00152431,78
S00152432,85
S00152433,55
S00152434,53
S00152435,47
S00152436,74
S00152437,62
S00152438,89
S00152439,102
S00152440,105
S00152441,123
S00152442,84
S00152443,77
S00152444,65
S00152445,67
S00152446,96
S00152447,136
S00152448,144
S00152449,125
S00152450,112
S00152451,147
S00152452,123
S00152453,82
S00152454,65
S00152455,53
S00152456,96
S00152457,64
S00152458,231
S00152459,113
S00152460,71
S00152461,97
S00152462,72
S00152463,136
S00152464,73
S00152465,63
S00152466,103
S00152467,71
S00152468,107
S00152469,120
S00152470,79
S00152471,60
S00152472,145
S00152473,88
S00152474,72
S00152475,113
S00152476,143
S00152477,114
S00152478,128
S00152479,123
S00152480,90
S00152481,159
S00152482,121
S00152483,85
S00152484,121
S00152485,68
S00152486,156
S00152487,155
S00152488,135
S00152489,114
S00152490,80
S00152491,120
S00152492,84
S00152493,80
S00152494,171
S00152495,102
S00152496,117
S00152497,88
S00152498,102
S00152499,170
S00152500,127
S00152501,89
S00152502,119
S00152503,118
S00152504,64
S00152505,74
S00152506,104
S00152507,112
S00152508,84
S00152509,128
S00152510,83
S00152511,54
S00152512,88
S00152513,50
S00152514,96
S00152515,97
S00152516,114
S00152517,79
S00152518,103
S00152519,106
S00152520,81
S00152521,80
S00152522,114
S00152523,84
S00152524,151
S00152525,145
S00152526,114
S00152527,78
S00152528,163
S00152529,71
S00152530,123
S00152531,84
S00152532,103
S00152533,69
S00152534,108
S00152535,65
S00152536,71
S00152537,113
S00152538,110
S00152539,60
S00152540,118
S00152541,80
S00152542,77
S00152543,109
S00152544,76
S00152545,83
S00152546,102
S00152547,104
S00152548,107
S00152549,97
S00152550,96
S00152551,68
S00152552,99
S00152553,89
S00152554,49
S00152555,91
S00152556,66
S00152557,80
S00152558,65
S00152559,86
S00152560,119
S00152561,56
S00152562,119
S00152563,73
S00152564,65
S00152565,68
S00152566,111
S00152567,85
S00152568,93
S00152569,95
S00152570,106
S00152571,90
S00152572,83
S00152573,52
S00152574,72
S00152575,113
S00152576,105
S00152577,73
S00152578,75
S00152579,125
S00152580,79
S00152581,89
S00152582,81
S00152583,55
S00152584,87
S00152585,107
S00152586,88
S00152587,107
S00152588,121
S00152589,117
S00152590,96
S00152591,109
S00152592,87
S00152593,101
S00152594,77
S00152595,78
S00152596,97
S00152597,82
S00152598,86
S00152599,99
S00152600,69
S00152601,87
S00152602,143
S00152603,59
S00152604,72
S00152605,136
S00152606,98
S00152607,64
S00152608,68
S00152609,81
S00152610,65
S00152611,111
S00152612,58
S00152613,129
S00152614,96
S00152615,122
S00152616,133
S00152617,89
S00152618,94
S00152619,149
S00152620,99
S00152621,86
S00152622,83
S00152623,70
S00152624,58
S00152625,77
S00152626,106
S00152627,206
S00152628,132
S00152629,77
S00152630,112
S00152631,89
S00152632,61
S00152633,131
S00152634,74
S00152635,160
S00152636,106
S00152637,131
S00152638,100
S00152639,105
S00152640,69
S00152641,127
S00152642,79
S00152643,70
S00152644,98
S00152645,97
S00152646,52
S00152647,88
S00152648,58
S00152649,62
S00152650,76
S00152651,102
S00152652,121
S00152653,116
S00152654,72
S00152655,60
S00152656,93
S00152657,70
S00152658,63
S00152659,65
S00152660,99
S00152661,99
S00152662,122
S00152663,58
S00152664,78
S00152665,86
S00152666,108
S00152667,86
S00152668,74
S00152669,91
S00152670,62
S00152671,92
S00152672,62
S00152673,48
S00152674,66
S00152675,72
S00152676,58
S00152677,175
S00152678,68
S00152679,109
S00152680,101
S00152681,102
S00152682,98
S00152683,82
S00152684,85
S00152685,170
S00152686,108
S00152687,168
S00152688,63
S00152689,98
S00152690,55
S00152691,93
S00152692,88
S00152693,138
S00152694,90
S00152695,55
S00152696,97
S00152697,139
S00152698,65
S00152699,85
S00152700,77
S00152701,104
S00152702,72
S00152703,91
S00152704,93
S00152705,115
S00152706,123
S00152707,101
S00152708,104
S00152709,120
S00152710,57
S00152711,138
S00152712,103
S00152713,94
S00152714,117
S00152715,88
S00152716,81
S00152717,71
S00152718,70
S00152719,103
S00152720,101
S00152721,126
S00152722,112
S00152723,69
S00152724,97
S00152725,98
S00152726,131
S00152727,67
S00152728,82
S00152729,94
S00152730,98
S00152731,119
S00152732,65
S00152733,91
S00152734,126
S00152735,130
S00152736,79
S00152737,61
S00152738,53
S00152739,104
S00152740,63
S00152741,143
S00152742,67
S00152743,118
S00152744,82
S00152745,59
S00152746,69
S00152747,65
S00152748,110
S00152749,81
S00152750,57
S00152751,68
S00152752,116
S00152753,70
S00152754,112
S00152755,91
S00152756,123
S00152757,68
S00152758,76
S00152759,93
S00152760,76
S00152761,96
S00152762,88
S00152763,132
S00152764,74
S00152765,54
S00152766,82
S00152767,79
S00152768,78
S00152769,86
S00152770,65
S00152771,56
S00152772,102
S00152773,141
S00152774,104
S00152775,147
S00152776,76
S00152777,64
S00152778,96
S00152779,58
S00152780,105
S00152781,78
S00152782,130
S00152783,72
S00152784,134
S00152785,108
S00152786,82
S00152787,112
S00152788,126
S00152789,81
S00152790,72
S00152791,83
S00152792,82
S00152793,102
S00152794,130
S00152795,68
S00152796,108
S00152797,80
S00152798,80
S00152799,96
S00152800,96
S00152801,87
S00152802,92
S00152803,87
S00152804,63
S00152805,95
S00152806,111
S00152807,77
S00152808,163
S00152809,63
S00152810,108
S00152811,100
S00152812,54
S00152813,74
S00152814,96
S00152815,74
S00152816,67
S00152817,84
S00152818,73
S00152819,78
S00152820,53
S00152821,102
S00152822,94
S00152823,76
S00152824,73
S00152825,70
S00152826,70
S00152827,90
S00152828,109
S00152829,94
S00152830,62
S00152831,109
S00152832,107
S00152833,70
S00152834,101
S00152835,68
S00152836,76
S00152837,112
S00152838,95
S00152839,110
S00152840,60
S00152841,68
S00152842,93
S00152843,67
S00152844,63
S00152845,94
S00152846,73
S00152847,126
S00152848,84
S00152849,77
S00152850,97
S00152851,94
S00152852,57
S00152853,94
S00152854,97
S00152855,139
S00152856,98
S00152857,65
S00152858,90
S00152859,63
S00152860,96
S00152861,73
S00152862,56
S00152863,118
S00152864,116
S00152865,88
S00152866,69
S00152867,81
S00152868,129
S00152869,79
S00152870,86
S00152871,96
S00152872,97
S00152873,76
S00152874,88
S00152875,56
S00152876,55
S00152877,67
S00152878,108
S00152879,78
S00152880,113
S00152881,80
S00152882,72
S00152883,56
S00152884,78
S00152885,105
S00152886,83
S00152887,112
S00152888,58
S00152889,106
S00152890,58
S00152891,75
S00152892,79
S00152893,83
S00152894,82
S00152895,92
S00152896,110
S00152897,76
S00152898,102
S00152899,95
S00152900,127
S00152901,108
S00152902,62
S00152903,91
S00152904,113
S00152905,60
S00152906,88
S00152907,77
S00152908,99
S00152909,92
S00152910,88
S00152911,67
S00152912,82
S00152913,76
S00152914,99
S00152915,100
S00152916,100
S00152917,116
S00152918,59
S00152919,136
S00152920,143
S00152921,66
S00152922,95
S00152923,126
S00152924,134
S00152925,75
S00152926,56
S00152927,74
S00152928,83
S00152929,89
S00152930,64
S00152931,127
S00152932,61
S00152933,150
S00152934,72
S00152935,101
S00152936,111
S00152937,56
S00152938,114
S00152939,118
S00152940,92
S00152941,121
S00152942,86
S00152943,87
S00152944,117
S00152945,89
S00152946,90
S00152947,124
S00152948,55
S00152949,106
S00152950,89
S00152951,122
S00152952,60
S00152953,100
S00152954,89
S00152955,61
S00152956,97
S00152957,93
S00152958,70
S00152959,89
S00152960,55
S00152961,210
S00152962,135
S00152963,72
S00152964,49
S00152965,103
S00152966,125
S00152967,77
S00152968,99
S00152969,102
S00152970,123
S00152971,113
S00152972,68
S00152973,75
S00152974,110
S00152975,86
S00152976,73
S00152977,96
S00152978,86
S00152979,82
S00152980,136
S00152981,110
S00152982,102
S00152983,94
S00152984,100
S00152985,69
S00152986,87
S00152987,137
S00152988,111
S00152989,104
S00152990,85
S00152991,71
S00152992,126
S00152993,86
S00152994,107
S00152995,84
S00152996,69
S00152997,98
S00152998,100
S00152999,125
S00153000,95
S00153001,82
S00153002,108
S00153003,66
S00153004,140
S00153005,102
S00153006,137
S00153007,114
S00153008,92
S00153009,151
S00153010,95
S00153011,122
S00153012,145
S00153013,121
S00153014,54
S00153015,93
S00153016,69
S00153017,133
S00153018,93
S00153019,90
S00153020,112
S00153021,121
S00153022,101
S00153023,97
S00153024,157
S00153025,105
S00153026,120
S00153027,87
S00153028,127
S00153029,149
S00153030,118
S00153031,137
S00153032,65
S00153033,158
S00153034,91
S00153035,122
S00153036,124
S00153037,71
S00153038,74
S00153039,58
S00153040,78
S00153041,97
S00153042,174
S00153043,119
S00153044,61
S00153045,173
S00153046,81
S00153047,76
S00153048,105
S00153049,87
S00153050,104
S00153051,111
S00153052,143
S00153053,109
S00153054,92
S00153055,142
S00153056,107
S00153057,112
S00153058,101
S00153059,122
S00153060,89
S00153061,85
S00153062,103
S00153063,86
S00153064,77
S00153065,72
S00153066,106
S00153067,92
S00153068,87
S00153069,123
S00153070,99
S00153071,90
S00153072,72
S00153073,72
S00153074,95
S00153075,85
S00153076,94
S00153077,114
S00153078,68
S00153079,80
S00153080,91
S00153081,101
S00153082,69
S00153083,130
S00153084,69
S00153085,94
S00153086,54
S00153087,111
S00153088,91
S00153089,97
S00153090,111
S00153091,77
S00153092,76
S00153093,104
S00153094,108
S00153095,79
S00153096,124
S00153097,90
S00153098,116
S00153099,116
S00153100,105
S00153101,68
S00153102,99
S00153103,127
S00153104,126
S00153105,127
S00153106,77
S00153107,69
S00153108,119
S00153109,52
S00153110,153
S00153111,125
S00153112,124
S00153113,88
S00153114,110
S00153115,85
S00153116,62
S00153117,75
S00153118,75
S00153119,87
S00153120,118
S00153121,113
S00153122,77
S00153123,58
S00153124,132
S00153125,93
S00153126,72
S00153127,89
S00153128,80
S00153129,110
S00153130,124
S00153131,88
S00153132,134
S00153133,148
S00153134,109
S00153135,78
S00153136,104
S00153137,135
S00153138,94
S00153139,114
S00153140,78
S00153141,94
S00153142,102
S00153143,70
S00153144,135
S00153145,66
S00153146,75
S00153147,113
S00153148,88
S00153149,62
S00153150,76
S00153151,136
S00153152,106
S00153153,79
S00153154,112
S00153155,84
S00153156,110
S00153157,130
S00153158,96
S00153159,61
S00153160,99
S00153161,78
S00153162,64
S00153163,102
S00153164,102
S00153165,70
S00153166,82
S00153167,117
S00153168,81
S00153169,158
S00153170,103
S00153171,145
S00153172,53
S00153173,120
S00153174,102
S00153175,96
S00153176,105
S00153177,68
S00153178,69
S00153179,100
S00153180,91
S00153181,115
S00153182,70
S00153183,103
S00153184,138
S00153185,75
S00153186,135
S00153187,108
S00153188,110
S00153189,92
S00153190,77
S00153191,111
S00153192,65
S00153193,99
S00153194,70
S00153195,146
S00153196,111
S00153197,99
S00153198,92
S00153199,124
S00153200,107
S00153201,100
S00153202,161
S00153203,74
S00153204,174
S00153205,127
S00153206,93
S00153207,139
S00153208,90
S00153209,153
S00153210,80
S00153211,86
S00153212,105
S00153213,84
S00153214,129
S00153215,107
S00153216,149
S00153217,94
S00153218,96
S00153219,57
S00153220,103
S00153221,104
S00153222,82
S00153223,89
S00153224,123
S00153225,115
S00153226,131
S00153227,162
S00153228,95
S00153229,112
S00153230,83
S00153231,126
S00153232,132
S00153233,108
S00153234,86
S00153235,132
S00153236,77
S00153237,61
S00153238,101
S00153239,115
S00153240,95
S00153241,173
S00153242,112
S00153243,70
S00153244,74
S00153245,62
S00153246,87
S00153247,77
S00153248,58
S00153249,91
S00153250,111
S00153251,80
S00153252,111
S00153253,59
S00153254,138
S00153255,108
S00153256,81
S00153257,131
S00153258,126
S00153259,91
S00153260,78
S00153261,90
S00153262,130
S00153263,66
S00153264,86
S00153265,120
S00153266,73
S00153267,93
S00153268,90
S00153269,87
S00153270,183
S00153271,121
S00153272,74
S00153273,205
S00153274,91
S00153275,90
S00153276,55
S00153277,86
S00153278,60
S00153279,89
S00153280,107
S00153281,77
S00153282,143
S00153283,84
S00153284,166
S00153285,108
S00153286,52
S00153287,103
S00153288,118
S00153289,55
S00153290,110
S00153291,59
S00153292,92
S00153293,99
S00153294,123
S00153295,131
S00153296,141
S00153297,86
S00153298,71
S00153299,163
S00153300,131
S00153301,83
S00153302,84
S00153303,152
S00153304,123
S00153305,61
S00153306,108
S00153307,64
S00153308,51
S00153309,73
S00153310,146
S00153311,109
S00153312,82
S00153313,97
S00153314,113
S00153315,74
S00153316,90
S00153317,108
S00153318,123
S00153319,126
S00153320,129
S00153321,86
S00153322,60
S00153323,87
S00153324,58
S00153325,55
S00153326,122
S00153327,58
S00153328,134
S00153329,84
S00153330,60
S00153331,127
S00153332,144
S00153333,107
S00153334,74
S00153335,108
S00153336,110
S00153337,152
S00153338,73
S00153339,78
S00153340,74
S00153341,109
S00153342,159
S00153343,88
S00153344,74
S00153345,99
S00153346,93
S00153347,106
S00153348,67
S00153349,114
S00153350,59
S00153351,90
S00153352,145
S00153353,56
S00153354,86
S00153355,82
S00153356,58
S00153357,88
S00153358,73
S00153359,59
S00153360,153
S00153361,125
S00153362,125
S00153363,86
S00153364,154
S00153365,120
S00153366,107
S00153367,80
S00153368,131
S00153369,100
S00153370,99
S00153371,182
S00153372,182
S00153373,146
S00153374,57
S00153375,98
S00153376,84
S00153377,113
S00153378,147
S00153379,55
S00153380,133
S00153381,145
S00153382,95
S00153383,80
S00153384,169
S00153385,100
S00153386,67
S00153387,79
S00153388,57
S00153389,118
S00153390,108
S00153391,79
S00153392,115
S00153393,96
S00153394,73
S00153395,94
S00153396,85
S00153397,312
S00153398,116
S00153399,56
S00153400,118
S00153401,204
S00153402,68
S00153403,127
S00153404,174
S00153405,163
S00153406,135
S00153407,167
S00153408,95
S00153409,59
S00153410,68
S00153411,99
S00153412,57
S00153413,96
S00153414,92
S00153415,133
S00153416,108
S00153417,63
S00153418,126
S00153419,61
S00153420,199
S00153421,75
S00153422,95
S00153423,94
S00153424,83
S00153425,67
S00153426,67
S00153427,135
S00153428,151
S00153429,96
S00153430,84
S00153431,103
S00153432,89
S00153433,144
S00153434,114
S00153435,95
S00153436,54
S00153437,139
S00153438,74
S00153439,101
S00153440,155
S00153441,151
S00153442,127
S00153443,66
S00153444,84
S00153445,105
S00153446,173
S00153447,93
S00153448,164
S00153449,120
S00153450,102
S00153451,55
S00153452,116
S00153453,110
S00153454,90
S00153455,67
S00153456,81
S00153457,106
S00153458,63
S00153459,98
S00153460,166
S00153461,86
S00153462,104
S00153463,74
S00153464,88
S00153465,142
S00153466,102
S00153467,137
S00153468,83
S00153469,94
S00153470,82
S00153471,88
S00153472,133
S00153473,79
S00153474,77
S00153475,120
S00153476,147
S00153477,95
S00153478,151
S00153479,85
S00153480,139
S00153481,153
S00153482,60
S00153483,99
S00153484,132
S00153485,124
S00153486,78
S00153487,86
S00153488,96
S00153489,119
S00153490,87
S00153491,108
S00153492,90
S00153493,84
S00153494,84
S00153495,85
S00153496,145
S00153497,106
S00153498,86
S00153499,100
S00153500,52
S00153501,72
S00153502,55
S00153503,78
S00153504,134
S00153505,82
S00153506,91
S00153507,112
S00153508,97
S00153509,77
S00153510,99
S00153511,133
S00153512,86
S00153513,149
S00153514,141
S00153515,89
S00153516,153
S00153517,97
S00153518,81
S00153519,139
S00153520,136
S00153521,54
S00153522,55
S00153523,117
S00153524,108
S00153525,79
S00153526,114
S00153527,86
S00153528,96
S00153529,99
S00153530,71
S00153531,100
S00153532,65
S00153533,91
S00153534,83
S00153535,86
S00153536,83
S00153537,108
S00153538,106
S00153539,65
S00153540,118
S00153541,137
S00153542,128
S00153543,126
S00153544,97
S00153545,95
S00153546,68
S00153547,109
S00153548,113
S00153549,63
S00153550,94
S00153551,137
S00153552,56
S00153553,152
S00153554,91
S00153555,74
S00153556,80
S00153557,94
S00153558,111
S00153559,113
S00153560,57
S00153561,93
S00153562,83
S00153563,148
S00153564,134
S00153565,65
S00153566,81
S00153567,83
S00153568,78
S00153569,76
S00153570,142
S00153571,69
S00153572,118
S00153573,96
S00153574,70
S00153575,94
S00153576,76
S00153577,60
S00153578,129
S00153579,86
S00153580,73
S00153581,130
S00153582,79
S00153583,60
S00153584,57
S00153585,76
S00153586,65
S00153587,66
S00153588,79
S00153589,97
S00153590,64
S00153591,82
S00153592,60
S00153593,133
S00153594,120
S00153595,96
S00153596,86
S00153597,136
S00153598,66
S00153599,91
S00153600,121
S00153601,83
S00153602,55
S00153603,88
S00153604,69
S00153605,86
S00153606,128
S00153607,122
S00153608,140
S00153609,85
S00153610,153
S00153611,112
S00153612,65
S00153613,131
S00153614,102
S00153615,116
S00153616,100
S00153617,111
S00153618,151
S00153619,146
S00153620,122
S00153621,64
S00153622,124
S00153623,137
S00153624,92
S00153625,114
S00153626,99
S00153627,78
S00153628,94
S00153629,339
S00153630,89
S00153631,86
S00153632,112
S00153633,80
S00153634,73
S00153635,128
S00153636,126
S00153637,79
S00153638,103
S00153639,79
S00153640,82
S00153641,94
S00153642,92
S00153643,98
S00153644,78
S00153645,83
S00153646,74
S00153647,106
S00153648,86
S00153649,72
S00153650,87
S00153651,80
S00153652,105
S00153653,121
S00153654,58
S00153655,137
S00153656,57
S00153657,77
S00153658,137
S00153659,72
S00153660,58
S00153661,70
S00153662,131
S00153663,84
S00153664,93
S00153665,126
S00153666,86
S00153667,60
S00153668,80
S00153669,93
S00153670,124
S00153671,101
S00153672,138
S00153673,68
S00153674,84
S00153675,83
S00153676,113
S00153677,88
S00153678,104
S00153679,145
S00153680,107
S00153681,72
S00153682,86
S00153683,79
S00153684,130
S00153685,82
S00153686,62
S00153687,119
S00153688,60
S00153689,92
S00153690,98
S00153691,73
S00153692,103
S00153693,101
S00153694,88
S00153695,103
S00153696,60
S00153697,72
S00153698,81
S00153699,79
S00153700,75
S00153701,130
S00153702,149
S00153703,143
S00153704,59
S00153705,451
S00153706,107
S00153707,66
S00153708,85
S00153709,91
S00153710,208
S00153711,2972
S00153712,88
S00153713,372
S00153714,78
S00153715,131
S00153716,134
S00153717,116
S00153718,165
S00153719,462
S00153720,138
S00153721,123
S00153722,106
S00153723,99
S00153724,135
S00153725,134
S00153726,88
S00153727,68
S00153728,79
S00153729,174
S00153730,94
S00153731,73
S00153732,339
S00153733,124
S00153734,105
S00153735,123
S00153736,119
S00153737,136
S00153738,87
S00153739,64
S00153740,67
S00153741,139
S00153742,90
S00153743,88
S00153744,94
S00153745,104
S00153746,161
S00153747,157
S00153748,129
S00153749,104
S00153750,85
S00153751,82
S00153752,90
S00153753,87
S00153754,87
S00153755,92
S00153756,133
S00153757,123
S00153758,96
S00153759,53
S00153760,160
S00153761,121
S00153762,127
S00153763,63
S00153764,186
S00153765,85
S00153766,114
S00153767,95
S00153768,124
S00153769,61
S00153770,83
S00153771,85
S00153772,216
S00153773,159
S00153774,77
S00153775,98
S00153776,76
S00153777,73
S00153778,126
S00153779,85
S00153780,51
S00153781,94
S00153782,94
S00153783,77
S00153784,93
S00153785,86
S00153786,49
S00153787,130
S00153788,64
S00153789,89
S00153790,100
S00153791,120
S00153792,104
S00153793,107
S00153794,63
S00153795,72
S00153796,116
S00153797,90
S00153798,133
S00153799,81
S00153800,68
S00153801,105
S00153802,108
S00153803,87
S00153804,83
S00153805,61
S00153806,97
S00153807,59
S00153808,88
S00153809,121
S00153810,65
S00153811,84
S00153812,104
S00153813,119
S00153814,77
S00153815,84
S00153816,89
S00153817,85
S00153818,103
S00153819,101
S00153820,104
S00153821,84
S00153822,113
S00153823,136
S00153824,114
S00153825,95
S00153826,71
S00153827,87
S00153828,112
S00153829,89
S00153830,73
S00153831,119
S00153832,82
S00153833,71
S00153834,136
S00153835,116
S00153836,81
S00153837,116
S00153838,132
S00153839,142
S00153840,112
S00153841,81
S00153842,96
S00153843,76
S00153844,124
S00153845,68
S00153846,101
S00153847,101
S00153848,134
S00153849,111
S00153850,43
S00153851,73
S00153852,91
S00153853,128
S00153854,73
S00153855,71
S00153856,60
S00153857,101
S00153858,95
S00153859,73
S00153860,105
S00153861,134
S00153862,64
S00153863,70
S00153864,105
S00153865,77
S00153866,98
S00153867,66
S00153868,198
S00153869,98
S00153870,99
S00153871,91
S00153872,91
S00153873,81
S00153874,133
S00153875,54
S00153876,58
S00153877,101
S00153878,92
S00153879,116
S00153880,152
S00153881,65
S00153882,50
S00153883,104
S00153884,97
S00153885,114
S00153886,86
S00153887,124
S00153888,74
S00153889,110
S00153890,119
S00153891,79
S00153892,124
S00153893,82
S00153894,85
S00153895,103
S00153896,136
S00153897,130
S00153898,96
S00153899,55
S00153900,114
S00153901,90
S00153902,73
S00153903,72
S00153904,142
S00153905,95
S00153906,88
S00153907,112
S00153908,170
S00153909,86
S00153910,79
S00153911,65
S00153912,83
S00153913,116
S00153914,110
S00153915,97
S00153916,88
S00153917,104
S00153918,92
S00153919,88
S00153920,103
S00153921,94
S00153922,100
S00153923,112
S00153924,67
S00153925,150
S00153926,107
S00153927,121
S00153928,90
S00153929,88
S00153930,67
S00153931,58
S00153932,100
S00153933,129
S00153934,92
S00153935,71
S00153936,124
S00153937,79
S00153938,126
S00153939,67
S00153940,82
S00153941,120
S00153942,66
S00153943,130
S00153944,102
S00153945,93
S00153946,101
S00153947,164
S00153948,118
S00153949,84
S00153950,122
S00153951,142
S00153952,81
S00153953,61
S00153954,145
S00153955,126
S00153956,85
S00153957,75
S00153958,66
S00153959,94
S00153960,96
S00153961,89
S00153962,85
S00153963,136
S00153964,111
S00153965,104
S00153966,136
S00153967,115
S00153968,76
S00153969,130
S00153970,128
S00153971,76
S00153972,74
S00153973,58
S00153974,69
S00153975,154
S00153976,87
S00153977,56
S00153978,80
S00153979,74
S00153980,121
S00153981,111
S00153982,83
S00153983,124
S00153984,94
S00153985,113
S00153986,135
S00153987,122
S00153988,116
S00153989,112
S00153990,99
S00153991,69
S00153992,136
S00153993,81
S00153994,134
S00153995,88
S00153996,83
S00153997,74
S00153998,101
S00153999,68
S00154000,111
S00154001,114
S00154002,74
S00154003,53
S00154004,110
S00154005,93
S00154006,101
S00154007,70
S00154008,124
S00154009,47
S00154010,108
S00154011,113
S00154012,114
S00154013,72
S00154014,122
S00154015,124
S00154016,87
S00154017,124
S00154018,125
S00154019,96
S00154020,81
S00154021,71
S00154022,116
S00154023,121
S00154024,77
S00154025,83
S00154026,73
S00154027,79
S00154028,85
S00154029,64
S00154030,59
S00154031,98
S00154032,69
S00154033,89
S00154034,57
S00154035,95
S00154036,125
S00154037,132
S00154038,80
S00154039,86
S00154040,59
S00154041,133
S00154042,61
S00154043,110
S00154044,151
S00154045,101
S00154046,75
S00154047,65
S00154048,75
S00154049,63
S00154050,141
S00154051,78
S00154052,67
S00154053,58
S00154054,122
S00154055,69
S00154056,106
S00154057,88
S00154058,69
S00154059,59
S00154060,64
S00154061,135
S00154062,72
S00154063,73
S00154064,84
S00154065,132
S00154066,73
S00154067,73
S00154068,80
S00154069,80
S00154070,183
S00154071,146
S00154072,85
S00154073,92
S00154074,83
S00154075,68
S00154076,62
S00154077,98
S00154078,108
S00154079,92
S00154080,118
S00154081,137
S00154082,115
S00154083,66
S00154084,126
S00154085,82
S00154086,63
S00154087,94
S00154088,121
S00154089,80
S00154090,127
S00154091,189
S00154092,116
S00154093,84
S00154094,115
S00154095,64
S00154096,72
S00154097,135
S00154098,123
S00154099,111
S00154100,72
S00154101,64
S00154102,68
S00154103,81
S00154104,84
S00154105,80
S00154106,89
S00154107,125
S00154108,60
S00154109,114
S00154110,155
S00154111,80
S00154112,123
S00154113,61
S00154114,117
S00154115,89
S00154116,114
S00154117,69
S00154118,55
S00154119,79
S00154120,91
S00154121,125
S00154122,93
S00154123,105
S00154124,91
S00154125,56
S00154126,74
S00154127,54
S00154128,102
S00154129,66
S00154130,60
S00154131,126
S00154132,161
S00154133,132
S00154134,137
S00154135,76
S00154136,134
S00154137,135
S00154138,93
S00154139,150
S00154140,108
S00154141,157
S00154142,94
S00154143,72
S00154144,103
S00154145,86
S00154146,139
S00154147,133
S00154148,111
S00154149,125
S00154150,133
S00154151,61
S00154152,120
S00154153,52
S00154154,106
S00154155,80
S00154156,86
S00154157,54
S00154158,64
S00154159,60
S00154160,91
S00154161,100
S00154162,91
S00154163,58
S00154164,87
S00154165,125
S00154166,67
S00154167,93
S00154168,158
S00154169,76
S00154170,115
S00154171,104
S00154172,58
S00154173,91
S00154174,81
S00154175,93
S00154176,99
S00154177,71
S00154178,104
S00154179,94
S00154180,92
S00154181,71
S00154182,83
S00154183,63
S00154184,105
S00154185,93
S00154186,112
S00154187,64
S00154188,103
S00154189,81
S00154190,68
S00154191,84
S00154192,77
S00154193,72
S00154194,56
S00154195,75
S00154196,53
S00154197,61
S00154198,141
S00154199,87
S00154200,70
S00154201,120
S00154202,70
S00154203,58
S00154204,63
S00154205,111
S00154206,84
S00154207,102
S00154208,66
S00154209,119
S00154210,109
S00154211,79
S00154212,93
S00154213,80
S00154214,70
S00154215,116
S00154216,56
S00154217,133
S00154218,142
S00154219,79
S00154220,91
S00154221,74
S00154222,87
S00154223,69
S00154224,93
S00154225,104
S00154226,122
S00154227,151
S00154228,97
S00154229,100
S00154230,75
S00154231,120
S00154232,71
S00154233,99
S00154234,108
S00154235,84
S00154236,103
S00154237,89
S00154238,105
S00154239,110
S00154240,128
S00154241,103
S00154242,123
S00154243,69
S00154244,77
S00154245,78
S00154246,90
S00154247,105
S00154248,123
S00154249,53
S00154250,98
S00154251,74
S00154252,130
S00154253,75
S00154254,71
S00154255,54
S00154256,114
S00154257,59
S00154258,92
S00154259,67
S00154260,97
S00154261,87
S00154262,155
S00154263,67
S00154264,98
S00154265,91
S00154266,74
S00154267,103
S00154268,81
S00154269,113
S00154270,129
S00154271,126
S00154272,104
S00154273,74
S00154274,81
S00154275,114
S00154276,70
S00154277,85
S00154278,124
S00154279,87
S00154280,80
S00154281,56
S00154282,182
S00154283,107
S00154284,92
S00154285,124
S00154286,78
S00154287,92
S00154288,66
S00154289,103
S00154290,73
S00154291,101
S00154292,101
S00154293,138
S00154294,120
S00154295,91
S00154296,115
S00154297,73
S00154298,99
S00154299,116
S00154300,84
S00154301,118
S00154302,120
S00154303,96
S00154304,71
S00154305,83
S00154306,83
S00154307,79
S00154308,111
S00154309,103
S00154310,106
S00154311,122
S00154312,61
S00154313,147
S00154314,89
S00154315,53
S00154316,75
S00154317,81
S00154318,65
S00154319,74
S00154320,84
S00154321,72
S00154322,138
S00154323,92
S00154324,63
S00154325,122
S00154326,93
S00154327,79
S00154328,121
S00154329,61
S00154330,133
S00154331,82
S00154332,93
S00154333,70
S00154334,159
S00154335,71
S00154336,73
S00154337,71
S00154338,101
S00154339,73
S00154340,87
S00154341,140
S00154342,63
S00154343,64
S00154344,68
S00154345,82
S00154346,62
S00154347,113
S00154348,153
S00154349,102
S00154350,80
S00154351,94
S00154352,65
S00154353,85
S00154354,105
S00154355,120
S00154356,109
S00154357,105
S00154358,77
S00154359,85
S00154360,83
S00154361,76
S00154362,103
S00154363,53
S00154364,107
S00154365,72
S00154366,78
S00154367,59
S00154368,71
S00154369,92
S00154370,99
S00154371,80
S00154372,100
S00154373,79
S00154374,76
S00154375,70
S00154376,128
S00154377,70
S00154378,191
S00154379,85
S00154380,150
S00154381,101
S00154382,88
S00154383,78
S00154384,96
S00154385,96
S00154386,53
S00154387,103
S00154388,149
S00154389,96
S00154390,87
S00154391,73
S00154392,64
S00154393,127
S00154394,103
S00154395,55
S00154396,98
S00154397,56
S00154398,89
S00154399,105
S00154400,126
S00154401,76
S00154402,63
S00154403,83
S00154404,76
S00154405,75
S00154406,56
S00154407,78
S00154408,118
S00154409,73
S00154410,94
S00154411,46
S00154412,97
S00154413,56
S00154414,98
S00154415,91
S00154416,84
S00154417,113
S00154418,113
S00154419,128
S00154420,120
S00154421,55
S00154422,149
S00154423,103
S00154424,126
S00154425,90
S00154426,92
S00154427,56
S00154428,99
S00154429,77
S00154430,152
S00154431,66
S00154432,121
S00154433,97
S00154434,123
S00154435,85
S00154436,91
S00154437,57
S00154438,61
S00154439,92
S00154440,81
S00154441,50
S00154442,91
S00154443,113
S00154444,128
S00154445,51
S00154446,75
S00154447,99
S00154448,86
S00154449,102
S00154450,85
S00154451,112
S00154452,118
S00154453,47
S00154454,75
S00154455,61
S00154456,150
S00154457,66
S00154458,112
S00154459,92
S00154460,116
S00154461,97
S00154462,73
S00154463,180
S00154464,75
S00154465,98
S00154466,67
S00154467,102
S00154468,96
S00154469,76
S00154470,84
S00154471,156
S00154472,100
S00154473,69
S00154474,109
S00154475,124
S00154476,71
S00154477,121
S00154478,83
S00154479,80
S00154480,107
S00154481,128
S00154482,67
S00154483,82
S00154484,97
S00154485,133
S00154486,73
S00154487,92
S00154488,116
S00154489,144
S00154490,83
S00154491,102
S00154492,88
S00154493,76
S00154494,133
S00154495,112
S00154496,79
S00154497,96
S00154498,93
S00154499,74
S00154500,67
S00154501,64
S00154502,117
S00154503,102
S00154504,73
S00154505,85
S00154506,140
S00154507,75
S00154508,110
S00154509,84
S00154510,77
S00154511,74
S00154512,104
S00154513,77
S00154514,114
S00154515,121
S00154516,102
S00154517,83
S00154518,146
S00154519,95
S00154520,98
S00154521,97
S00154522,68
S00154523,74
S00154524,105
S00154525,97
S00154526,106
S00154527,59
S00154528,108
S00154529,108
S00154530,119
S00154531,92
S00154532,54
S00154533,100
S00154534,131
S00154535,71
S00154536,80
S00154537,86
S00154538,64
S00154539,120
S00154540,67
S00154541,98
S00154542,111
S00154543,64
S00154544,72
S00154545,82
S00154546,88
S00154547,102
S00154548,139
S00154549,76
S00154550,82
S00154551,86
S00154552,84
S00154553,72
S00154554,74
S00154555,101
S00154556,90
S00154557,112
S00154558,74
S00154559,76
S00154560,102
S00154561,77
S00154562,98
S00154563,115
S00154564,108
S00154565,82
S00154566,113
S00154567,65
S00154568,86
S00154569,112
S00154570,59
S00154571,71
S00154572,83
S00154573,72
S00154574,184
S00154575,61
S00154576,119
S00154577,104
S00154578,96
S00154579,120
S00154580,70
S00154581,95
S00154582,128
S00154583,80
S00154584,54
S00154585,81
S00154586,136
S00154587,100
S00154588,148
S00154589,109
S00154590,73
S00154591,92
S00154592,74
S00154593,63
S00154594,86
S00154595,106
S00154596,69
S00154597,76
S00154598,64
S00154599,83
S00154600,65
S00154601,124
S00154602,72
S00154603,110
S00154604,116
S00154605,99
S00154606,101
S00154607,137
S00154608,124
S00154609,92
S00154610,58
S00154611,120
S00154612,106
S00154613,69
S00154614,121
S00154615,91
S00154616,92
S00154617,93
S00154618,64
S00154619,57
S00154620,98
S00154621,114
S00154622,76
S00154623,86
S00154624,120
S00154625,115
S00154626,153
S00154627,127
S00154628,108
S00154629,93
S00154630,68
S00154631,61
S00154632,124
S00154633,96
S00154634,140
S00154635,65
S00154636,60
S00154637,115
S00154638,55
S00154639,69
S00154640,74
S00154641,71
S00154642,93
S00154643,62
S00154644,62
S00154645,68
S00154646,106
S00154647,86
S00154648,75
S00154649,70
S00154650,120
S00154651,141
S00154652,113
S00154653,72
S00154654,80
S00154655,71
S00154656,73
S00154657,58
S00154658,107
S00154659,72
S00154660,93
S00154661,126
S00154662,76
S00154663,127
S00154664,64
S00154665,60
S00154666,85
S00154667,113
S00154668,168
S00154669,73
S00154670,115
S00154671,75
S00154672,67
S00154673,70
S00154674,88
S00154675,96
S00154676,142
S00154677,101
S00154678,83
S00154679,119
S00154680,78
S00154681,102
S00154682,80
S00154683,103
S00154684,93
S00154685,137
S00154686,127
S00154687,110
S00154688,75
S00154689,143
S00154690,133
S00154691,79
S00154692,134
S00154693,94
S00154694,92
S00154695,78
S00154696,123
S00154697,102
S00154698,86
S00154699,114
S00154700,79
S00154701,136
S00154702,57
S00154703,79
S00154704,91
S00154705,57
S00154706,125
S00154707,97
S00154708,71
S00154709,90
S00154710,86
S00154711,85
S00154712,101
S00154713,80
S00154714,59
S00154715,112
S00154716,90
S00154717,90
S00154718,109
S00154719,111
S00154720,71
S00154721,86
S00154722,84
S00154723,59
S00154724,88
S00154725,76
S00154726,134
S00154727,76
S00154728,85
S00154729,97
S00154730,116
S00154731,110
S00154732,130
S00154733,119
S00154734,85
S00154735,71
S00154736,72
S00154737,109
S00154738,79
S00154739,76
S00154740,132
S00154741,53
S00154742,99
S00154743,65
S00154744,63
S00154745,95
S00154746,67
S00154747,106
S00154748,103
S00154749,142
S00154750,67
S00154751,77
S00154752,98
S00154753,98
S00154754,126
S00154755,163
S00154756,70
S00154757,138
S00154758,128
S00154759,70
S00154760,67
S00154761,138
S00154762,122
S00154763,98
S00154764,81
S00154765,93
S00154766,109
S00154767,82
S00154768,55
S00154769,152
S00154770,83
S00154771,77
S00154772,70
S00154773,111
S00154774,67
S00154775,98
S00154776,83
S00154777,106
S00154778,135
S00154779,78
S00154780,116
S00154781,49
S00154782,117
S00154783,68
S00154784,115
S00154785,87
S00154786,81
S00154787,50
S00154788,59
S00154789,89
S00154790,78
S00154791,71
S00154792,145
S00154793,90
S00154794,101
S00154795,133
S00154796,82
S00154797,98
S00154798,63
S00154799,115
S00154800,66
S00154801,98
S00154802,66
S00154803,137
S00154804,126
S00154805,142
S00154806,69
S00154807,95
S00154808,86
S00154809,96
S00154810,114
S00154811,68
S00154812,91
S00154813,117
S00154814,104
S00154815,65
S00154816,69
S00154817,72
S00154818,63
S00154819,66
S00154820,83
S00154821,127
S00154822,62
S00154823,111
S00154824,175
S00154825,64
S00154826,135
S00154827,87
S00154828,79
S00154829,105
S00154830,121
S00154831,141
S00154832,74
S00154833,62
S00154834,132
S00154835,116
S00154836,66
S00154837,50
S00154838,98
S00154839,123
S00154840,106
S00154841,92
S00154842,128
S00154843,108
S00154844,95
S00154845,77
S00154846,84
S00154847,112
S00154848,103
S00154849,118
S00154850,162
S00154851,57
S00154852,91
S00154853,89
S00154854,72
S00154855,74
S00154856,86
S00154857,89
S00154858,105
S00154859,69
S00154860,109
S00154861,104
S00154862,123
S00154863,70
S00154864,69
S00154865,86
S00154866,67
S00154867,58
S00154868,110
S00154869,102
S00154870,101
S00154871,73
S00154872,136
S00154873,69
S00154874,109
S00154875,70
S00154876,56
S00154877,99
S00154878,142
S00154879,52
S00154880,106
S00154881,133
S00154882,81
S00154883,101
S00154884,121
S00154885,87
S00154886,89
S00154887,66
S00154888,123
S00154889,83
S00154890,93
S00154891,60
S00154892,79
S00154893,86
S00154894,56
S00154895,95
S00154896,106
S00154897,62
S00154898,67
S00154899,112
S00154900,57
S00154901,72
S00154902,62
S00154903,105
S00154904,73
S00154905,66
S00154906,83
S00154907,75
S00154908,106
S00154909,105
S00154910,74
S00154911,139
S00154912,112
S00154913,110
S00154914,125
S00154915,66
S00154916,215
S00154917,74
S00154918,99
S00154919,102
S00154920,57
S00154921,65
S00154922,51
S00154923,101
S00154924,63
S00154925,151
S00154926,85
S00154927,110
S00154928,111
S00154929,175
S00154930,104
S00154931,70
S00154932,65
S00154933,64
S00154934,100
S00154935,121
S00154936,96
S00154937,111
S00154938,99
S00154939,133
S00154940,145
S00154941,94
S00154942,80
S00154943,89
S00154944,77
S00154945,78
S00154946,66
S00154947,78
S00154948,103
S00154949,71
S00154950,107
S00154951,138
S00154952,54
S00154953,86
S00154954,54
S00154955,116
S00154956,108
S00154957,100
S00154958,69
S00154959,105
S00154960,127
S00154961,99
S00154962,74
S00154963,67
S00154964,89
S00154965,95
S00154966,80
S00154967,61
S00154968,133
S00154969,140
S00154970,57
S00154971,98
S00154972,63
S00154973,57
S00154974,122
S00154975,85
S00154976,112
S00154977,83
S00154978,99
S00154979,79
S00154980,78
S00154981,116
S00154982,120
S00154983,63
S00154984,57
S00154985,73
S00154986,83
S00154987,98
S00154988,95
S00154989,75
S00154990,81
S00154991,126
S00154992,73
S00154993,144
S00154994,104
S00154995,111
S00154996,130
S00154997,99
S00154998,81
S00154999,123
S00155000,128
S00155001,54
S00155002,97
S00155003,106
S00155004,110
S00155005,82
S00155006,95
S00155007,111
S00155008,223
S00155009,60
S00155010,83
S00155011,136
S00155012,103
S00155013,59
S00155014,77
S00155015,77
S00155016,69
S00155017,79
S00155018,136
S00155019,78
S00155020,84
S00155021,166
S00155022,125
S00155023,96
S00155024,131
S00155025,57
S00155026,123
S00155027,89
S00155028,108
S00155029,70
S00155030,146
S00155031,118
S00155032,127
S00155033,133
S00155034,97
S00155035,75
S00155036,107
S00155037,121
S00155038,111
S00155039,168
S00155040,86
S00155041,128
S00155042,93
S00155043,86
S00155044,72
S00155045,61
S00155046,124
S00155047,130
S00155048,78
S00155049,99
S00155050,114
S00155051,106
S00155052,98
S00155053,127
S00155054,171
S00155055,98
S00155056,70
S00155057,67
S00155058,109
S00155059,108
S00155060,125
S00155061,70
S00155062,96
S00155063,71
S00155064,120
S00155065,77
S00155066,85
S00155067,101
S00155068,105
S00155069,93
S00155070,73
S00155071,136
S00155072,91
S00155073,60
S00155074,89
S00155075,81
S00155076,104
S00155077,138
S00155078,101
S00155079,53
S00155080,114
S00155081,131
S00155082,76
S00155083,96
S00155084,58
S00155085,67
S00155086,116
S00155087,195
S00155088,87
S00155089,83
S00155090,133
S00155091,50
S00155092,152
S00155093,117
S00155094,73
S00155095,127
S00155096,96
S00155097,103
S00155098,89
S00155099,140
S00155100,165
S00155101,133
S00155102,98
S00155103,103
S00155104,105
S00155105,72
S00155106,73
S00155107,77
S00155108,96
S00155109,108
S00155110,67
S00155111,65
S00155112,119
S00155113,57
S00155114,107
S00155115,84
S00155116,105
S00155117,64
S00155118,99
S00155119,138
S00155120,103
S00155121,145
S00155122,110
S00155123,97
S00155124,63
S00155125,111
S00155126,86
S00155127,95
S00155128,87
S00155129,117
S00155130,68
S00155131,67
S00155132,107
S00155133,95
S00155134,85
S00155135,98
S00155136,209
S00155137,80
S00155138,128
S00155139,100
S00155140,140
S00155141,102
S00155142,97
S00155143,127
S00155144,95
S00155145,75
S00155146,83
S00155147,97
S00155148,76
S00155149,108
S00155150,77
S00155151,113
S00155152,122
S00155153,72
S00155154,65
S00155155,62
S00155156,80
S00155157,62
S00155158,84
S00155159,67
S00155160,76
S00155161,132
S00155162,89
S00155163,69
S00155164,81
S00155165,65
S00155166,72
S00155167,119
S00155168,102
S00155169,82
S00155170,98
S00155171,130
S00155172,92
S00155173,90
S00155174,91
S00155175,56
S00155176,55
S00155177,73
S00155178,47
S00155179,101
S00155180,82
S00155181,71
S00155182,63
S00155183,48
S00155184,80
S00155185,132
S00155186,63
S00155187,106
S00155188,69
S00155189,69
S00155190,62
S00155191,73
S00155192,64
S00155193,87
S00155194,96
S00155195,76
S00155196,71
S00155197,57
S00155198,106
S00155199,107
S00155200,78
S00155201,97
S00155202,89
S00155203,54
S00155204,95
S00155205,70
S00155206,70
S00155207,121
S00155208,127
S00155209,75
S00155210,119
S00155211,83
S00155212,86
S00155213,117
S00155214,76
S00155215,142
S00155216,89
S00155217,86
S00155218,120
S00155219,96
S00155220,72
S00155221,49
S00155222,71
S00155223,110
S00155224,96
S00155225,82
S00155226,105
S00155227,90
S00155228,139
S00155229,102
S00155230,52
S00155231,100
S00155232,67
S00155233,77
S00155234,70
S00155235,104
S00155236,68
S00155237,87
S00155238,48
S00155239,126
S00155240,167
S00155241,79
S00155242,100
S00155243,94
S00155244,89
S00155245,76
S00155246,84
S00155247,84
S00155248,60
S00155249,100
S00155250,130
S00155251,73
S00155252,55
S00155253,157
S00155254,95
S00155255,73
S00155256,71
S00155257,89
S00155258,70
S00155259,119
S00155260,71
S00155261,84
S00155262,95
S00155263,85
S00155264,75
S00155265,71
S00155266,91
S00155267,62
S00155268,129
S00155269,117
S00155270,121
S00155271,84
S00155272,72
S00155273,129
S00155274,81
S00155275,111
S00155276,115
S00155277,94
S00155278,97
S00155279,84
S00155280,92
S00155281,101
S00155282,72
S00155283,71
S00155284,97
S00155285,136
S00155286,90
S00155287,109
S00155288,89
S00155289,72
S00155290,103
S00155291,98
S00155292,99
S00155293,99
S00155294,148
S00155295,125
S00155296,144
S00155297,130
S00155298,52
S00155299,71
S00155300,59
S00155301,108
S00155302,64
S00155303,67
S00155304,78
S00155305,63
S00155306,123
S00155307,116
S00155308,55
S00155309,90
S00155310,106
S00155311,65
S00155312,89
S00155313,72
S00155314,118
S00155315,55
S00155316,124
S00155317,71
S00155318,195
S00155319,78
S00155320,73
S00155321,103
S00155322,78
S00155323,99
S00155324,118
S00155325,64
S00155326,76
S00155327,114
S00155328,115
S00155329,111
S00155330,83
S00155331,87
S00155332,61
S00155333,118
S00155334,104
S00155335,86
S00155336,161
S00155337,99
S00155338,81
S00155339,73
S00155340,125
S00155341,58
S00155342,74
S00155343,114
S00155344,118
S00155345,91
S00155346,67
S00155347,95
S00155348,108
S00155349,67
S00155350,118
S00155351,119
S00155352,106
S00155353,132
S00155354,56
S00155355,81
S00155356,109
S00155357,68
S00155358,74
S00155359,77
S00155360,63
S00155361,150
S00155362,68
S00155363,50
S00155364,140
S00155365,88
S00155366,133
S00155367,75
S00155368,68
S00155369,93
S00155370,55
S00155371,105
S00155372,87
S00155373,107
S00155374,79
S00155375,99
S00155376,54
S00155377,70
S00155378,84
S00155379,69
S00155380,89
S00155381,62
S00155382,95
S00155383,83
S00155384,86
S00155385,59
S00155386,101
S00155387,67
S00155388,100
S00155389,60
S00155390,73
S00155391,79
S00155392,53
S00155393,74
S00155394,59
S00155395,155
S00155396,64
S00155397,101
S00155398,83
S00155399,112
S00155400,136
S00155401,135
S00155402,82
S00155403,59
S00155404,118
S00155405,95
S00155406,100
S00155407,81
S00155408,144
S00155409,72
S00155410,78
S00155411,124
S00155412,76
S00155413,80
S00155414,69
S00155415,123
S00155416,97
S00155417,72
S00155418,127
S00155419,79
S00155420,64
S00155421,138
S00155422,108
S00155423,62
S00155424,117
S00155425,80
S00155426,95
S00155427,155
S00155428,60
S00155429,68
S00155430,111
S00155431,110
S00155432,75
S00155433,112
S00155434,63
S00155435,68
S00155436,80
S00155437,61
S00155438,132
S00155439,116
S00155440,130
S00155441,135
S00155442,77
S00155443,71
S00155444,105
S00155445,80
S00155446,160
S00155447,108
S00155448,154
S00155449,74
S00155450,142
S00155451,78
S00155452,85
S00155453,58
S00155454,97
S00155455,92
S00155456,112
S00155457,83
S00155458,94
S00155459,67
S00155460,80
S00155461,70
S00155462,113
S00155463,101
S00155464,90
S00155465,120
S00155466,103
S00155467,113
S00155468,63
S00155469,112
S00155470,166
S00155471,114
S00155472,121
S00155473,82
S00155474,145
S00155475,89
S00155476,71
S00155477,65
S00155478,59
S00155479,62
S00155480,116
S00155481,98
S00155482,114
S00155483,142
S00155484,148
S00155485,78
S00155486,126
S00155487,117
S00155488,75
S00155489,113
S00155490,79
S00155491,104
S00155492,126
S00155493,63
S00155494,107
S00155495,96
S00155496,89
S00155497,75
S00155498,75
S00155499,102
S00155500,57
S00155501,95
S00155502,79
S00155503,93
S00155504,118
S00155505,120
S00155506,87
S00155507,85
S00155508,73
S00155509,97
S00155510,126
S00155511,96
S00155512,70
S00155513,114
S00155514,89
S00155515,148
S00155516,107
S00155517,103
S00155518,58
S00155519,73
S00155520,69
S00155521,64
S00155522,92
S00155523,67
S00155524,80
S00155525,200
S00155526,118
S00155527,80
S00155528,73
S00155529,73
S00155530,122
S00155531,81
S00155532,61
S00155533,99
S00155534,114
S00155535,79
S00155536,96
S00155537,82
S00155538,85
S00155539,94
S00155540,67
S00155541,67
S00155542,106
S00155543,89
S00155544,91
S00155545,113
S00155546,75
S00155547,129
S00155548,102
S00155549,57
S00155550,81
S00155551,124
S00155552,58
S00155553,96
S00155554,71
S00155555,131
S00155556,109
S00155557,95
S00155558,145
S00155559,172
S00155560,159
S00155561,59
S00155562,74
S00155563,93
S00155564,66
S00155565,70
S00155566,68
S00155567,100
S00155568,131
S00155569,73
S00155570,85
S00155571,156
S00155572,74
S00155573,66
S00155574,71
S00155575,125
S00155576,140
S00155577,75
S00155578,152
S00155579,78
S00155580,104
S00155581,87
S00155582,75
S00155583,91
S00155584,79
S00155585,76
S00155586,177
S00155587,75
S00155588,55
S00155589,88
S00155590,67
S00155591,99
S00155592,107
S00155593,145
S00155594,132
S00155595,67
S00155596,78
S00155597,65
S00155598,142
S00155599,91
S00155600,89
S00155601,137
S00155602,70
S00155603,123
S00155604,77
S00155605,101
S00155606,86
S00155607,81
S00155608,66
S00155609,79
S00155610,65
S00155611,102
S00155612,70
S00155613,86
S00155614,66
S00155615,71
S00155616,72
S00155617,72
S00155618,53
S00155619,68
S00155620,77
S00155621,66
S00155622,126
S00155623,53
S00155624,61
S00155625,83
S00155626,93
S00155627,88
S00155628,115
S00155629,95
S00155630,68
S00155631,105
S00155632,120
S00155633,116
S00155634,60
S00155635,62
S00155636,106
S00155637,117
S00155638,58
S00155639,145
S00155640,101
S00155641,66
S00155642,54
S00155643,95
S00155644,70
S00155645,90
S00155646,66
S00155647,124
S00155648,86
S00155649,124
S00155650,84
S00155651,144
S00155652,141
S00155653,52
S00155654,65
S00155655,151
S00155656,121
S00155657,99
S00155658,89
S00155659,110
S00155660,171
S00155661,102
S00155662,90
S00155663,81
S00155664,80
S00155665,85
S00155666,112
S00155667,83
S00155668,98
S00155669,105
S00155670,108
S00155671,83
S00155672,85
S00155673,97
S00155674,125
S00155675,71
S00155676,72
S00155677,90
S00155678,102
S00155679,119
S00155680,137
S00155681,55
S00155682,66
S00155683,57
S00155684,57
S00155685,137
S00155686,57
S00155687,79
S00155688,59
S00155689,68
S00155690,124
S00155691,61
S00155692,56
S00155693,68
S00155694,87
S00155695,110
S00155696,81
S00155697,64
S00155698,111
S00155699,80
S00155700,83
S00155701,62
S00155702,63
S00155703,57
S00155704,125
S00155705,79
S00155706,107
S00155707,72
S00155708,102
S00155709,106
S00155710,85
S00155711,99
S00155712,79
S00155713,69
S00155714,49
S00155715,114
S00155716,109
S00155717,147
S00155718,125
S00155719,99
S00155720,115
S00155721,71
S00155722,65
S00155723,112
S00155724,90
S00155725,135
S00155726,62
S00155727,105
S00155728,113
S00155729,67
S00155730,97
S00155731,73
S00155732,86
S00155733,66
S00155734,178
S00155735,50
S00155736,105
S00155737,64
S00155738,113
S00155739,76
S00155740,81
S00155741,81
S00155742,99
S00155743,83
S00155744,127
S00155745,105
S00155746,97
S00155747,55
S00155748,83
S00155749,114
S00155750,121
S00155751,82
S00155752,44
S00155753,71
S00155754,152
S00155755,137
S00155756,67
S00155757,95
S00155758,66
S00155759,133
S00155760,44
S00155761,106
S00155762,89
S00155763,83
S00155764,79
S00155765,105
S00155766,79
S00155767,61
S00155768,79
S00155769,135
S00155770,143
S00155771,77
S00155772,98
S00155773,123
S00155774,149
S00155775,71
S00155776,139
S00155777,190
S00155778,94
S00155779,101
S00155780,141
S00155781,148
S00155782,138
S00155783,73
S00155784,116
S00155785,123
S00155786,97
S00155787,121
S00155788,137
S00155789,95
S00155790,102
S00155791,126
S00155792,64
S00155793,86
S00155794,128
S00155795,114
S00155796,99
S00155797,68
S00155798,75
S00155799,87
S00155800,126
S00155801,63
S00155802,65
S00155803,138
S00155804,86
S00155805,149
S00155806,101
S00155807,102
S00155808,111
S00155809,109
S00155810,129
S00155811,58
S00155812,82
S00155813,81
S00155814,127
S00155815,60
S00155816,112
S00155817,158
S00155818,148
S00155819,140
S00155820,113
S00155821,69
S00155822,80
S00155823,175
S00155824,155
S00155825,142
S00155826,135
S00155827,65
S00155828,62
S00155829,97
S00155830,104
S00155831,163
S00155832,100
S00155833,119
S00155834,170
S00155835,128
S00155836,63
S00155837,78
S00155838,91
S00155839,91
S00155840,70
S00155841,133
S00155842,83
S00155843,143
S00155844,100
S00155845,75
S00155846,68
S00155847,99
S00155848,118
S00155849,147
S00155850,75
S00155851,106
S00155852,81
S00155853,159
S00155854,65
S00155855,57
S00155856,88
S00155857,112
S00155858,97
S00155859,128
S00155860,69
S00155861,96
S00155862,112
S00155863,146
S00155864,173
S00155865,70
S00155866,131
S00155867,153
S00155868,68
S00155869,132
S00155870,78
S00155871,162
S00155872,99
S00155873,109
S00155874,101
S00155875,117
S00155876,171
S00155877,66
S00155878,110
S00155879,80
S00155880,95
S00155881,108
S00155882,115
S00155883,85
S00155884,89
S00155885,98
S00155886,122
S00155887,108
S00155888,52
S00155889,105
S00155890,139
S00155891,90
S00155892,76
S00155893,123
S00155894,76
S00155895,90
S00155896,96
S00155897,55
S00155898,106
S00155899,66
S00155900,97
S00155901,103
S00155902,100
S00155903,127
S00155904,67
S00155905,74
S00155906,150
S00155907,68
S00155908,93
S00155909,77
S00155910,76
S00155911,107
S00155912,80
S00155913,111
S00155914,101
S00155915,88
S00155916,87
S00155917,67
S00155918,88
S00155919,84
S00155920,152
S00155921,115
S00155922,65
S00155923,115
S00155924,81
S00155925,61
S00155926,70
S00155927,69
S00155928,59
S00155929,55
S00155930,95
S00155931,74
S00155932,106
S00155933,86
S00155934,107
S00155935,96
S00155936,86
S00155937,89
S00155938,92
S00155939,69
S00155940,64
S00155941,88
S00155942,110
S00155943,86
S00155944,135
S00155945,89
S00155946,74
S00155947,92
S00155948,81
S00155949,98
S00155950,82
S00155951,103
S00155952,62
S00155953,118
S00155954,73
S00155955,92
S00155956,103
S00155957,113
S00155958,101
S00155959,71
S00155960,119
S00155961,69
S00155962,84
S00155963,57
S00155964,95
S00155965,159
S00155966,75
S00155967,113
S00155968,102
S00155969,119
S00155970,105
S00155971,76
S00155972,90
S00155973,82
S00155974,99
S00155975,81
S00155976,84
S00155977,118
S00155978,129
S00155979,70
S00155980,107
S00155981,66
S00155982,152
S00155983,99
S00155984,65
S00155985,84
S00155986,141
S00155987,165
S00155988,142
S00155989,60
S00155990,114
S00155991,142
S00155992,103
S00155993,100
S00155994,121
S00155995,116
S00155996,122
S00155997,75
S00155998,138
S00155999,77
S00156000,106
S00156001,116
S00156002,73
S00156003,71
S00156004,54
S00156005,65
S00156006,87
S00156007,84
S00156008,136
S00156009,167
S00156010,65
S00156011,110
S00156012,75
S00156013,82
S00156014,90
S00156015,70
S00156016,103
S00156017,194
S00156018,101
S00156019,85
S00156020,91
S00156021,98
S00156022,83
S00156023,125
S00156024,92
S00156025,56
S00156026,133
S00156027,90
S00156028,67
S00156029,85
S00156030,88
S00156031,97
S00156032,114
S00156033,158
S00156034,99
S00156035,94
S00156036,73
S00156037,135
S00156038,93
S00156039,91
S00156040,94
S00156041,58
S00156042,95
S00156043,94
S00156044,71
S00156045,119
S00156046,84
S00156047,158
S00156048,75
S00156049,97
S00156050,125
S00156051,51
S00156052,82
S00156053,107
S00156054,110
S00156055,136
S00156056,74
S00156057,100
S00156058,154
S00156059,107
S00156060,107
S00156061,91
S00156062,142
S00156063,74
S00156064,97
S00156065,101
S00156066,126
S00156067,129
S00156068,113
S00156069,90
S00156070,60
S00156071,94
S00156072,57
S00156073,93
S00156074,118
S00156075,74
S00156076,73
S00156077,137
S00156078,126
S00156079,125
S00156080,103
S00156081,86
S00156082,74
S00156083,145
S00156084,94
S00156085,96
S00156086,119
S00156087,64
S00156088,104
S00156089,125
S00156090,126
S00156091,86
S00156092,114
S00156093,113
S00156094,102
S00156095,109
S00156096,69
S00156097,117
S00156098,81
S00156099,66
S00156100,101
S00156101,150
S00156102,88
S00156103,58
S00156104,96
S00156105,121
S00156106,76
S00156107,134
S00156108,58
S00156109,93
S00156110,108
S00156111,82
S00156112,61
S00156113,70
S00156114,91
S00156115,54
S00156116,85
S00156117,73
S00156118,112
S00156119,57
S00156120,76
S00156121,45
S00156122,101
S00156123,108
S00156124,137
S00156125,78
S00156126,147
S00156127,112
S00156128,125
S00156129,106
S00156130,78
S00156131,96
S00156132,88
S00156133,63
S00156134,83
S00156135,113
S00156136,102
S00156137,93
S00156138,102
S00156139,110
S00156140,94
S00156141,61
S00156142,117
S00156143,97
S00156144,125
S00156145,110
S00156146,127
S00156147,65
S00156148,79
S00156149,66
S00156150,84
S00156151,120
S00156152,126
S00156153,146
S00156154,79
S00156155,77
S00156156,95
S00156157,66
S00156158,72
S00156159,71
S00156160,76
S00156161,119
S00156162,91
S00156163,126
S00156164,91
S00156165,72
S00156166,82
S00156167,151
S00156168,126
S00156169,77
S00156170,96
S00156171,101
S00156172,100
S00156173,76
S00156174,134
S00156175,60
S00156176,90
S00156177,81
S00156178,64
S00156179,120
S00156180,125
S00156181,76
S00156182,101
S00156183,81
S00156184,139
S00156185,112
S00156186,69
S00156187,109
S00156188,84
S00156189,126
S00156190,96
S00156191,78
S00156192,99
S00156193,91
S00156194,81
S00156195,67
S00156196,73
S00156197,82
S00156198,123
S00156199,98
S00156200,53
S00156201,116
S00156202,95
S00156203,156
S00156204,109
S00156205,154
S00156206,83
S00156207,93
S00156208,137
S00156209,101
S00156210,93
S00156211,92
S00156212,123
S00156213,100
S00156214,54
S00156215,77
S00156216,87
S00156217,91
S00156218,81
S00156219,85
S00156220,100
S00156221,99
S00156222,104
S00156223,84
S00156224,124
S00156225,103
S00156226,99
S00156227,80
S00156228,147
S00156229,64
S00156230,72
S00156231,70
S00156232,80
S00156233,70
S00156234,140
S00156235,64
S00156236,88
S00156237,60
S00156238,102
S00156239,69
S00156240,111
S00156241,118
S00156242,87
S00156243,103
S00156244,52
S00156245,92
S00156246,62
S00156247,109
S00156248,110
S00156249,167
S00156250,62
S00156251,77
S00156252,71
S00156253,122
S00156254,95
S00156255,56
S00156256,87
S00156257,87
S00156258,109
S00156259,81
S00156260,75
S00156261,52
S00156262,100
S00156263,139
S00156264,88
S00156265,76
S00156266,127
S00156267,96
S00156268,69
S00156269,77
S00156270,114
S00156271,58
S00156272,89
S00156273,73
S00156274,97
S00156275,105
S00156276,81
S00156277,74
S00156278,71
S00156279,99
S00156280,92
S00156281,112
S00156282,81
S00156283,151
S00156284,135
S00156285,62
S00156286,106
S00156287,73
S00156288,92
S00156289,73
S00156290,110
S00156291,143
S00156292,68
S00156293,68
S00156294,123
S00156295,75
S00156296,81
S00156297,102
S00156298,115
S00156299,99
S00156300,105
S00156301,126
S00156302,84
S00156303,62
S00156304,130
S00156305,70
S00156306,66
S00156307,125
S00156308,172
S00156309,95
S00156310,145
S00156311,75
S00156312,83
S00156313,66
S00156314,64
S00156315,154
S00156316,91
S00156317,141
S00156318,95
S00156319,79
S00156320,124
S00156321,65
S00156322,151
S00156323,129
S00156324,59
S00156325,146
S00156326,95
S00156327,199
S00156328,115
S00156329,71
S00156330,157
S00156331,71
S00156332,66
S00156333,94
S00156334,64
S00156335,93
S00156336,62
S00156337,95
S00156338,127
S00156339,73
S00156340,88
S00156341,177
S00156342,183
S00156343,146
S00156344,87
S00156345,111
S00156346,138
S00156347,100
S00156348,126
S00156349,78
S00156350,126
S00156351,121
S00156352,106
S00156353,85
S00156354,94
S00156355,107
S00156356,97
S00156357,88
S00156358,124
S00156359,165
S00156360,144
S00156361,154
S00156362,105
S00156363,123
S00156364,127
S00156365,73
S00156366,91
S00156367,103
S00156368,88
S00156369,88
S00156370,142
S00156371,126
S00156372,107
S00156373,128
S00156374,103
S00156375,58
S00156376,117
S00156377,125
S00156378,89
S00156379,140
S00156380,73
S00156381,63
S00156382,99
S00156383,79
S00156384,128
S00156385,69
S00156386,106
S00156387,129
S00156388,69
S00156389,66
S00156390,138
S00156391,150
S00156392,128
S00156393,153
S00156394,140
S00156395,94
S00156396,79
S00156397,85
S00156398,61
S00156399,98
S00156400,96
S00156401,117
S00156402,112
S00156403,126
S00156404,79
S00156405,55
S00156406,97
S00156407,143
S00156408,113
S00156409,74
S00156410,91
S00156411,77
S00156412,154
S00156413,80
S00156414,133
S00156415,99
S00156416,69
S00156417,80
S00156418,187
S00156419,77
S00156420,84
S00156421,116
S00156422,131
S00156423,110
S00156424,103
S00156425,132
S00156426,91
S00156427,94
S00156428,64
S00156429,138
S00156430,161
S00156431,116
S00156432,142
S00156433,48
S00156434,109
S00156435,68
S00156436,91
S00156437,116
S00156438,117
S00156439,132
S00156440,77
S00156441,92
S00156442,59
S00156443,144
S00156444,67
S00156445,88
S00156446,72
S00156447,57
S00156448,96
S00156449,143
S00156450,87
S00156451,183
S00156452,149
S00156453,135
S00156454,136
S00156455,92
S00156456,97
S00156457,75
S00156458,110
S00156459,115
S00156460,88
S00156461,177
S00156462,78
S00156463,113
S00156464,115
S00156465,107
S00156466,110
S00156467,111
S00156468,84
S00156469,110
S00156470,54
S00156471,70
S00156472,88
S00156473,84
S00156474,153
S00156475,94
S00156476,107
S00156477,65
S00156478,110
S00156479,70
S00156480,114
S00156481,106
S00156482,71
S00156483,111
S00156484,94
S00156485,92
S00156486,93
S00156487,77
S00156488,77
S00156489,126
S00156490,123
S00156491,81
S00156492,55
S00156493,103
S00156494,105
S00156495,112
S00156496,95
S00156497,150
S00156498,95
S00156499,164
S00156500,121
S00156501,140
S00156502,56
S00156503,89
S00156504,64
S00156505,119
S00156506,124
S00156507,68
S00156508,113
S00156509,107
S00156510,104
S00156511,128
S00156512,85
S00156513,97
S00156514,76
S00156515,63
S00156516,107
S00156517,112
S00156518,69
S00156519,85
S00156520,66
S00156521,90
S00156522,83
S00156523,121
S00156524,106
S00156525,63
S00156526,113
S00156527,110
S00156528,53
S00156529,59
S00156530,70
S00156531,115
S00156532,54
S00156533,98
S00156534,86
S00156535,80
S00156536,174
S00156537,126
S00156538,134
S00156539,99
S00156540,100
S00156541,64
S00156542,91
S00156543,119
S00156544,106
S00156545,78
S00156546,120
S00156547,82
S00156548,87
S00156549,58
S00156550,81
S00156551,78
S00156552,89
S00156553,116
S00156554,113
S00156555,61
S00156556,59
S00156557,112
S00156558,107
S00156559,131
S00156560,92
S00156561,135
S00156562,95
S00156563,68
S00156564,130
S00156565,104
S00156566,207
S00156567,106
S00156568,127
S00156569,88
S00156570,87
S00156571,68
S00156572,89
S00156573,117
S00156574,50
S00156575,96
S00156576,110
S00156577,60
S00156578,77
S00156579,78
S00156580,72
S00156581,56
S00156582,85
S00156583,94
S00156584,122
S00156585,123
S00156586,113
S00156587,78
S00156588,98
S00156589,60
S00156590,104
S00156591,84
S00156592,91
S00156593,130
S00156594,63
S00156595,89
S00156596,114
S00156597,139
S00156598,88
S00156599,76
S00156600,70
S00156601,74
S00156602,57
S00156603,77
S00156604,101
S00156605,182
S00156606,123
S00156607,110
S00156608,94
S00156609,105
S00156610,95
S00156611,125
S00156612,182
S00156613,89
S00156614,73
S00156615,94
S00156616,116
S00156617,54
S00156618,124
S00156619,130
S00156620,110
S00156621,66
S00156622,95
S00156623,127
S00156624,89
S00156625,66
S00156626,72
S00156627,89
S00156628,142
S00156629,90
S00156630,70
S00156631,116
S00156632,131
S00156633,86
S00156634,71
S00156635,79
S00156636,83
S00156637,117
S00156638,95
S00156639,150
S00156640,45
S00156641,149
S00156642,91
S00156643,82
S00156644,73
S00156645,106
S00156646,100
S00156647,99
S00156648,122
S00156649,138
S00156650,137
S00156651,83
S00156652,111
S00156653,50
S00156654,61
S00156655,93
S00156656,99
S00156657,162
S00156658,140
S00156659,164
S00156660,68
S00156661,55
S00156662,94
S00156663,121
S00156664,110
S00156665,61
S00156666,84
S00156667,139
S00156668,143
S00156669,148
S00156670,114
S00156671,70
S00156672,67
S00156673,89
S00156674,88
S00156675,103
S00156676,113
S00156677,68
S00156678,84
S00156679,45
S00156680,56
S00156681,93
S00156682,69
S00156683,73
S00156684,114
S00156685,103
S00156686,86
S00156687,68
S00156688,102
S00156689,66
S00156690,91
S00156691,78
S00156692,50
S00156693,69
S00156694,187
S00156695,53
S00156696,126
S00156697,96
S00156698,110
S00156699,67
S00156700,83
S00156701,100
S00156702,82
S00156703,65
S00156704,76
S00156705,127
S00156706,106
S00156707,109
S00156708,139
S00156709,93
S00156710,109
S00156711,102
S00156712,96
S00156713,81
S00156714,116
S00156715,128
S00156716,70
S00156717,112
S00156718,74
S00156719,125
S00156720,64
S00156721,65
S00156722,114
S00156723,89
S00156724,95
S00156725,117
S00156726,150
S00156727,104
S00156728,116
S00156729,167
S00156730,90
S00156731,132
S00156732,136
S00156733,66
S00156734,66
S00156735,111
S00156736,55
S00156737,128
S00156738,75
S00156739,104
S00156740,96
S00156741,60
S00156742,124
S00156743,78
S00156744,81
S00156745,125
S00156746,102
S00156747,90
S00156748,71
S00156749,89
S00156750,105
S00156751,101
S00156752,123
S00156753,68
S00156754,64
S00156755,71
S00156756,66
S00156757,89
S00156758,56
S00156759,104
S00156760,110
S00156761,84
S00156762,81
S00156763,107
S00156764,101
S00156765,128
S00156766,71
S00156767,135
S00156768,95
S00156769,82
S00156770,59
S00156771,58
S00156772,66
S00156773,50
S00156774,68
S00156775,64
S00156776,120
S00156777,108
S00156778,102
S00156779,112
S00156780,115
S00156781,98
S00156782,105
S00156783,99
S00156784,90
S00156785,127
S00156786,72
S00156787,73
S00156788,80
S00156789,159
S00156790,96
S00156791,89
S00156792,57
S00156793,56
S00156794,63
S00156795,86
S00156796,84
S00156797,128
S00156798,49
S00156799,63
S00156800,84
S00156801,60
S00156802,82
S00156803,48
S00156804,71
S00156805,52
S00156806,57
S00156807,51
S00156808,60
S00156809,67
S00156810,119
S00156811,97
S00156812,119
S00156813,52
S00156814,65
S00156815,65
S00156816,84
S00156817,86
S00156818,95
S00156819,78
S00156820,63
S00156821,120
S00156822,116
S00156823,71
S00156824,88
S00156825,264
S00156826,91
S00156827,106
S00156828,73
S00156829,99
S00156830,87
S00156831,140
S00156832,129
S00156833,94
S00156834,94
S00156835,145
S00156836,177
S00156837,151
S00156838,109
S00156839,312
S00156840,98
S00156841,85
S00156842,75
S00156843,120
S00156844,89
S00156845,133
S00156846,127
S00156847,93
S00156848,103
S00156849,101
S00156850,131
S00156851,78
S00156852,70
S00156853,57
S00156854,90
S00156855,70
S00156856,79
S00156857,74
S00156858,91
S00156859,129
S00156860,83
S00156861,88
S00156862,57
S00156863,121
S00156864,97
S00156865,115
S00156866,100
S00156867,76
S00156868,86
S00156869,118
S00156870,103
S00156871,99
S00156872,91
S00156873,56
S00156874,54
S00156875,101
S00156876,133
S00156877,163
S00156878,63
S00156879,105
S00156880,132
S00156881,112
S00156882,80
S00156883,71
S00156884,95
S00156885,102
S00156886,85
S00156887,124
S00156888,97
S00156889,126
S00156890,72
S00156891,58
S00156892,83
S00156893,120
S00156894,129
S00156895,94
S00156896,80
S00156897,108
S00156898,86
S00156899,87
S00156900,151
S00156901,103
S00156902,77
S00156903,75
S00156904,89
S00156905,59
S00156906,104
S00156907,74
S00156908,118
S00156909,68
S00156910,77
S00156911,63
S00156912,76
S00156913,80
S00156914,98
S00156915,87
S00156916,106
S00156917,73
S00156918,75
S00156919,87
S00156920,81
S00156921,110
S00156922,85
S00156923,73
S00156924,56
S00156925,116
S00156926,116
S00156927,91
S00156928,63
S00156929,89
S00156930,68
S00156931,126
S00156932,109
S00156933,78
S00156934,83
S00156935,92
S00156936,110
S00156937,92
S00156938,117
S00156939,65
S00156940,70
S00156941,88
S00156942,75
S00156943,105
S00156944,95
S00156945,66
S00156946,113
S00156947,103
S00156948,79
S00156949,110
S00156950,102
S00156951,92
S00156952,120
S00156953,139
S00156954,76
S00156955,88
S00156956,110
S00156957,76
S00156958,87
S00156959,85
S00156960,101
S00156961,103
S00156962,135
S00156963,55
S00156964,81
S00156965,70
S00156966,104
S00156967,87
S00156968,110
S00156969,62
S00156970,84
S00156971,72
S00156972,128
S00156973,88
S00156974,79
S00156975,67
S00156976,69
S00156977,85
S00156978,95
S00156979,112
S00156980,79
S00156981,96
S00156982,83
S00156983,103
S00156984,72
S00156985,61
S00156986,112
S00156987,114
S00156988,59
S00156989,108
S00156990,92
S00156991,109
S00156992,79
S00156993,74
S00156994,79
S00156995,161
S00156996,90
S00156997,51
S00156998,107
S00156999,87
S00157000,83
S00157001,87
S00157002,99
S00157003,106
S00157004,65
S00157005,70
S00157006,82
S00157007,80
S00157008,111
S00157009,124
S00157010,92
S00157011,101
S00157012,83
S00157013,98
S00157014,132
S00157015,139
S00157016,83
S00157017,90
S00157018,143
S00157019,85
S00157020,76
S00157021,84
S00157022,95
S00157023,63
S00157024,60
S00157025,56
S00157026,85
S00157027,87
S00157028,116
S00157029,96
S00157030,149
S00157031,95
S00157032,81
S00157033,68
S00157034,91
S00157035,121
S00157036,79
S00157037,120
S00157038,76
S00157039,76
S00157040,71
S00157041,139
S00157042,94
S00157043,81
S00157044,74
S00157045,132
S00157046,79
S00157047,121
S00157048,73
S00157049,121
S00157050,66
S00157051,77
S00157052,189
S00157053,185
S00157054,134
S00157055,112
S00157056,66
S00157057,91
S00157058,60
S00157059,98
S00157060,76
S00157061,108
S00157062,72
S00157063,76
S00157064,58
S00157065,86
S00157066,108
S00157067,124
S00157068,64
S00157069,62
S00157070,96
S00157071,81
S00157072,71
S00157073,90
S00157074,130
S00157075,117
S00157076,71
S00157077,108
S00157078,93
S00157079,142
S00157080,81
S00157081,88
S00157082,72
S00157083,58
S00157084,80
S00157085,71
S00157086,66
S00157087,97
S00157088,85
S00157089,116
S00157090,68
S00157091,130
S00157092,62
S00157093,80
S00157094,112
S00157095,110
S00157096,101
S00157097,77
S00157098,56
S00157099,59
S00157100,113
S00157101,104
S00157102,77
S00157103,94
S00157104,121
S00157105,141
S00157106,153
S00157107,122
S00157108,83
S00157109,63
S00157110,153
S00157111,91
S00157112,106
S00157113,105
S00157114,109
S00157115,89
S00157116,125
S00157117,138
S00157118,129
S00157119,80
S00157120,79
S00157121,92
S00157122,126
S00157123,82
S00157124,97
S00157125,129
S00157126,77
S00157127,103
S00157128,79
S00157129,54
S00157130,108
S00157131,96
S00157132,89
S00157133,67
S00157134,80
S00157135,114
S00157136,84
S00157137,77
S00157138,67
S00157139,122
S00157140,128
S00157141,96
S00157142,75
S00157143,88
S00157144,128
S00157145,131
S00157146,130
S00157147,85
S00157148,73
S00157149,69
S00157150,98
S00157151,57
S00157152,93
S00157153,93
S00157154,71
S00157155,113
S00157156,79
S00157157,155
S00157158,83
S00157159,57
S00157160,75
S00157161,114
S00157162,81
S00157163,138
S00157164,103
S00157165,73
S00157166,106
S00157167,176
S00157168,79
S00157169,81
S00157170,103
S00157171,85
S00157172,104
S00157173,100
S00157174,94
S00157175,81
S00157176,140
S00157177,63
S00157178,88
S00157179,111
S00157180,110
S00157181,86
S00157182,113
S00157183,66
S00157184,72
S00157185,70
S00157186,48
S00157187,98
S00157188,122
S00157189,142
S00157190,78
S00157191,110
S00157192,173
S00157193,128
S00157194,91
S00157195,112
S00157196,117
S00157197,104
S00157198,107
S00157199,83
S00157200,55
S00157201,135
S00157202,169
S00157203,65
S00157204,72
S00157205,78
S00157206,46
S00157207,123
S00157208,116
S00157209,68
S00157210,88
S00157211,147
S00157212,67
S00157213,96
S00157214,94
S00157215,70
S00157216,118
S00157217,121
S00157218,96
S00157219,116
S00157220,89
S00157221,96
S00157222,70
S00157223,86
S00157224,69
S00157225,79
S00157226,150
S00157227,62
S00157228,68
S00157229,93
S00157230,94
S00157231,93
S00157232,96
S00157233,139
S00157234,63
S00157235,73
S00157236,140
S00157237,71
S00157238,125
S00157239,93
S00157240,60
S00157241,59
S00157242,101
S00157243,117
S00157244,114
S00157245,169
S00157246,72
S00157247,144
S00157248,77
S00157249,57
S00157250,100
S00157251,69
S00157252,129
S00157253,92
S00157254,122
S00157255,106
S00157256,64
S00157257,155
S00157258,135
S00157259,101
S00157260,110
S00157261,51
S00157262,186
S00157263,106
S00157264,82
S00157265,93
S00157266,130
S00157267,88
S00157268,87
S00157269,133
S00157270,75
S00157271,96
S00157272,83
S00157273,93
S00157274,82
S00157275,69
S00157276,118
S00157277,116
S00157278,91
S00157279,72
S00157280,119
S00157281,60
S00157282,132
S00157283,81
S00157284,64
S00157285,95
S00157286,67
S00157287,106
S00157288,84
S00157289,74
S00157290,82
S00157291,79
S00157292,122
S00157293,66
S00157294,72
S00157295,89
S00157296,133
S00157297,60
S00157298,103
S00157299,63
S00157300,70
S00157301,65
S00157302,75
S00157303,62
S00157304,67
S00157305,62
S00157306,126
S00157307,125
S00157308,128
S00157309,122
S00157310,56
S00157311,111
S00157312,86
S00157313,93
S00157314,64
S00157315,160
S00157316,89
S00157317,98
S00157318,189
S00157319,72
S00157320,154
S00157321,91
S00157322,81
S00157323,112
S00157324,117
S00157325,70
S00157326,72
S00157327,108
S00157328,196
S00157329,152
S00157330,88
S00157331,44
S00157332,55
S00157333,162
S00157334,66
S00157335,96
S00157336,87
S00157337,123
S00157338,101
S00157339,62
S00157340,83
S00157341,55
S00157342,85
S00157343,105
S00157344,70
S00157345,95
S00157346,129
S00157347,144
S00157348,97
S00157349,97
S00157350,92
S00157351,128
S00157352,106
S00157353,79
S00157354,148
S00157355,79
S00157356,68
S00157357,68
S00157358,66
S00157359,94
S00157360,108
S00157361,93
S00157362,117
S00157363,81
S00157364,98
S00157365,78
S00157366,161
S00157367,106
S00157368,73
S00157369,144
S00157370,104
S00157371,80
S00157372,63
S00157373,145
S00157374,114
S00157375,70
S00157376,79
S00157377,142
S00157378,84
S00157379,102
S00157380,91
S00157381,128
S00157382,67
S00157383,95
S00157384,72
S00157385,130
S00157386,97
S00157387,138
S00157388,95
S00157389,59
S00157390,153
S00157391,76
S00157392,81
S00157393,57
S00157394,60
S00157395,60
S00157396,98
S00157397,129
S00157398,126
S00157399,76
S00157400,81
S00157401,137
S00157402,83
S00157403,58
S00157404,110
S00157405,74
S00157406,82
S00157407,58
S00157408,99
S00157409,63
S00157410,87
S00157411,101
S00157412,88
S00157413,99
S00157414,79
S00157415,106
S00157416,79
S00157417,92
S00157418,107
S00157419,93
S00157420,61
S00157421,118
S00157422,72
S00157423,90
S00157424,70
S00157425,100
S00157426,55
S00157427,116
S00157428,108
S00157429,93
S00157430,91
S00157431,149
S00157432,86
S00157433,173
S00157434,129
S00157435,92
S00157436,81
S00157437,75
S00157438,77
S00157439,140
S00157440,94
S00157441,78
S00157442,51
S00157443,101
S00157444,113
S00157445,82
S00157446,107
S00157447,113
S00157448,81
S00157449,145
S00157450,64
S00157451,66
S00157452,150
S00157453,92
S00157454,113
S00157455,113
S00157456,90
S00157457,105
S00157458,78
S00157459,78
S00157460,64
S00157461,122
S00157462,91
S00157463,110
S00157464,97
S00157465,112
S00157466,113
S00157467,128
S00157468,70
S00157469,69
S00157470,123
S00157471,61
S00157472,112
S00157473,62
S00157474,55
S00157475,75
S00157476,148
S00157477,115
S00157478,87
S00157479,92
S00157480,115
S00157481,97
S00157482,72
S00157483,99
S00157484,64
S00157485,50
S00157486,112
S00157487,94
S00157488,95
S00157489,129
S00157490,115
S00157491,70
S00157492,123
S00157493,67
S00157494,76
S00157495,59
S00157496,73
S00157497,193
S00157498,138
S00157499,82
S00157500,56
S00157501,148
S00157502,87
S00157503,107
S00157504,75
S00157505,95
S00157506,76
S00157507,76
S00157508,78
S00157509,85
S00157510,85
S00157511,107
S00157512,68
S00157513,112
S00157514,110
S00157515,67
S00157516,107
S00157517,55
S00157518,108
S00157519,124
S00157520,76
S00157521,83
S00157522,115
S00157523,70
S00157524,71
S00157525,124
S00157526,145
S00157527,60
S00157528,81
S00157529,77
S00157530,84
S00157531,61
S00157532,122
S00157533,143
S00157534,96
S00157535,59
S00157536,60
S00157537,70
S00157538,131
S00157539,104
S00157540,63
S00157541,111
S00157542,74
S00157543,73
S00157544,111
S00157545,53
S00157546,95
S00157547,65
S00157548,150
S00157549,60
S00157550,117
S00157551,143
S00157552,136
S00157553,80
S00157554,58
S00157555,85
S00157556,152
S00157557,74
S00157558,78
S00157559,115
S00157560,101
S00157561,159
S00157562,78
S00157563,79
S00157564,86
S00157565,70
S00157566,67
S00157567,122
S00157568,116
S00157569,91
S00157570,109
S00157571,72
S00157572,66
S00157573,98
S00157574,81
S00157575,51
S00157576,84
S00157577,104
S00157578,53
S00157579,92
S00157580,138
S00157581,108
S00157582,108
S00157583,105
S00157584,75
S00157585,62
S00157586,131
S00157587,122
S00157588,95
S00157589,97
S00157590,53
S00157591,140
S00157592,82
S00157593,74
S00157594,85
S00157595,70
S00157596,87
S00157597,65
S00157598,63
S00157599,116
S00157600,115
S00157601,101
S00157602,58
S00157603,117
S00157604,68
S00157605,132
S00157606,144
S00157607,92
S00157608,118
S00157609,88
S00157610,84
S00157611,70
S00157612,115
S00157613,70
S00157614,92
S00157615,78
S00157616,97
S00157617,85
S00157618,78
S00157619,75
S00157620,76
S00157621,86
S00157622,62
S00157623,140
S00157624,129
S00157625,104
S00157626,76
S00157627,73
S00157628,145
S00157629,69
S00157630,94
S00157631,123
S00157632,96
S00157633,84
S00157634,82
S00157635,61
S00157636,100
S00157637,70
S00157638,84
S00157639,95
S00157640,73
S00157641,118
S00157642,99
S00157643,92
S00157644,87
S00157645,89
S00157646,106
S00157647,70
S00157648,94
S00157649,92
S00157650,76
S00157651,132
S00157652,74
S00157653,91
S00157654,81
S00157655,80
S00157656,93
S00157657,74
S00157658,73
S00157659,74
S00157660,113
S00157661,85
S00157662,57
S00157663,86
S00157664,89
S00157665,75
S00157666,80
S00157667,224
S00157668,89
S00157669,138
S00157670,104
S00157671,87
S00157672,54
S00157673,70
S00157674,78
S00157675,107
S00157676,59
S00157677,72
S00157678,100
S00157679,73
S00157680,672
S00157681,93
S00157682,56
S00157683,115
S00157684,126
S00157685,184
S00157686,251
S00157687,90
S00157688,76
S00157689,58
S00157690,102
S00157691,79
S00157692,189
S00157693,116
S00157694,113
S00157695,108
S00157696,53
S00157697,85
S00157698,106
S00157699,75
S00157700,93
S00157701,52
S00157702,82
S00157703,75
S00157704,82
S00157705,56
S00157706,95
S00157707,103
S00157708,82
S00157709,79
S00157710,108
S00157711,120
S00157712,126
S00157713,107
S00157714,121
S00157715,61
S00157716,161
S00157717,125
S00157718,130
S00157719,68
S00157720,84
S00157721,88
S00157722,72
S00157723,57
S00157724,72
S00157725,101
S00157726,73
S00157727,63
S00157728,136
S00157729,125
S00157730,144
S00157731,125
S00157732,84
S00157733,81
S00157734,137
S00157735,77
S00157736,123
S00157737,136
S00157738,83
S00157739,90
S00157740,81
S00157741,100
S00157742,61
S00157743,102
S00157744,87
S00157745,99
S00157746,56
S00157747,96
S00157748,1306
S00157749,56
S00157750,56
S00157751,88
S00157752,79
S00157753,110
S00157754,122
S00157755,89
S00157756,114
S00157757,116
S00157758,60
S00157759,98
S00157760,75
S00157761,86
S00157762,175
S00157763,118
S00157764,112
S00157765,107
S00157766,84
S00157767,94
S00157768,66
S00157769,56
S00157770,102
S00157771,161
S00157772,135
S00157773,57
S00157774,101
S00157775,65
S00157776,92
S00157777,65
S00157778,106
S00157779,59
S00157780,49
S00157781,133
S00157782,98
S00157783,92
S00157784,108
S00157785,87
S00157786,68
S00157787,102
S00157788,105
S00157789,99
S00157790,71
S00157791,63
S00157792,80
S00157793,86
S00157794,119
S00157795,114
S00157796,82
S00157797,102
S00157798,82
S00157799,104
S00157800,82
S00157801,89
S00157802,103
S00157803,86
S00157804,61
S00157805,100
S00157806,73
S00157807,84
S00157808,85
S00157809,94
S00157810,119
S00157811,79
S00157812,161
S00157813,117
S00157814,76
S00157815,113
S00157816,53
S00157817,69
S00157818,76
S00157819,79
S00157820,89
S00157821,110
S00157822,105
S00157823,94
S00157824,91
S00157825,133
S00157826,92
S00157827,59
S00157828,129
S00157829,93
S00157830,88
S00157831,125
S00157832,88
S00157833,60
S00157834,59
S00157835,75
S00157836,59
S00157837,411
S00157838,89
S00157839,111
S00157840,86
S00157841,113
S00157842,110
S00157843,82
S00157844,115
S00157845,80
S00157846,100
S00157847,117
S00157848,84
S00157849,52
S00157850,85
S00157851,94
S00157852,89
S00157853,68
S00157854,95
S00157855,98
S00157856,117
S00157857,110
S00157858,74
S00157859,122
S00157860,101
S00157861,80
S00157862,110
S00157863,92
S00157864,179
S00157865,91
S00157866,102
S00157867,74
S00157868,98
S00157869,77
S00157870,61
S00157871,96
S00157872,82
S00157873,80
S00157874,65
S00157875,61
S00157876,97
S00157877,59
S00157878,116
S00157879,74
S00157880,107
S00157881,65
S00157882,108
S00157883,82
S00157884,104
S00157885,115
S00157886,96
S00157887,102
S00157888,53
S00157889,92
S00157890,84
S00157891,100
S00157892,85
S00157893,103
S00157894,132
S00157895,111
S00157896,112
S00157897,67
S00157898,104
S00157899,80
S00157900,101
S00157901,86
S00157902,103
S00157903,108
S00157904,59
S00157905,124
S00157906,146
S00157907,82
S00157908,79
S00157909,85
S00157910,63
S00157911,85
S00157912,101
S00157913,73
S00157914,121
S00157915,61
S00157916,133
S00157917,76
S00157918,56
S00157919,81
S00157920,96
S00157921,81
S00157922,86
S00157923,88
S00157924,123
S00157925,133
S00157926,97
S00157927,98
S00157928,148
S00157929,89
S00157930,94
S00157931,96
S00157932,124
S00157933,94
S00157934,110
S00157935,82
S00157936,61
S00157937,111
S00157938,98
S00157939,82
S00157940,83
S00157941,84
S00157942,57
S00157943,104
S00157944,103
S00157945,128
S00157946,90
S00157947,79
S00157948,85
S00157949,99
S00157950,56
S00157951,114
S00157952,97
S00157953,71
S00157954,61
S00157955,76
S00157956,96
S00157957,75
S00157958,101
S00157959,95
S00157960,115
S00157961,73
S00157962,122
S00157963,83
S00157964,101
S00157965,100
S00157966,66
S00157967,97
S00157968,137
S00157969,56
S00157970,76
S00157971,87
S00157972,154
S00157973,66
S00157974,58
S00157975,85
S00157976,89
S00157977,68
S00157978,88
S00157979,62
S00157980,56
S00157981,77
S00157982,107
S00157983,60
S00157984,131
S00157985,106
S00157986,94
S00157987,78
S00157988,58
S00157989,62
S00157990,107
S00157991,88
S00157992,63
S00157993,83
S00157994,87
S00157995,84
S00157996,61
S00157997,64
S00157998,135
S00157999,86
S00158000,106
S00158001,82
S00158002,68
S00158003,104
S00158004,113
S00158005,69
S00158006,112
S00158007,94
S00158008,56
S00158009,75
S00158010,92
S00158011,113
S00158012,62
S00158013,85
S00158014,77
S00158015,87
S00158016,81
S00158017,72
S00158018,125
S00158019,84
S00158020,111
S00158021,78
S00158022,114
S00158023,94
S00158024,52
S00158025,61
S00158026,102
S00158027,52
S00158028,99
S00158029,101
S00158030,63
S00158031,105
S00158032,112
S00158033,75
S00158034,85
S00158035,79
S00158036,90
S00158037,81
S00158038,71
S00158039,83
S00158040,87
S00158041,106
S00158042,81
S00158043,60
S00158044,112
S00158045,96
S00158046,84
S00158047,68
S00158048,88
S00158049,111
S00158050,93
S00158051,111
S00158052,61
S00158053,99
S00158054,91
S00158055,113
S00158056,78
S00158057,128
S00158058,67
S00158059,81
S00158060,121
S00158061,70
S00158062,137
S00158063,60
S00158064,90
S00158065,119
S00158066,70
S00158067,56
S00158068,93
S00158069,118
S00158070,119
S00158071,93
S00158072,116
S00158073,61
S00158074,84
S00158075,111
S00158076,52
S00158077,158
S00158078,84
S00158079,64
S00158080,117
S00158081,110
S00158082,117
S00158083,88
S00158084,62
S00158085,109
S00158086,74
S00158087,94
S00158088,57
S00158089,110
S00158090,58
S00158091,53
S00158092,84
S00158093,82
S00158094,129
S00158095,73
S00158096,105
S00158097,103
S00158098,59
S00158099,187
S00158100,125
S00158101,86
S00158102,135
S00158103,69
S00158104,81
S00158105,81
S00158106,83
S00158107,81
S00158108,69
S00158109,65
S00158110,71
S00158111,117
S00158112,78
S00158113,122
S00158114,91
S00158115,60
S00158116,73
S00158117,135
S00158118,112
S00158119,93
S00158120,114
S00158121,62
S00158122,74
S00158123,112
S00158124,61
S00158125,65
S00158126,120
S00158127,72
S00158128,65
S00158129,63
S00158130,66
S00158131,73
S00158132,99
S00158133,69
S00158134,105
S00158135,79
S00158136,70
S00158137,82
S00158138,80
S00158139,89
S00158140,86
S00158141,124
S00158142,60
S00158143,121
S00158144,70
S00158145,88
S00158146,82
S00158147,91
S00158148,150
S00158149,74
S00158150,80
S00158151,80
S00158152,110
S00158153,65
S00158154,77
S00158155,94
S00158156,59
S00158157,130
S00158158,90
S00158159,62
S00158160,143
S00158161,70
S00158162,90
S00158163,91
S00158164,110
S00158165,61
S00158166,54
S00158167,105
S00158168,99
S00158169,118
S00158170,102
S00158171,70
S00158172,75
S00158173,82
S00158174,132
S00158175,73
S00158176,84
S00158177,107
S00158178,71
S00158179,81
S00158180,153
S00158181,78
S00158182,60
S00158183,164
S00158184,96
S00158185,106
S00158186,111
S00158187,65
S00158188,112
S00158189,112
S00158190,84
S00158191,129
S00158192,74
S00158193,109
S00158194,107
S00158195,128
S00158196,128
S00158197,68
S00158198,132
S00158199,95
S00158200,168
S00158201,100
S00158202,97
S00158203,87
S00158204,78
S00158205,112
S00158206,75
S00158207,91
S00158208,63
S00158209,115
S00158210,144
S00158211,156
S00158212,129
S00158213,118
S00158214,145
S00158215,59
S00158216,142
S00158217,81
S00158218,118
S00158219,118
S00158220,75
S00158221,105
S00158222,84
S00158223,125
S00158224,102
S00158225,100
S00158226,91
S00158227,209
S00158228,52
S00158229,96
S00158230,124
S00158231,82
S00158232,67
S00158233,88
S00158234,55
S00158235,78
S00158236,103
S00158237,141
S00158238,99
S00158239,103
S00158240,72
S00158241,125
S00158242,105
S00158243,70
S00158244,90
S00158245,69
S00158246,77
S00158247,130
S00158248,114
S00158249,85
S00158250,61
S00158251,105
S00158252,93
S00158253,80
S00158254,84
S00158255,72
S00158256,150
S00158257,97
S00158258,57
S00158259,59
S00158260,96
S00158261,145
S00158262,62
S00158263,72
S00158264,100
S00158265,65
S00158266,58
S00158267,110
S00158268,91
S00158269,93
S00158270,93
S00158271,100
S00158272,65
S00158273,93
S00158274,136
S00158275,109
S00158276,113
S00158277,105
S00158278,61
S00158279,144
S00158280,98
S00158281,128
S00158282,69
S00158283,106
S00158284,53
S00158285,103
S00158286,83
S00158287,57
S00158288,92
S00158289,71
S00158290,80
S00158291,143
S00158292,77
S00158293,62
S00158294,81
S00158295,94
S00158296,85
S00158297,96
S00158298,95
S00158299,158
S00158300,76
S00158301,94
S00158302,64
S00158303,68
S00158304,150
S00158305,108
S00158306,176
S00158307,120
S00158308,89
S00158309,86
S00158310,67
S00158311,133
S00158312,84
S00158313,149
S00158314,67
S00158315,95
S00158316,85
S00158317,80
S00158318,58
S00158319,78
S00158320,90
S00158321,135
S00158322,122
S00158323,99
S00158324,93
S00158325,118
S00158326,86
S00158327,76
S00158328,142
S00158329,171
S00158330,109
S00158331,157
S00158332,69
S00158333,74
S00158334,125
S00158335,183
S00158336,132
S00158337,79
S00158338,117
S00158339,152
S00158340,82
S00158341,187
S00158342,76
S00158343,136
S00158344,117
S00158345,64
S00158346,93
S00158347,75
S00158348,114
S00158349,138
S00158350,71
S00158351,82
S00158352,78
S00158353,128
S00158354,94
S00158355,68
S00158356,121
S00158357,80
S00158358,101
S00158359,84
S00158360,115
S00158361,108
S00158362,97
S00158363,118
S00158364,54
S00158365,79
S00158366,113
S00158367,84
S00158368,116
S00158369,117
S00158370,64
S00158371,105
S00158372,75
S00158373,67
S00158374,175
S00158375,102
S00158376,65
S00158377,54
S00158378,77
S00158379,183
S00158380,87
S00158381,117
S00158382,79
S00158383,134
S00158384,105
S00158385,117
S00158386,120
S00158387,113
S00158388,93
S00158389,143
S00158390,112
S00158391,83
S00158392,87
S00158393,74
S00158394,100
S00158395,137
S00158396,72
S00158397,60
S00158398,103
S00158399,55
S00158400,182
S00158401,111
S00158402,75
S00158403,80
S00158404,115
S00158405,79
S00158406,88
S00158407,96
S00158408,81
S00158409,120
S00158410,112
S00158411,59
S00158412,85
S00158413,110
S00158414,122
S00158415,112
S00158416,74
S00158417,78
S00158418,82
S00158419,60
S00158420,78
S00158421,176
S00158422,106
S00158423,80
S00158424,188
S00158425,60
S00158426,75
S00158427,73
S00158428,138
S00158429,140
S00158430,62
S00158431,75
S00158432,101
S00158433,67
S00158434,126
S00158435,110
S00158436,79
S00158437,78
S00158438,152
S00158439,91
S00158440,106
S00158441,118
S00158442,120
S00158443,87
S00158444,83
S00158445,99
S00158446,79
S00158447,58
S00158448,65
S00158449,90
S00158450,99
S00158451,113
S00158452,116
S00158453,98
S00158454,138
S00158455,93
S00158456,116
S00158457,71
S00158458,76
S00158459,102
S00158460,85
S00158461,123
S00158462,79
S00158463,79
S00158464,105
S00158465,75
S00158466,82
S00158467,96
S00158468,119
S00158469,109
S00158470,124
S00158471,108
S00158472,94
S00158473,65
S00158474,71
S00158475,98
S00158476,59
S00158477,109
S00158478,59
S00158479,122
S00158480,123
S00158481,74
S00158482,107
S00158483,75
S00158484,119
S00158485,87
S00158486,141
S00158487,66
S00158488,111
S00158489,115
S00158490,71
S00158491,98
S00158492,150
S00158493,119
S00158494,120
S00158495,63
S00158496,81
S00158497,62
S00158498,130
S00158499,119
S00158500,70
S00158501,90
S00158502,92
S00158503,88
S00158504,65
S00158505,101
S00158506,60
S00158507,64
S00158508,92
S00158509,70
S00158510,140
S00158511,108
S00158512,87
S00158513,59
S00158514,57
S00158515,241
S00158516,75
S00158517,89
S00158518,112
S00158519,64
S00158520,97
S00158521,120
S00158522,103
S00158523,66
S00158524,96
S00158525,85
S00158526,128
S00158527,109
S00158528,78
S00158529,75
S00158530,90
S00158531,154
S00158532,70
S00158533,81
S00158534,95
S00158535,90
S00158536,79
S00158537,81
S00158538,84
S00158539,169
S00158540,97
S00158541,87
S00158542,100
S00158543,67
S00158544,92
S00158545,116
S00158546,61
S00158547,76
S00158548,77
S00158549,90
S00158550,61
S00158551,60
S00158552,48
S00158553,111
S00158554,75
S00158555,78
S00158556,163
S00158557,86
S00158558,79
S00158559,90
S00158560,82
S00158561,88
S00158562,80
S00158563,99
S00158564,74
S00158565,422
S00158566,87
S00158567,104
S00158568,78
S00158569,911
S00158570,105
S00158571,293
S00158572,96
S00158573,82
S00158574,78
S00158575,204
S00158576,111
S00158577,61
S00158578,70
S00158579,103
S00158580,113
S00158581,94
S00158582,64
S00158583,115
S00158584,107
S00158585,90
S00158586,57
S00158587,90
S00158588,84
S00158589,124
S00158590,104
S00158591,68
S00158592,87
S00158593,74
S00158594,156
S00158595,88
S00158596,86
S00158597,114
S00158598,60
S00158599,103
S00158600,125
S00158601,135
S00158602,129
S00158603,113
S00158604,95
S00158605,70
S00158606,76
S00158607,537
S00158608,95
S00158609,87
S00158610,84
S00158611,96
S00158612,264
S00158613,79
S00158614,65
S00158615,105
S00158616,75
S00158617,88
S00158618,75
S00158619,95
S00158620,83
S00158621,74
S00158622,85
S00158623,125
S00158624,54
S00158625,121
S00158626,89
S00158627,144
S00158628,115
S00158629,83
S00158630,82
S00158631,49
S00158632,110
S00158633,78
S00158634,1302
S00158635,72
S00158636,188
S00158637,87
S00158638,108
S00158639,123
S00158640,66
S00158641,67
S00158642,113
S00158643,56
S00158644,106
S00158645,95
S00158646,75
S00158647,79
S00158648,115
S00158649,121
S00158650,103
S00158651,131
S00158652,76
S00158653,119
S00158654,81
S00158655,124
S00158656,1026
S00158657,59
S00158658,75
S00158659,107
S00158660,184
S00158661,109
S00158662,96
S00158663,110
S00158664,92
S00158665,84
S00158666,120
S00158667,142
S00158668,86
S00158669,106
S00158670,95
S00158671,96
S00158672,116
S00158673,69
S00158674,892
S00158675,111
S00158676,71
S00158677,75
S00158678,96
S00158679,65
S00158680,107
S00158681,273
S00158682,85
S00158683,64
S00158684,76
S00158685,892
S00158686,65
S00158687,74
S00158688,90
S00158689,118
S00158690,128
S00158691,125
S00158692,2704
S00158693,96
S00158694,73
S00158695,94
S00158696,90
S00158697,92
S00158698,103
S00158699,135
S00158700,81
S00158701,111
S00158702,106
S00158703,48
S00158704,98
S00158705,123
S00158706,59
S00158707,118
S00158708,134
S00158709,121
S00158710,65
S00158711,70
S00158712,60
S00158713,121
S00158714,66
S00158715,98
S00158716,118
S00158717,120
S00158718,124
S00158719,136
S00158720,111
S00158721,82
S00158722,72
S00158723,58
S00158724,81
S00158725,74
S00158726,108
S00158727,94
S00158728,81
S00158729,65
S00158730,90
S00158731,66
S00158732,92
S00158733,63
S00158734,79
S00158735,90
S00158736,86
S00158737,142
S00158738,50
S00158739,78
S00158740,123
S00158741,128
S00158742,76
S00158743,86
S00158744,84
S00158745,97
S00158746,59
S00158747,110
S00158748,86
S00158749,81
S00158750,116
S00158751,101
S00158752,43
S00158753,73
S00158754,102
S00158755,106
S00158756,108
S00158757,52
S00158758,75
S00158759,115
S00158760,75
S00158761,106
S00158762,185
S00158763,61
S00158764,91
S00158765,93
S00158766,110
S00158767,97
S00158768,103
S00158769,146
S00158770,78
S00158771,63
S00158772,77
S00158773,76
S00158774,71
S00158775,130
S00158776,69
S00158777,100
S00158778,86
S00158779,68
S00158780,79
S00158781,86
S00158782,157
S00158783,118
S00158784,124
S00158785,511
S00158786,85
S00158787,79
S00158788,462
S00158789,58
S00158790,72
S00158791,111
S00158792,176
S00158793,114
S00158794,64
S00158795,71
S00158796,82
S00158797,82
S00158798,67
S00158799,84
S00158800,66
S00158801,96
S00158802,116
S00158803,102
S00158804,185
S00158805,77
S00158806,100
S00158807,75
S00158808,121
S00158809,137
S00158810,101
S00158811,113
S00158812,77
S00158813,129
S00158814,134
S00158815,97
S00158816,57
S00158817,114
S00158818,80
S00158819,72
S00158820,112
S00158821,99
S00158822,114
S00158823,544
S00158824,127
S00158825,78
S00158826,219
S00158827,83
S00158828,124
S00158829,86
S00158830,66
S00158831,78
S00158832,95
S00158833,104
S00158834,75
S00158835,82
S00158836,101
S00158837,81
S00158838,105
S00158839,158
S00158840,140
S00158841,62
S00158842,106
S00158843,105
S00158844,224
S00158845,86
S00158846,71
S00158847,111
S00158848,79
S00158849,69
S00158850,69
S00158851,69
S00158852,100
S00158853,106
S00158854,96
S00158855,63
S00158856,85
S00158857,125
S00158858,220
S00158859,70
S00158860,58
S00158861,88
S00158862,75
S00158863,147
S00158864,347
S00158865,93
S00158866,137
S00158867,100
S00158868,79
S00158869,100
S00158870,111
S00158871,101
S00158872,106
S00158873,104
S00158874,82
S00158875,89
S00158876,80
S00158877,110
S00158878,118
S00158879,95
S00158880,114
S00158881,83
S00158882,139
S00158883,73
S00158884,102
S00158885,136
S00158886,60
S00158887,115
S00158888,89
S00158889,59
S00158890,83
S00158891,78
S00158892,210
S00158893,108
S00158894,79
S00158895,87
S00158896,112
S00158897,77
S00158898,85
S00158899,161
S00158900,70
S00158901,52
S00158902,88
S00158903,113
S00158904,120
S00158905,125
S00158906,203
S00158907,80
S00158908,55
S00158909,93
S00158910,68
S00158911,112
S00158912,41
S00158913,105
S00158914,130
S00158915,75
S00158916,87
S00158917,70
S00158918,68
S00158919,100
S00158920,88
S00158921,122
S00158922,146
S00158923,133
S00158924,82
S00158925,50
S00158926,94
S00158927,66
S00158928,84
S00158929,79
S00158930,111
S00158931,73
S00158932,688
S00158933,106
S00158934,65
S00158935,99
S00158936,84
S00158937,94
S00158938,99
S00158939,78
S00158940,106
S00158941,76
S00158942,132
S00158943,80
S00158944,111
S00158945,335
S00158946,64
S00158947,84
S00158948,108
S00158949,80
S00158950,71
S00158951,82
S00158952,129
S00158953,74
S00158954,59
S00158955,298
S00158956,180
S00158957,101
S00158958,87
S00158959,110
S00158960,83
S00158961,68
S00158962,71
S00158963,102
S00158964,91
S00158965,89
S00158966,87
S00158967,75
S00158968,87
S00158969,101
S00158970,110
S00158971,96
S00158972,106
S00158973,137
S00158974,125
S00158975,121
S00158976,67
S00158977,71
S00158978,115
S00158979,135
S00158980,91
S00158981,56
S00158982,63
S00158983,77
S00158984,75
S00158985,170
S00158986,135
S00158987,92
S00158988,76
S00158989,1307
S00158990,58
S00158991,61
S00158992,123
S00158993,952
S00158994,94
S00158995,68
S00158996,57
S00158997,69
S00158998,179
S00158999,60
S00159000,69
S00159001,88
S00159002,72
S00159003,92
S00159004,104
S00159005,97
S00159006,121
S00159007,70
S00159008,72
S00159009,82
S00159010,81
S00159011,94
S00159012,86
S00159013,62
S00159014,81
S00159015,81
S00159016,93
S00159017,93
S00159018,518
S00159019,84
S00159020,80
S00159021,55
S00159022,117
S00159023,85
S00159024,81
S00159025,67
S00159026,111
S00159027,62
S00159028,72
S00159029,75
S00159030,111
S00159031,64
S00159032,45
S00159033,74
S00159034,58
S00159035,106
S00159036,110
S00159037,56
S00159038,123
S00159039,83
S00159040,120
S00159041,64
S00159042,98
S00159043,78
S00159044,72
S00159045,81
S00159046,83
S00159047,78
S00159048,67
S00159049,61
S00159050,132
S00159051,100
S00159052,126
S00159053,136
S00159054,108
S00159055,96
S00159056,51
S00159057,75
S00159058,87
S00159059,140
S00159060,81
S00159061,97
S00159062,65
S00159063,85
S00159064,70
S00159065,54
S00159066,79
S00159067,71
S00159068,101
S00159069,137
S00159070,65
S00159071,53
S00159072,62
S00159073,88
S00159074,58
S00159075,65
S00159076,88
S00159077,117
S00159078,126
S00159079,127
S00159080,111
S00159081,109
S00159082,66
S00159083,83
S00159084,76
S00159085,140
S00159086,99
S00159087,108
S00159088,135
S00159089,96
S00159090,67
S00159091,103
S00159092,71
S00159093,115
S00159094,87
S00159095,133
S00159096,75
S00159097,103
S00159098,91
S00159099,185
S00159100,169
S00159101,84
S00159102,93
S00159103,146
S00159104,146
S00159105,92
S00159106,86
S00159107,84
S00159108,72
S00159109,38
S00159110,62
S00159111,122
S00159112,135
S00159113,158
S00159114,105
S00159115,78
S00159116,62
S00159117,61
S00159118,79
S00159119,84
S00159120,58
S00159121,80
S00159122,88
S00159123,68
S00159124,110
S00159125,100
S00159126,141
S00159127,114
S00159128,84
S00159129,73
S00159130,74
S00159131,117
S00159132,67
S00159133,95
S00159134,89
S00159135,98
S00159136,96
S00159137,138
S00159138,122
S00159139,135
S00159140,61
S00159141,100
S00159142,78
S00159143,83
S00159144,636
S00159145,68
S00159146,68
S00159147,108
S00159148,97
S00159149,89
S00159150,70
S00159151,98
S00159152,77
S00159153,85
S00159154,67
S00159155,93
S00159156,107
S00159157,67
S00159158,91
S00159159,76
S00159160,60
S00159161,141
S00159162,89
S00159163,72
S00159164,70
S00159165,57
S00159166,105
S00159167,54
S00159168,108
S00159169,100
S00159170,110
S00159171,130
S00159172,72
S00159173,160
S00159174,77
S00159175,75
S00159176,134
S00159177,77
S00159178,103
S00159179,126
S00159180,71
S00159181,127
S00159182,88
S00159183,90
S00159184,89
S00159185,116
S00159186,72
S00159187,104
S00159188,79
S00159189,123
S00159190,116
S00159191,79
S00159192,94
S00159193,109
S00159194,78
S00159195,139
S00159196,160
S00159197,74
S00159198,114
S00159199,60
S00159200,134
S00159201,98
S00159202,100
S00159203,87
S00159204,101
S00159205,130
S00159206,92
S00159207,62
S00159208,90
S00159209,63
S00159210,111
S00159211,78
S00159212,95
S00159213,87
S00159214,97
S00159215,90
S00159216,62
S00159217,63
S00159218,86
S00159219,94
S00159220,125
S00159221,76
S00159222,70
S00159223,70
S00159224,125
S00159225,59
S00159226,90
S00159227,72
S00159228,59
S00159229,82
S00159230,96
S00159231,67
S00159232,104
S00159233,140
S00159234,64
S00159235,102
S00159236,96
S00159237,94
S00159238,79
S00159239,120
S00159240,77
S00159241,66
S00159242,77
S00159243,112
S00159244,87
S00159245,73
S00159246,50
S00159247,89
S00159248,100
S00159249,102
S00159250,114
S00159251,94
S00159252,81
S00159253,79
S00159254,64
S00159255,90
S00159256,94
S00159257,129
S00159258,84
S00159259,91
S00159260,121
S00159261,79
S00159262,65
S00159263,70
S00159264,91
S00159265,128
S00159266,79
S00159267,121
S00159268,117
S00159269,80
S00159270,95
S00159271,82
S00159272,103
S00159273,76
S00159274,56
S00159275,113
S00159276,91
S00159277,92
S00159278,92
S00159279,65
S00159280,76
S00159281,90
S00159282,98
S00159283,77
S00159284,82
S00159285,110
S00159286,85
S00159287,57
S00159288,81
S00159289,98
S00159290,83
S00159291,94
S00159292,130
S00159293,122
S00159294,91
S00159295,100
S00159296,104
S00159297,63
S00159298,119
S00159299,104
S00159300,114
S00159301,97
S00159302,73
S00159303,66
S00159304,110
S00159305,100
S00159306,119
S00159307,73
S00159308,68
S00159309,106
S00159310,97
S00159311,142
S00159312,71
S00159313,77
S00159314,63
S00159315,180
S00159316,80
S00159317,92
S00159318,83
S00159319,76
S00159320,79
S00159321,79
S00159322,76
S00159323,104
S00159324,63
S00159325,71
S00159326,151
S00159327,63
S00159328,102
S00159329,99
S00159330,122
S00159331,67
S00159332,93
S00159333,79
S00159334,63
S00159335,78
S00159336,102
S00159337,76
S00159338,78
S00159339,152
S00159340,102
S00159341,97
S00159342,128
S00159343,81
S00159344,1429
S00159345,62
S00159346,64
S00159347,253
S00159348,97
S00159349,52
S00159350,74
S00159351,83
S00159352,73
S00159353,131
S00159354,105
S00159355,73
S00159356,124
S00159357,62
S00159358,61
S00159359,103
S00159360,118
S00159361,123
S00159362,96
S00159363,77
S00159364,102
S00159365,81
S00159366,139
S00159367,82
S00159368,78
S00159369,88
S00159370,85
S00159371,86
S00159372,100
S00159373,66
S00159374,73
S00159375,106
S00159376,93
S00159377,102
S00159378,75
S00159379,131
S00159380,94
S00159381,131
S00159382,57
S00159383,77
S00159384,66
S00159385,97
S00159386,67
S00159387,137
S00159388,56
S00159389,107
S00159390,76
S00159391,86
S00159392,104
S00159393,70
S00159394,64
S00159395,64
S00159396,83
S00159397,91
S00159398,62
S00159399,84
S00159400,73
S00159401,109
S00159402,69
S00159403,122
S00159404,67
S00159405,72
S00159406,107
S00159407,127
S00159408,105
S00159409,107
S00159410,110
S00159411,97
S00159412,137
S00159413,59
S00159414,83
S00159415,125
S00159416,80
S00159417,94
S00159418,88
S00159419,84
S00159420,58
S00159421,78
S00159422,54
S00159423,70
S00159424,58
S00159425,69
S00159426,89
S00159427,119
S00159428,63
S00159429,112
S00159430,150
S00159431,101
S00159432,70
S00159433,115
S00159434,841
S00159435,100
S00159436,76
S00159437,80
S00159438,68
S00159439,91
S00159440,70
S00159441,96
S00159442,108
S00159443,89
S00159444,83
S00159445,49
S00159446,59
S00159447,147
S00159448,68
S00159449,503
S00159450,91
S00159451,75
S00159452,68
S00159453,134
S00159454,110
S00159455,71
S00159456,63
S00159457,180
S00159458,95
S00159459,96
S00159460,78
S00159461,74
S00159462,69
S00159463,168
S00159464,105
S00159465,106
S00159466,72
S00159467,86
S00159468,152
S00159469,65
S00159470,93
S00159471,83
S00159472,81
S00159473,70
S00159474,109
S00159475,62
S00159476,78
S00159477,122
S00159478,76
S00159479,115
S00159480,64
S00159481,122
S00159482,95
S00159483,136
S00159484,138
S00159485,75
S00159486,61
S00159487,102
S00159488,82
S00159489,79
S00159490,60
S00159491,58
S00159492,99
S00159493,125
S00159494,63
S00159495,53
S00159496,64
S00159497,78
S00159498,63
S00159499,146
S00159500,87
S00159501,111
S00159502,91
S00159503,174
S00159504,97
S00159505,153
S00159506,67
S00159507,86
S00159508,59
S00159509,55
S00159510,77
S00159511,116
S00159512,86
S00159513,107
S00159514,60
S00159515,99
S00159516,71
S00159517,67
S00159518,80
S00159519,100
S00159520,81
S00159521,84
S00159522,102
S00159523,117
S00159524,118
S00159525,89
S00159526,81
S00159527,133
S00159528,110
S00159529,73
S00159530,80
S00159531,77
S00159532,62
S00159533,59
S00159534,98
S00159535,74
S00159536,111
S00159537,71
S00159538,110
S00159539,111
S00159540,85
S00159541,76
S00159542,98
S00159543,93
S00159544,86
S00159545,56
S00159546,63
S00159547,157
S00159548,77
S00159549,70
S00159550,95
S00159551,73
S00159552,73
S00159553,142
S00159554,99
S00159555,79
S00159556,94
S00159557,100
S00159558,66
S00159559,117
S00159560,90
S00159561,97
S00159562,89
S00159563,78
S00159564,84
S00159565,84
S00159566,92
S00159567,89
S00159568,119
S00159569,102
S00159570,71
S00159571,64
S00159572,70
S00159573,61
S00159574,102
S00159575,80
S00159576,84
S00159577,119
S00159578,72
S00159579,63
S00159580,99
S00159581,107
S00159582,81
S00159583,70
S00159584,79
S00159585,57
S00159586,83
S00159587,56
S00159588,56
S00159589,96
S00159590,117
S00159591,96
S00159592,74
S00159593,65
S00159594,114
S00159595,132
S00159596,207
S00159597,94
S00159598,132
S00159599,105
S00159600,150
S00159601,86
S00159602,256
S00159603,236
S00159604,78
S00159605,136
S00159606,82
S00159607,90
S00159608,76
S00159609,112
S00159610,76
S00159611,86
S00159612,147
S00159613,80
S00159614,69
S00159615,108
S00159616,154
S00159617,147
S00159618,82
S00159619,57
S00159620,114
S00159621,89
S00159622,74
S00159623,67
S00159624,80
S00159625,65
S00159626,116
S00159627,78
S00159628,99
S00159629,151
S00159630,75
S00159631,99
S00159632,99
S00159633,102
S00159634,136
S00159635,87
S00159636,67
S00159637,80
S00159638,129
S00159639,105
S00159640,132
S00159641,60
S00159642,99
S00159643,111
S00159644,61
S00159645,135
S00159646,78
S00159647,128
S00159648,118
S00159649,84
S00159650,64
S00159651,151
S00159652,86
S00159653,165
S00159654,137
S00159655,149
S00159656,116
S00159657,88
S00159658,80
S00159659,107
S00159660,78
S00159661,63
S00159662,118
S00159663,96
S00159664,92
S00159665,94
S00159666,131
S00159667,58
S00159668,107
S00159669,112
S00159670,77
S00159671,69
S00159672,64
S00159673,57
S00159674,127
S00159675,106
S00159676,76
S00159677,99
S00159678,72
S00159679,103
S00159680,112
S00159681,100
S00159682,81
S00159683,106
S00159684,112
S00159685,85
S00159686,108
S00159687,68
S00159688,96
S00159689,114
S00159690,63
S00159691,71
S00159692,72
S00159693,115
S00159694,82
S00159695,95
S00159696,123
S00159697,68
S00159698,103
S00159699,127
S00159700,139
S00159701,130
S00159702,75
S00159703,121
S00159704,40
S00159705,91
S00159706,75
S00159707,124
S00159708,111
S00159709,79
S00159710,104
S00159711,102
S00159712,124
S00159713,290
S00159714,103
S00159715,146
S00159716,80
S00159717,96
S00159718,136
S00159719,70
S00159720,121
S00159721,129
S00159722,83
S00159723,89
S00159724,96
S00159725,57
S00159726,109
S00159727,109
S00159728,89
S00159729,159
S00159730,87
S00159731,95
S00159732,83
S00159733,90
S00159734,111
S00159735,70
S00159736,65
S00159737,89
S00159738,147
S00159739,90
S00159740,67
S00159741,134
S00159742,60
S00159743,76
S00159744,80
S00159745,54
S00159746,96
S00159747,116
S00159748,63
S00159749,112
S00159750,112
S00159751,100
S00159752,132
S00159753,104
S00159754,113
S00159755,103
S00159756,67
S00159757,93
S00159758,114
S00159759,88
S00159760,115
S00159761,65
S00159762,83
S00159763,58
S00159764,81
S00159765,90
S00159766,75
S00159767,85
S00159768,110
S00159769,91
S00159770,78
S00159771,75
S00159772,118
S00159773,136
S00159774,161
S00159775,57
S00159776,79
S00159777,113
S00159778,85
S00159779,80
S00159780,106
S00159781,88
S00159782,81
S00159783,50
S00159784,105
S00159785,89
S00159786,169
S00159787,109
S00159788,70
S00159789,83
S00159790,52
S00159791,104
S00159792,75
S00159793,120
S00159794,133
S00159795,78
S00159796,81
S00159797,74
S00159798,60
S00159799,74
S00159800,50
S00159801,113
S00159802,90
S00159803,65
S00159804,98
S00159805,78
S00159806,126
S00159807,86
S00159808,143
S00159809,129
S00159810,101
S00159811,75
S00159812,67
S00159813,84
S00159814,55
S00159815,66
S00159816,90
S00159817,58
S00159818,96
S00159819,111
S00159820,85
S00159821,74
S00159822,145
S00159823,94
S00159824,60
S00159825,108
S00159826,145
S00159827,92
S00159828,110
S00159829,65
S00159830,80
S00159831,75
S00159832,138
S00159833,68
S00159834,96
S00159835,127
S00159836,115
S00159837,60
S00159838,101
S00159839,80
S00159840,158
S00159841,92
S00159842,75
S00159843,108
S00159844,94
S00159845,72
S00159846,64
S00159847,132
S00159848,64
S00159849,88
S00159850,74
S00159851,56
S00159852,167
S00159853,60
S00159854,93
S00159855,80
S00159856,116
S00159857,57
S00159858,78
S00159859,100
S00159860,74
S00159861,64
S00159862,74
S00159863,73
S00159864,131
S00159865,73
S00159866,82
S00159867,92
S00159868,70
S00159869,65
S00159870,81
S00159871,89
S00159872,140
S00159873,134
S00159874,65
S00159875,94
S00159876,74
S00159877,60
S00159878,79
S00159879,67
S00159880,69
S00159881,114
S00159882,116
S00159883,96
S00159884,83
S00159885,105
S00159886,91
S00159887,107
S00159888,52
S00159889,77
S00159890,118
S00159891,75
S00159892,56
S00159893,93
S00159894,93
S00159895,83
S00159896,92
S00159897,156
S00159898,53
S00159899,98
S00159900,77
S00159901,112
S00159902,86
S00159903,82
S00159904,59
S00159905,76
S00159906,143
S00159907,65
S00159908,72
S00159909,102
S00159910,57
S00159911,99
S00159912,94
S00159913,113
S00159914,125
S00159915,92
S00159916,68
S00159917,142
S00159918,96
S00159919,105
S00159920,54
S00159921,107
S00159922,109
S00159923,57
S00159924,74
S00159925,65
S00159926,60
S00159927,76
S00159928,50
S00159929,164
S00159930,103
S00159931,134
S00159932,95
S00159933,89
S00159934,147
S00159935,113
S00159936,80
S00159937,70
S00159938,99
S00159939,119
S00159940,55
S00159941,87
S00159942,85
S00159943,57
S00159944,97
S00159945,147
S00159946,63
S00159947,74
S00159948,76
S00159949,107
S00159950,112
S00159951,96
S00159952,81
S00159953,96
S00159954,91
S00159955,100
S00159956,65
S00159957,108
S00159958,153
S00159959,100
S00159960,82
S00159961,105
S00159962,79
S00159963,73
S00159964,92
S00159965,82
S00159966,141
S00159967,86
S00159968,109
S00159969,159
S00159970,60
S00159971,62
S00159972,92
S00159973,91
S00159974,95
S00159975,87
S00159976,154
S00159977,88
S00159978,98
S00159979,80
S00159980,111
S00159981,91
S00159982,116
S00159983,115
S00159984,88
S00159985,77
S00159986,83
S00159987,68
S00159988,64
S00159989,85
S00159990,87
S00159991,89
S00159992,78
S00159993,93
S00159994,74
S00159995,81
S00159996,111
S00159997,108
S00159998,67
S00159999,65
S00160000,107
S00160001,75
S00160002,77
S00160003,74
S00160004,104
S00160005,87
S00160006,91
S00160007,75
S00160008,79
S00160009,87
S00160010,99
S00160011,138
S00160012,98
S00160013,76
S00160014,62
S00160015,79
S00160016,80
S00160017,114
S00160018,103
S00160019,59
S00160020,67
S00160021,98
S00160022,92
S00160023,121
S00160024,95
S00160025,87
S00160026,96
S00160027,80
S00160028,77
S00160029,81
S00160030,160
S00160031,89
S00160032,81
S00160033,89
S00160034,93
S00160035,159
S00160036,100
S00160037,109
S00160038,68
S00160039,104
S00160040,164
S00160041,117
S00160042,111
S00160043,126
S00160044,90
S00160045,90
S00160046,82
S00160047,61
S00160048,113
S00160049,122
S00160050,82
S00160051,106
S00160052,67
S00160053,151
S00160054,56
S00160055,98
S00160056,152
S00160057,104
S00160058,45
S00160059,101
S00160060,69
S00160061,84
S00160062,61
S00160063,107
S00160064,75
S00160065,137
S00160066,64
S00160067,70
S00160068,109
S00160069,81
S00160070,113
S00160071,120
S00160072,122
S00160073,63
S00160074,93
S00160075,78
S00160076,129
S00160077,84
S00160078,80
S00160079,120
S00160080,74
S00160081,106
S00160082,113
S00160083,73
S00160084,75
S00160085,70
S00160086,108
S00160087,150
S00160088,60
S00160089,69
S00160090,74
S00160091,89
S00160092,96
S00160093,86
S00160094,99
S00160095,68
S00160096,89
S00160097,97
S00160098,113
S00160099,69
S00160100,94
S00160101,60
S00160102,77
S00160103,115
S00160104,90
S00160105,108
S00160106,69
S00160107,102
S00160108,110
S00160109,73
S00160110,114
S00160111,70
S00160112,61
S00160113,110
S00160114,80
S00160115,137
S00160116,72
S00160117,70
S00160118,91
S00160119,144
S00160120,67
S00160121,68
S00160122,68
S00160123,94
S00160124,120
S00160125,100
S00160126,146
S00160127,92
S00160128,82
S00160129,91
S00160130,100
S00160131,59
S00160132,107
S00160133,111
S00160134,153
S00160135,101
S00160136,100
S00160137,110
S00160138,94
S00160139,112
S00160140,63
S00160141,93
S00160142,99
S00160143,104
S00160144,68
S00160145,121
S00160146,101
S00160147,63
S00160148,74
S00160149,55
S00160150,148
S00160151,79
S00160152,117
S00160153,103
S00160154,149
S00160155,94
S00160156,114
S00160157,90
S00160158,88
S00160159,129
S00160160,76
S00160161,143
S00160162,119
S00160163,130
S00160164,65
S00160165,123
S00160166,101
S00160167,82
S00160168,116
S00160169,63
S00160170,95
S00160171,85
S00160172,71
S00160173,62
S00160174,59
S00160175,83
S00160176,68
S00160177,66
S00160178,115
S00160179,89
S00160180,126
S00160181,75
S00160182,99
S00160183,112
S00160184,78
S00160185,97
S00160186,60
S00160187,65
S00160188,108
S00160189,83
S00160190,112
S00160191,71
S00160192,109
S00160193,174
S00160194,97
S00160195,186
S00160196,77
S00160197,109
S00160198,85
S00160199,69
S00160200,115
S00160201,98
S00160202,109
S00160203,79
S00160204,65
S00160205,102
S00160206,106
S00160207,68
S00160208,91
S00160209,78
S00160210,84
S00160211,111
S00160212,74
S00160213,88
S00160214,68
S00160215,134
S00160216,100
S00160217,99
S00160218,116
S00160219,104
S00160220,75
S00160221,106
S00160222,103
S00160223,146
S00160224,101
S00160225,81
S00160226,59
S00160227,56
S00160228,84
S00160229,86
S00160230,98
S00160231,104
S00160232,118
S00160233,52
S00160234,90
S00160235,78
S00160236,85
S00160237,84
S00160238,55
S00160239,127
S00160240,133
S00160241,62
S00160242,105
S00160243,77
S00160244,114
S00160245,87
S00160246,94
S00160247,106
S00160248,73
S00160249,116
S00160250,55
S00160251,77
S00160252,100
S00160253,112
S00160254,124
S00160255,84
S00160256,85
S00160257,62
S00160258,131
S00160259,60
S00160260,87
S00160261,62
S00160262,68
S00160263,68
S00160264,65
S00160265,92
S00160266,185
S00160267,110
S00160268,65
S00160269,120
S00160270,76
S00160271,78
S00160272,82
S00160273,73
S00160274,94
S00160275,87
S00160276,65
S00160277,76
S00160278,114
S00160279,100
S00160280,76
S00160281,85
S00160282,124
S00160283,64
S00160284,87
S00160285,82
S00160286,55
S00160287,141
S00160288,67
S00160289,191
S00160290,119
S00160291,56
S00160292,84
S00160293,87
S00160294,57
S00160295,97
S00160296,83
S00160297,120
S00160298,124
S00160299,130
S00160300,84
S00160301,89
S00160302,151
S00160303,61
S00160304,97
S00160305,65
S00160306,90
S00160307,92
S00160308,93
S00160309,88
S00160310,84
S00160311,96
S00160312,88
S00160313,83
S00160314,109
S00160315,103
S00160316,275
S00160317,78
S00160318,146
S00160319,72
S00160320,61
S00160321,132
S00160322,87
S00160323,65
S00160324,92
S00160325,64
S00160326,90
S00160327,68
S00160328,74
S00160329,124
S00160330,77
S00160331,59
S00160332,54
S00160333,93
S00160334,84
S00160335,102
S00160336,63
S00160337,166
S00160338,76
S00160339,136
S00160340,95
S00160341,80
S00160342,77
S00160343,122
S00160344,78
S00160345,109
S00160346,61
S00160347,79
S00160348,91
S00160349,86
S00160350,123
S00160351,96
S00160352,68
S00160353,114
S00160354,99
S00160355,81
S00160356,64
S00160357,132
S00160358,81
S00160359,79
S00160360,82
S00160361,86
S00160362,122
S00160363,105
S00160364,93
S00160365,86
S00160366,116
S00160367,161
S00160368,88
S00160369,95
S00160370,73
S00160371,77
S00160372,129
S00160373,128
S00160374,58
S00160375,100
S00160376,91
S00160377,131
S00160378,116
S00160379,148
S00160380,116
S00160381,77
S00160382,120
S00160383,111
S00160384,112
S00160385,52
S00160386,73
S00160387,100
S00160388,149
S00160389,139
S00160390,79
S00160391,82
S00160392,93
S00160393,146
S00160394,70
S00160395,63
S00160396,49
S00160397,147
S00160398,123
S00160399,73
S00160400,80
S00160401,70
S00160402,61
S00160403,166
S00160404,118
S00160405,70
S00160406,106
S00160407,126
S00160408,128
S00160409,128
S00160410,83
S00160411,103
S00160412,114
S00160413,104
S00160414,100
S00160415,99
S00160416,81
S00160417,64
S00160418,64
S00160419,73
S00160420,182
S00160421,65
S00160422,119
S00160423,73
S00160424,117
S00160425,99
S00160426,152
S00160427,73
S00160428,57
S00160429,101
S00160430,77
S00160431,61
S00160432,108
S00160433,192
S00160434,87
S00160435,52
S00160436,62
S00160437,99
S00160438,96
S00160439,57
S00160440,59
S00160441,70
S00160442,102
S00160443,109
S00160444,73
S00160445,106
S00160446,57
S00160447,79
S00160448,58
S00160449,117
S00160450,64
S00160451,67
S00160452,82
S00160453,144
S00160454,73
S00160455,101
S00160456,77
S00160457,72
S00160458,102
S00160459,103
S00160460,64
S00160461,54
S00160462,50
S00160463,89
S00160464,88
S00160465,109
S00160466,112
S00160467,89
S00160468,106
S00160469,58
S00160470,99
S00160471,81
S00160472,89
S00160473,85
S00160474,83
S00160475,72
S00160476,94
S00160477,76
S00160478,114
S00160479,71
S00160480,46
S00160481,109
S00160482,71
S00160483,121
S00160484,99
S00160485,74
S00160486,119
S00160487,90
S00160488,120
S00160489,61
S00160490,65
S00160491,113
S00160492,94
S00160493,125
S00160494,149
S00160495,75
S00160496,85
S00160497,116
S00160498,68
S00160499,136
S00160500,154
S00160501,88
S00160502,80
S00160503,128
S00160504,116
S00160505,80
S00160506,124
S00160507,96
S00160508,81
S00160509,72
S00160510,95
S00160511,121
S00160512,86
S00160513,100
S00160514,159
S00160515,61
S00160516,85
S00160517,72
S00160518,99
S00160519,51
S00160520,82
S00160521,89
S00160522,62
S00160523,99
S00160524,139
S00160525,109
S00160526,138
S00160527,99
S00160528,111
S00160529,113
S00160530,168
S00160531,89
S00160532,96
S00160533,123
S00160534,92
S00160535,107
S00160536,61
S00160537,121
S00160538,74
S00160539,97
S00160540,53
S00160541,59
S00160542,58
S00160543,143
S00160544,58
S00160545,137
S00160546,74
S00160547,107
S00160548,58
S00160549,120
S00160550,74
S00160551,78
S00160552,119
S00160553,182
S00160554,94
S00160555,67
S00160556,139
S00160557,78
S00160558,94
S00160559,76
S00160560,78
S00160561,65
S00160562,73
S00160563,91
S00160564,84
S00160565,112
S00160566,116
S00160567,76
S00160568,74
S00160569,133
S00160570,118
S00160571,135
S00160572,58
S00160573,72
S00160574,106
S00160575,133
S00160576,86
S00160577,60
S00160578,76
S00160579,60
S00160580,76
S00160581,126
S00160582,74
S00160583,83
S00160584,111
S00160585,158
S00160586,73
S00160587,97
S00160588,89
S00160589,78
S00160590,73
S00160591,67
S00160592,113
S00160593,80
S00160594,117
S00160595,65
S00160596,97
S00160597,102
S00160598,111
S00160599,119
S00160600,70
S00160601,83
S00160602,77
S00160603,136
S00160604,85
S00160605,183
S00160606,116
S00160607,133
S00160608,76
S00160609,99
S00160610,126
S00160611,87
S00160612,95
S00160613,79
S00160614,69
S00160615,138
S00160616,60
S00160617,75
S00160618,54
S00160619,126
S00160620,100
S00160621,142
S00160622,119
S00160623,129
S00160624,102
S00160625,112
S00160626,97
S00160627,82
S00160628,110
S00160629,80
S00160630,67
S00160631,87
S00160632,107
S00160633,85
S00160634,115
S00160635,161
S00160636,89
S00160637,77
S00160638,116
S00160639,90
S00160640,97
S00160641,94
S00160642,79
S00160643,91
S00160644,107
S00160645,100
S00160646,72
S00160647,85
S00160648,155
S00160649,124
S00160650,81
S00160651,56
S00160652,134
S00160653,84
S00160654,97
S00160655,61
S00160656,180
S00160657,76
S00160658,64
S00160659,93
S00160660,87
S00160661,83
S00160662,101
S00160663,124
S00160664,163
S00160665,101
S00160666,100
S00160667,104
S00160668,67
S00160669,180
S00160670,138
S00160671,103
S00160672,108
S00160673,87
S00160674,106
S00160675,55
S00160676,56
S00160677,126
S00160678,101
S00160679,62
S00160680,88
S00160681,91
S00160682,56
S00160683,116
S00160684,124
S00160685,116
S00160686,137
S00160687,81
S00160688,79
S00160689,79
S00160690,228
S00160691,68
S00160692,48
S00160693,96
S00160694,86
S00160695,88
S00160696,138
S00160697,124
S00160698,103
S00160699,56
S00160700,136
S00160701,136
S00160702,67
S00160703,153
S00160704,98
S00160705,64
S00160706,182
S00160707,81
S00160708,139
S00160709,82
S00160710,65
S00160711,90
S00160712,107
S00160713,80
S00160714,99
S00160715,68
S00160716,135
S00160717,97
S00160718,66
S00160719,108
S00160720,84
S00160721,104
S00160722,49
S00160723,88
S00160724,125
S00160725,119
S00160726,91
S00160727,69
S00160728,233
S00160729,124
S00160730,54
S00160731,118
S00160732,133
S00160733,83
S00160734,95
S00160735,129
S00160736,99
S00160737,96
S00160738,94
S00160739,111
S00160740,114
S00160741,57
S00160742,99
S00160743,78
S00160744,89
S00160745,107
S00160746,132
S00160747,92
S00160748,122
S00160749,73
S00160750,101
S00160751,76
S00160752,98
S00160753,171
S00160754,129
S00160755,134
S00160756,61
S00160757,94
S00160758,140
S00160759,112
S00160760,77
S00160761,61
S00160762,102
S00160763,111
S00160764,69
S00160765,130
S00160766,100
S00160767,66
S00160768,110
S00160769,69
S00160770,169
S00160771,68
S00160772,70
S00160773,55
S00160774,99
S00160775,95
S00160776,78
S00160777,101
S00160778,112
S00160779,103
S00160780,96
S00160781,89
S00160782,69
S00160783,125
S00160784,82
S00160785,129
S00160786,112
S00160787,65
S00160788,97
S00160789,62
S00160790,123
S00160791,134
S00160792,69
S00160793,130
S00160794,121
S00160795,135
S00160796,49
S00160797,68
S00160798,68
S00160799,82
S00160800,72
S00160801,57
S00160802,60
S00160803,109
S00160804,49
S00160805,69
S00160806,109
S00160807,99
S00160808,109
S00160809,116
S00160810,68
S00160811,101
S00160812,80
S00160813,104
S00160814,99
S00160815,142
S00160816,111
S00160817,61
S00160818,100
S00160819,61
S00160820,70
S00160821,73
S00160822,145
S00160823,66
S00160824,93
S00160825,99
S00160826,77
S00160827,100
S00160828,135
S00160829,97
S00160830,87
S00160831,67
S00160832,65
S00160833,82
S00160834,69
S00160835,168
S00160836,65
S00160837,105
S00160838,61
S00160839,82
S00160840,118
S00160841,94
S00160842,98
S00160843,60
S00160844,135
S00160845,71
S00160846,80
S00160847,111
S00160848,85
S00160849,142
S00160850,82
S00160851,96
S00160852,177
S00160853,100
S00160854,92
S00160855,117
S00160856,110
S00160857,156
S00160858,132
S00160859,57
S00160860,79
S00160861,146
S00160862,65
S00160863,147
S00160864,155
S00160865,118
S00160866,109
S00160867,98
S00160868,83
S00160869,90
S00160870,188
S00160871,114
S00160872,142
S00160873,75
S00160874,69
S00160875,105
S00160876,99
S00160877,119
S00160878,122
S00160879,121
S00160880,123
S00160881,111
S00160882,87
S00160883,64
S00160884,84
S00160885,104
S00160886,121
S00160887,101
S00160888,58
S00160889,63
S00160890,120
S00160891,55
S00160892,104
S00160893,62
S00160894,91
S00160895,120
S00160896,88
S00160897,59
S00160898,128
S00160899,102
S00160900,104
S00160901,141
S00160902,99
S00160903,115
S00160904,86
S00160905,85
S00160906,80
S00160907,71
S00160908,78
S00160909,116
S00160910,103
S00160911,124
S00160912,121
S00160913,161
S00160914,85
S00160915,100
S00160916,71
S00160917,64
S00160918,108
S00160919,99
S00160920,64
S00160921,80
S00160922,70
S00160923,79
S00160924,106
S00160925,74
S00160926,197
S00160927,228
S00160928,89
S00160929,119
S00160930,168
S00160931,98
S00160932,79
S00160933,112
S00160934,80
S00160935,98
S00160936,60
S00160937,114
S00160938,124
S00160939,135
S00160940,52
S00160941,116
S00160942,152
S00160943,62
S00160944,100
S00160945,101
S00160946,82
S00160947,151
S00160948,148
S00160949,52
S00160950,64
S00160951,105
S00160952,63
S00160953,206
S00160954,108
S00160955,150
S00160956,71
S00160957,137
S00160958,127
S00160959,80
S00160960,87
S00160961,120
S00160962,72
S00160963,102
S00160964,180
S00160965,129
S00160966,103
S00160967,106
S00160968,116
S00160969,157
S00160970,93
S00160971,105
S00160972,82
S00160973,69
S00160974,106
S00160975,95
S00160976,72
S00160977,84
S00160978,136
S00160979,68
S00160980,115
S00160981,81
S00160982,65
S00160983,129
S00160984,92
S00160985,73
S00160986,155
S00160987,127
S00160988,117
S00160989,85
S00160990,121
S00160991,62
S00160992,69
S00160993,80
S00160994,66
S00160995,73
S00160996,71
S00160997,111
S00160998,87
S00160999,101
S00161000,77
S00161001,95
S00161002,90
S00161003,92
S00161004,97
S00161005,102
S00161006,95
S00161007,82
S00161008,74
S00161009,196
S00161010,126
S00161011,67
S00161012,175
S00161013,82
S00161014,98
S00161015,98
S00161016,130
S00161017,120
S00161018,82
S00161019,115
S00161020,73
S00161021,129
S00161022,162
S00161023,107
S00161024,157
S00161025,130
S00161026,74
S00161027,100
S00161028,103
S00161029,147
S00161030,62
S00161031,103
S00161032,103
S00161033,102
S00161034,68
S00161035,81
S00161036,140
S00161037,61
S00161038,89
S00161039,85
S00161040,140
S00161041,84
S00161042,139
S00161043,110
S00161044,75
S00161045,55
S00161046,113
S00161047,71
S00161048,120
S00161049,133
S00161050,90
S00161051,150
S00161052,180
S00161053,186
S00161054,115
S00161055,92
S00161056,130
S00161057,133
S00161058,86
S00161059,63
S00161060,66
S00161061,84
S00161062,103
S00161063,71
S00161064,153
S00161065,110
S00161066,104
S00161067,121
S00161068,108
S00161069,118
S00161070,91
S00161071,110
S00161072,118
S00161073,97
S00161074,107
S00161075,88
S00161076,158
S00161077,100
S00161078,131
S00161079,114
S00161080,56
S00161081,79
S00161082,72
S00161083,90
S00161084,87
S00161085,102
S00161086,138
S00161087,87
S00161088,101
S00161089,107
S00161090,74
S00161091,107
S00161092,96
S00161093,142
S00161094,112
S00161095,82
S00161096,68
S00161097,80
S00161098,82
S00161099,68
S00161100,124
S00161101,111
S00161102,76
S00161103,173
S00161104,95
S00161105,83
S00161106,130
S00161107,78
S00161108,100
S00161109,120
S00161110,104
S00161111,79
S00161112,90
S00161113,101
S00161114,93
S00161115,103
S00161116,103
S00161117,89
S00161118,72
S00161119,113
S00161120,64
S00161121,96
S00161122,128
S00161123,66
S00161124,71
S00161125,99
S00161126,147
S00161127,75
S00161128,87
S00161129,83
S00161130,81
S00161131,92
S00161132,78
S00161133,84
S00161134,110
S00161135,77
S00161136,125
S00161137,88
S00161138,80
S00161139,150
S00161140,93
S00161141,90
S00161142,102
S00161143,99
S00161144,95
S00161145,93
S00161146,88
S00161147,83
S00161148,84
S00161149,100
S00161150,68
S00161151,83
S00161152,85
S00161153,82
S00161154,73
S00161155,125
S00161156,164
S00161157,99
S00161158,65
S00161159,112
S00161160,81
S00161161,70
S00161162,76
S00161163,76
S00161164,56
S00161165,158
S00161166,91
S00161167,55
S00161168,79
S00161169,98
S00161170,114
S00161171,45
S00161172,105
S00161173,75
S00161174,179
S00161175,108
S00161176,82
S00161177,105
S00161178,128
S00161179,120
S00161180,107
S00161181,64
S00161182,78
S00161183,119
S00161184,59
S00161185,114
S00161186,108
S00161187,102
S00161188,153
S00161189,124
S00161190,87
S00161191,78
S00161192,128
S00161193,110
S00161194,117
S00161195,109
S00161196,81
S00161197,135
S00161198,68
S00161199,72
S00161200,54
S00161201,81
S00161202,82
S00161203,66
S00161204,71
S00161205,124
S00161206,70
S00161207,129
S00161208,143
S00161209,108
S00161210,89
S00161211,71
S00161212,97
S00161213,77
S00161214,99
S00161215,67
S00161216,102
S00161217,135
S00161218,166
S00161219,78
S00161220,76
S00161221,70
S00161222,74
S00161223,78
S00161224,105
S00161225,159
S00161226,117
S00161227,85
S00161228,95
S00161229,120
S00161230,103
S00161231,60
S00161232,95
S00161233,95
S00161234,87
S00161235,92
S00161236,60
S00161237,75
S00161238,116
S00161239,101
S00161240,111
S00161241,95
S00161242,95
S00161243,120
S00161244,84
S00161245,70
S00161246,55
S00161247,113
S00161248,88
S00161249,86
S00161250,72
S00161251,98
S00161252,68
S00161253,70
S00161254,94
S00161255,128
S00161256,113
S00161257,90
S00161258,65
S00161259,146
S00161260,89
S00161261,64
S00161262,68
S00161263,128
S00161264,78
S00161265,110
S00161266,111
S00161267,58
S00161268,67
S00161269,91
S00161270,87
S00161271,134
S00161272,83
S00161273,106
S00161274,70
S00161275,92
S00161276,84
S00161277,125
S00161278,106
S00161279,81
S00161280,69
S00161281,72
S00161282,66
S00161283,95
S00161284,82
S00161285,104
S00161286,72
S00161287,86
S00161288,74
S00161289,118
S00161290,99
S00161291,106
S00161292,91
S00161293,70
S00161294,128
S00161295,138
S00161296,112
S00161297,118
S00161298,98
S00161299,148
S00161300,109
S00161301,71
S00161302,65
S00161303,73
S00161304,89
S00161305,82
S00161306,75
S00161307,74
S00161308,87
S00161309,122
S00161310,71
S00161311,70
S00161312,82
S00161313,85
S00161314,62
S00161315,159
S00161316,130
S00161317,87
S00161318,104
S00161319,108
S00161320,82
S00161321,54
S00161322,87
S00161323,98
S00161324,99
S00161325,90
S00161326,114
S00161327,69
S00161328,121
S00161329,63
S00161330,138
S00161331,125
S00161332,102
S00161333,71
S00161334,90
S00161335,73
S00161336,130
S00161337,76
S00161338,76
S00161339,63
S00161340,73
S00161341,62
S00161342,116
S00161343,71
S00161344,97
S00161345,93
S00161346,74
S00161347,162
S00161348,90
S00161349,98
S00161350,70
S00161351,66
S00161352,120
S00161353,98
S00161354,61
S00161355,58
S00161356,155
S00161357,132
S00161358,71
S00161359,69
S00161360,62
S00161361,102
S00161362,120
S00161363,133
S00161364,131
S00161365,119
S00161366,64
S00161367,71
S00161368,94
S00161369,127
S00161370,60
S00161371,139
S00161372,97
S00161373,96
S00161374,88
S00161375,84
S00161376,125
S00161377,99
S00161378,83
S00161379,109
S00161380,56
S00161381,122
S00161382,80
S00161383,113
S00161384,83
S00161385,123
S00161386,66
S00161387,140
S00161388,69
S00161389,130
S00161390,55
S00161391,122
S00161392,92
S00161393,69
S00161394,132
S00161395,67
S00161396,87
S00161397,71
S00161398,74
S00161399,52
S00161400,118
S00161401,80
S00161402,112
S00161403,77
S00161404,135
S00161405,60
S00161406,140
S00161407,138
S00161408,102
S00161409,74
S00161410,86
S00161411,160
S00161412,61
S00161413,81
S00161414,94
S00161415,84
S00161416,95
S00161417,82
S00161418,97
S00161419,96
S00161420,141
S00161421,95
S00161422,80
S00161423,73
S00161424,115
S00161425,62
S00161426,89
S00161427,131
S00161428,90
S00161429,99
S00161430,165
S00161431,86
S00161432,81
S00161433,111
S00161434,124
S00161435,63
S00161436,113
S00161437,91
S00161438,62
S00161439,89
S00161440,60
S00161441,86
S00161442,118
S00161443,74
S00161444,190
S00161445,103
S00161446,90
S00161447,81
S00161448,71
S00161449,75
S00161450,89
S00161451,96
S00161452,102
S00161453,88
S00161454,113
S00161455,137
S00161456,84
S00161457,94
S00161458,108
S00161459,141
S00161460,75
S00161461,90
S00161462,69
S00161463,117
S00161464,89
S00161465,143
S00161466,72
S00161467,96
S00161468,55
S00161469,76
S00161470,128
S00161471,78
S00161472,83
S00161473,97
S00161474,67
S00161475,126
S00161476,102
S00161477,197
S00161478,67
S00161479,57
S00161480,118
S00161481,70
S00161482,98
S00161483,100
S00161484,106
S00161485,93
S00161486,128
S00161487,151
S00161488,113
S00161489,98
S00161490,106
S00161491,84
S00161492,142
S00161493,103
S00161494,147
S00161495,111
S00161496,80
S00161497,56
S00161498,117
S00161499,67
S00161500,63
S00161501,85
S00161502,67
S00161503,168
S00161504,65
S00161505,93
S00161506,80
S00161507,138
S00161508,145
S00161509,55
S00161510,100
S00161511,86
S00161512,129
S00161513,69
S00161514,131
S00161515,154
S00161516,97
S00161517,134
S00161518,94
S00161519,60
S00161520,111
S00161521,112
S00161522,82
S00161523,61
S00161524,93
S00161525,83
S00161526,110
S00161527,130
S00161528,93
S00161529,81
S00161530,120
S00161531,119
S00161532,118
S00161533,52
S00161534,93
S00161535,114
S00161536,87
S00161537,57
S00161538,99
S00161539,97
S00161540,61
S00161541,69
S00161542,120
S00161543,115
S00161544,97
S00161545,85
S00161546,98
S00161547,110
S00161548,127
S00161549,107
S00161550,58
S00161551,91
S00161552,82
S00161553,111
S00161554,93
S00161555,83
S00161556,61
S00161557,130
S00161558,77
S00161559,145
S00161560,109
S00161561,98
S00161562,76
S00161563,308
S00161564,123
S00161565,75
S00161566,90
S00161567,84
S00161568,138
S00161569,56
S00161570,65
S00161571,105
S00161572,68
S00161573,104
S00161574,74
S00161575,111
S00161576,107
S00161577,72
S00161578,121
S00161579,98
S00161580,104
S00161581,66
S00161582,88
S00161583,89
S00161584,122
S00161585,70
S00161586,79
S00161587,60
S00161588,49
S00161589,102
S00161590,157
S00161591,71
S00161592,99
S00161593,132
S00161594,130
S00161595,170
S00161596,146
S00161597,79
S00161598,85
S00161599,92
S00161600,187
S00161601,139
S00161602,91
S00161603,142
S00161604,78
S00161605,108
S00161606,90
S00161607,105
S00161608,146
S00161609,79
S00161610,110
S00161611,79
S00161612,161
S00161613,85
S00161614,114
S00161615,88
S00161616,93
S00161617,93
S00161618,64
S00161619,87
S00161620,153
S00161621,129
S00161622,98
S00161623,112
S00161624,53
S00161625,124
S00161626,103
S00161627,101
S00161628,80
S00161629,140
S00161630,69
S00161631,52
S00161632,69
S00161633,57
S00161634,100
S00161635,106
S00161636,76
S00161637,121
S00161638,111
S00161639,90
S00161640,91
S00161641,109
S00161642,51
S00161643,174
S00161644,119
S00161645,83
S00161646,99
S00161647,60
S00161648,108
S00161649,110
S00161650,151
S00161651,58
S00161652,98
S00161653,62
S00161654,123
S00161655,94
S00161656,92
S00161657,119
S00161658,81
S00161659,87
S00161660,149
S00161661,68
S00161662,71
S00161663,51
S00161664,77
S00161665,100
S00161666,73
S00161667,82
S00161668,109
S00161669,145
S00161670,60
S00161671,67
S00161672,134
S00161673,128
S00161674,116
S00161675,79
S00161676,73
S00161677,76
S00161678,98
S00161679,92
S00161680,64
S00161681,73
S00161682,76
S00161683,164
S00161684,97
S00161685,122
S00161686,87
S00161687,95
S00161688,93
S00161689,160
S00161690,108
S00161691,169
S00161692,122
S00161693,152
S00161694,64
S00161695,56
S00161696,98
S00161697,63
S00161698,98
S00161699,87
S00161700,148
S00161701,88
S00161702,75
S00161703,59
S00161704,101
S00161705,90
S00161706,85
S00161707,111
S00161708,89
S00161709,77
S00161710,70
S00161711,98
S00161712,92
S00161713,88
S00161714,101
S00161715,113
S00161716,81
S00161717,105
S00161718,79
S00161719,120
S00161720,106
S00161721,140
S00161722,80
S00161723,58
S00161724,73
S00161725,99
S00161726,139
S00161727,104
S00161728,147
S00161729,122
S00161730,93
S00161731,154
S00161732,108
S00161733,167
S00161734,144
S00161735,108
S00161736,87
S00161737,113
S00161738,84
S00161739,119
S00161740,55
S00161741,116
S00161742,97
S00161743,100
S00161744,75
S00161745,93
S00161746,120
S00161747,59
S00161748,87
S00161749,72
S00161750,102
S00161751,63
S00161752,131
S00161753,84
S00161754,75
S00161755,103
S00161756,89
S00161757,73
S00161758,56
S00161759,84
S00161760,84
S00161761,79
S00161762,70
S00161763,96
S00161764,84
S00161765,70
S00161766,61
S00161767,98
S00161768,70
S00161769,90
S00161770,139
S00161771,56
S00161772,70
S00161773,144
S00161774,132
S00161775,135
S00161776,75
S00161777,100
S00161778,73
S00161779,94
S00161780,81
S00161781,118
S00161782,119
S00161783,73
S00161784,124
S00161785,72
S00161786,80
S00161787,77
S00161788,78
S00161789,110
S00161790,67
S00161791,87
S00161792,158
S00161793,105
S00161794,70
S00161795,73
S00161796,148
S00161797,65
S00161798,74
S00161799,49
S00161800,155
S00161801,88
S00161802,83
S00161803,86
S00161804,68
S00161805,59
S00161806,102
S00161807,113
S00161808,68
S00161809,70
S00161810,76
S00161811,81
S00161812,112
S00161813,71
S00161814,110
S00161815,199
S00161816,111
S00161817,77
S00161818,86
S00161819,147
S00161820,62
S00161821,59
S00161822,69
S00161823,78
S00161824,64
S00161825,60
S00161826,125
S00161827,80
S00161828,68
S00161829,144
S00161830,50
S00161831,173
S00161832,70
S00161833,121
S00161834,77
S00161835,117
S00161836,143
S00161837,69
S00161838,131
S00161839,74
S00161840,69
S00161841,82
S00161842,86
S00161843,66
S00161844,101
S00161845,72
S00161846,93
S00161847,112
S00161848,102
S00161849,93
S00161850,103
S00161851,77
S00161852,88
S00161853,87
S00161854,72
S00161855,95
S00161856,76
S00161857,111
S00161858,108
S00161859,103
S00161860,145
S00161861,98
S00161862,98
S00161863,197
S00161864,86
S00161865,49
S00161866,78
S00161867,113
S00161868,115
S00161869,92
S00161870,49
S00161871,99
S00161872,87
S00161873,98
S00161874,111
S00161875,90
S00161876,93
S00161877,67
S00161878,59
S00161879,97
S00161880,52
S00161881,64
S00161882,84
S00161883,174
S00161884,98
S00161885,100
S00161886,114
S00161887,102
S00161888,82
S00161889,64
S00161890,71
S00161891,58
S00161892,100
S00161893,124
S00161894,83
S00161895,94
S00161896,157
S00161897,110
S00161898,81
S00161899,60
S00161900,118
S00161901,116
S00161902,93
S00161903,194
S00161904,103
S00161905,74
S00161906,135
S00161907,141
S00161908,90
S00161909,91
S00161910,109
S00161911,76
S00161912,74
S00161913,97
S00161914,51
S00161915,97
S00161916,116
S00161917,84
S00161918,152
S00161919,94
S00161920,60
S00161921,142
S00161922,96
S00161923,159
S00161924,65
S00161925,57
S00161926,81
S00161927,48
S00161928,82
S00161929,110
S00161930,125
S00161931,99
S00161932,52
S00161933,97
S00161934,53
S00161935,127
S00161936,74
S00161937,80
S00161938,82
S00161939,100
S00161940,164
S00161941,50
S00161942,95
S00161943,65
S00161944,89
S00161945,75
S00161946,86
S00161947,73
S00161948,110
S00161949,80
S00161950,87
S00161951,85
S00161952,90
S00161953,221
S00161954,82
S00161955,164
S00161956,116
S00161957,108
S00161958,128
S00161959,116
S00161960,69
S00161961,69
S00161962,70
S00161963,122
S00161964,94
S00161965,124
S00161966,53
S00161967,70
S00161968,52
S00161969,137
S00161970,69
S00161971,54
S00161972,66
S00161973,56
S00161974,56
S00161975,113
S00161976,70
S00161977,63
S00161978,111
S00161979,83
S00161980,107
S00161981,81
S00161982,98
S00161983,62
S00161984,84
S00161985,120
S00161986,128
S00161987,78
S00161988,95
S00161989,118
S00161990,115
S00161991,131
S00161992,121
S00161993,114
S00161994,162
S00161995,177
S00161996,149
S00161997,172
S00161998,68
S00161999,118
S00162000,73
S00162001,94
S00162002,62
S00162003,118
S00162004,111
S00162005,121
S00162006,97
S00162007,66
S00162008,84
S00162009,148
S00162010,164
S00162011,62
S00162012,133
S00162013,83
S00162014,93
S00162015,125
S00162016,80
S00162017,103
S00162018,79
S00162019,178
S00162020,63
S00162021,108
S00162022,120
S00162023,160
S00162024,55
S00162025,120
S00162026,53
S00162027,84
S00162028,85
S00162029,91
S00162030,119
S00162031,112
S00162032,100
S00162033,155
S00162034,119
S00162035,99
S00162036,81
S00162037,149
S00162038,80
S00162039,91
S00162040,140
S00162041,95
S00162042,89
S00162043,105
S00162044,94
S00162045,127
S00162046,77
S00162047,108
S00162048,116
S00162049,79
S00162050,147
S00162051,130
S00162052,106
S00162053,88
S00162054,85
S00162055,84
S00162056,137
S00162057,54
S00162058,63
S00162059,140
S00162060,104
S00162061,103
S00162062,67
S00162063,79
S00162064,93
S00162065,115
S00162066,143
S00162067,119
S00162068,113
S00162069,55
S00162070,109
S00162071,65
S00162072,72
S00162073,102
S00162074,76
S00162075,61
S00162076,107
S00162077,63
S00162078,71
S00162079,123
S00162080,85
S00162081,71
S00162082,65
S00162083,128
S00162084,65
S00162085,74
S00162086,83
S00162087,91
S00162088,71
S00162089,111
S00162090,86
S00162091,64
S00162092,68
S00162093,68
S00162094,80
S00162095,77
S00162096,72
S00162097,70
S00162098,101
S00162099,109
S00162100,82
S00162101,63
S00162102,112
S00162103,79
S00162104,81
S00162105,99
S00162106,113
S00162107,53
S00162108,102
S00162109,76
S00162110,112
S00162111,106
S00162112,54
S00162113,68
S00162114,96
S00162115,93
S00162116,93
S00162117,84
S00162118,126
S00162119,68
S00162120,135
S00162121,98
S00162122,93
S00162123,94
S00162124,72
S00162125,98
S00162126,70
S00162127,113
S00162128,104
S00162129,106
S00162130,77
S00162131,59
S00162132,88
S00162133,105
S00162134,56
S00162135,127
S00162136,101
S00162137,73
S00162138,90
S00162139,77
S00162140,68
S00162141,95
S00162142,81
S00162143,68
S00162144,169
S00162145,123
S00162146,114
S00162147,139
S00162148,116
S00162149,104
S00162150,100
S00162151,120
S00162152,95
S00162153,105
S00162154,81
S00162155,54
S00162156,67
S00162157,104
S00162158,122
S00162159,134
S00162160,117
S00162161,102
S00162162,91
S00162163,102
S00162164,91
S00162165,81
S00162166,67
S00162167,88
S00162168,114
S00162169,125
S00162170,75
S00162171,99
S00162172,71
S00162173,63
S00162174,144
S00162175,86
S00162176,105
S00162177,137
S00162178,139
S00162179,130
S00162180,63
S00162181,134
S00162182,59
S00162183,91
S00162184,127
S00162185,130
S00162186,127
S00162187,123
S00162188,84
S00162189,87
S00162190,119
S00162191,80
S00162192,96
S00162193,123
S00162194,143
S00162195,118
S00162196,87
S00162197,148
S00162198,98
S00162199,90
S00162200,79
S00162201,83
S00162202,112
S00162203,54
S00162204,86
S00162205,103
S00162206,77
S00162207,104
S00162208,84
S00162209,115
S00162210,88
S00162211,68
S00162212,91
S00162213,70
S00162214,87
S00162215,79
S00162216,60
S00162217,115
S00162218,105
S00162219,127
S00162220,108
S00162221,57
S00162222,125
S00162223,148
S00162224,84
S00162225,53
S00162226,64
S00162227,132
S00162228,59
S00162229,73
S00162230,75
S00162231,112
S00162232,91
S00162233,80
S00162234,108
S00162235,99
S00162236,66
S00162237,59
S00162238,95
S00162239,70
S00162240,51
S00162241,89
S00162242,109
S00162243,139
S00162244,105
S00162245,51
S00162246,79
S00162247,56
S00162248,124
S00162249,89
S00162250,64
S00162251,134
S00162252,87
S00162253,83
S00162254,91
S00162255,121
S00162256,73
S00162257,91
S00162258,121
S00162259,84
S00162260,96
S00162261,129
S00162262,98
S00162263,98
S00162264,75
S00162265,97
S00162266,68
S00162267,131
S00162268,67
S00162269,92
S00162270,136
S00162271,133
S00162272,123
S00162273,109
S00162274,82
S00162275,87
S00162276,68
S00162277,77
S00162278,113
S00162279,84
S00162280,139
S00162281,79
S00162282,138
S00162283,104
S00162284,138
S00162285,127
S00162286,99
S00162287,111
S00162288,110
S00162289,72
S00162290,57
S00162291,118
S00162292,78
S00162293,101
S00162294,94
S00162295,148
S00162296,68
S00162297,140
S00162298,115
S00162299,114
S00162300,100
S00162301,73
S00162302,131
S00162303,71
S00162304,103
S00162305,115
S00162306,95
S00162307,144
S00162308,107
S00162309,109
S00162310,107
S00162311,133
S00162312,110
S00162313,76
S00162314,119
S00162315,99
S00162316,88
S00162317,93
S00162318,65
S00162319,57
S00162320,70
S00162321,108
S00162322,56
S00162323,120
S00162324,99
S00162325,87
S00162326,69
S00162327,132
S00162328,56
S00162329,69
S00162330,119
S00162331,107
S00162332,86
S00162333,80
S00162334,140
S00162335,107
S00162336,108
S00162337,76
S00162338,96
S00162339,103
S00162340,98
S00162341,146
S00162342,95
S00162343,88
S00162344,127
S00162345,113
S00162346,99
S00162347,55
S00162348,95
S00162349,115
S00162350,115
S00162351,118
S00162352,67
S00162353,74
S00162354,111
S00162355,91
S00162356,56
S00162357,65
S00162358,63
S00162359,85
S00162360,93
S00162361,115
S00162362,93
S00162363,81
S00162364,108
S00162365,85
S00162366,105
S00162367,123
S00162368,53
S00162369,66
S00162370,114
S00162371,150
S00162372,77
S00162373,127
S00162374,118
S00162375,137
S00162376,57
S00162377,94
S00162378,80
S00162379,62
S00162380,57
S00162381,62
S00162382,97
S00162383,116
S00162384,83
S00162385,64
S00162386,97
S00162387,108
S00162388,100
S00162389,100
S00162390,90
S00162391,50
S00162392,112
S00162393,65
S00162394,107
S00162395,78
S00162396,57
S00162397,101
S00162398,124
S00162399,112
S00162400,82
S00162401,110
S00162402,70
S00162403,175
S00162404,66
S00162405,83
S00162406,121
S00162407,143
S00162408,51
S00162409,87
S00162410,118
S00162411,118
S00162412,78
S00162413,137
S00162414,131
S00162415,93
S00162416,120
S00162417,154
S00162418,122
S00162419,84
S00162420,81
S00162421,120
S00162422,112
S00162423,96
S00162424,93
S00162425,79
S00162426,137
S00162427,94
S00162428,98
S00162429,165
S00162430,76
S00162431,108
S00162432,66
S00162433,68
S00162434,102
S00162435,110
S00162436,122
S00162437,117
S00162438,67
S00162439,72
S00162440,113
S00162441,59
S00162442,116
S00162443,71
S00162444,74
S00162445,61
S00162446,122
S00162447,101
S00162448,73
S00162449,110
S00162450,110
S00162451,74
S00162452,67
S00162453,77
S00162454,133
S00162455,58
S00162456,62
S00162457,109
S00162458,55
S00162459,60
S00162460,74
S00162461,121
S00162462,86
S00162463,132
S00162464,130
S00162465,127
S00162466,66
S00162467,87
S00162468,65
S00162469,94
S00162470,68
S00162471,105
S00162472,87
S00162473,90
S00162474,89
S00162475,91
S00162476,70
S00162477,101
S00162478,74
S00162479,101
S00162480,54
S00162481,128
S00162482,115
S00162483,124
S00162484,101
S00162485,89
S00162486,119
S00162487,88
S00162488,122
S00162489,54
S00162490,89
S00162491,91
S00162492,69
S00162493,113
S00162494,78
S00162495,81
S00162496,141
S00162497,115
S00162498,60
S00162499,125
S00162500,108
S00162501,110
S00162502,123
S00162503,103
S00162504,98
S00162505,77
S00162506,93
S00162507,145
S00162508,102
S00162509,114
S00162510,125
S00162511,85
S00162512,97
S00162513,61
S00162514,87
S00162515,83
S00162516,48
S00162517,108
S00162518,122
S00162519,105
S00162520,71
S00162521,81
S00162522,89
S00162523,137
S00162524,71
S00162525,88
S00162526,87
S00162527,78
S00162528,89
S00162529,80
S00162530,123
S00162531,68
S00162532,73
S00162533,123
S00162534,134
S00162535,104
S00162536,124
S00162537,100
S00162538,119
S00162539,110
S00162540,108
S00162541,80
S00162542,73
S00162543,68
S00162544,80
S00162545,154
S00162546,65
S00162547,107
S00162548,112
S00162549,111
S00162550,106
S00162551,100
S00162552,71
S00162553,82
S00162554,96
S00162555,62
S00162556,74
S00162557,100
S00162558,87
S00162559,73
S00162560,99
S00162561,75
S00162562,108
S00162563,81
S00162564,88
S00162565,81
S00162566,89
S00162567,80
S00162568,64
S00162569,130
S00162570,98
S00162571,165
S00162572,126
S00162573,114
S00162574,85
S00162575,48
S00162576,102
S00162577,88
S00162578,86
S00162579,70
S00162580,79
S00162581,78
S00162582,79
S00162583,88
S00162584,60
S00162585,113
S00162586,131
S00162587,54
S00162588,121
S00162589,56
S00162590,86
S00162591,143
S00162592,86
S00162593,73
S00162594,92
S00162595,70
S00162596,75
S00162597,58
S00162598,124
S00162599,135
S00162600,83
S00162601,110
S00162602,60
S00162603,64
S00162604,87
S00162605,82
S00162606,112
S00162607,91
S00162608,91
S00162609,64
S00162610,98
S00162611,95
S00162612,126
S00162613,146
S00162614,106
S00162615,111
S00162616,62
S00162617,69
S00162618,86
S00162619,106
S00162620,84
S00162621,114
S00162622,92
S00162623,65
S00162624,119
S00162625,60
S00162626,63
S00162627,60
S00162628,112
S00162629,95
S00162630,63
S00162631,90
S00162632,157
S00162633,139
S00162634,111
S00162635,109
S00162636,109
S00162637,78
S00162638,75
S00162639,76
S00162640,98
S00162641,97
S00162642,92
S00162643,109
S00162644,77
S00162645,63
S00162646,120
S00162647,137
S00162648,138
S00162649,65
S00162650,106
S00162651,119
S00162652,139
S00162653,95
S00162654,96
S00162655,92
S00162656,101
S00162657,151
S00162658,103
S00162659,110
S00162660,81
S00162661,165
S00162662,107
S00162663,113
S00162664,117
S00162665,72
S00162666,158
S00162667,149
S00162668,60
S00162669,88
S00162670,58
S00162671,76
S00162672,146
S00162673,62
S00162674,60
S00162675,87
S00162676,79
S00162677,59
S00162678,143
S00162679,114
S00162680,120
S00162681,139
S00162682,143
S00162683,108
S00162684,89
S00162685,128
S00162686,68
S00162687,53
S00162688,141
S00162689,75
S00162690,115
S00162691,78
S00162692,76
S00162693,110
S00162694,100
S00162695,88
S00162696,62
S00162697,97
S00162698,70
S00162699,68
S00162700,68
S00162701,77
S00162702,109
S00162703,85
S00162704,91
S00162705,116
S00162706,71
S00162707,117
S00162708,54
S00162709,80
S00162710,295
S00162711,86
S00162712,105
S00162713,103
S00162714,70
S00162715,98
S00162716,61
S00162717,71
S00162718,100
S00162719,90
S00162720,140
S00162721,77
S00162722,72
S00162723,127
S00162724,89
S00162725,157
S00162726,75
S00162727,74
S00162728,57
S00162729,134
S00162730,53
S00162731,134
S00162732,89
S00162733,76
S00162734,148
S00162735,158
S00162736,93
S00162737,64
S00162738,116
S00162739,103
S00162740,94
S00162741,76
S00162742,122
S00162743,121
S00162744,84
S00162745,77
S00162746,58
S00162747,111
S00162748,120
S00162749,88
S00162750,65
S00162751,52
S00162752,73
S00162753,78
S00162754,98
S00162755,102
S00162756,135
S00162757,141
S00162758,110
S00162759,126
S00162760,68
S00162761,83
S00162762,87
S00162763,129
S00162764,98
S00162765,92
S00162766,61
S00162767,69
S00162768,99
S00162769,107
S00162770,80
S00162771,107
S00162772,69
S00162773,73
S00162774,106
S00162775,116
S00162776,77
S00162777,122
S00162778,131
S00162779,105
S00162780,86
S00162781,124
S00162782,104
S00162783,119
S00162784,79
S00162785,63
S00162786,54
S00162787,75
S00162788,147
S00162789,60
S00162790,50
S00162791,77
S00162792,114
S00162793,72
S00162794,104
S00162795,113
S00162796,106
S00162797,69
S00162798,91
S00162799,110
S00162800,98
S00162801,145
S00162802,122
S00162803,150
S00162804,59
S00162805,67
S00162806,67
S00162807,121
S00162808,117
S00162809,59
S00162810,102
S00162811,115
S00162812,87
S00162813,158
S00162814,74
S00162815,87
S00162816,152
S00162817,107
S00162818,52
S00162819,94
S00162820,61
S00162821,89
S00162822,123
S00162823,86
S00162824,94
S00162825,89
S00162826,143
S00162827,77
S00162828,64
S00162829,76
S00162830,92
S00162831,83
S00162832,95
S00162833,85
S00162834,88
S00162835,67
S00162836,141
S00162837,51
S00162838,108
S00162839,88
S00162840,85
S00162841,88
S00162842,100
S00162843,143
S00162844,93
S00162845,108
S00162846,70
S00162847,95
S00162848,113
S00162849,62
S00162850,80
S00162851,144
S00162852,86
S00162853,122
S00162854,114
S00162855,71
S00162856,84
S00162857,81
S00162858,121
S00162859,77
S00162860,89
S00162861,73
S00162862,71
S00162863,88
S00162864,78
S00162865,92
S00162866,154
S00162867,102
S00162868,112
S00162869,132
S00162870,57
S00162871,83
S00162872,134
S00162873,123
S00162874,83
S00162875,139
S00162876,74
S00162877,110
S00162878,140
S00162879,62
S00162880,70
S00162881,75
S00162882,80
S00162883,69
S00162884,96
S00162885,64
S00162886,141
S00162887,81
S00162888,73
S00162889,130
S00162890,108
S00162891,59
S00162892,96
S00162893,82
S00162894,128
S00162895,145
S00162896,100
S00162897,92
S00162898,125
S00162899,140
S00162900,66
S00162901,65
S00162902,102
S00162903,72
S00162904,151
S00162905,94
S00162906,80
S00162907,79
S00162908,67
S00162909,104
S00162910,83
S00162911,49
S00162912,61
S00162913,119
S00162914,61
S00162915,67
S00162916,90
S00162917,59
S00162918,88
S00162919,97
S00162920,84
S00162921,169
S00162922,116
S00162923,140
S00162924,160
S00162925,89
S00162926,136
S00162927,154
S00162928,104
S00162929,135
S00162930,69
S00162931,111
S00162932,79
S00162933,89
S00162934,126
S00162935,81
S00162936,78
S00162937,86
S00162938,67
S00162939,67
S00162940,55
S00162941,134
S00162942,78
S00162943,91
S00162944,88
S00162945,152
S00162946,159
S00162947,73
S00162948,71
S00162949,109
S00162950,124
S00162951,95
S00162952,59
S00162953,63
S00162954,100
S00162955,104
S00162956,134
S00162957,63
S00162958,150
S00162959,58
S00162960,70
S00162961,73
S00162962,59
S00162963,107
S00162964,59
S00162965,77
S00162966,117
S00162967,58
S00162968,137
S00162969,97
S00162970,66
S00162971,100
S00162972,98
S00162973,109
S00162974,89
S00162975,57
S00162976,77
S00162977,115
S00162978,93
S00162979,67
S00162980,169
S00162981,114
S00162982,69
S00162983,95
S00162984,85
S00162985,71
S00162986,105
S00162987,128
S00162988,81
S00162989,101
S00162990,114
S00162991,91
S00162992,61
S00162993,99
S00162994,91
S00162995,91
S00162996,103
S00162997,92
S00162998,148
S00162999,165
S00163000,65
S00163001,92
S00163002,59
S00163003,89
S00163004,85
S00163005,123
S00163006,84
S00163007,65
S00163008,150
S00163009,115
S00163010,153
S00163011,162
S00163012,131
S00163013,164
S00163014,140
S00163015,56
S00163016,112
S00163017,61
S00163018,117
S00163019,154
S00163020,114
S00163021,108
S00163022,61
S00163023,63
S00163024,146
S00163025,117
S00163026,98
S00163027,101
S00163028,81
S00163029,79
S00163030,126
S00163031,63
S00163032,85
S00163033,67
S00163034,73
S00163035,105
S00163036,118
S00163037,160
S00163038,99
S00163039,88
S00163040,84
S00163041,83
S00163042,112
S00163043,97
S00163044,88
S00163045,118
S00163046,91
S00163047,143
S00163048,89
S00163049,55
S00163050,90
S00163051,104
S00163052,133
S00163053,91
S00163054,117
S00163055,98
S00163056,165
S00163057,88
S00163058,95
S00163059,100
S00163060,93
S00163061,126
S00163062,81
S00163063,101
S00163064,76
S00163065,106
S00163066,45
S00163067,89
S00163068,101
S00163069,92
S00163070,68
S00163071,84
S00163072,87
S00163073,78
S00163074,94
S00163075,126
S00163076,61
S00163077,62
S00163078,69
S00163079,108
S00163080,65
S00163081,85
S00163082,75
S00163083,138
S00163084,102
S00163085,140
S00163086,83
S00163087,117
S00163088,79
S00163089,91
S00163090,60
S00163091,87
S00163092,145
S00163093,120
S00163094,55
S00163095,83
S00163096,133
S00163097,99
S00163098,104
S00163099,77
S00163100,160
S00163101,122
S00163102,152
S00163103,157
S00163104,58
S00163105,100
S00163106,62
S00163107,72
S00163108,159
S00163109,73
S00163110,100
S00163111,91
S00163112,128
S00163113,130
S00163114,56
S00163115,112
S00163116,102
S00163117,57
S00163118,107
S00163119,86
S00163120,120
S00163121,75
S00163122,66
S00163123,105
S00163124,117
S00163125,99
S00163126,71
S00163127,104
S00163128,72
S00163129,114
S00163130,98
S00163131,68
S00163132,121
S00163133,96
S00163134,88
S00163135,56
S00163136,81
S00163137,108
S00163138,108
S00163139,91
S00163140,96
S00163141,121
S00163142,79
S00163143,66
S00163144,62
S00163145,59
S00163146,169
S00163147,112
S00163148,121
S00163149,103
S00163150,112
S00163151,54
S00163152,110
S00163153,134
S00163154,121
S00163155,62
S00163156,69
S00163157,105
S00163158,97
S00163159,114
S00163160,109
S00163161,129
S00163162,96
S00163163,54
S00163164,141
S00163165,76
S00163166,80
S00163167,68
S00163168,97
S00163169,61
S00163170,74
S00163171,133
S00163172,73
S00163173,130
S00163174,66
S00163175,105
S00163176,72
S00163177,182
S00163178,83
S00163179,100
S00163180,86
S00163181,112
S00163182,102
S00163183,135
S00163184,124
S00163185,113
S00163186,70
S00163187,117
S00163188,100
S00163189,65
S00163190,83
S00163191,104
S00163192,59
S00163193,79
S00163194,102
S00163195,63
S00163196,109
S00163197,82
S00163198,114
S00163199,85
S00163200,61
S00163201,98
S00163202,99
S00163203,65
S00163204,90
S00163205,99
S00163206,135
S00163207,103
S00163208,90
S00163209,107
S00163210,64
S00163211,56
S00163212,109
S00163213,94
S00163214,114
S00163215,88
S00163216,87
S00163217,71
S00163218,75
S00163219,110
S00163220,729
S00163221,74
S00163222,115
S00163223,76
S00163224,88
S00163225,125
S00163226,82
S00163227,66
S00163228,116
S00163229,81
S00163230,73
S00163231,104
S00163232,111
S00163233,93
S00163234,85
S00163235,114
S00163236,58
S00163237,80
S00163238,89
S00163239,76
S00163240,69
S00163241,67
S00163242,94
S00163243,92
S00163244,129
S00163245,78
S00163246,83
S00163247,74
S00163248,91
S00163249,94
S00163250,77
S00163251,71
S00163252,69
S00163253,60
S00163254,69
S00163255,72
S00163256,81
S00163257,105
S00163258,88
S00163259,71
S00163260,225
S00163261,63
S00163262,86
S00163263,99
S00163264,64
S00163265,71
S00163266,106
S00163267,104
S00163268,76
S00163269,57
S00163270,103
S00163271,118
S00163272,89
S00163273,83
S00163274,136
S00163275,108
S00163276,61
S00163277,63
S00163278,154
S00163279,128
S00163280,81
S00163281,71
S00163282,106
S00163283,72
S00163284,120
S00163285,82
S00163286,72
S00163287,82
S00163288,113
S00163289,65
S00163290,106
S00163291,93
S00163292,124
S00163293,122
S00163294,91
S00163295,63
S00163296,90
S00163297,69
S00163298,78
S00163299,78
S00163300,59
S00163301,85
S00163302,87
S00163303,104
S00163304,61
S00163305,122
S00163306,70
S00163307,104
S00163308,78
S00163309,88
S00163310,111
S00163311,120
S00163312,106
S00163313,83
S00163314,178
S00163315,125
S00163316,117
S00163317,165
S00163318,69
S00163319,101
S00163320,111
S00163321,120
S00163322,98
S00163323,122
S00163324,125
S00163325,69
S00163326,82
S00163327,114
S00163328,102
S00163329,54
S00163330,140
S00163331,115
S00163332,83
S00163333,65
S00163334,45
S00163335,87
S00163336,78
S00163337,125
S00163338,73
S00163339,151
S00163340,126
S00163341,64
S00163342,70
S00163343,117
S00163344,85
S00163345,113
S00163346,96
S00163347,103
S00163348,152
S00163349,75
S00163350,84
S00163351,61
S00163352,80
S00163353,91
S00163354,75
S00163355,64
S00163356,76
S00163357,87
S00163358,83
S00163359,101
S00163360,89
S00163361,65
S00163362,64
S00163363,158
S00163364,116
S00163365,123
S00163366,99
S00163367,102
S00163368,90
S00163369,183
S00163370,129
S00163371,112
S00163372,118
S00163373,80
S00163374,80
S00163375,117
S00163376,73
S00163377,67
S00163378,45
S00163379,87
S00163380,128
S00163381,95
S00163382,77
S00163383,93
S00163384,109
S00163385,77
S00163386,77
S00163387,69
S00163388,102
S00163389,74
S00163390,120
S00163391,76
S00163392,148
S00163393,82
S00163394,112
S00163395,115
S00163396,113
S00163397,129
S00163398,80
S00163399,86
S00163400,132
S00163401,81
S00163402,89
S00163403,79
S00163404,101
S00163405,77
S00163406,66
S00163407,142
S00163408,117
S00163409,110
S00163410,73
S00163411,141
S00163412,104
S00163413,99
S00163414,93
S00163415,127
S00163416,58
S00163417,103
S00163418,135
S00163419,80
S00163420,113
S00163421,61
S00163422,73
S00163423,81
S00163424,131
S00163425,81
S00163426,74
S00163427,137
S00163428,104
S00163429,112
S00163430,58
S00163431,73
S00163432,79
S00163433,96
S00163434,110
S00163435,128
S00163436,77
S00163437,70
S00163438,124
S00163439,63
S00163440,112
S00163441,99
S00163442,130
S00163443,54
S00163444,87
S00163445,85
S00163446,119
S00163447,65
S00163448,121
S00163449,70
S00163450,73
S00163451,88
S00163452,104
S00163453,58
S00163454,54
S00163455,82
S00163456,54
S00163457,121
S00163458,74
S00163459,63
S00163460,68
S00163461,65
S00163462,80
S00163463,86
S00163464,69
S00163465,74
S00163466,108
S00163467,55
S00163468,92
S00163469,95
S00163470,140
S00163471,71
S00163472,89
S00163473,87
S00163474,65
S00163475,69
S00163476,94
S00163477,85
S00163478,105
S00163479,115
S00163480,93
S00163481,61
S00163482,100
S00163483,104
S00163484,105
S00163485,66
S00163486,93
S00163487,87
S00163488,86
S00163489,78
S00163490,114
S00163491,128
S00163492,101
S00163493,83
S00163494,62
S00163495,65
S00163496,100
S00163497,88
S00163498,67
S00163499,71
S00163500,68
S00163501,91
S00163502,122
S00163503,98
S00163504,88
S00163505,61
S00163506,73
S00163507,94
S00163508,99
S00163509,113
S00163510,105
S00163511,88
S00163512,88
S00163513,123
S00163514,67
S00163515,87
S00163516,60
S00163517,133
S00163518,73
S00163519,104
S00163520,68
S00163521,108
S00163522,100
S00163523,74
S00163524,82
S00163525,86
S00163526,131
S00163527,131
S00163528,109
S00163529,119
S00163530,65
S00163531,133
S00163532,123
S00163533,83
S00163534,66
S00163535,68
S00163536,112
S00163537,108
S00163538,75
S00163539,111
S00163540,66
S00163541,60
S00163542,73
S00163543,53
S00163544,105
S00163545,75
S00163546,104
S00163547,62
S00163548,134
S00163549,142
S00163550,112
S00163551,141
S00163552,71
S00163553,77
S00163554,67
S00163555,84
S00163556,78
S00163557,107
S00163558,71
S00163559,61
S00163560,80
S00163561,103
S00163562,57
S00163563,68
S00163564,59
S00163565,108
S00163566,80
S00163567,64
S00163568,128
S00163569,77
S00163570,103
S00163571,62
S00163572,128
S00163573,71
S00163574,80
S00163575,141
S00163576,57
S00163577,111
S00163578,101
S00163579,109
S00163580,74
S00163581,145
S00163582,77
S00163583,126
S00163584,118
S00163585,86
S00163586,87
S00163587,136
S00163588,85
S00163589,59
S00163590,109
S00163591,63
S00163592,93
S00163593,84
S00163594,64
S00163595,78
S00163596,71
S00163597,97
S00163598,100
S00163599,86
S00163600,81
S00163601,134
S00163602,83
S00163603,84
S00163604,87
S00163605,119
S00163606,97
S00163607,88
S00163608,57
S00163609,55
S00163610,115
S00163611,117
S00163612,85
S00163613,92
S00163614,150
S00163615,61
S00163616,73
S00163617,69
S00163618,80
S00163619,70
S00163620,116
S00163621,83
S00163622,134
S00163623,77
S00163624,79
S00163625,117
S00163626,126
S00163627,63
S00163628,92
S00163629,70
S00163630,116
S00163631,108
S00163632,136
S00163633,76
S00163634,110
S00163635,106
S00163636,137
S00163637,69
S00163638,103
S00163639,103
S00163640,88
S00163641,85
S00163642,97
S00163643,100
S00163644,76
S00163645,126
S00163646,75
S00163647,86
S00163648,149
S00163649,146
S00163650,97
S00163651,99
S00163652,66
S00163653,127
S00163654,128
S00163655,103
S00163656,63
S00163657,147
S00163658,94
S00163659,63
S00163660,67
S00163661,78
S00163662,70
S00163663,144
S00163664,141
S00163665,166
S00163666,122
S00163667,85
S00163668,98
S00163669,138
S00163670,153
S00163671,122
S00163672,53
S00163673,156
S00163674,125
S00163675,137
S00163676,124
S00163677,58
S00163678,141
S00163679,67
S00163680,78
S00163681,42
S00163682,103
S00163683,80
S00163684,100
S00163685,119
S00163686,90
S00163687,97
S00163688,85
S00163689,98
S00163690,96
S00163691,92
S00163692,157
S00163693,110
S00163694,64
S00163695,110
S00163696,146
S00163697,68
S00163698,89
S00163699,79
S00163700,96
S00163701,131
S00163702,160
S00163703,112
S00163704,141
S00163705,113
S00163706,163
S00163707,68
S00163708,113
S00163709,140
S00163710,103
S00163711,69
S00163712,62
S00163713,111
S00163714,66
S00163715,124
S00163716,91
S00163717,62
S00163718,110
S00163719,143
S00163720,90
S00163721,86
S00163722,119
S00163723,147
S00163724,88
S00163725,110
S00163726,62
S00163727,50
S00163728,63
S00163729,152
S00163730,132
S00163731,72
S00163732,117
S00163733,118
S00163734,150
S00163735,130
S00163736,116
S00163737,89
S00163738,87
S00163739,112
S00163740,112
S00163741,90
S00163742,86
S00163743,105
S00163744,135
S00163745,148
S00163746,58
S00163747,81
S00163748,63
S00163749,80
S00163750,89
S00163751,152
S00163752,104
S00163753,124
S00163754,148
S00163755,90
S00163756,76
S00163757,96
S00163758,113
S00163759,132
S00163760,128
S00163761,83
S00163762,94
S00163763,87
S00163764,114
S00163765,109
S00163766,64
S00163767,54
S00163768,68
S00163769,56
S00163770,97
S00163771,90
S00163772,74
S00163773,78
S00163774,80
S00163775,95
S00163776,123
S00163777,58
S00163778,102
S00163779,83
S00163780,94
S00163781,63
S00163782,91
S00163783,98
S00163784,65
S00163785,61
S00163786,123
S00163787,151
S00163788,101
S00163789,102
S00163790,87
S00163791,136
S00163792,126
S00163793,67
S00163794,97
S00163795,60
S00163796,121
S00163797,88
S00163798,128
S00163799,154
S00163800,96
S00163801,77
S00163802,93
S00163803,137
S00163804,130
S00163805,130
S00163806,122
S00163807,160
S00163808,98
S00163809,81
S00163810,108
S00163811,60
S00163812,114
S00163813,98
S00163814,70
S00163815,101
S00163816,103
S00163817,60
S00163818,85
S00163819,79
S00163820,95
S00163821,72
S00163822,73
S00163823,96
S00163824,81
S00163825,126
S00163826,64
S00163827,121
S00163828,110
S00163829,60
S00163830,63
S00163831,76
S00163832,74
S00163833,67
S00163834,65
S00163835,57
S00163836,102
S00163837,142
S00163838,93
S00163839,104
S00163840,87
S00163841,137
S00163842,83
S00163843,94
S00163844,93
S00163845,126
S00163846,66
S00163847,61
S00163848,86
S00163849,100
S00163850,94
S00163851,87
S00163852,88
S00163853,67
S00163854,128
S00163855,97
S00163856,140
S00163857,70
S00163858,57
S00163859,122
S00163860,64
S00163861,117
S00163862,112
S00163863,90
S00163864,126
S00163865,116
S00163866,68
S00163867,59
S00163868,60
S00163869,124
S00163870,80
S00163871,62
S00163872,151
S00163873,119
S00163874,107
S00163875,119
S00163876,48
S00163877,115
S00163878,86
S00163879,58
S00163880,60
S00163881,124
S00163882,89
S00163883,84
S00163884,91
S00163885,148
S00163886,58
S00163887,108
S00163888,59
S00163889,56
S00163890,152
S00163891,140
S00163892,77
S00163893,79
S00163894,104
S00163895,118
S00163896,133
S00163897,119
S00163898,102
S00163899,124
S00163900,110
S00163901,83
S00163902,123
S00163903,72
S00163904,117
S00163905,66
S00163906,82
S00163907,97
S00163908,114
S00163909,98
S00163910,142
S00163911,51
S00163912,82
S00163913,112
S00163914,83
S00163915,112
S00163916,75
S00163917,126
S00163918,52
S00163919,87
S00163920,79
S00163921,130
S00163922,110
S00163923,74
S00163924,90
S00163925,114
S00163926,65
S00163927,129
S00163928,103
S00163929,76
S00163930,70
S00163931,61
S00163932,110
S00163933,100
S00163934,72
S00163935,163
S00163936,71
S00163937,96
S00163938,99
S00163939,109
S00163940,125
S00163941,120
S00163942,175
S00163943,67
S00163944,139
S00163945,65
S00163946,133
S00163947,153
S00163948,173
S00163949,121
S00163950,108
S00163951,143
S00163952,73
S00163953,105
S00163954,120
S00163955,110
S00163956,106
S00163957,160
S00163958,88
S00163959,172
S00163960,101
S00163961,83
S00163962,91
S00163963,134
S00163964,97
S00163965,153
S00163966,54
S00163967,85
S00163968,116
S00163969,99
S00163970,68
S00163971,65
S00163972,93
S00163973,67
S00163974,88
S00163975,70
S00163976,102
S00163977,95
S00163978,83
S00163979,112
S00163980,102
S00163981,67
S00163982,58
S00163983,77
S00163984,106
S00163985,98
S00163986,94
S00163987,86
S00163988,126
S00163989,63
S00163990,93
S00163991,158
S00163992,67
S00163993,82
S00163994,80
S00163995,89
S00163996,82
S00163997,110
S00163998,98
S00163999,114
S00164000,92
S00164001,106
S00164002,243
S00164003,154
S00164004,64
S00164005,77
S00164006,61
S00164007,108
S00164008,141
S00164009,106
S00164010,83
S00164011,138
S00164012,112
S00164013,106
S00164014,62
S00164015,68
S00164016,87
S00164017,77
S00164018,110
S00164019,90
S00164020,103
S00164021,99
S00164022,90
S00164023,93
S00164024,52
S00164025,96
S00164026,95
S00164027,99
S00164028,70
S00164029,79
S00164030,85
S00164031,73
S00164032,136
S00164033,80
S00164034,67
S00164035,87
S00164036,65
S00164037,81
S00164038,99
S00164039,122
S00164040,88
S00164041,104
S00164042,84
S00164043,84
S00164044,140
S00164045,94
S00164046,94
S00164047,146
S00164048,95
S00164049,76
S00164050,98
S00164051,72
S00164052,129
S00164053,154
S00164054,110
S00164055,168
S00164056,153
S00164057,72
S00164058,54
S00164059,123
S00164060,63
S00164061,107
S00164062,74
S00164063,84
S00164064,90
S00164065,84
S00164066,61
S00164067,64
S00164068,74
S00164069,70
S00164070,72
S00164071,75
S00164072,167
S00164073,70
S00164074,90
S00164075,157
S00164076,104
S00164077,167
S00164078,114
S00164079,86
S00164080,110
S00164081,118
S00164082,79
S00164083,99
S00164084,58
S00164085,103
S00164086,126
S00164087,57
S00164088,83
S00164089,94
S00164090,91
S00164091,116
S00164092,70
S00164093,77
S00164094,131
S00164095,143
S00164096,107
S00164097,63
S00164098,86
S00164099,71
S00164100,79
S00164101,104
S00164102,117
S00164103,114
S00164104,78
S00164105,82
S00164106,95
S00164107,63
S00164108,49
S00164109,92
S00164110,71
S00164111,94
S00164112,78
S00164113,112
S00164114,88
S00164115,110
S00164116,112
S00164117,105
S00164118,58
S00164119,61
S00164120,70
S00164121,101
S00164122,116
S00164123,73
S00164124,99
S00164125,101
S00164126,56
S00164127,87
S00164128,98
S00164129,71
S00164130,89
S00164131,63
S00164132,75
S00164133,78
S00164134,99
S00164135,104
S00164136,172
S00164137,84
S00164138,94
S00164139,139
S00164140,115
S00164141,107
S00164142,85
S00164143,76
S00164144,60
S00164145,75
S00164146,89
S00164147,90
S00164148,119
S00164149,54
S00164150,108
S00164151,108
S00164152,92
S00164153,65
S00164154,57
S00164155,113
S00164156,76
S00164157,98
S00164158,88
S00164159,95
S00164160,117
S00164161,101
S00164162,121
S00164163,56
S00164164,63
S00164165,121
S00164166,105
S00164167,114
S00164168,97
S00164169,89
S00164170,84
S00164171,103
S00164172,69
S00164173,180
S00164174,134
S00164175,62
S00164176,87
S00164177,115
S00164178,79
S00164179,92
S00164180,103
S00164181,87
S00164182,61
S00164183,172
S00164184,82
S00164185,113
S00164186,120
S00164187,104
S00164188,68
S00164189,150
S00164190,97
S00164191,69
S00164192,75
S00164193,62
S00164194,83
S00164195,77
S00164196,105
S00164197,94
S00164198,80
S00164199,130
S00164200,130
S00164201,123
S00164202,78
S00164203,134
S00164204,75
S00164205,85
S00164206,127
S00164207,78
S00164208,105
S00164209,100
S00164210,97
S00164211,89
S00164212,81
S00164213,83
S00164214,104
S00164215,78
S00164216,96
S00164217,116
S00164218,107
S00164219,129
S00164220,127
S00164221,94
S00164222,153
S00164223,122
S00164224,76
S00164225,71
S00164226,111
S00164227,104
S00164228,90
S00164229,115
S00164230,129
S00164231,63
S00164232,134
S00164233,76
S00164234,77
S00164235,66
S00164236,105
S00164237,70
S00164238,139
S00164239,93
S00164240,117
S00164241,138
S00164242,68
S00164243,73
S00164244,60
S00164245,64
S00164246,56
S00164247,103
S00164248,99
S00164249,127
S00164250,59
S00164251,54
S00164252,119
S00164253,70
S00164254,88
S00164255,124
S00164256,103
S00164257,95
S00164258,115
S00164259,76
S00164260,68
S00164261,95
S00164262,72
S00164263,153
S00164264,86
S00164265,87
S00164266,71
S00164267,89
S00164268,55
S00164269,74
S00164270,57
S00164271,116
S00164272,96
S00164273,107
S00164274,78
S00164275,56
S00164276,85
S00164277,86
S00164278,80
S00164279,105
S00164280,118
S00164281,166
S00164282,69
S00164283,114
S00164284,88
S00164285,114
S00164286,85
S00164287,93
S00164288,86
S00164289,186
S00164290,78
S00164291,86
S00164292,109
S00164293,132
S00164294,75
S00164295,94
S00164296,104
S00164297,84
S00164298,87
S00164299,60
S00164300,82
S00164301,188
S00164302,84
S00164303,80
S00164304,76
S00164305,97
S00164306,81
S00164307,89
S00164308,157
S00164309,124
S00164310,110
S00164311,96
S00164312,109
S00164313,99
S00164314,85
S00164315,59
S00164316,97
S00164317,126
S00164318,64
S00164319,69
S00164320,80
S00164321,86
S00164322,148
S00164323,111
S00164324,121
S00164325,75
S00164326,96
S00164327,89
S00164328,67
S00164329,84
S00164330,51
S00164331,83
S00164332,87
S00164333,90
S00164334,65
S00164335,63
S00164336,101
S00164337,71
S00164338,54
S00164339,145
S00164340,67
S00164341,108
S00164342,79
S00164343,83
S00164344,71
S00164345,83
S00164346,121
S00164347,110
S00164348,107
S00164349,92
S00164350,83
S00164351,81
S00164352,130
S00164353,97
S00164354,124
S00164355,75
S00164356,88
S00164357,95
S00164358,70
S00164359,79
S00164360,72
S00164361,130
S00164362,66
S00164363,57
S00164364,114
S00164365,100
S00164366,89
S00164367,97
S00164368,58
S00164369,71
S00164370,100
S00164371,107
S00164372,73
S00164373,122
S00164374,74
S00164375,89
S00164376,139
S00164377,111
S00164378,64
S00164379,53
S00164380,75
S00164381,104
S00164382,81
S00164383,58
S00164384,80
S00164385,111
S00164386,120
S00164387,123
S00164388,90
S00164389,105
S00164390,70
S00164391,76
S00164392,114
S00164393,211
S00164394,142
S00164395,108
S00164396,90
S00164397,98
S00164398,90
S00164399,80
S00164400,89
S00164401,63
S00164402,105
S00164403,87
S00164404,117
S00164405,136
S00164406,84
S00164407,118
S00164408,103
S00164409,73
S00164410,164
S00164411,83
S00164412,101
S00164413,60
S00164414,92
S00164415,81
S00164416,80
S00164417,79
S00164418,64
S00164419,109
S00164420,110
S00164421,105
S00164422,115
S00164423,117
S00164424,91
S00164425,72
S00164426,90
S00164427,74
S00164428,101
S00164429,74
S00164430,54
S00164431,74
S00164432,104
S00164433,115
S00164434,86
S00164435,78
S00164436,130
S00164437,91
S00164438,72
S00164439,73
S00164440,110
S00164441,70
S00164442,99
S00164443,115
S00164444,93
S00164445,89
S00164446,102
S00164447,80
S00164448,60
S00164449,90
S00164450,104
S00164451,104
S00164452,124
S00164453,80
S00164454,207
S00164455,104
S00164456,67
S00164457,67
S00164458,84
S00164459,87
S00164460,93
S00164461,76
S00164462,175
S00164463,135
S00164464,90
S00164465,183
S00164466,93
S00164467,65
S00164468,83
S00164469,103
S00164470,80
S00164471,114
S00164472,113
S00164473,101
S00164474,106
S00164475,145
S00164476,94
S00164477,77
S00164478,69
S00164479,85
S00164480,140
S00164481,145
S00164482,101
S00164483,96
S00164484,61
S00164485,138
S00164486,109
S00164487,122
S00164488,139
S00164489,63
S00164490,116
S00164491,110
S00164492,85
S00164493,84
S00164494,107
S00164495,102
S00164496,121
S00164497,132
S00164498,51
S00164499,82
S00164500,56
S00164501,152
S00164502,82
S00164503,94
S00164504,116
S00164505,53
S00164506,64
S00164507,129
S00164508,108
S00164509,151
S00164510,80
S00164511,98
S00164512,66
S00164513,148
S00164514,83
S00164515,102
S00164516,63
S00164517,92
S00164518,63
S00164519,111
S00164520,112
S00164521,126
S00164522,123
S00164523,60
S00164524,125
S00164525,56
S00164526,66
S00164527,89
S00164528,115
S00164529,117
S00164530,70
S00164531,94
S00164532,127
S00164533,100
S00164534,78
S00164535,123
S00164536,133
S00164537,90
S00164538,133
S00164539,137
S00164540,134
S00164541,124
S00164542,63
S00164543,55
S00164544,115
S00164545,47
S00164546,89
S00164547,76
S00164548,84
S00164549,92
S00164550,108
S00164551,119
S00164552,91
S00164553,77
S00164554,122
S00164555,98
S00164556,55
S00164557,127
S00164558,88
S00164559,102
S00164560,67
S00164561,118
S00164562,53
S00164563,115
S00164564,74
S00164565,75
S00164566,74
S00164567,69
S00164568,60
S00164569,87
S00164570,83
S00164571,62
S00164572,115
S00164573,70
S00164574,109
S00164575,116
S00164576,135
S00164577,67
S00164578,130
S00164579,72
S00164580,66
S00164581,126
S00164582,75
S00164583,82
S00164584,77
S00164585,62
S00164586,134
S00164587,80
S00164588,108
S00164589,59
S00164590,139
S00164591,61
S00164592,65
S00164593,86
S00164594,87
S00164595,126
S00164596,115
S00164597,117
S00164598,91
S00164599,58
S00164600,110
S00164601,89
S00164602,78
S00164603,79
S00164604,52
S00164605,64
S00164606,103
S00164607,59
S00164608,100
S00164609,113
S00164610,96
S00164611,64
S00164612,78
S00164613,92
S00164614,77
S00164615,134
S00164616,91
S00164617,92
S00164618,136
S00164619,79
S00164620,72
S00164621,82
S00164622,73
S00164623,56
S00164624,126
S00164625,81
S00164626,71
S00164627,109
S00164628,119
S00164629,156
S00164630,89
S00164631,133
S00164632,73
S00164633,118
S00164634,123
S00164635,109
S00164636,71
S00164637,98
S00164638,110
S00164639,108
S00164640,112
S00164641,90
S00164642,102
S00164643,71
S00164644,61
S00164645,67
S00164646,106
S00164647,109
S00164648,91
S00164649,138
S00164650,154
S00164651,93
S00164652,114
S00164653,106
S00164654,91
S00164655,101
S00164656,118
S00164657,80
S00164658,86
S00164659,101
S00164660,108
S00164661,132
S00164662,84
S00164663,73
S00164664,88
S00164665,63
S00164666,120
S00164667,83
S00164668,93
S00164669,53
S00164670,95
S00164671,117
S00164672,108
S00164673,125
S00164674,58
S00164675,80
S00164676,93
S00164677,64
S00164678,88
S00164679,91
S00164680,101
S00164681,101
S00164682,143
S00164683,60
S00164684,72
S00164685,65
S00164686,64
S00164687,49
S00164688,124
S00164689,91
S00164690,57
S00164691,71
S00164692,86
S00164693,73
S00164694,84
S00164695,160
S00164696,141
S00164697,57
S00164698,52
S00164699,83
S00164700,78
S00164701,128
S00164702,141
S00164703,103
S00164704,86
S00164705,78
S00164706,103
S00164707,78
S00164708,121
S00164709,84
S00164710,84
S00164711,87
S00164712,134
S00164713,55
S00164714,113
S00164715,77
S00164716,62
S00164717,85
S00164718,192
S00164719,52
S00164720,131
S00164721,113
S00164722,94
S00164723,86
S00164724,130
S00164725,112
S00164726,121
S00164727,176
S00164728,110
S00164729,116
S00164730,101
S00164731,152
S00164732,140
S00164733,120
S00164734,83
S00164735,53
S00164736,110
S00164737,113
S00164738,81
S00164739,123
S00164740,54
S00164741,92
S00164742,131
S00164743,146
S00164744,161
S00164745,85
S00164746,124
S00164747,103
S00164748,92
S00164749,93
S00164750,100
S00164751,141
S00164752,61
S00164753,73
S00164754,69
S00164755,113
S00164756,115
S00164757,131
S00164758,56
S00164759,168
S00164760,78
S00164761,72
S00164762,52
S00164763,98
S00164764,69
S00164765,84
S00164766,73
S00164767,118
S00164768,85
S00164769,78
S00164770,116
S00164771,126
S00164772,80
S00164773,90
S00164774,123
S00164775,93
S00164776,67
S00164777,79
S00164778,117
S00164779,89
S00164780,130
S00164781,123
S00164782,100
S00164783,112
S00164784,78
S00164785,110
S00164786,170
S00164787,85
S00164788,67
S00164789,104
S00164790,71
S00164791,152
S00164792,76
S00164793,101
S00164794,77
S00164795,99
S00164796,94
S00164797,67
S00164798,100
S00164799,135
S00164800,121
S00164801,88
S00164802,142
S00164803,88
S00164804,89
S00164805,111
S00164806,59
S00164807,117
S00164808,85
S00164809,84
S00164810,130
S00164811,100
S00164812,106
S00164813,164
S00164814,127
S00164815,127
S00164816,84
S00164817,56
S00164818,81
S00164819,85
S00164820,173
S00164821,101
S00164822,83
S00164823,62
S00164824,79
S00164825,123
S00164826,156
S00164827,125
S00164828,137
S00164829,117
S00164830,88
S00164831,115
S00164832,152
S00164833,131
S00164834,88
S00164835,110
S00164836,141
S00164837,95
S00164838,121
S00164839,73
S00164840,122
S00164841,152
S00164842,142
S00164843,95
S00164844,86
S00164845,140
S00164846,77
S00164847,100
S00164848,133
S00164849,122
S00164850,69
S00164851,142
S00164852,91
S00164853,61
S00164854,80
S00164855,51
S00164856,117
S00164857,104
S00164858,120
S00164859,97
S00164860,109
S00164861,71
S00164862,85
S00164863,115
S00164864,77
S00164865,86
S00164866,68
S00164867,91
S00164868,115
S00164869,61
S00164870,169
S00164871,86
S00164872,65
S00164873,97
S00164874,69
S00164875,96
S00164876,120
S00164877,83
S00164878,79
S00164879,110
S00164880,103
S00164881,136
S00164882,111
S00164883,80
S00164884,173
S00164885,93
S00164886,107
S00164887,91
S00164888,76
S00164889,126
S00164890,88
S00164891,97
S00164892,83
S00164893,162
S00164894,119
S00164895,75
S00164896,133
S00164897,79
S00164898,77
S00164899,92
S00164900,65
S00164901,142
S00164902,135
S00164903,78
S00164904,64
S00164905,104
S00164906,101
S00164907,121
S00164908,58
S00164909,84
S00164910,118
S00164911,58
S00164912,90
S00164913,64
S00164914,97
S00164915,100
S00164916,90
S00164917,85
S00164918,55
S00164919,79
S00164920,120
S00164921,132
S00164922,122
S00164923,130
S00164924,69
S00164925,89
S00164926,71
S00164927,103
S00164928,80
S00164929,81
S00164930,80
S00164931,66
S00164932,68
S00164933,98
S00164934,128
S00164935,94
S00164936,95
S00164937,129
S00164938,92
S00164939,109
S00164940,155
S00164941,105
S00164942,113
S00164943,97
S00164944,87
S00164945,84
S00164946,91
S00164947,82
S00164948,101
S00164949,84
S00164950,81
S00164951,94
S00164952,89
S00164953,131
S00164954,88
S00164955,83
S00164956,150
S00164957,129
S00164958,94
S00164959,97
S00164960,75
S00164961,122
S00164962,98
S00164963,202
S00164964,90
S00164965,119
S00164966,134
S00164967,171
S00164968,110
S00164969,101
S00164970,70
S00164971,155
S00164972,125
S00164973,117
S00164974,110
S00164975,99
S00164976,79
S00164977,128
S00164978,138
S00164979,69
S00164980,98
S00164981,93
S00164982,87
S00164983,115
S00164984,90
S00164985,104
S00164986,106
S00164987,110
S00164988,131
S00164989,107
S00164990,59
S00164991,123
S00164992,64
S00164993,144
S00164994,130
S00164995,132
S00164996,103
S00164997,94
S00164998,88
S00164999,100
S00165000,108
S00165001,139
S00165002,99
S00165003,83
S00165004,75
S00165005,109
S00165006,78
S00165007,97
S00165008,89
S00165009,114
S00165010,84
S00165011,53
S00165012,97
S00165013,79
S00165014,143
S00165015,162
S00165016,76
S00165017,62
S00165018,82
S00165019,101
S00165020,128
S00165021,60
S00165022,129
S00165023,140
S00165024,128
S00165025,138
S00165026,85
S00165027,155
S00165028,62
S00165029,108
S00165030,57
S00165031,100
S00165032,127
S00165033,63
S00165034,142
S00165035,76
S00165036,87
S00165037,110
S00165038,73
S00165039,112
S00165040,114
S00165041,150
S00165042,74
S00165043,134
S00165044,60
S00165045,51
S00165046,143
S00165047,141
S00165048,64
S00165049,99
S00165050,105
S00165051,68
S00165052,82
S00165053,80
S00165054,102
S00165055,62
S00165056,87
S00165057,106
S00165058,126
S00165059,171
S00165060,85
S00165061,110
S00165062,110
S00165063,90
S00165064,73
S00165065,86
S00165066,104
S00165067,90
S00165068,87
S00165069,128
S00165070,110
S00165071,116
S00165072,151
S00165073,110
S00165074,167
S00165075,94
S00165076,77
S00165077,92
S00165078,119
S00165079,88
S00165080,89
S00165081,155
S00165082,112
S00165083,55
S00165084,106
S00165085,71
S00165086,82
S00165087,77
S00165088,131
S00165089,152
S00165090,82
S00165091,89
S00165092,166
S00165093,129
S00165094,57
S00165095,164
S00165096,84
S00165097,126
S00165098,98
S00165099,57
S00165100,144
S00165101,98
S00165102,164
S00165103,78
S00165104,71
S00165105,63
S00165106,75
S00165107,127
S00165108,69
S00165109,109
S00165110,99
S00165111,90
S00165112,76
S00165113,80
S00165114,101
S00165115,54
S00165116,80
S00165117,68
S00165118,57
S00165119,157
S00165120,102
S00165121,138
S00165122,107
S00165123,96
S00165124,80
S00165125,139
S00165126,132
S00165127,57
S00165128,86
S00165129,118
S00165130,60
S00165131,99
S00165132,63
S00165133,75
S00165134,83
S00165135,84
S00165136,84
S00165137,119
S00165138,153
S00165139,87
S00165140,62
S00165141,128
S00165142,88
S00165143,109
S00165144,73
S00165145,83
S00165146,95
S00165147,76
S00165148,68
S00165149,119
S00165150,103
S00165151,78
S00165152,104
S00165153,60
S00165154,103
S00165155,99
S00165156,61
S00165157,90
S00165158,144
S00165159,132
S00165160,92
S00165161,98
S00165162,92
S00165163,90
S00165164,92
S00165165,74
S00165166,96
S00165167,79
S00165168,67
S00165169,61
S00165170,99
S00165171,72
S00165172,85
S00165173,78
S00165174,113
S00165175,102
S00165176,108
S00165177,64
S00165178,84
S00165179,127
S00165180,86
S00165181,101
S00165182,75
S00165183,86
S00165184,123
S00165185,80
S00165186,96
S00165187,73
S00165188,64
S00165189,126
S00165190,99
S00165191,76
S00165192,121
S00165193,94
S00165194,115
S00165195,91
S00165196,93
S00165197,62
S00165198,106
S00165199,105
S00165200,77
S00165201,98
S00165202,120
S00165203,96
S00165204,96
S00165205,140
S00165206,136
S00165207,97
S00165208,163
S00165209,90
S00165210,81
S00165211,122
S00165212,126
S00165213,120
S00165214,92
S00165215,86
S00165216,131
S00165217,63
S00165218,59
S00165219,103
S00165220,110
S00165221,99
S00165222,121
S00165223,76
S00165224,87
S00165225,151
S00165226,95
S00165227,90
S00165228,86
S00165229,88
S00165230,64
S00165231,122
S00165232,86
S00165233,129
S00165234,63
S00165235,85
S00165236,74
S00165237,68
S00165238,79
S00165239,132
S00165240,82
S00165241,78
S00165242,81
S00165243,106
S00165244,117
S00165245,61
S00165246,123
S00165247,105
S00165248,82
S00165249,62
S00165250,74
S00165251,93
S00165252,88
S00165253,114
S00165254,95
S00165255,114
S00165256,100
S00165257,149
S00165258,90
S00165259,81
S00165260,113
S00165261,106
S00165262,157
S00165263,64
S00165264,80
S00165265,100
S00165266,115
S00165267,72
S00165268,125
S00165269,156
S00165270,104
S00165271,90
S00165272,82
S00165273,101
S00165274,87
S00165275,140
S00165276,106
S00165277,76
S00165278,93
S00165279,105
S00165280,55
S00165281,71
S00165282,103
S00165283,96
S00165284,87
S00165285,117
S00165286,93
S00165287,70
S00165288,56
S00165289,92
S00165290,125
S00165291,124
S00165292,68
S00165293,175
S00165294,100
S00165295,133
S00165296,95
S00165297,95
S00165298,68
S00165299,152
S00165300,131
S00165301,88
S00165302,98
S00165303,129
S00165304,59
S00165305,118
S00165306,73
S00165307,135
S00165308,86
S00165309,109
S00165310,74
S00165311,95
S00165312,75
S00165313,63
S00165314,60
S00165315,78
S00165316,135
S00165317,77
S00165318,100
S00165319,169
S00165320,107
S00165321,104
S00165322,89
S00165323,104
S00165324,122
S00165325,99
S00165326,135
S00165327,83
S00165328,111
S00165329,166
S00165330,98
S00165331,95
S00165332,110
S00165333,158
S00165334,146
S00165335,79
S00165336,172
S00165337,83
S00165338,157
S00165339,122
S00165340,61
S00165341,116
S00165342,128
S00165343,86
S00165344,95
S00165345,153
S00165346,102
S00165347,78
S00165348,171
S00165349,77
S00165350,91
S00165351,102
S00165352,117
S00165353,159
S00165354,138
S00165355,96
S00165356,88
S00165357,92
S00165358,80
S00165359,135
S00165360,125
S00165361,82
S00165362,169
S00165363,154
S00165364,148
S00165365,151
S00165366,104
S00165367,159
S00165368,71
S00165369,110
S00165370,103
S00165371,57
S00165372,71
S00165373,99
S00165374,97
S00165375,70
S00165376,114
S00165377,118
S00165378,57
S00165379,146
S00165380,76
S00165381,65
S00165382,86
S00165383,101
S00165384,385
S00165385,176
S00165386,133
S00165387,101
S00165388,69
S00165389,101
S00165390,116
S00165391,111
S00165392,94
S00165393,93
S00165394,83
S00165395,99
S00165396,94
S00165397,122
S00165398,51
S00165399,77
S00165400,85
S00165401,129
S00165402,137
S00165403,117
S00165404,86
S00165405,155
S00165406,93
S00165407,121
S00165408,89
S00165409,174
S00165410,140
S00165411,166
S00165412,125
S00165413,112
S00165414,47
S00165415,170
S00165416,105
S00165417,114
S00165418,82
S00165419,78
S00165420,72
S00165421,103
S00165422,120
S00165423,118
S00165424,117
S00165425,113
S00165426,99
S00165427,54
S00165428,72
S00165429,73
S00165430,150
S00165431,110
S00165432,96
S00165433,97
S00165434,160
S00165435,114
S00165436,56
S00165437,110
S00165438,151
S00165439,148
S00165440,78
S00165441,90
S00165442,69
S00165443,63
S00165444,72
S00165445,121
S00165446,128
S00165447,95
S00165448,132
S00165449,148
S00165450,101
S00165451,91
S00165452,72
S00165453,104
S00165454,67
S00165455,76
S00165456,67
S00165457,89
S00165458,67
S00165459,85
S00165460,59
S00165461,74
S00165462,123
S00165463,92
S00165464,87
S00165465,81
S00165466,140
S00165467,123
S00165468,84
S00165469,61
S00165470,87
S00165471,99
S00165472,118
S00165473,116
S00165474,90
S00165475,68
S00165476,82
S00165477,90
S00165478,77
S00165479,72
S00165480,96
S00165481,116
S00165482,110
S00165483,103
S00165484,114
S00165485,58
S00165486,85
S00165487,121
S00165488,72
S00165489,113
S00165490,104
S00165491,86
S00165492,111
S00165493,113
S00165494,100
S00165495,142
S00165496,124
S00165497,62
S00165498,77
S00165499,105
S00165500,58
S00165501,86
S00165502,127
S00165503,102
S00165504,153
S00165505,85
S00165506,115
S00165507,72
S00165508,76
S00165509,77
S00165510,91
S00165511,65
S00165512,84
S00165513,112
S00165514,63
S00165515,114
S00165516,131
S00165517,136
S00165518,161
S00165519,96
S00165520,112
S00165521,96
S00165522,94
S00165523,86
S00165524,111
S00165525,77
S00165526,59
S00165527,109
S00165528,81
S00165529,84
S00165530,98
S00165531,83
S00165532,77
S00165533,115
S00165534,109
S00165535,69
S00165536,64
S00165537,68
S00165538,86
S00165539,110
S00165540,84
S00165541,73
S00165542,102
S00165543,142
S00165544,104
S00165545,143
S00165546,74
S00165547,79
S00165548,111
S00165549,75
S00165550,87
S00165551,96
S00165552,96
S00165553,92
S00165554,126
S00165555,89
S00165556,104
S00165557,80
S00165558,55
S00165559,678
S00165560,114
S00165561,97
S00165562,68
S00165563,85
S00165564,91
S00165565,86
S00165566,117
S00165567,114
S00165568,132
S00165569,99
S00165570,119
S00165571,60
S00165572,102
S00165573,77
S00165574,97
S00165575,127
S00165576,86
S00165577,55
S00165578,69
S00165579,109
S00165580,367
S00165581,126
S00165582,68
S00165583,87
S00165584,68
S00165585,68
S00165586,120
S00165587,108
S00165588,69
S00165589,64
S00165590,85
S00165591,90
S00165592,64
S00165593,109
S00165594,64
S00165595,61
S00165596,92
S00165597,52
S00165598,96
S00165599,106
S00165600,103
S00165601,162
S00165602,58
S00165603,111
S00165604,62
S00165605,121
S00165606,61
S00165607,56
S00165608,77
S00165609,69
S00165610,96
S00165611,76
S00165612,71
S00165613,120
S00165614,107
S00165615,69
S00165616,90
S00165617,66
S00165618,103
S00165619,101
S00165620,72
S00165621,94
S00165622,76
S00165623,113
S00165624,74
S00165625,89
S00165626,90
S00165627,142
S00165628,160
S00165629,94
S00165630,117
S00165631,53
S00165632,84
S00165633,94
S00165634,93
S00165635,105
S00165636,51
S00165637,105
S00165638,84
S00165639,127
S00165640,120
S00165641,138
S00165642,103
S00165643,69
S00165644,119
S00165645,125
S00165646,132
S00165647,61
S00165648,95
S00165649,75
S00165650,102
S00165651,57
S00165652,59
S00165653,87
S00165654,97
S00165655,74
S00165656,73
S00165657,86
S00165658,111
S00165659,98
S00165660,102
S00165661,86
S00165662,99
S00165663,74
S00165664,108
S00165665,89
S00165666,94
S00165667,83
S00165668,73
S00165669,66
S00165670,76
S00165671,70
S00165672,108
S00165673,87
S00165674,73
S00165675,67
S00165676,112
S00165677,149
S00165678,136
S00165679,68
S00165680,140
S00165681,74
S00165682,94
S00165683,139
S00165684,152
S00165685,117
S00165686,112
S00165687,59
S00165688,67
S00165689,69
S00165690,90
S00165691,70
S00165692,101
S00165693,99
S00165694,125
S00165695,120
S00165696,67
S00165697,151
S00165698,113
S00165699,91
S00165700,90
S00165701,73
S00165702,84
S00165703,107
S00165704,81
S00165705,51
S00165706,99
S00165707,77
S00165708,87
S00165709,72
S00165710,101
S00165711,70
S00165712,66
S00165713,61
S00165714,86
S00165715,64
S00165716,169
S00165717,134
S00165718,90
S00165719,82
S00165720,81
S00165721,113
S00165722,96
S00165723,119
S00165724,93
S00165725,128
S00165726,78
S00165727,72
S00165728,109
S00165729,82
S00165730,140
S00165731,82
S00165732,116
S00165733,74
S00165734,96
S00165735,83
S00165736,62
S00165737,58
S00165738,80
S00165739,98
S00165740,88
S00165741,87
S00165742,95
S00165743,119
S00165744,76
S00165745,122
S00165746,98
S00165747,148
S00165748,104
S00165749,76
S00165750,75
S00165751,436
S00165752,104
S00165753,101
S00165754,72
S00165755,103
S00165756,75
S00165757,134
S00165758,165
S00165759,63
S00165760,65
S00165761,71
S00165762,116
S00165763,94
S00165764,106
S00165765,97
S00165766,111
S00165767,76
S00165768,107
S00165769,94
S00165770,84
S00165771,103
S00165772,99
S00165773,93
S00165774,90
S00165775,74
S00165776,96
S00165777,75
S00165778,109
S00165779,71
S00165780,78
S00165781,62
S00165782,84
S00165783,64
S00165784,110
S00165785,100
S00165786,119
S00165787,82
S00165788,135
S00165789,124
S00165790,137
S00165791,123
S00165792,79
S00165793,121
S00165794,142
S00165795,92
S00165796,145
S00165797,91
S00165798,62
S00165799,113
S00165800,145
S00165801,105
S00165802,92
S00165803,135
S00165804,77
S00165805,106
S00165806,72
S00165807,65
S00165808,49
S00165809,111
S00165810,96
S00165811,116
S00165812,88
S00165813,114
S00165814,132
S00165815,87
S00165816,78
S00165817,114
S00165818,113
S00165819,115
S00165820,54
S00165821,79
S00165822,71
S00165823,103
S00165824,80
S00165825,130
S00165826,95
S00165827,111
S00165828,82
S00165829,124
S00165830,122
S00165831,65
S00165832,63
S00165833,84
S00165834,106
S00165835,74
S00165836,155
S00165837,80
S00165838,85
S00165839,103
S00165840,128
S00165841,92
S00165842,71
S00165843,82
S00165844,159
S00165845,142
S00165846,76
S00165847,138
S00165848,119
S00165849,74
S00165850,142
S00165851,100
S00165852,85
S00165853,67
S00165854,70
S00165855,81
S00165856,127
S00165857,63
S00165858,58
S00165859,98
S00165860,96
S00165861,88
S00165862,135
S00165863,89
S00165864,71
S00165865,79
S00165866,68
S00165867,76
S00165868,89
S00165869,57
S00165870,61
S00165871,119
S00165872,66
S00165873,137
S00165874,106
S00165875,112
S00165876,89
S00165877,97
S00165878,75
S00165879,58
S00165880,95
S00165881,79
S00165882,80
S00165883,60
S00165884,70
S00165885,93
S00165886,99
S00165887,61
S00165888,70
S00165889,75
S00165890,92
S00165891,78
S00165892,114
S00165893,71
S00165894,84
S00165895,99
S00165896,96
S00165897,54
S00165898,85
S00165899,77
S00165900,115
S00165901,64
S00165902,94
S00165903,90
S00165904,71
S00165905,89
S00165906,106
S00165907,76
S00165908,66
S00165909,72
S00165910,89
S00165911,68
S00165912,45
S00165913,68
S00165914,98
S00165915,109
S00165916,63
S00165917,101
S00165918,110
S00165919,78
S00165920,73
S00165921,100
S00165922,51
S00165923,56
S00165924,70
S00165925,105
S00165926,60
S00165927,58
S00165928,99
S00165929,55
S00165930,138
S00165931,56
S00165932,118
S00165933,82
S00165934,98
S00165935,146
S00165936,111
S00165937,80
S00165938,84
S00165939,115
S00165940,135
S00165941,66
S00165942,129
S00165943,109
S00165944,86
S00165945,116
S00165946,81
S00165947,91
S00165948,69
S00165949,100
S00165950,78
S00165951,60
S00165952,63
S00165953,117
S00165954,101
S00165955,81
S00165956,73
S00165957,104
S00165958,130
S00165959,83
S00165960,144
S00165961,77
S00165962,65
S00165963,67
S00165964,87
S00165965,83
S00165966,114
S00165967,56
S00165968,96
S00165969,125
S00165970,135
S00165971,88
S00165972,66
S00165973,57
S00165974,108
S00165975,117
S00165976,92
S00165977,130
S00165978,89
S00165979,74
S00165980,109
S00165981,103
S00165982,88
S00165983,137
S00165984,77
S00165985,97
S00165986,115
S00165987,89
S00165988,125
S00165989,123
S00165990,61
S00165991,89
S00165992,94
S00165993,58
S00165994,134
S00165995,120
S00165996,150
S00165997,79
S00165998,64
S00165999,116
S00166000,82
S00166001,102
S00166002,114
S00166003,150
S00166004,69
S00166005,71
S00166006,58
S00166007,95
S00166008,171
S00166009,70
S00166010,74
S00166011,97
S00166012,66
S00166013,95
S00166014,111
S00166015,79
S00166016,155
S00166017,91
S00166018,109
S00166019,109
S00166020,91
S00166021,101
S00166022,113
S00166023,121
S00166024,174
S00166025,92
S00166026,77
S00166027,73
S00166028,154
S00166029,88
S00166030,106
S00166031,85
S00166032,79
S00166033,62
S00166034,116
S00166035,138
S00166036,80
S00166037,138
S00166038,112
S00166039,66
S00166040,82
S00166041,77
S00166042,63
S00166043,143
S00166044,86
S00166045,122
S00166046,52
S00166047,76
S00166048,100
S00166049,58
S00166050,68
S00166051,97
S00166052,110
S00166053,96
S00166054,85
S00166055,74
S00166056,102
S00166057,54
S00166058,96
S00166059,103
S00166060,92
S00166061,127
S00166062,111
S00166063,146
S00166064,55
S00166065,56
S00166066,93
S00166067,93
S00166068,98
S00166069,60
S00166070,109
S00166071,81
S00166072,113
S00166073,102
S00166074,128
S00166075,85
S00166076,107
S00166077,107
S00166078,87
S00166079,155
S00166080,140
S00166081,135
S00166082,130
S00166083,95
S00166084,103
S00166085,80
S00166086,114
S00166087,82
S00166088,115
S00166089,144
S00166090,75
S00166091,123
S00166092,149
S00166093,121
S00166094,53
S00166095,81
S00166096,63
S00166097,118
S00166098,107
S00166099,96
S00166100,142
S00166101,170
S00166102,100
S00166103,112
S00166104,135
S00166105,57
S00166106,110
S00166107,72
S00166108,127
S00166109,98
S00166110,90
S00166111,140
S00166112,64
S00166113,130
S00166114,62
S00166115,65
S00166116,120
S00166117,71
S00166118,112
S00166119,142
S00166120,118
S00166121,59
S00166122,86
S00166123,67
S00166124,76
S00166125,57
S00166126,81
S00166127,117
S00166128,63
S00166129,61
S00166130,61
S00166131,72
S00166132,64
S00166133,100
S00166134,129
S00166135,89
S00166136,89
S00166137,69
S00166138,71
S00166139,69
S00166140,110
S00166141,118
S00166142,80
S00166143,116
S00166144,107
S00166145,138
S00166146,72
S00166147,108
S00166148,106
S00166149,84
S00166150,131
S00166151,101
S00166152,89
S00166153,104
S00166154,96
S00166155,67
S00166156,80
S00166157,91
S00166158,122
S00166159,144
S00166160,76
S00166161,87
S00166162,79
S00166163,75
S00166164,113
S00166165,88
S00166166,104
S00166167,67
S00166168,110
S00166169,72
S00166170,109
S00166171,109
S00166172,58
S00166173,58
S00166174,116
S00166175,79
S00166176,104
S00166177,81
S00166178,119
S00166179,109
S00166180,96
S00166181,74
S00166182,143
S00166183,73
S00166184,78
S00166185,59
S00166186,53
S00166187,78
S00166188,59
S00166189,69
S00166190,66
S00166191,109
S00166192,82
S00166193,92
S00166194,72
S00166195,126
S00166196,125
S00166197,85
S00166198,98
S00166199,112
S00166200,56
S00166201,151
S00166202,71
S00166203,154
S00166204,149
S00166205,75
S00166206,61
S00166207,83
S00166208,105
S00166209,75
S00166210,155
S00166211,65
S00166212,82
S00166213,79
S00166214,58
S00166215,175
S00166216,157
S00166217,185
S00166218,73
S00166219,133
S00166220,52
S00166221,93
S00166222,92
S00166223,119
S00166224,79
S00166225,70
S00166226,140
S00166227,61
S00166228,80
S00166229,121
S00166230,140
S00166231,89
S00166232,126
S00166233,75
S00166234,85
S00166235,70
S00166236,99
S00166237,153
S00166238,118
S00166239,115
S00166240,138
S00166241,80
S00166242,116
S00166243,155
S00166244,101
S00166245,120
S00166246,117
S00166247,127
S00166248,102
S00166249,112
S00166250,85
S00166251,81
S00166252,99
S00166253,132
S00166254,87
S00166255,128
S00166256,77
S00166257,79
S00166258,54
S00166259,142
S00166260,93
S00166261,84
S00166262,120
S00166263,96
S00166264,65
S00166265,101
S00166266,110
S00166267,67
S00166268,91
S00166269,84
S00166270,104
S00166271,121
S00166272,105
S00166273,83
S00166274,57
S00166275,75
S00166276,137
S00166277,83
S00166278,58
S00166279,110
S00166280,83
S00166281,102
S00166282,74
S00166283,89
S00166284,128
S00166285,101
S00166286,67
S00166287,98
S00166288,128
S00166289,65
S00166290,127
S00166291,77
S00166292,96
S00166293,73
S00166294,103
S00166295,118
S00166296,85
S00166297,104
S00166298,102
S00166299,75
S00166300,68
S00166301,120
S00166302,82
S00166303,67
S00166304,140
S00166305,105
S00166306,96
S00166307,83
S00166308,86
S00166309,86
S00166310,96
S00166311,57
S00166312,153
S00166313,113
S00166314,116
S00166315,84
S00166316,82
S00166317,62
S00166318,100
S00166319,121
S00166320,61
S00166321,84
S00166322,98
S00166323,143
S00166324,98
S00166325,58
S00166326,112
S00166327,54
S00166328,110
S00166329,104
S00166330,95
S00166331,69
S00166332,87
S00166333,131
S00166334,69
S00166335,146
S00166336,105
S00166337,62
S00166338,111
S00166339,89
S00166340,69
S00166341,130
S00166342,122
S00166343,73
S00166344,74
S00166345,75
S00166346,134
S00166347,67
S00166348,133
S00166349,65
S00166350,84
S00166351,66
S00166352,107
S00166353,72
S00166354,124
S00166355,66
S00166356,121
S00166357,127
S00166358,78
S00166359,126
S00166360,124
S00166361,113
S00166362,63
S00166363,75
S00166364,86
S00166365,63
S00166366,88
S00166367,135
S00166368,78
S00166369,107
S00166370,94
S00166371,81
S00166372,160
S00166373,89
S00166374,123
S00166375,103
S00166376,70
S00166377,105
S00166378,122
S00166379,102
S00166380,98
S00166381,99
S00166382,158
S00166383,83
S00166384,116
S00166385,99
S00166386,151
S00166387,104
S00166388,129
S00166389,81
S00166390,64
S00166391,86
S00166392,96
S00166393,127
S00166394,78
S00166395,156
S00166396,95
S00166397,69
S00166398,90
S00166399,80
S00166400,93
S00166401,58
S00166402,167
S00166403,99
S00166404,79
S00166405,81
S00166406,94
S00166407,134
S00166408,58
S00166409,81
S00166410,103
S00166411,107
S00166412,133
S00166413,83
S00166414,117
S00166415,118
S00166416,103
S00166417,70
S00166418,62
S00166419,73
S00166420,98
S00166421,178
S00166422,145
S00166423,79
S00166424,97
S00166425,138
S00166426,79
S00166427,132
S00166428,134
S00166429,102
S00166430,75
S00166431,114
S00166432,143
S00166433,86
S00166434,115
S00166435,124
S00166436,68
S00166437,166
S00166438,82
S00166439,75
S00166440,82
S00166441,90
S00166442,108
S00166443,60
S00166444,91
S00166445,104
S00166446,64
S00166447,137
S00166448,88
S00166449,97
S00166450,100
S00166451,45
S00166452,64
S00166453,141
S00166454,123
S00166455,77
S00166456,90
S00166457,78
S00166458,114
S00166459,117
S00166460,94
S00166461,113
S00166462,135
S00166463,101
S00166464,70
S00166465,129
S00166466,79
S00166467,127
S00166468,98
S00166469,116
S00166470,93
S00166471,58
S00166472,96
S00166473,61
S00166474,74
S00166475,87
S00166476,71
S00166477,76
S00166478,118
S00166479,54
S00166480,66
S00166481,73
S00166482,131
S00166483,80
S00166484,152
S00166485,92
S00166486,72
S00166487,74
S00166488,68
S00166489,69
S00166490,76
S00166491,144
S00166492,59
S00166493,81
S00166494,71
S00166495,70
S00166496,61
S00166497,52
S00166498,87
S00166499,106
S00166500,120
S00166501,61
S00166502,76
S00166503,63
S00166504,81
S00166505,112
S00166506,139
S00166507,136
S00166508,58
S00166509,143
S00166510,100
S00166511,87
S00166512,117
S00166513,86
S00166514,113
S00166515,81
S00166516,100
S00166517,44
S00166518,138
S00166519,48
S00166520,97
S00166521,93
S00166522,118
S00166523,112
S00166524,139
S00166525,72
S00166526,63
S00166527,117
S00166528,112
S00166529,70
S00166530,95
S00166531,63
S00166532,84
S00166533,132
S00166534,104
S00166535,77
S00166536,55
S00166537,97
S00166538,98
S00166539,68
S00166540,63
S00166541,59
S00166542,55
S00166543,57
S00166544,76
S00166545,76
S00166546,68
S00166547,76
S00166548,71
S00166549,99
S00166550,77
S00166551,114
S00166552,115
S00166553,61
S00166554,71
S00166555,59
S00166556,112
S00166557,112
S00166558,96
S00166559,77
S00166560,69
S00166561,126
S00166562,110
S00166563,104
S00166564,62
S00166565,110
S00166566,129
S00166567,110
S00166568,62
S00166569,93
S00166570,69
S00166571,99
S00166572,102
S00166573,70
S00166574,99
S00166575,97
S00166576,70
S00166577,78
S00166578,103
S00166579,123
S00166580,69
S00166581,96
S00166582,86
S00166583,126
S00166584,49
S00166585,61
S00166586,75
S00166587,70
S00166588,134
S00166589,88
S00166590,58
S00166591,108
S00166592,107
S00166593,105
S00166594,130
S00166595,92
S00166596,81
S00166597,123
S00166598,72
S00166599,67
S00166600,171
S00166601,126
S00166602,112
S00166603,65
S00166604,103
S00166605,94
S00166606,91
S00166607,113
S00166608,130
S00166609,74
S00166610,85
S00166611,175
S00166612,125
S00166613,92
S00166614,74
S00166615,131
S00166616,124
S00166617,151
S00166618,91
S00166619,109
S00166620,123
S00166621,131
S00166622,143
S00166623,106
S00166624,68
S00166625,123
S00166626,181
S00166627,109
S00166628,163
S00166629,74
S00166630,94
S00166631,120
S00166632,69
S00166633,135
S00166634,80
S00166635,97
S00166636,125
S00166637,101
S00166638,80
S00166639,110
S00166640,99
S00166641,104
S00166642,133
S00166643,160
S00166644,114
S00166645,90
S00166646,94
S00166647,142
S00166648,118
S00166649,100
S00166650,137
S00166651,134
S00166652,88
S00166653,118
S00166654,121
S00166655,107
S00166656,87
S00166657,101
S00166658,132
S00166659,129
S00166660,70
S00166661,119
S00166662,82
S00166663,95
S00166664,103
S00166665,134
S00166666,46
S00166667,101
S00166668,65
S00166669,77
S00166670,56
S00166671,74
S00166672,101
S00166673,85
S00166674,89
S00166675,143
S00166676,76
S00166677,114
S00166678,101
S00166679,84
S00166680,71
S00166681,98
S00166682,116
S00166683,75
S00166684,69
S00166685,110
S00166686,117
S00166687,104
S00166688,117
S00166689,81
S00166690,63
S00166691,63
S00166692,99
S00166693,83
S00166694,68
S00166695,139
S00166696,93
S00166697,147
S00166698,80
S00166699,96
S00166700,91
S00166701,90
S00166702,125
S00166703,111
S00166704,61
S00166705,115
S00166706,90
S00166707,62
S00166708,110
S00166709,85
S00166710,77
S00166711,162
S00166712,77
S00166713,113
S00166714,93
S00166715,88
S00166716,99
S00166717,121
S00166718,108
S00166719,118
S00166720,80
S00166721,127
S00166722,67
S00166723,71
S00166724,143
S00166725,151
S00166726,103
S00166727,139
S00166728,116
S00166729,122
S00166730,75
S00166731,90
S00166732,122
S00166733,81
S00166734,73
S00166735,67
S00166736,79
S00166737,80
S00166738,87
S00166739,76
S00166740,85
S00166741,106
S00166742,66
S00166743,72
S00166744,131
S00166745,65
S00166746,115
S00166747,70
S00166748,84
S00166749,56
S00166750,95
S00166751,82
S00166752,82
S00166753,77
S00166754,71
S00166755,135
S00166756,59
S00166757,87
S00166758,69
S00166759,105
S00166760,85
S00166761,80
S00166762,149
S00166763,105
S00166764,108
S00166765,83
S00166766,103
S00166767,108
S00166768,61
S00166769,119
S00166770,107
S00166771,59
S00166772,92
S00166773,123
S00166774,141
S00166775,123
S00166776,132
S00166777,148
S00166778,81
S00166779,67
S00166780,152
S00166781,148
S00166782,77
S00166783,52
S00166784,132
S00166785,105
S00166786,107
S00166787,113
S00166788,109
S00166789,140
S00166790,116
S00166791,78
S00166792,106
S00166793,51
S00166794,57
S00166795,87
S00166796,113
S00166797,113
S00166798,81
S00166799,98
S00166800,78
S00166801,106
S00166802,80
S00166803,61
S00166804,94
S00166805,120
S00166806,89
S00166807,90
S00166808,73
S00166809,90
S00166810,92
S00166811,76
S00166812,81
S00166813,101
S00166814,68
S00166815,86
S00166816,85
S00166817,81
S00166818,84
S00166819,85
S00166820,57
S00166821,58
S00166822,88
S00166823,82
S00166824,171
S00166825,86
S00166826,61
S00166827,66
S00166828,88
S00166829,63
S00166830,83
S00166831,52
S00166832,96
S00166833,72
S00166834,64
S00166835,74
S00166836,97
S00166837,129
S00166838,131
S00166839,144
S00166840,93
S00166841,78
S00166842,61
S00166843,154
S00166844,79
S00166845,101
S00166846,58
S00166847,126
S00166848,123
S00166849,62
S00166850,76
S00166851,84
S00166852,143
S00166853,120
S00166854,79
S00166855,58
S00166856,129
S00166857,92
S00166858,65
S00166859,104
S00166860,155
S00166861,115
S00166862,72
S00166863,90
S00166864,91
S00166865,97
S00166866,109
S00166867,152
S00166868,69
S00166869,82
S00166870,90
S00166871,73
S00166872,73
S00166873,60
S00166874,139
S00166875,85
S00166876,111
S00166877,90
S00166878,112
S00166879,112
S00166880,96
S00166881,130
S00166882,108
S00166883,124
S00166884,114
S00166885,76
S00166886,111
S00166887,155
S00166888,65
S00166889,85
S00166890,103
S00166891,142
S00166892,85
S00166893,139
S00166894,146
S00166895,66
S00166896,105
S00166897,97
S00166898,79
S00166899,53
S00166900,68
S00166901,125
S00166902,74
S00166903,80
S00166904,117
S00166905,108
S00166906,165
S00166907,72
S00166908,99
S00166909,53
S00166910,107
S00166911,85
S00166912,127
S00166913,66
S00166914,67
S00166915,85
S00166916,66
S00166917,110
S00166918,74
S00166919,107
S00166920,74
S00166921,65
S00166922,97
S00166923,106
S00166924,114
S00166925,125
S00166926,117
S00166927,98
S00166928,131
S00166929,91
S00166930,94
S00166931,108
S00166932,73
S00166933,81
S00166934,85
S00166935,110
S00166936,67
S00166937,111
S00166938,94
S00166939,80
S00166940,99
S00166941,79
S00166942,107
S00166943,77
S00166944,76
S00166945,63
S00166946,66
S00166947,75
S00166948,62
S00166949,61
S00166950,80
S00166951,84
S00166952,85
S00166953,98
S00166954,86
S00166955,134
S00166956,62
S00166957,135
S00166958,49
S00166959,138
S00166960,116
S00166961,128
S00166962,82
S00166963,136
S00166964,109
S00166965,120
S00166966,127
S00166967,93
S00166968,146
S00166969,120
S00166970,95
S00166971,156
S00166972,81
S00166973,202
S00166974,83
S00166975,94
S00166976,163
S00166977,123
S00166978,102
S00166979,109
S00166980,192
S00166981,151
S00166982,67
S00166983,110
S00166984,145
S00166985,105
S00166986,92
S00166987,104
S00166988,124
S00166989,91
S00166990,120
S00166991,128
S00166992,99
S00166993,116
S00166994,110
S00166995,75
S00166996,70
S00166997,95
S00166998,92
S00166999,100
S00167000,108
S00167001,137
S00167002,136
S00167003,108
S00167004,91
S00167005,107
S00167006,110
S00167007,70
S00167008,86
S00167009,109
S00167010,114
S00167011,111
S00167012,98
S00167013,86
S00167014,121
S00167015,149
S00167016,85
S00167017,116
S00167018,87
S00167019,79
S00167020,84
S00167021,81
S00167022,161
S00167023,77
S00167024,90
S00167025,86
S00167026,130
S00167027,70
S00167028,101
S00167029,64
S00167030,86
S00167031,84
S00167032,109
S00167033,102
S00167034,69
S00167035,92
S00167036,125
S00167037,90
S00167038,69
S00167039,135
S00167040,151
S00167041,124
S00167042,69
S00167043,75
S00167044,72
S00167045,78
S00167046,92
S00167047,126
S00167048,66
S00167049,101
S00167050,71
S00167051,74
S00167052,129
S00167053,69
S00167054,145
S00167055,84
S00167056,101
S00167057,103
S00167058,133
S00167059,83
S00167060,162
S00167061,140
S00167062,102
S00167063,113
S00167064,132
S00167065,106
S00167066,64
S00167067,113
S00167068,100
S00167069,72
S00167070,83
S00167071,55
S00167072,115
S00167073,97
S00167074,78
S00167075,84
S00167076,135
S00167077,174
S00167078,67
S00167079,70
S00167080,135
S00167081,108
S00167082,70
S00167083,63
S00167084,85
S00167085,63
S00167086,63
S00167087,91
S00167088,70
S00167089,125
S00167090,73
S00167091,80
S00167092,87
S00167093,96
S00167094,60
S00167095,56
S00167096,112
S00167097,125
S00167098,120
S00167099,51
S00167100,83
S00167101,114
S00167102,71
S00167103,81
S00167104,67
S00167105,140
S00167106,133
S00167107,86
S00167108,106
S00167109,108
S00167110,94
S00167111,109
S00167112,76
S00167113,91
S00167114,93
S00167115,96
S00167116,136
S00167117,72
S00167118,147
S00167119,104
S00167120,95
S00167121,128
S00167122,130
S00167123,107
S00167124,50
S00167125,105
S00167126,124
S00167127,64
S00167128,66
S00167129,106
S00167130,87
S00167131,140
S00167132,105
S00167133,93
S00167134,121
S00167135,84
S00167136,108
S00167137,76
S00167138,89
S00167139,77
S00167140,78
S00167141,69
S00167142,75
S00167143,57
S00167144,122
S00167145,80
S00167146,83
S00167147,156
S00167148,106
S00167149,85
S00167150,91
S00167151,87
S00167152,88
S00167153,72
S00167154,161
S00167155,160
S00167156,105
S00167157,52
S00167158,96
S00167159,113
S00167160,79
S00167161,69
S00167162,93
S00167163,81
S00167164,116
S00167165,85
S00167166,109
S00167167,80
S00167168,93
S00167169,105
S00167170,81
S00167171,65
S00167172,87
S00167173,117
S00167174,91
S00167175,72
S00167176,60
S00167177,89
S00167178,113
S00167179,116
S00167180,85
S00167181,74
S00167182,112
S00167183,118
S00167184,98
S00167185,74
S00167186,108
S00167187,79
S00167188,104
S00167189,54
S00167190,99
S00167191,89
S00167192,113
S00167193,106
S00167194,88
S00167195,94
S00167196,47
S00167197,99
S00167198,98
S00167199,82
S00167200,82
S00167201,51
S00167202,119
S00167203,88
S00167204,123
S00167205,118
S00167206,126
S00167207,120
S00167208,72
S00167209,66
S00167210,120
S00167211,82
S00167212,64
S00167213,79
S00167214,109
S00167215,82
S00167216,106
S00167217,77
S00167218,49
S00167219,82
S00167220,66
S00167221,74
S00167222,66
S00167223,56
S00167224,49
S00167225,101
S00167226,123
S00167227,105
S00167228,73
S00167229,66
S00167230,137
S00167231,87
S00167232,157
S00167233,81
S00167234,109
S00167235,103
S00167236,72
S00167237,114
S00167238,72
S00167239,106
S00167240,64
S00167241,60
S00167242,67
S00167243,92
S00167244,108
S00167245,73
S00167246,97
S00167247,145
S00167248,75
S00167249,72
S00167250,87
S00167251,96
S00167252,85
S00167253,66
S00167254,101
S00167255,60
S00167256,122
S00167257,60
S00167258,79
S00167259,79
S00167260,95
S00167261,105
S00167262,87
S00167263,108
S00167264,80
S00167265,135
S00167266,87
S00167267,71
S00167268,93
S00167269,78
S00167270,141
S00167271,92
S00167272,103
S00167273,75
S00167274,83
S00167275,59
S00167276,117
S00167277,92
S00167278,98
S00167279,45
S00167280,89
S00167281,105
S00167282,142
S00167283,76
S00167284,63
S00167285,103
S00167286,49
S00167287,76
S00167288,117
S00167289,68
S00167290,68
S00167291,86
S00167292,118
S00167293,77
S00167294,95
S00167295,65
S00167296,81
S00167297,103
S00167298,75
S00167299,73
S00167300,88
S00167301,126
S00167302,116
S00167303,89
S00167304,110
S00167305,89
S00167306,119
S00167307,89
S00167308,139
S00167309,101
S00167310,88
S00167311,125
S00167312,90
S00167313,124
S00167314,72
S00167315,73
S00167316,155
S00167317,70
S00167318,114
S00167319,60
S00167320,115
S00167321,88
S00167322,55
S00167323,114
S00167324,130
S00167325,116
S00167326,83
S00167327,75
S00167328,87
S00167329,73
S00167330,160
S00167331,135
S00167332,82
S00167333,81
S00167334,76
S00167335,86
S00167336,141
S00167337,104
S00167338,93
S00167339,81
S00167340,77
S00167341,55
S00167342,94
S00167343,146
S00167344,78
S00167345,102
S00167346,85
S00167347,109
S00167348,107
S00167349,100
S00167350,58
S00167351,89
S00167352,65
S00167353,96
S00167354,117
S00167355,57
S00167356,84
S00167357,80
S00167358,94
S00167359,92
S00167360,106
S00167361,98
S00167362,99
S00167363,93
S00167364,100
S00167365,89
S00167366,110
S00167367,56
S00167368,174
S00167369,82
S00167370,125
S00167371,120
S00167372,56
S00167373,87
S00167374,75
S00167375,98
S00167376,137
S00167377,79
S00167378,58
S00167379,66
S00167380,150
S00167381,70
S00167382,102
S00167383,146
S00167384,67
S00167385,83
S00167386,155
S00167387,89
S00167388,92
S00167389,56
S00167390,100
S00167391,101
S00167392,91
S00167393,92
S00167394,102
S00167395,104
S00167396,121
S00167397,100
S00167398,134
S00167399,127
S00167400,96
S00167401,55
S00167402,81
S00167403,171
S00167404,66
S00167405,137
S00167406,146
S00167407,109
S00167408,91
S00167409,112
S00167410,177
S00167411,112
S00167412,61
S00167413,156
S00167414,78
S00167415,131
S00167416,69
S00167417,93
S00167418,129
S00167419,98
S00167420,128
S00167421,114
S00167422,89
S00167423,60
S00167424,111
S00167425,72
S00167426,96
S00167427,70
S00167428,140
S00167429,77
S00167430,129
S00167431,78
S00167432,94
S00167433,86
S00167434,107
S00167435,83
S00167436,80
S00167437,113
S00167438,167
S00167439,89
S00167440,169
S00167441,141
S00167442,59
S00167443,125
S00167444,81
S00167445,112
S00167446,80
S00167447,113
S00167448,97
S00167449,72
S00167450,141
S00167451,121
S00167452,91
S00167453,97
S00167454,71
S00167455,98
S00167456,72
S00167457,113
S00167458,97
S00167459,76
S00167460,126
S00167461,166
S00167462,102
S00167463,173
S00167464,120
S00167465,99
S00167466,132
S00167467,153
S00167468,91
S00167469,102
S00167470,100
S00167471,83
S00167472,115
S00167473,82
S00167474,72
S00167475,47
S00167476,67
S00167477,89
S00167478,65
S00167479,60
S00167480,90
S00167481,80
S00167482,105
S00167483,93
S00167484,64
S00167485,102
S00167486,122
S00167487,93
S00167488,58
S00167489,77
S00167490,171
S00167491,66
S00167492,103
S00167493,86
S00167494,75
S00167495,96
S00167496,56
S00167497,85
S00167498,107
S00167499,72
S00167500,79
S00167501,131
S00167502,157
S00167503,80
S00167504,106
S00167505,95
S00167506,82
S00167507,102
S00167508,89
S00167509,102
S00167510,102
S00167511,86
S00167512,103
S00167513,85
S00167514,116
S00167515,81
S00167516,128
S00167517,106
S00167518,123
S00167519,94
S00167520,77
S00167521,89
S00167522,91
S00167523,54
S00167524,101
S00167525,162
S00167526,86
S00167527,117
S00167528,115
S00167529,72
S00167530,75
S00167531,107
S00167532,116
S00167533,132
S00167534,106
S00167535,96
S00167536,145
S00167537,76
S00167538,76
S00167539,87
S00167540,124
S00167541,135
S00167542,117
S00167543,79
S00167544,56
S00167545,79
S00167546,153
S00167547,77
S00167548,64
S00167549,99
S00167550,89
S00167551,96
S00167552,95
S00167553,125
S00167554,56
S00167555,75
S00167556,81
S00167557,118
S00167558,124
S00167559,98
S00167560,107
S00167561,78
S00167562,113
S00167563,86
S00167564,52
S00167565,73
S00167566,115
S00167567,128
S00167568,86
S00167569,118
S00167570,112
S00167571,82
S00167572,61
S00167573,114
S00167574,73
S00167575,58
S00167576,71
S00167577,100
S00167578,107
S00167579,133
S00167580,85
S00167581,108
S00167582,69
S00167583,89
S00167584,61
S00167585,68
S00167586,112
S00167587,116
S00167588,110
S00167589,67
S00167590,111
S00167591,113
S00167592,70
S00167593,96
S00167594,78
S00167595,144
S00167596,97
S00167597,131
S00167598,75
S00167599,62
S00167600,84
S00167601,132
S00167602,67
S00167603,147
S00167604,66
S00167605,123
S00167606,84
S00167607,131
S00167608,100
S00167609,74
S00167610,107
S00167611,58
S00167612,75
S00167613,59
S00167614,104
S00167615,81
S00167616,114
S00167617,94
S00167618,126
S00167619,85
S00167620,99
S00167621,70
S00167622,71
S00167623,77
S00167624,91
S00167625,57
S00167626,147
S00167627,78
S00167628,114
S00167629,99
S00167630,91
S00167631,100
S00167632,133
S00167633,105
S00167634,72
S00167635,76
S00167636,95
S00167637,51
S00167638,125
S00167639,101
S00167640,121
S00167641,75
S00167642,108
S00167643,112
S00167644,85
S00167645,84
S00167646,67
S00167647,93
S00167648,120
S00167649,116
S00167650,153
S00167651,80
S00167652,67
S00167653,101
S00167654,101
S00167655,63
S00167656,47
S00167657,64
S00167658,74
S00167659,82
S00167660,114
S00167661,94
S00167662,92
S00167663,60
S00167664,121
S00167665,59
S00167666,156
S00167667,72
S00167668,140
S00167669,122
S00167670,94
S00167671,117
S00167672,123
S00167673,110
S00167674,88
S00167675,58
S00167676,98
S00167677,54
S00167678,109
S00167679,58
S00167680,99
S00167681,106
S00167682,98
S00167683,101
S00167684,71
S00167685,66
S00167686,61
S00167687,85
S00167688,142
S00167689,79
S00167690,45
S00167691,66
S00167692,110
S00167693,83
S00167694,80
S00167695,86
S00167696,108
S00167697,143
S00167698,103
S00167699,136
S00167700,88
S00167701,94
S00167702,138
S00167703,72
S00167704,66
S00167705,109
S00167706,125
S00167707,144
S00167708,77
S00167709,90
S00167710,52
S00167711,96
S00167712,66
S00167713,168
S00167714,149
S00167715,198
S00167716,159
S00167717,133
S00167718,69
S00167719,137
S00167720,148
S00167721,157
S00167722,58
S00167723,63
S00167724,127
S00167725,58
S00167726,120
S00167727,75
S00167728,122
S00167729,151
S00167730,68
S00167731,55
S00167732,112
S00167733,144
S00167734,83
S00167735,104
S00167736,96
S00167737,97
S00167738,68
S00167739,61
S00167740,100
S00167741,148
S00167742,87
S00167743,68
S00167744,100
S00167745,109
S00167746,99
S00167747,99
S00167748,66
S00167749,82
S00167750,68
S00167751,109
S00167752,61
S00167753,114
S00167754,67
S00167755,108
S00167756,87
S00167757,144
S00167758,75
S00167759,109
S00167760,67
S00167761,165
S00167762,147
S00167763,89
S00167764,128
S00167765,122
S00167766,125
S00167767,108
S00167768,138
S00167769,79
S00167770,98
S00167771,48
S00167772,167
S00167773,155
S00167774,102
S00167775,66
S00167776,58
S00167777,139
S00167778,68
S00167779,91
S00167780,87
S00167781,125
S00167782,123
S00167783,143
S00167784,114
S00167785,97
S00167786,134
S00167787,116
S00167788,73
S00167789,129
S00167790,60
S00167791,61
S00167792,114
S00167793,73
S00167794,75
S00167795,63
S00167796,93
S00167797,124
S00167798,77
S00167799,165
S00167800,92
S00167801,114
S00167802,73
S00167803,119
S00167804,93
S00167805,100
S00167806,73
S00167807,82
S00167808,55
S00167809,80
S00167810,180
S00167811,59
S00167812,131
S00167813,132
S00167814,120
S00167815,145
S00167816,104
S00167817,59
S00167818,68
S00167819,162
S00167820,96
S00167821,88
S00167822,117
S00167823,100
S00167824,85
S00167825,65
S00167826,109
S00167827,139
S00167828,68
S00167829,83
S00167830,133
S00167831,95
S00167832,88
S00167833,83
S00167834,77
S00167835,88
S00167836,150
S00167837,59
S00167838,105
S00167839,58
S00167840,138
S00167841,129
S00167842,101
S00167843,93
S00167844,71
S00167845,54
S00167846,65
S00167847,108
S00167848,73
S00167849,59
S00167850,74
S00167851,82
S00167852,61
S00167853,92
S00167854,66
S00167855,95
S00167856,97
S00167857,73
S00167858,91
S00167859,107
S00167860,158
S00167861,138
S00167862,62
S00167863,112
S00167864,181
S00167865,115
S00167866,90
S00167867,83
S00167868,120
S00167869,116
S00167870,125
S00167871,103
S00167872,144
S00167873,75
S00167874,89
S00167875,111
S00167876,63
S00167877,92
S00167878,67
S00167879,70
S00167880,110
S00167881,145
S00167882,165
S00167883,101
S00167884,143
S00167885,130
S00167886,200
S00167887,73
S00167888,94
S00167889,60
S00167890,107
S00167891,119
S00167892,109
S00167893,111
S00167894,62
S00167895,173
S00167896,95
S00167897,89
S00167898,112
S00167899,74
S00167900,96
S00167901,90
S00167902,147
S00167903,107
S00167904,84
S00167905,123
S00167906,224
S00167907,136
S00167908,104
S00167909,135
S00167910,115
S00167911,173
S00167912,194
S00167913,116
S00167914,85
S00167915,113
S00167916,123
S00167917,63
S00167918,84
S00167919,88
S00167920,119
S00167921,106
S00167922,51
S00167923,97
S00167924,142
S00167925,76
S00167926,110
S00167927,120
S00167928,114
S00167929,74
S00167930,108
S00167931,48
S00167932,93
S00167933,181
S00167934,76
S00167935,60
S00167936,61
S00167937,81
S00167938,143
S00167939,46
S00167940,140
S00167941,112
S00167942,116
S00167943,119
S00167944,115
S00167945,93
S00167946,60
S00167947,128
S00167948,75
S00167949,115
S00167950,144
S00167951,117
S00167952,78
S00167953,48
S00167954,73
S00167955,148
S00167956,84
S00167957,186
S00167958,81
S00167959,91
S00167960,117
S00167961,143
S00167962,61
S00167963,89
S00167964,69
S00167965,111
S00167966,111
S00167967,79
S00167968,148
S00167969,148
S00167970,118
S00167971,149
S00167972,150
S00167973,114
S00167974,108
S00167975,82
S00167976,108
S00167977,113
S00167978,76
S00167979,86
S00167980,131
S00167981,78
S00167982,59
S00167983,86
S00167984,128
S00167985,123
S00167986,67
S00167987,64
S00167988,57
S00167989,167
S00167990,148
S00167991,65
S00167992,108
S00167993,111
S00167994,74
S00167995,76
S00167996,63
S00167997,91
S00167998,133
S00167999,73
S00168000,85
S00168001,63
S00168002,107
S00168003,117
S00168004,136
S00168005,119
S00168006,148
S00168007,93
S00168008,63
S00168009,116
S00168010,85
S00168011,83
S00168012,78
S00168013,149
S00168014,91
S00168015,92
S00168016,142
S00168017,124
S00168018,92
S00168019,72
S00168020,58
S00168021,83
S00168022,103
S00168023,73
S00168024,68
S00168025,190
S00168026,134
S00168027,151
S00168028,89
S00168029,69
S00168030,151
S00168031,104
S00168032,54
S00168033,83
S00168034,61
S00168035,51
S00168036,92
S00168037,70
S00168038,157
S00168039,129
S00168040,86
S00168041,145
S00168042,84
S00168043,154
S00168044,124
S00168045,94
S00168046,88
S00168047,72
S00168048,57
S00168049,131
S00168050,117
S00168051,106
S00168052,94
S00168053,120
S00168054,77
S00168055,114
S00168056,116
S00168057,77
S00168058,92
S00168059,97
S00168060,101
S00168061,96
S00168062,153
S00168063,78
S00168064,82
S00168065,73
S00168066,109
S00168067,172
S00168068,112
S00168069,102
S00168070,91
S00168071,116
S00168072,130
S00168073,65
S00168074,70
S00168075,57
S00168076,76
S00168077,94
S00168078,112
S00168079,126
S00168080,79
S00168081,94
S00168082,106
S00168083,134
S00168084,65
S00168085,97
S00168086,96
S00168087,69
S00168088,75
S00168089,127
S00168090,147
S00168091,69
S00168092,69
S00168093,58
S00168094,106
S00168095,102
S00168096,106
S00168097,145
S00168098,83
S00168099,75
S00168100,73
S00168101,134
S00168102,90
S00168103,96
S00168104,92
S00168105,84
S00168106,109
S00168107,115
S00168108,101
S00168109,76
S00168110,142
S00168111,114
S00168112,153
S00168113,145
S00168114,98
S00168115,126
S00168116,149
S00168117,71
S00168118,68
S00168119,62
S00168120,58
S00168121,67
S00168122,153
S00168123,88
S00168124,192
S00168125,56
S00168126,86
S00168127,81
S00168128,68
S00168129,123
S00168130,76
S00168131,107
S00168132,113
S00168133,110
S00168134,80
S00168135,142
S00168136,136
S00168137,74
S00168138,61
S00168139,106
S00168140,76
S00168141,84
S00168142,124
S00168143,132
S00168144,112
S00168145,136
S00168146,140
S00168147,73
S00168148,73
S00168149,95
S00168150,108
S00168151,142
S00168152,68
S00168153,73
S00168154,109
S00168155,108
S00168156,136
S00168157,57
S00168158,124
S00168159,115
S00168160,77
S00168161,57
S00168162,108
S00168163,102
S00168164,99
S00168165,113
S00168166,91
S00168167,68
S00168168,158
S00168169,132
S00168170,76
S00168171,91
S00168172,60
S00168173,63
S00168174,82
S00168175,52
S00168176,104
S00168177,98
S00168178,109
S00168179,84
S00168180,98
S00168181,106
S00168182,44
S00168183,118
S00168184,87
S00168185,105
S00168186,70
S00168187,126
S00168188,85
S00168189,122
S00168190,68
S00168191,101
S00168192,105
S00168193,84
S00168194,72
S00168195,79
S00168196,101
S00168197,131
S00168198,96
S00168199,120
S00168200,75
S00168201,89
S00168202,70
S00168203,157
S00168204,124
S00168205,86
S00168206,116
S00168207,114
S00168208,149
S00168209,52
S00168210,126
S00168211,86
S00168212,89
S00168213,104
S00168214,110
S00168215,143
S00168216,112
S00168217,110
S00168218,93
S00168219,100
S00168220,116
S00168221,80
S00168222,107
S00168223,95
S00168224,100
S00168225,141
S00168226,77
S00168227,55
S00168228,147
S00168229,101
S00168230,106
S00168231,102
S00168232,87
S00168233,64
S00168234,70
S00168235,69
S00168236,101
S00168237,147
S00168238,140
S00168239,124
S00168240,87
S00168241,72
S00168242,58
S00168243,116
S00168244,132
S00168245,122
S00168246,126
S00168247,86
S00168248,116
S00168249,77
S00168250,115
S00168251,64
S00168252,128
S00168253,74
S00168254,102
S00168255,60
S00168256,94
S00168257,112
S00168258,124
S00168259,173
S00168260,107
S00168261,66
S00168262,75
S00168263,169
S00168264,107
S00168265,96
S00168266,68
S00168267,89
S00168268,179
S00168269,57
S00168270,62
S00168271,94
S00168272,110
S00168273,80
S00168274,159
S00168275,89
S00168276,113
S00168277,117
S00168278,81
S00168279,126
S00168280,116
S00168281,78
S00168282,82
S00168283,110
S00168284,80
S00168285,148
S00168286,149
S00168287,60
S00168288,105
S00168289,82
S00168290,125
S00168291,85
S00168292,91
S00168293,79
S00168294,99
S00168295,68
S00168296,114
S00168297,134
S00168298,149
S00168299,109
S00168300,102
S00168301,134
S00168302,109
S00168303,186
S00168304,121
S00168305,116
S00168306,77
S00168307,74
S00168308,83
S00168309,86
S00168310,115
S00168311,88
S00168312,86
S00168313,121
S00168314,104
S00168315,79
S00168316,85
S00168317,97
S00168318,157
S00168319,115
S00168320,80
S00168321,83
S00168322,61
S00168323,74
S00168324,58
S00168325,106
S00168326,117
S00168327,118
S00168328,181
S00168329,99
S00168330,128
S00168331,134
S00168332,99
S00168333,58
S00168334,90
S00168335,98
S00168336,50
S00168337,75
S00168338,182
S00168339,56
S00168340,161
S00168341,61
S00168342,79
S00168343,143
S00168344,79
S00168345,75
S00168346,88
S00168347,87
S00168348,90
S00168349,75
S00168350,115
S00168351,65
S00168352,67
S00168353,109
S00168354,82
S00168355,80
S00168356,108
S00168357,60
S00168358,94
S00168359,80
S00168360,118
S00168361,82
S00168362,79
S00168363,84
S00168364,79
S00168365,123
S00168366,104
S00168367,161
S00168368,70
S00168369,128
S00168370,87
S00168371,112
S00168372,96
S00168373,61
S00168374,85
S00168375,99
S00168376,110
S00168377,84
S00168378,93
S00168379,99
S00168380,84
S00168381,112
S00168382,81
S00168383,88
S00168384,78
S00168385,91
S00168386,67
S00168387,94
S00168388,77
S00168389,139
S00168390,100
S00168391,144
S00168392,60
S00168393,133
S00168394,78
S00168395,85
S00168396,73
S00168397,97
S00168398,56
S00168399,81
S00168400,104
S00168401,139
S00168402,65
S00168403,175
S00168404,50
S00168405,145
S00168406,137
S00168407,87
S00168408,77
S00168409,87
S00168410,121
S00168411,79
S00168412,128
S00168413,99
S00168414,75
S00168415,157
S00168416,96
S00168417,84
S00168418,150
S00168419,121
S00168420,79
S00168421,150
S00168422,163
S00168423,91
S00168424,48
S00168425,103
S00168426,148
S00168427,86
S00168428,113
S00168429,74
S00168430,102
S00168431,96
S00168432,62
S00168433,110
S00168434,165
S00168435,70
S00168436,116
S00168437,122
S00168438,61
S00168439,124
S00168440,66
S00168441,92
S00168442,76
S00168443,73
S00168444,96
S00168445,90
S00168446,76
S00168447,106
S00168448,107
S00168449,93
S00168450,86
S00168451,100
S00168452,158
S00168453,107
S00168454,107
S00168455,113
S00168456,91
S00168457,87
S00168458,142
S00168459,83
S00168460,177
S00168461,89
S00168462,131
S00168463,128
S00168464,96
S00168465,71
S00168466,104
S00168467,71
S00168468,98
S00168469,103
S00168470,191
S00168471,107
S00168472,137
S00168473,135
S00168474,128
S00168475,154
S00168476,146
S00168477,67
S00168478,120
S00168479,56
S00168480,123
S00168481,87
S00168482,57
S00168483,119
S00168484,106
S00168485,117
S00168486,133
S00168487,74
S00168488,158
S00168489,50
S00168490,64
S00168491,92
S00168492,113
S00168493,112
S00168494,94
S00168495,111
S00168496,101
S00168497,74
S00168498,90
S00168499,142
S00168500,100
S00168501,130
S00168502,102
S00168503,81
S00168504,97
S00168505,97
S00168506,174
S00168507,95
S00168508,110
S00168509,58
S00168510,198
S00168511,79
S00168512,88
S00168513,96
S00168514,65
S00168515,198
S00168516,63
S00168517,72
S00168518,92
S00168519,117
S00168520,77
S00168521,75
S00168522,150
S00168523,84
S00168524,85
S00168525,103
S00168526,61
S00168527,100
S00168528,99
S00168529,77
S00168530,170
S00168531,156
S00168532,116
S00168533,93
S00168534,91
S00168535,111
S00168536,67
S00168537,156
S00168538,99
S00168539,56
S00168540,67
S00168541,98
S00168542,62
S00168543,77
S00168544,154
S00168545,112
S00168546,96
S00168547,72
S00168548,169
S00168549,95
S00168550,68
S00168551,79
S00168552,91
S00168553,57
S00168554,98
S00168555,113
S00168556,102
S00168557,111
S00168558,112
S00168559,110
S00168560,112
S00168561,150
S00168562,105
S00168563,124
S00168564,74
S00168565,103
S00168566,87
S00168567,154
S00168568,96
S00168569,69
S00168570,176
S00168571,92
S00168572,117
S00168573,147
S00168574,112
S00168575,116
S00168576,159
S00168577,90
S00168578,67
S00168579,99
S00168580,104
S00168581,114
S00168582,81
S00168583,130
S00168584,84
S00168585,129
S00168586,151
S00168587,106
S00168588,107
S00168589,67
S00168590,83
S00168591,79
S00168592,104
S00168593,90
S00168594,96
S00168595,78
S00168596,134
S00168597,72
S00168598,146
S00168599,93
S00168600,64
S00168601,67
S00168602,81
S00168603,135
S00168604,121
S00168605,155
S00168606,102
S00168607,101
S00168608,125
S00168609,108
S00168610,62
S00168611,64
S00168612,73
S00168613,106
S00168614,72
S00168615,99
S00168616,76
S00168617,67
S00168618,102
S00168619,131
S00168620,118
S00168621,95
S00168622,99
S00168623,123
S00168624,115
S00168625,84
S00168626,107
S00168627,156
S00168628,98
S00168629,90
S00168630,75
S00168631,88
S00168632,101
S00168633,136
S00168634,120
S00168635,96
S00168636,87
S00168637,94
S00168638,55
S00168639,90
S00168640,146
S00168641,120
S00168642,136
S00168643,95
S00168644,105
S00168645,66
S00168646,132
S00168647,57
S00168648,190
S00168649,97
S00168650,97
S00168651,79
S00168652,113
S00168653,111
S00168654,63
S00168655,59
S00168656,71
S00168657,84
S00168658,107
S00168659,106
S00168660,80
S00168661,48
S00168662,141
S00168663,109
S00168664,129
S00168665,90
S00168666,99
S00168667,97
S00168668,72
S00168669,65
S00168670,103
S00168671,79
S00168672,97
S00168673,79
S00168674,118
S00168675,92
S00168676,150
S00168677,135
S00168678,114
S00168679,66
S00168680,79
S00168681,128
S00168682,57
S00168683,131
S00168684,68
S00168685,116
S00168686,94
S00168687,57
S00168688,85
S00168689,72
S00168690,133
S00168691,159
S00168692,71
S00168693,83
S00168694,95
S00168695,146
S00168696,53
S00168697,78
S00168698,56
S00168699,71
S00168700,55
S00168701,108
S00168702,98
S00168703,77
S00168704,63
S00168705,150
S00168706,71
S00168707,85
S00168708,89
S00168709,49
S00168710,107
S00168711,110
S00168712,124
S00168713,148
S00168714,116
S00168715,95
S00168716,125
S00168717,76
S00168718,57
S00168719,72
S00168720,89
S00168721,63
S00168722,73
S00168723,36
S00168724,68
S00168725,148
S00168726,110
S00168727,108
S00168728,71
S00168729,65
S00168730,76
S00168731,64
S00168732,125
S00168733,113
S00168734,74
S00168735,51
S00168736,72
S00168737,87
S00168738,62
S00168739,77
S00168740,70
S00168741,87
S00168742,112
S00168743,89
S00168744,61
S00168745,83
S00168746,124
S00168747,90
S00168748,90
S00168749,104
S00168750,119
S00168751,90
S00168752,112
S00168753,60
S00168754,56
S00168755,83
S00168756,125
S00168757,73
S00168758,96
S00168759,104
S00168760,128
S00168761,126
S00168762,124
S00168763,137
S00168764,108
S00168765,97
S00168766,72
S00168767,112
S00168768,87
S00168769,80
S00168770,106
S00168771,88
S00168772,77
S00168773,92
S00168774,71
S00168775,125
S00168776,67
S00168777,83
S00168778,115
S00168779,85
S00168780,55
S00168781,115
S00168782,96
S00168783,71
S00168784,67
S00168785,86
S00168786,72
S00168787,98
S00168788,126
S00168789,177
S00168790,117
S00168791,96
S00168792,119
S00168793,58
S00168794,114
S00168795,105
S00168796,75
S00168797,93
S00168798,78
S00168799,121
S00168800,79
S00168801,57
S00168802,155
S00168803,134
S00168804,82
S00168805,62
S00168806,66
S00168807,65
S00168808,63
S00168809,62
S00168810,123
S00168811,112
S00168812,62
S00168813,72
S00168814,89
S00168815,114
S00168816,106
S00168817,117
S00168818,132
S00168819,59
S00168820,81
S00168821,75
S00168822,71
S00168823,56
S00168824,74
S00168825,126
S00168826,119
S00168827,109
S00168828,89
S00168829,133
S00168830,73
S00168831,99
S00168832,180
S00168833,91
S00168834,84
S00168835,85
S00168836,133
S00168837,81
S00168838,90
S00168839,108
S00168840,71
S00168841,132
S00168842,124
S00168843,111
S00168844,88
S00168845,171
S00168846,80
S00168847,65
S00168848,96
S00168849,68
S00168850,88
S00168851,78
S00168852,121
S00168853,108
S00168854,113
S00168855,111
S00168856,152
S00168857,89
S00168858,95
S00168859,93
S00168860,107
S00168861,106
S00168862,119
S00168863,153
S00168864,136
S00168865,73
S00168866,151
S00168867,191
S00168868,64
S00168869,107
S00168870,130
S00168871,63
S00168872,71
S00168873,130
S00168874,87
S00168875,87
S00168876,93
S00168877,99
S00168878,68
S00168879,61
S00168880,89
S00168881,134
S00168882,97
S00168883,51
S00168884,84
S00168885,155
S00168886,134
S00168887,127
S00168888,137
S00168889,87
S00168890,80
S00168891,77
S00168892,106
S00168893,126
S00168894,73
S00168895,77
S00168896,100
S00168897,118
S00168898,113
S00168899,80
S00168900,85
S00168901,74
S00168902,93
S00168903,152
S00168904,124
S00168905,111
S00168906,74
S00168907,76
S00168908,87
S00168909,162
S00168910,104
S00168911,95
S00168912,97
S00168913,69
S00168914,117
S00168915,173
S00168916,81
S00168917,116
S00168918,69
S00168919,55
S00168920,85
S00168921,86
S00168922,66
S00168923,80
S00168924,93
S00168925,97
S00168926,109
S00168927,79
S00168928,139
S00168929,64
S00168930,114
S00168931,95
S00168932,101
S00168933,72
S00168934,54
S00168935,113
S00168936,117
S00168937,154
S00168938,86
S00168939,59
S00168940,94
S00168941,70
S00168942,83
S00168943,149
S00168944,123
S00168945,143
S00168946,122
S00168947,130
S00168948,127
S00168949,139
S00168950,96
S00168951,81
S00168952,64
S00168953,67
S00168954,99
S00168955,81
S00168956,118
S00168957,88
S00168958,90
S00168959,143
S00168960,119
S00168961,176
S00168962,118
S00168963,84
S00168964,66
S00168965,91
S00168966,80
S00168967,67
S00168968,82
S00168969,59
S00168970,186
S00168971,71
S00168972,95
S00168973,118
S00168974,70
S00168975,109
S00168976,114
S00168977,113
S00168978,129
S00168979,57
S00168980,74
S00168981,92
S00168982,94
S00168983,59
S00168984,173
S00168985,87
S00168986,104
S00168987,88
S00168988,82
S00168989,101
S00168990,156
S00168991,153
S00168992,59
S00168993,55
S00168994,109
S00168995,102
S00168996,144
S00168997,62
S00168998,61
S00168999,82
S00169000,92
S00169001,92
S00169002,97
S00169003,54
S00169004,154
S00169005,84
S00169006,73
S00169007,86
S00169008,60
S00169009,96
S00169010,115
S00169011,62
S00169012,78
S00169013,105
S00169014,71
S00169015,130
S00169016,74
S00169017,50
S00169018,80
S00169019,163
S00169020,59
S00169021,66
S00169022,81
S00169023,73
S00169024,86
S00169025,84
S00169026,80
S00169027,61
S00169028,80
S00169029,106
S00169030,68
S00169031,120
S00169032,149
S00169033,65
S00169034,79
S00169035,70
S00169036,64
S00169037,91
S00169038,128
S00169039,71
S00169040,67
S00169041,133
S00169042,72
S00169043,89
S00169044,84
S00169045,74
S00169046,125
S00169047,83
S00169048,99
S00169049,55
S00169050,151
S00169051,83
S00169052,114
S00169053,59
S00169054,138
S00169055,122
S00169056,65
S00169057,185
S00169058,87
S00169059,86
S00169060,129
S00169061,100
S00169062,63
S00169063,109
S00169064,85
S00169065,83
S00169066,110
S00169067,128
S00169068,94
S00169069,90
S00169070,58
S00169071,125
S00169072,81
S00169073,76
S00169074,155
S00169075,76
S00169076,102
S00169077,51
S00169078,71
S00169079,78
S00169080,102
S00169081,70
S00169082,93
S00169083,97
S00169084,90
S00169085,69
S00169086,141
S00169087,73
S00169088,86
S00169089,72
S00169090,103
S00169091,81
S00169092,115
S00169093,107
S00169094,95
S00169095,125
S00169096,62
S00169097,74
S00169098,78
S00169099,72
S00169100,71
S00169101,97
S00169102,90
S00169103,140
S00169104,75
S00169105,52
S00169106,116
S00169107,79
S00169108,87
S00169109,124
S00169110,142
S00169111,96
S00169112,56
S00169113,107
S00169114,77
S00169115,103
S00169116,114
S00169117,80
S00169118,78
S00169119,133
S00169120,126
S00169121,64
S00169122,71
S00169123,125
S00169124,78
S00169125,40
S00169126,85
S00169127,54
S00169128,147
S00169129,68
S00169130,116
S00169131,157
S00169132,68
S00169133,148
S00169134,134
S00169135,86
S00169136,150
S00169137,104
S00169138,106
S00169139,89
S00169140,149
S00169141,136
S00169142,70
S00169143,61
S00169144,107
S00169145,87
S00169146,105
S00169147,159
S00169148,106
S00169149,132
S00169150,98
S00169151,97
S00169152,132
S00169153,87
S00169154,135
S00169155,105
S00169156,109
S00169157,71
S00169158,129
S00169159,106
S00169160,99
S00169161,64
S00169162,75
S00169163,88
S00169164,128
S00169165,82
S00169166,100
S00169167,135
S00169168,81
S00169169,89
S00169170,77
S00169171,157
S00169172,72
S00169173,90
S00169174,101
S00169175,65
S00169176,60
S00169177,75
S00169178,69
S00169179,80
S00169180,98
S00169181,91
S00169182,88
S00169183,102
S00169184,90
S00169185,96
S00169186,127
S00169187,93
S00169188,85
S00169189,106
S00169190,156
S00169191,97
S00169192,88
S00169193,118
S00169194,116
S00169195,89
S00169196,87
S00169197,154
S00169198,76
S00169199,154
S00169200,146
S00169201,101
S00169202,105
S00169203,83
S00169204,113
S00169205,118
S00169206,76
S00169207,125
S00169208,114
S00169209,59
S00169210,156
S00169211,126
S00169212,82
S00169213,129
S00169214,86
S00169215,109
S00169216,109
S00169217,53
S00169218,67
S00169219,116
S00169220,115
S00169221,125
S00169222,157
S00169223,89
S00169224,84
S00169225,144
S00169226,62
S00169227,119
S00169228,110
S00169229,72
S00169230,95
S00169231,87
S00169232,121
S00169233,79
S00169234,79
S00169235,77
S00169236,215
S00169237,64
S00169238,84
S00169239,89
S00169240,80
S00169241,90
S00169242,101
S00169243,84
S00169244,112
S00169245,144
S00169246,91
S00169247,88
S00169248,62
S00169249,104
S00169250,135
S00169251,71
S00169252,101
S00169253,136
S00169254,88
S00169255,165
S00169256,80
S00169257,83
S00169258,104
S00169259,106
S00169260,74
S00169261,103
S00169262,121
S00169263,87
S00169264,77
S00169265,101
S00169266,71
S00169267,87
S00169268,96
S00169269,100
S00169270,116
S00169271,62
S00169272,129
S00169273,181
S00169274,118
S00169275,140
S00169276,196
S00169277,46
S00169278,98
S00169279,116
S00169280,101
S00169281,171
S00169282,78
S00169283,172
S00169284,88
S00169285,61
S00169286,137
S00169287,131
S00169288,125
S00169289,96
S00169290,114
S00169291,117
S00169292,133
S00169293,85
S00169294,82
S00169295,128
S00169296,107
S00169297,61
S00169298,117
S00169299,90
S00169300,71
S00169301,104
S00169302,55
S00169303,126
S00169304,72
S00169305,90
S00169306,123
S00169307,91
S00169308,132
S00169309,64
S00169310,116
S00169311,93
S00169312,82
S00169313,115
S00169314,108
S00169315,73
S00169316,109
S00169317,73
S00169318,110
S00169319,182
S00169320,82
S00169321,72
S00169322,135
S00169323,76
S00169324,83
S00169325,78
S00169326,142
S00169327,76
S00169328,140
S00169329,86
S00169330,68
S00169331,113
S00169332,111
S00169333,70
S00169334,134
S00169335,72
S00169336,68
S00169337,72
S00169338,91
S00169339,160
S00169340,83
S00169341,60
S00169342,80
S00169343,143
S00169344,95
S00169345,96
S00169346,91
S00169347,81
S00169348,115
S00169349,128
S00169350,109
S00169351,63
S00169352,105
S00169353,192
S00169354,95
S00169355,138
S00169356,117
S00169357,71
S00169358,112
S00169359,77
S00169360,98
S00169361,127
S00169362,76
S00169363,87
S00169364,87
S00169365,97
S00169366,114
S00169367,160
S00169368,89
S00169369,153
S00169370,130
S00169371,184
S00169372,119
S00169373,134
S00169374,102
S00169375,73
S00169376,139
S00169377,127
S00169378,50
S00169379,96
S00169380,102
S00169381,117
S00169382,145
S00169383,126
S00169384,133
S00169385,84
S00169386,101
S00169387,86
S00169388,104
S00169389,111
S00169390,56
S00169391,74
S00169392,89
S00169393,128
S00169394,84
S00169395,101
S00169396,129
S00169397,125
S00169398,100
S00169399,68
S00169400,102
S00169401,93
S00169402,58
S00169403,85
S00169404,115
S00169405,75
S00169406,132
S00169407,101
S00169408,154
S00169409,73
S00169410,88
S00169411,115
S00169412,112
S00169413,69
S00169414,98
S00169415,108
S00169416,99
S00169417,63
S00169418,126
S00169419,130
S00169420,87
S00169421,99
S00169422,108
S00169423,91
S00169424,137
S00169425,137
S00169426,80
S00169427,70
S00169428,90
S00169429,71
S00169430,79
S00169431,85
S00169432,141
S00169433,92
S00169434,85
S00169435,102
S00169436,156
S00169437,111
S00169438,77
S00169439,74
S00169440,97
S00169441,93
S00169442,82
S00169443,121
S00169444,105
S00169445,83
S00169446,102
S00169447,86
S00169448,125
S00169449,96
S00169450,90
S00169451,114
S00169452,134
S00169453,67
S00169454,102
S00169455,135
S00169456,85
S00169457,88
S00169458,130
S00169459,151
S00169460,84
S00169461,70
S00169462,65
S00169463,81
S00169464,101
S00169465,133
S00169466,102
S00169467,98
S00169468,113
S00169469,117
S00169470,87
S00169471,94
S00169472,102
S00169473,110
S00169474,171
S00169475,107
S00169476,122
S00169477,94
S00169478,115
S00169479,78
S00169480,109
S00169481,224
S00169482,107
S00169483,110
S00169484,112
S00169485,93
S00169486,94
S00169487,63
S00169488,106
S00169489,105
S00169490,86
S00169491,77
S00169492,106
S00169493,172
S00169494,67
S00169495,119
S00169496,52
S00169497,113
S00169498,142
S00169499,93
S00169500,90
S00169501,89
S00169502,70
S00169503,70
S00169504,69
S00169505,616
S00169506,92
S00169507,91
S00169508,151
S00169509,69
S00169510,159
S00169511,137
S00169512,51
S00169513,95
S00169514,140
S00169515,66
S00169516,104
S00169517,60
S00169518,88
S00169519,137
S00169520,84
S00169521,173
S00169522,82
S00169523,44
S00169524,147
S00169525,81
S00169526,74
S00169527,68
S00169528,121
S00169529,70
S00169530,100
S00169531,112
S00169532,111
S00169533,104
S00169534,100
S00169535,67
S00169536,129
S00169537,124
S00169538,82
S00169539,74
S00169540,67
S00169541,62
S00169542,92
S00169543,63
S00169544,103
S00169545,72
S00169546,62
S00169547,92
S00169548,78
S00169549,59
S00169550,89
S00169551,89
S00169552,80
S00169553,141
S00169554,66
S00169555,147
S00169556,73
S00169557,96
S00169558,114
S00169559,87
S00169560,68
S00169561,91
S00169562,90
S00169563,59
S00169564,83
S00169565,92
S00169566,59
S00169567,98
S00169568,114
S00169569,81
S00169570,67
S00169571,64
S00169572,102
S00169573,64
S00169574,111
S00169575,91
S00169576,89
S00169577,79
S00169578,82
S00169579,53
S00169580,75
S00169581,58
S00169582,93
S00169583,102
S00169584,90
S00169585,117
S00169586,100
S00169587,128
S00169588,116
S00169589,58
S00169590,100
S00169591,130
S00169592,103
S00169593,97
S00169594,99
S00169595,88
S00169596,64
S00169597,82
S00169598,71
S00169599,116
S00169600,71
S00169601,149
S00169602,120
S00169603,70
S00169604,58
S00169605,73
S00169606,161
S00169607,49
S00169608,59
S00169609,91
S00169610,85
S00169611,99
S00169612,80
S00169613,105
S00169614,70
S00169615,128
S00169616,74
S00169617,86
S00169618,69
S00169619,65
S00169620,116
S00169621,78
S00169622,139
S00169623,73
S00169624,152
S00169625,165
S00169626,62
S00169627,86
S00169628,86
S00169629,142
S00169630,65
S00169631,72
S00169632,76
S00169633,93
S00169634,84
S00169635,96
S00169636,128
S00169637,60
S00169638,92
S00169639,66
S00169640,105
S00169641,59
S00169642,141
S00169643,75
S00169644,84
S00169645,114
S00169646,137
S00169647,119
S00169648,50
S00169649,79
S00169650,52
S00169651,91
S00169652,67
S00169653,123
S00169654,137
S00169655,104
S00169656,59
S00169657,55
S00169658,92
S00169659,84
S00169660,130
S00169661,63
S00169662,94
S00169663,171
S00169664,92
S00169665,129
S00169666,102
S00169667,101
S00169668,107
S00169669,95
S00169670,142
S00169671,105
S00169672,60
S00169673,63
S00169674,56
S00169675,133
S00169676,97
S00169677,77
S00169678,109
S00169679,127
S00169680,98
S00169681,129
S00169682,75
S00169683,114
S00169684,73
S00169685,75
S00169686,150
S00169687,76
S00169688,56
S00169689,79
S00169690,79
S00169691,69
S00169692,105
S00169693,123
S00169694,132
S00169695,86
S00169696,125
S00169697,75
S00169698,76
S00169699,89
S00169700,160
S00169701,94
S00169702,98
S00169703,71
S00169704,78
S00169705,69
S00169706,79
S00169707,93
S00169708,80
S00169709,78
S00169710,71
S00169711,73
S00169712,132
S00169713,97
S00169714,102
S00169715,67
S00169716,66
S00169717,86
S00169718,89
S00169719,109
S00169720,125
S00169721,84
S00169722,67
S00169723,58
S00169724,78
S00169725,120
S00169726,122
S00169727,72
S00169728,142
S00169729,77
S00169730,111
S00169731,112
S00169732,114
S00169733,112
S00169734,106
S00169735,123
S00169736,107
S00169737,123
S00169738,101
S00169739,56
S00169740,103
S00169741,86
S00169742,64
S00169743,88
S00169744,114
S00169745,60
S00169746,76
S00169747,89
S00169748,85
S00169749,75
S00169750,121
S00169751,86
S00169752,137
S00169753,83
S00169754,102
S00169755,93
S00169756,86
S00169757,129
S00169758,77
S00169759,87
S00169760,63
S00169761,60
S00169762,135
S00169763,102
S00169764,64
S00169765,51
S00169766,91
S00169767,124
S00169768,101
S00169769,106
S00169770,95
S00169771,114
S00169772,97
S00169773,100
S00169774,109
S00169775,83
S00169776,133
S00169777,108
S00169778,144
S00169779,99
S00169780,102
S00169781,124
S00169782,57
S00169783,141
S00169784,132
S00169785,121
S00169786,61
S00169787,107
S00169788,72
S00169789,103
S00169790,85
S00169791,73
S00169792,75
S00169793,95
S00169794,80
S00169795,117
S00169796,67
S00169797,88
S00169798,117
S00169799,137
S00169800,118
S00169801,101
S00169802,71
S00169803,83
S00169804,82
S00169805,100
S00169806,91
S00169807,104
S00169808,77
S00169809,63
S00169810,100
S00169811,55
S00169812,129
S00169813,56
S00169814,58
S00169815,72
S00169816,101
S00169817,119
S00169818,115
S00169819,152
S00169820,85
S00169821,57
S00169822,91
S00169823,73
S00169824,140
S00169825,68
S00169826,76
S00169827,146
S00169828,105
S00169829,130
S00169830,52
S00169831,76
S00169832,85
S00169833,114
S00169834,97
S00169835,58
S00169836,60
S00169837,57
S00169838,69
S00169839,125
S00169840,106
S00169841,105
S00169842,64
S00169843,60
S00169844,71
S00169845,62
S00169846,172
S00169847,74
S00169848,88
S00169849,82
S00169850,81
S00169851,64
S00169852,91
S00169853,77
S00169854,101
S00169855,105
S00169856,70
S00169857,131
S00169858,74
S00169859,115
S00169860,60
S00169861,129
S00169862,112
S00169863,62
S00169864,66
S00169865,52
S00169866,105
S00169867,130
S00169868,100
S00169869,94
S00169870,112
S00169871,85
S00169872,60
S00169873,97
S00169874,64
S00169875,66
S00169876,71
S00169877,96
S00169878,107
S00169879,86
S00169880,176
S00169881,154
S00169882,111
S00169883,97
S00169884,64
S00169885,110
S00169886,98
S00169887,105
S00169888,148
S00169889,91
S00169890,165
S00169891,126
S00169892,134
S00169893,99
S00169894,65
S00169895,78
S00169896,93
S00169897,72
S00169898,55
S00169899,98
S00169900,54
S00169901,73
S00169902,106
S00169903,93
S00169904,102
S00169905,101
S00169906,84
S00169907,108
S00169908,63
S00169909,90
S00169910,92
S00169911,62
S00169912,84
S00169913,87
S00169914,86
S00169915,114
S00169916,98
S00169917,171
S00169918,148
S00169919,74
S00169920,60
S00169921,125
S00169922,69
S00169923,72
S00169924,56
S00169925,96
S00169926,84
S00169927,71
S00169928,141
S00169929,58
S00169930,108
S00169931,132
S00169932,172
S00169933,60
S00169934,75
S00169935,74
S00169936,82
S00169937,102
S00169938,131
S00169939,85
S00169940,64
S00169941,72
S00169942,54
S00169943,112
S00169944,148
S00169945,72
S00169946,110
S00169947,117
S00169948,87
S00169949,67
S00169950,100
S00169951,128
S00169952,48
S00169953,106
S00169954,100
S00169955,83
S00169956,180
S00169957,100
S00169958,64
S00169959,144
S00169960,212
S00169961,56
S00169962,143
S00169963,78
S00169964,103
S00169965,65
S00169966,52
S00169967,64
S00169968,137
S00169969,154
S00169970,99
S00169971,101
S00169972,105
S00169973,102
S00169974,71
S00169975,130
S00169976,95
S00169977,104
S00169978,160
S00169979,127
S00169980,67
S00169981,116
S00169982,110
S00169983,88
S00169984,65
S00169985,59
S00169986,56
S00169987,117
S00169988,198
S00169989,85
S00169990,160
S00169991,105
S00169992,122
S00169993,133
S00169994,165
S00169995,119
S00169996,70
S00169997,99
S00169998,123
S00169999,130
S00170000,90
S00170001,106
S00170002,163
S00170003,75
S00170004,136
S00170005,70
S00170006,129
S00170007,87
S00170008,123
S00170009,74
S00170010,86
S00170011,104
S00170012,94
S00170013,165
S00170014,84
S00170015,116
S00170016,104
S00170017,80
S00170018,53
S00170019,94
S00170020,103
S00170021,76
S00170022,113
S00170023,92
S00170024,110
S00170025,102
S00170026,71
S00170027,125
S00170028,105
S00170029,86
S00170030,89
S00170031,82
S00170032,65
S00170033,97
S00170034,80
S00170035,86
S00170036,123
S00170037,109
S00170038,83
S00170039,95
S00170040,53
S00170041,95
S00170042,101
S00170043,89
S00170044,152
S00170045,74
S00170046,83
S00170047,161
S00170048,91
S00170049,69
S00170050,88
S00170051,59
S00170052,59
S00170053,89
S00170054,120
S00170055,97
S00170056,111
S00170057,128
S00170058,96
S00170059,83
S00170060,56
S00170061,86
S00170062,73
S00170063,70
S00170064,118
S00170065,61
S00170066,133
S00170067,96
S00170068,89
S00170069,70
S00170070,55
S00170071,116
S00170072,79
S00170073,147
S00170074,93
S00170075,78
S00170076,88
S00170077,67
S00170078,133
S00170079,139
S00170080,118
S00170081,69
S00170082,99
S00170083,93
S00170084,80
S00170085,119
S00170086,95
S00170087,99
S00170088,96
S00170089,92
S00170090,107
S00170091,120
S00170092,106
S00170093,112
S00170094,81
S00170095,81
S00170096,97
S00170097,79
S00170098,107
S00170099,162
S00170100,74
S00170101,75
S00170102,114
S00170103,153
S00170104,94
S00170105,86
S00170106,70
S00170107,71
S00170108,91
S00170109,88
S00170110,71
S00170111,78
S00170112,97
S00170113,115
S00170114,148
S00170115,87
S00170116,141
S00170117,118
S00170118,66
S00170119,94
S00170120,108
S00170121,94
S00170122,110
S00170123,86
S00170124,78
S00170125,131
S00170126,61
S00170127,68
S00170128,105
S00170129,71
S00170130,101
S00170131,70
S00170132,70
S00170133,96
S00170134,88
S00170135,99
S00170136,97
S00170137,108
S00170138,95
S00170139,91
S00170140,59
S00170141,57
S00170142,162
S00170143,127
S00170144,111
S00170145,84
S00170146,101
S00170147,95
S00170148,71
S00170149,121
S00170150,78
S00170151,94
S00170152,146
S00170153,117
S00170154,141
S00170155,82
S00170156,80
S00170157,96
S00170158,79
S00170159,77
S00170160,104
S00170161,107
S00170162,84
S00170163,85
S00170164,68
S00170165,92
S00170166,74
S00170167,66
S00170168,102
S00170169,72
S00170170,76
S00170171,93
S00170172,52
S00170173,117
S00170174,83
S00170175,73
S00170176,77
S00170177,71
S00170178,88
S00170179,98
S00170180,88
S00170181,90
S00170182,81
S00170183,115
S00170184,63
S00170185,60
S00170186,98
S00170187,123
S00170188,100
S00170189,59
S00170190,47
S00170191,57
S00170192,114
S00170193,98
S00170194,72
S00170195,103
S00170196,67
S00170197,81
S00170198,75
S00170199,89
S00170200,86
S00170201,87
S00170202,122
S00170203,131
S00170204,55
S00170205,102
S00170206,77
S00170207,112
S00170208,123
S00170209,85
S00170210,100
S00170211,76
S00170212,154
S00170213,73
S00170214,120
S00170215,91
S00170216,120
S00170217,59
S00170218,98
S00170219,100
S00170220,118
S00170221,87
S00170222,100
S00170223,92
S00170224,91
S00170225,110
S00170226,61
S00170227,76
S00170228,82
S00170229,117
S00170230,90
S00170231,56
S00170232,85
S00170233,95
S00170234,131
S00170235,75
S00170236,77
S00170237,80
S00170238,134
S00170239,103
S00170240,87
S00170241,136
S00170242,121
S00170243,78
S00170244,60
S00170245,85
S00170246,84
S00170247,69
S00170248,137
S00170249,81
S00170250,108
S00170251,100
S00170252,101
S00170253,100
S00170254,106
S00170255,143
S00170256,115
S00170257,87
S00170258,63
S00170259,135
S00170260,90
S00170261,110
S00170262,64
S00170263,62
S00170264,86
S00170265,83
S00170266,58
S00170267,60
S00170268,99
S00170269,137
S00170270,118
S00170271,91
S00170272,86
S00170273,72
S00170274,51
S00170275,107
S00170276,91
S00170277,153
S00170278,65
S00170279,108
S00170280,115
S00170281,151
S00170282,118
S00170283,86
S00170284,62
S00170285,101
S00170286,74
S00170287,112
S00170288,110
S00170289,59
S00170290,102
S00170291,101
S00170292,147
S00170293,127
S00170294,95
S00170295,146
S00170296,99
S00170297,79
S00170298,130
S00170299,109
S00170300,90
S00170301,106
S00170302,72
S00170303,117
S00170304,94
S00170305,143
S00170306,126
S00170307,77
S00170308,109
S00170309,72
S00170310,94
S00170311,75
S00170312,72
S00170313,130
S00170314,155
S00170315,129
S00170316,108
S00170317,62
S00170318,88
S00170319,48
S00170320,117
S00170321,102
S00170322,118
S00170323,59
S00170324,83
S00170325,99
S00170326,163
S00170327,103
S00170328,78
S00170329,101
S00170330,65
S00170331,61
S00170332,84
S00170333,72
S00170334,59
S00170335,138
S00170336,95
S00170337,103
S00170338,71
S00170339,108
S00170340,58
S00170341,61
S00170342,79
S00170343,77
S00170344,71
S00170345,97
S00170346,113
S00170347,83
S00170348,86
S00170349,69
S00170350,101
S00170351,79
S00170352,69
S00170353,61
S00170354,102
S00170355,65
S00170356,84
S00170357,107
S00170358,108
S00170359,131
S00170360,65
S00170361,79
S00170362,71
S00170363,66
S00170364,112
S00170365,60
S00170366,146
S00170367,131
S00170368,98
S00170369,95
S00170370,67
S00170371,131
S00170372,67
S00170373,84
S00170374,64
S00170375,113
S00170376,56
S00170377,53
S00170378,164
S00170379,76
S00170380,71
S00170381,114
S00170382,50
S00170383,185
S00170384,59
S00170385,106
S00170386,67
S00170387,91
S00170388,127
S00170389,56
S00170390,106
S00170391,77
S00170392,120
S00170393,82
S00170394,81
S00170395,86
S00170396,85
S00170397,128
S00170398,82
S00170399,82
S00170400,207
S00170401,92
S00170402,76
S00170403,101
S00170404,122
S00170405,126
S00170406,103
S00170407,90
S00170408,71
S00170409,64
S00170410,110
S00170411,126
S00170412,57
S00170413,97
S00170414,105
S00170415,88
S00170416,91
S00170417,71
S00170418,80
S00170419,144
S00170420,109
S00170421,73
S00170422,138
S00170423,95
S00170424,46
S00170425,53
S00170426,105
S00170427,118
S00170428,108
S00170429,55
S00170430,75
S00170431,204
S00170432,139
S00170433,90
S00170434,104
S00170435,134
S00170436,99
S00170437,79
S00170438,118
S00170439,55
S00170440,117
S00170441,50
S00170442,105
S00170443,111
S00170444,78
S00170445,141
S00170446,181
S00170447,66
S00170448,144
S00170449,113
S00170450,118
S00170451,65
S00170452,66
S00170453,77
S00170454,130
S00170455,56
S00170456,85
S00170457,73
S00170458,79
S00170459,98
S00170460,106
S00170461,93
S00170462,80
S00170463,72
S00170464,120
S00170465,146
S00170466,97
S00170467,92
S00170468,80
S00170469,75
S00170470,86
S00170471,80
S00170472,57
S00170473,121
S00170474,70
S00170475,113
S00170476,89
S00170477,62
S00170478,156
S00170479,76
S00170480,109
S00170481,79
S00170482,60
S00170483,146
S00170484,100
S00170485,135
S00170486,134
S00170487,115
S00170488,110
S00170489,118
S00170490,94
S00170491,90
S00170492,50
S00170493,70
S00170494,56
S00170495,98
S00170496,47
S00170497,98
S00170498,100
S00170499,94
S00170500,112
S00170501,55
S00170502,140
S00170503,88
S00170504,106
S00170505,77
S00170506,55
S00170507,156
S00170508,85
S00170509,106
S00170510,82
S00170511,81
S00170512,67
S00170513,67
S00170514,158
S00170515,87
S00170516,169
S00170517,113
S00170518,67
S00170519,77
S00170520,96
S00170521,56
S00170522,61
S00170523,157
S00170524,106
S00170525,73
S00170526,100
S00170527,237
S00170528,78
S00170529,49
S00170530,121
S00170531,94
S00170532,90
S00170533,148
S00170534,65
S00170535,97
S00170536,125
S00170537,79
S00170538,75
S00170539,86
S00170540,107
S00170541,71
S00170542,87
S00170543,57
S00170544,94
S00170545,82
S00170546,68
S00170547,194
S00170548,107
S00170549,118
S00170550,131
S00170551,104
S00170552,59
S00170553,137
S00170554,116
S00170555,119
S00170556,82
S00170557,125
S00170558,112
S00170559,76
S00170560,110
S00170561,94
S00170562,62
S00170563,71
S00170564,72
S00170565,60
S00170566,83
S00170567,123
S00170568,85
S00170569,114
S00170570,87
S00170571,112
S00170572,131
S00170573,70
S00170574,82
S00170575,72
S00170576,75
S00170577,132
S00170578,82
S00170579,104
S00170580,91
S00170581,72
S00170582,133
S00170583,71
S00170584,118
S00170585,69
S00170586,113
S00170587,146
S00170588,159
S00170589,231
S00170590,144
S00170591,135
S00170592,111
S00170593,124
S00170594,79
S00170595,108
S00170596,142
S00170597,89
S00170598,114
S00170599,95
S00170600,132
S00170601,83
S00170602,135
S00170603,95
S00170604,69
S00170605,75
S00170606,68
S00170607,102
S00170608,135
S00170609,140
S00170610,95
S00170611,137
S00170612,100
S00170613,67
S00170614,88
S00170615,104
S00170616,79
S00170617,84
S00170618,90
S00170619,130
S00170620,74
S00170621,84
S00170622,92
S00170623,72
S00170624,57
S00170625,56
S00170626,127
S00170627,117
S00170628,87
S00170629,82
S00170630,133
S00170631,106
S00170632,104
S00170633,108
S00170634,97
S00170635,61
S00170636,65
S00170637,75
S00170638,108
S00170639,112
S00170640,137
S00170641,138
S00170642,103
S00170643,118
S00170644,127
S00170645,54
S00170646,81
S00170647,126
S00170648,76
S00170649,109
S00170650,91
S00170651,77
S00170652,116
S00170653,90
S00170654,97
S00170655,71
S00170656,143
S00170657,121
S00170658,106
S00170659,57
S00170660,62
S00170661,112
S00170662,156
S00170663,96
S00170664,149
S00170665,116
S00170666,78
S00170667,137
S00170668,67
S00170669,81
S00170670,90
S00170671,106
S00170672,92
S00170673,106
S00170674,99
S00170675,92
S00170676,110
S00170677,96
S00170678,94
S00170679,107
S00170680,124
S00170681,78
S00170682,115
S00170683,59
S00170684,58
S00170685,68
S00170686,70
S00170687,118
S00170688,102
S00170689,77
S00170690,85
S00170691,108
S00170692,113
S00170693,49
S00170694,117
S00170695,99
S00170696,76
S00170697,86
S00170698,118
S00170699,114
S00170700,128
S00170701,125
S00170702,58
S00170703,98
S00170704,76
S00170705,83
S00170706,67
S00170707,83
S00170708,53
S00170709,130
S00170710,124
S00170711,90
S00170712,76
S00170713,69
S00170714,140
S00170715,141
S00170716,84
S00170717,80
S00170718,96
S00170719,146
S00170720,72
S00170721,81
S00170722,61
S00170723,62
S00170724,77
S00170725,88
S00170726,132
S00170727,141
S00170728,81
S00170729,91
S00170730,94
S00170731,81
S00170732,69
S00170733,102
S00170734,85
S00170735,62
S00170736,88
S00170737,69
S00170738,143
S00170739,59
S00170740,118
S00170741,156
S00170742,85
S00170743,58
S00170744,97
S00170745,68
S00170746,143
S00170747,134
S00170748,116
S00170749,72
S00170750,97
S00170751,87
S00170752,79
S00170753,61
S00170754,50
S00170755,84
S00170756,104
S00170757,116
S00170758,90
S00170759,79
S00170760,58
S00170761,60
S00170762,110
S00170763,134
S00170764,175
S00170765,153
S00170766,115
S00170767,114
S00170768,140
S00170769,91
S00170770,167
S00170771,131
S00170772,112
S00170773,71
S00170774,141
S00170775,58
S00170776,72
S00170777,167
S00170778,132
S00170779,146
S00170780,116
S00170781,64
S00170782,126
S00170783,77
S00170784,120
S00170785,106
S00170786,83
S00170787,116
S00170788,60
S00170789,72
S00170790,127
S00170791,136
S00170792,131
S00170793,89
S00170794,118
S00170795,98
S00170796,63
S00170797,108
S00170798,82
S00170799,108
S00170800,89
S00170801,114
S00170802,95
S00170803,86
S00170804,88
S00170805,102
S00170806,73
S00170807,70
S00170808,102
S00170809,106
S00170810,95
S00170811,145
S00170812,127
S00170813,109
S00170814,144
S00170815,77
S00170816,109
S00170817,116
S00170818,92
S00170819,118
S00170820,127
S00170821,105
S00170822,83
S00170823,147
S00170824,83
S00170825,71
S00170826,111
S00170827,128
S00170828,136
S00170829,147
S00170830,115
S00170831,97
S00170832,92
S00170833,109
S00170834,85
S00170835,117
S00170836,108
S00170837,66
S00170838,97
S00170839,123
S00170840,100
S00170841,68
S00170842,119
S00170843,123
S00170844,71
S00170845,62
S00170846,68
S00170847,122
S00170848,109
S00170849,64
S00170850,86
S00170851,98
S00170852,103
S00170853,152
S00170854,93
S00170855,81
S00170856,91
S00170857,87
S00170858,63
S00170859,90
S00170860,113
S00170861,79
S00170862,87
S00170863,87
S00170864,71
S00170865,62
S00170866,100
S00170867,150
S00170868,89
S00170869,97
S00170870,81
S00170871,125
S00170872,120
S00170873,68
S00170874,72
S00170875,136
S00170876,106
S00170877,105
S00170878,93
S00170879,71
S00170880,119
S00170881,89
S00170882,96
S00170883,83
S00170884,77
S00170885,86
S00170886,68
S00170887,53
S00170888,91
S00170889,115
S00170890,53
S00170891,56
S00170892,124
S00170893,123
S00170894,136
S00170895,129
S00170896,139
S00170897,58
S00170898,64
S00170899,75
S00170900,89
S00170901,100
S00170902,135
S00170903,103
S00170904,86
S00170905,76
S00170906,72
S00170907,99
S00170908,113
S00170909,141
S00170910,91
S00170911,90
S00170912,105
S00170913,142
S00170914,165
S00170915,79
S00170916,122
S00170917,54
S00170918,68
S00170919,62
S00170920,119
S00170921,86
S00170922,106
S00170923,95
S00170924,58
S00170925,99
S00170926,49
S00170927,71
S00170928,60
S00170929,65
S00170930,145
S00170931,91
S00170932,97
S00170933,136
S00170934,86
S00170935,148
S00170936,86
S00170937,140
S00170938,84
S00170939,85
S00170940,92
S00170941,102
S00170942,96
S00170943,86
S00170944,65
S00170945,104
S00170946,60
S00170947,124
S00170948,144
S00170949,98
S00170950,58
S00170951,98
S00170952,77
S00170953,73
S00170954,110
S00170955,102
S00170956,98
S00170957,76
S00170958,149
S00170959,90
S00170960,101
S00170961,62
S00170962,109
S00170963,65
S00170964,93
S00170965,83
S00170966,66
S00170967,74
S00170968,81
S00170969,71
S00170970,58
S00170971,116
S00170972,54
S00170973,86
S00170974,87
S00170975,78
S00170976,81
S00170977,97
S00170978,93
S00170979,59
S00170980,123
S00170981,54
S00170982,92
S00170983,98
S00170984,88
S00170985,95
S00170986,122
S00170987,134
S00170988,84
S00170989,118
S00170990,65
S00170991,103
S00170992,72
S00170993,125
S00170994,97
S00170995,65
S00170996,154
S00170997,149
S00170998,71
S00170999,88
S00171000,107
S00171001,126
S00171002,157
S00171003,110
S00171004,115
S00171005,135
S00171006,103
S00171007,78
S00171008,119
S00171009,150
S00171010,89
S00171011,69
S00171012,143
S00171013,77
S00171014,78
S00171015,87
S00171016,118
S00171017,122
S00171018,142
S00171019,60
S00171020,160
S00171021,125
S00171022,59
S00171023,158
S00171024,74
S00171025,106
S00171026,75
S00171027,107
S00171028,83
S00171029,133
S00171030,62
S00171031,61
S00171032,209
S00171033,82
S00171034,95
S00171035,80
S00171036,83
S00171037,61
S00171038,113
S00171039,62
S00171040,122
S00171041,94
S00171042,82
S00171043,132
S00171044,71
S00171045,95
S00171046,86
S00171047,105
S00171048,120
S00171049,113
S00171050,78
S00171051,66
S00171052,110
S00171053,154
S00171054,103
S00171055,110
S00171056,67
S00171057,65
S00171058,74
S00171059,144
S00171060,119
S00171061,143
S00171062,88
S00171063,108
S00171064,128
S00171065,107
S00171066,147
S00171067,119
S00171068,55
S00171069,85
S00171070,72
S00171071,54
S00171072,61
S00171073,74
S00171074,92
S00171075,58
S00171076,133
S00171077,91
S00171078,109
S00171079,120
S00171080,110
S00171081,114
S00171082,102
S00171083,92
S00171084,115
S00171085,99
S00171086,69
S00171087,141
S00171088,69
S00171089,94
S00171090,131
S00171091,61
S00171092,126
S00171093,157
S00171094,113
S00171095,100
S00171096,143
S00171097,117
S00171098,113
S00171099,60
S00171100,95
S00171101,110
S00171102,110
S00171103,92
S00171104,84
S00171105,91
S00171106,66
S00171107,120
S00171108,104
S00171109,111
S00171110,81
S00171111,143
S00171112,104
S00171113,109
S00171114,97
S00171115,141
S00171116,106
S00171117,78
S00171118,128
S00171119,82
S00171120,100
S00171121,92
S00171122,91
S00171123,90
S00171124,55
S00171125,82
S00171126,56
S00171127,94
S00171128,112
S00171129,61
S00171130,88
S00171131,100
S00171132,110
S00171133,115
S00171134,98
S00171135,63
S00171136,102
S00171137,76
S00171138,76
S00171139,67
S00171140,77
S00171141,64
S00171142,61
S00171143,87
S00171144,93
S00171145,163
S00171146,107
S00171147,68
S00171148,71
S00171149,52
S00171150,130
S00171151,143
S00171152,86
S00171153,93
S00171154,60
S00171155,81
S00171156,101
S00171157,102
S00171158,157
S00171159,82
S00171160,93
S00171161,85
S00171162,49
S00171163,72
S00171164,94
S00171165,118
S00171166,86
S00171167,177
S00171168,102
S00171169,58
S00171170,126
S00171171,110
S00171172,63
S00171173,154
S00171174,86
S00171175,247
S00171176,134
S00171177,89
S00171178,87
S00171179,82
S00171180,121
S00171181,191
S00171182,68
S00171183,73
S00171184,121
S00171185,112
S00171186,153
S00171187,97
S00171188,106
S00171189,144
S00171190,118
S00171191,78
S00171192,80
S00171193,97
S00171194,61
S00171195,92
S00171196,62
S00171197,145
S00171198,70
S00171199,56
S00171200,58
S00171201,79
S00171202,82
S00171203,119
S00171204,83
S00171205,76
S00171206,106
S00171207,117
S00171208,90
S00171209,105
S00171210,143
S00171211,85
S00171212,116
S00171213,174
S00171214,82
S00171215,58
S00171216,109
S00171217,60
S00171218,81
S00171219,113
S00171220,92
S00171221,89
S00171222,116
S00171223,115
S00171224,88
S00171225,67
S00171226,137
S00171227,71
S00171228,97
S00171229,113
S00171230,118
S00171231,114
S00171232,91
S00171233,58
S00171234,76
S00171235,105
S00171236,59
S00171237,78
S00171238,104
S00171239,130
S00171240,122
S00171241,124
S00171242,136
S00171243,122
S00171244,56
S00171245,148
S00171246,54
S00171247,89
S00171248,65
S00171249,82
S00171250,131
S00171251,122
S00171252,120
S00171253,115
S00171254,76
S00171255,66
S00171256,126
S00171257,73
S00171258,115
S00171259,79
S00171260,92
S00171261,111
S00171262,162
S00171263,54
S00171264,124
S00171265,136
S00171266,141
S00171267,147
S00171268,133
S00171269,79
S00171270,58
S00171271,124
S00171272,106
S00171273,68
S00171274,64
S00171275,81
S00171276,106
S00171277,90
S00171278,78
S00171279,98
S00171280,105
S00171281,97
S00171282,94
S00171283,92
S00171284,61
S00171285,151
S00171286,69
S00171287,106
S00171288,87
S00171289,89
S00171290,125
S00171291,129
S00171292,58
S00171293,82
S00171294,123
S00171295,172
S00171296,85
S00171297,117
S00171298,108
S00171299,88
S00171300,55
S00171301,99
S00171302,91
S00171303,73
S00171304,96
S00171305,90
S00171306,96
S00171307,81
S00171308,146
S00171309,84
S00171310,81
S00171311,86
S00171312,61
S00171313,127
S00171314,103
S00171315,132
S00171316,72
S00171317,115
S00171318,120
S00171319,151
S00171320,94
S00171321,92
S00171322,97
S00171323,114
S00171324,119
S00171325,84
S00171326,93
S00171327,87
S00171328,84
S00171329,76
S00171330,163
S00171331,72
S00171332,104
S00171333,98
S00171334,67
S00171335,64
S00171336,220
S00171337,81
S00171338,151
S00171339,71
S00171340,90
S00171341,168
S00171342,66
S00171343,75
S00171344,112
S00171345,63
S00171346,55
S00171347,122
S00171348,132
S00171349,88
S00171350,84
S00171351,68
S00171352,97
S00171353,58
S00171354,149
S00171355,121
S00171356,81
S00171357,90
S00171358,136
S00171359,171
S00171360,118
S00171361,121
S00171362,112
S00171363,84
S00171364,142
S00171365,120
S00171366,87
S00171367,104
S00171368,57
S00171369,90
S00171370,95
S00171371,133
S00171372,65
S00171373,63
S00171374,71
S00171375,185
S00171376,129
S00171377,56
S00171378,103
S00171379,97
S00171380,115
S00171381,86
S00171382,87
S00171383,130
S00171384,89
S00171385,88
S00171386,114
S00171387,72
S00171388,81
S00171389,60
S00171390,138
S00171391,105
S00171392,80
S00171393,63
S00171394,79
S00171395,126
S00171396,71
S00171397,85
S00171398,88
S00171399,100
S00171400,156
S00171401,70
S00171402,84
S00171403,112
S00171404,84
S00171405,71
S00171406,101
S00171407,96
S00171408,88
S00171409,62
S00171410,65
S00171411,108
S00171412,112
S00171413,92
S00171414,65
S00171415,67
S00171416,171
S00171417,106
S00171418,98
S00171419,111
S00171420,95
S00171421,111
S00171422,57
S00171423,114
S00171424,84
S00171425,69
S00171426,91
S00171427,80
S00171428,102
S00171429,97
S00171430,109
S00171431,83
S00171432,99
S00171433,112
S00171434,79
S00171435,79
S00171436,57
S00171437,114
S00171438,64
S00171439,129
S00171440,109
S00171441,71
S00171442,78
S00171443,66
S00171444,68
S00171445,85
S00171446,102
S00171447,114
S00171448,77
S00171449,107
S00171450,108
S00171451,87
S00171452,70
S00171453,140
S00171454,115
S00171455,86
S00171456,144
S00171457,137
S00171458,114
S00171459,91
S00171460,85
S00171461,77
S00171462,72
S00171463,120
S00171464,81
S00171465,140
S00171466,115
S00171467,101
S00171468,83
S00171469,87
S00171470,134
S00171471,66
S00171472,79
S00171473,66
S00171474,65
S00171475,161
S00171476,128
S00171477,109
S00171478,90
S00171479,90
S00171480,75
S00171481,84
S00171482,73
S00171483,61
S00171484,87
S00171485,101
S00171486,96
S00171487,89
S00171488,93
S00171489,99
S00171490,59
S00171491,63
S00171492,99
S00171493,62
S00171494,74
S00171495,74
S00171496,116
S00171497,104
S00171498,113
S00171499,114
S00171500,73
S00171501,92
S00171502,124
S00171503,90
S00171504,76
S00171505,81
S00171506,101
S00171507,72
S00171508,71
S00171509,65
S00171510,62
S00171511,90
S00171512,88
S00171513,72
S00171514,105
S00171515,89
S00171516,74
S00171517,106
S00171518,83
S00171519,75
S00171520,60
S00171521,96
S00171522,67
S00171523,90
S00171524,83
S00171525,94
S00171526,60
S00171527,113
S00171528,54
S00171529,74
S00171530,107
S00171531,99
S00171532,92
S00171533,94
S00171534,100
S00171535,118
S00171536,137
S00171537,106
S00171538,127
S00171539,122
S00171540,100
S00171541,100
S00171542,84
S00171543,83
S00171544,86
S00171545,127
S00171546,94
S00171547,82
S00171548,93
S00171549,95
S00171550,91
S00171551,144
S00171552,68
S00171553,70
S00171554,115
S00171555,63
S00171556,93
S00171557,102
S00171558,69
S00171559,67
S00171560,91
S00171561,58
S00171562,114
S00171563,57
S00171564,90
S00171565,134
S00171566,90
S00171567,84
S00171568,91
S00171569,101
S00171570,96
S00171571,87
S00171572,115
S00171573,97
S00171574,76
S00171575,115
S00171576,57
S00171577,181
S00171578,88
S00171579,82
S00171580,106
S00171581,74
S00171582,72
S00171583,84
S00171584,51
S00171585,78
S00171586,81
S00171587,76
S00171588,163
S00171589,112
S00171590,76
S00171591,126
S00171592,73
S00171593,62
S00171594,97
S00171595,93
S00171596,76
S00171597,466
S00171598,79
S00171599,91
S00171600,70
S00171601,93
S00171602,97
S00171603,94
S00171604,83
S00171605,132
S00171606,79
S00171607,84
S00171608,93
S00171609,122
S00171610,104
S00171611,89
S00171612,110
S00171613,96
S00171614,74
S00171615,80
S00171616,131
S00171617,101
S00171618,102
S00171619,57
S00171620,99
S00171621,119
S00171622,65
S00171623,138
S00171624,107
S00171625,106
S00171626,96
S00171627,105
S00171628,110
S00171629,176
S00171630,96
S00171631,74
S00171632,84
S00171633,123
S00171634,93
S00171635,71
S00171636,78
S00171637,103
S00171638,86
S00171639,93
S00171640,87
S00171641,146
S00171642,129
S00171643,108
S00171644,78
S00171645,62
S00171646,92
S00171647,64
S00171648,79
S00171649,140
S00171650,78
S00171651,91
S00171652,85
S00171653,86
S00171654,165
S00171655,76
S00171656,135
S00171657,73
S00171658,89
S00171659,159
S00171660,66
S00171661,75
S00171662,89
S00171663,117
S00171664,88
S00171665,79
S00171666,101
S00171667,83
S00171668,123
S00171669,110
S00171670,68
S00171671,94
S00171672,98
S00171673,56
S00171674,77
S00171675,91
S00171676,101
S00171677,105
S00171678,75
S00171679,105
S00171680,85
S00171681,59
S00171682,101
S00171683,92
S00171684,94
S00171685,59
S00171686,82
S00171687,87
S00171688,168
S00171689,137
S00171690,91
S00171691,105
S00171692,97
S00171693,78
S00171694,64
S00171695,67
S00171696,67
S00171697,128
S00171698,53
S00171699,89
S00171700,78
S00171701,76
S00171702,92
S00171703,83
S00171704,115
S00171705,98
S00171706,72
S00171707,134
S00171708,59
S00171709,148
S00171710,72
S00171711,104
S00171712,145
S00171713,137
S00171714,105
S00171715,89
S00171716,103
S00171717,106
S00171718,69
S00171719,77
S00171720,102
S00171721,140
S00171722,129
S00171723,110
S00171724,96
S00171725,72
S00171726,121
S00171727,89
S00171728,94
S00171729,81
S00171730,90
S00171731,89
S00171732,70
S00171733,87
S00171734,77
S00171735,97
S00171736,95
S00171737,89
S00171738,71
S00171739,110
S00171740,117
S00171741,94
S00171742,86
S00171743,116
S00171744,81
S00171745,82
S00171746,97
S00171747,111
S00171748,106
S00171749,131
S00171750,92
S00171751,60
S00171752,66
S00171753,106
S00171754,106
S00171755,84
S00171756,121
S00171757,94
S00171758,125
S00171759,68
S00171760,102
S00171761,74
S00171762,125
S00171763,79
S00171764,60
S00171765,62
S00171766,87
S00171767,120
S00171768,61
S00171769,91
S00171770,70
S00171771,119
S00171772,70
S00171773,76
S00171774,71
S00171775,95
S00171776,54
S00171777,95
S00171778,72
S00171779,123
S00171780,57
S00171781,102
S00171782,140
S00171783,79
S00171784,134
S00171785,95
S00171786,88
S00171787,55
S00171788,75
S00171789,91
S00171790,103
S00171791,87
S00171792,101
S00171793,69
S00171794,80
S00171795,57
S00171796,88
S00171797,75
S00171798,76
S00171799,105
S00171800,110
S00171801,124
S00171802,65
S00171803,59
S00171804,86
S00171805,70
S00171806,146
S00171807,90
S00171808,114
S00171809,90
S00171810,121
S00171811,111
S00171812,132
S00171813,125
S00171814,56
S00171815,133
S00171816,52
S00171817,106
S00171818,66
S00171819,94
S00171820,109
S00171821,191
S00171822,82
S00171823,88
S00171824,96
S00171825,66
S00171826,131
S00171827,130
S00171828,130
S00171829,282
S00171830,111
S00171831,111
S00171832,143
S00171833,71
S00171834,68
S00171835,113
S00171836,173
S00171837,121
S00171838,95
S00171839,122
S00171840,166
S00171841,128
S00171842,92
S00171843,139
S00171844,120
S00171845,129
S00171846,143
S00171847,106
S00171848,126
S00171849,88
S00171850,60
S00171851,60
S00171852,77
S00171853,62
S00171854,123
S00171855,75
S00171856,125
S00171857,101
S00171858,111
S00171859,116
S00171860,107
S00171861,133
S00171862,117
S00171863,149
S00171864,132
S00171865,77
S00171866,109
S00171867,118
S00171868,166
S00171869,118
S00171870,87
S00171871,167
S00171872,65
S00171873,93
S00171874,109
S00171875,142
S00171876,121
S00171877,103
S00171878,55
S00171879,67
S00171880,91
S00171881,77
S00171882,129
S00171883,108
S00171884,148
S00171885,65
S00171886,70
S00171887,120
S00171888,56
S00171889,82
S00171890,100
S00171891,66
S00171892,155
S00171893,130
S00171894,89
S00171895,62
S00171896,157
S00171897,96
S00171898,152
S00171899,138
S00171900,68
S00171901,113
S00171902,126
S00171903,79
S00171904,121
S00171905,65
S00171906,157
S00171907,106
S00171908,86
S00171909,85
S00171910,142
S00171911,109
S00171912,93
S00171913,63
S00171914,99
S00171915,93
S00171916,70
S00171917,73
S00171918,148
S00171919,125
S00171920,108
S00171921,89
S00171922,95
S00171923,146
S00171924,65
S00171925,131
S00171926,97
S00171927,53
S00171928,122
S00171929,95
S00171930,141
S00171931,106
S00171932,117
S00171933,81
S00171934,61
S00171935,125
S00171936,82
S00171937,78
S00171938,121
S00171939,130
S00171940,117
S00171941,78
S00171942,127
S00171943,80
S00171944,166
S00171945,133
S00171946,79
S00171947,74
S00171948,54
S00171949,104
S00171950,111
S00171951,92
S00171952,136
S00171953,112
S00171954,125
S00171955,76
S00171956,91
S00171957,91
S00171958,123
S00171959,64
S00171960,118
S00171961,76
S00171962,50
S00171963,153
S00171964,63
S00171965,130
S00171966,110
S00171967,88
S00171968,164
S00171969,104
S00171970,109
S00171971,73
S00171972,128
S00171973,174
S00171974,174
S00171975,128
S00171976,53
S00171977,94
S00171978,141
S00171979,106
S00171980,91
S00171981,111
S00171982,85
S00171983,83
S00171984,68
S00171985,97
S00171986,59
S00171987,150
S00171988,84
S00171989,77
S00171990,116
S00171991,102
S00171992,84
S00171993,112
S00171994,90
S00171995,103
S00171996,87
S00171997,114
S00171998,104
S00171999,156
S00172000,77
S00172001,71
S00172002,114
S00172003,63
S00172004,133
S00172005,148
S00172006,72
S00172007,181
S00172008,120
S00172009,64
S00172010,57
S00172011,125
S00172012,116
S00172013,107
S00172014,86
S00172015,100
S00172016,112
S00172017,157
S00172018,104
S00172019,125
S00172020,93
S00172021,69
S00172022,82
S00172023,81
S00172024,80
S00172025,146
S00172026,100
S00172027,99
S00172028,57
S00172029,122
S00172030,129
S00172031,83
S00172032,151
S00172033,107
S00172034,101
S00172035,89
S00172036,97
S00172037,112
S00172038,96
S00172039,59
S00172040,104
S00172041,136
S00172042,69
S00172043,105
S00172044,85
S00172045,64
S00172046,72
S00172047,78
S00172048,88
S00172049,82
S00172050,100
S00172051,76
S00172052,54
S00172053,126
S00172054,129
S00172055,96
S00172056,96
S00172057,99
S00172058,52
S00172059,71
S00172060,119
S00172061,67
S00172062,104
S00172063,123
S00172064,134
S00172065,49
S00172066,110
S00172067,169
S00172068,134
S00172069,88
S00172070,77
S00172071,120
S00172072,112
S00172073,90
S00172074,106
S00172075,117
S00172076,85
S00172077,120
S00172078,132
S00172079,143
S00172080,142
S00172081,150
S00172082,96
S00172083,69
S00172084,331
S00172085,119
S00172086,109
S00172087,118
S00172088,134
S00172089,90
S00172090,126
S00172091,114
S00172092,94
S00172093,73
S00172094,153
S00172095,94
S00172096,118
S00172097,116
S00172098,68
S00172099,77
S00172100,114
S00172101,111
S00172102,122
S00172103,81
S00172104,124
S00172105,66
S00172106,159
S00172107,118
S00172108,69
S00172109,74
S00172110,177
S00172111,82
S00172112,132
S00172113,70
S00172114,88
S00172115,106
S00172116,103
S00172117,59
S00172118,104
S00172119,141
S00172120,114
S00172121,118
S00172122,76
S00172123,80
S00172124,82
S00172125,91
S00172126,97
S00172127,76
S00172128,118
S00172129,75
S00172130,120
S00172131,117
S00172132,108
S00172133,120
S00172134,79
S00172135,121
S00172136,133
S00172137,82
S00172138,162
S00172139,142
S00172140,96
S00172141,86
S00172142,103
S00172143,146
S00172144,146
S00172145,138
S00172146,152
S00172147,89
S00172148,147
S00172149,127
S00172150,117
S00172151,89
S00172152,107
S00172153,104
S00172154,63
S00172155,158
S00172156,72
S00172157,154
S00172158,143
S00172159,137
S00172160,145
S00172161,143
S00172162,91
S00172163,135
S00172164,116
S00172165,99
S00172166,92
S00172167,85
S00172168,94
S00172169,73
S00172170,173
S00172171,76
S00172172,98
S00172173,113
S00172174,117
S00172175,168
S00172176,128
S00172177,74
S00172178,58
S00172179,89
S00172180,155
S00172181,77
S00172182,118
S00172183,135
S00172184,119
S00172185,138
S00172186,186
S00172187,81
S00172188,86
S00172189,61
S00172190,162
S00172191,114
S00172192,81
S00172193,166
S00172194,73
S00172195,106
S00172196,140
S00172197,123
S00172198,119
S00172199,114
S00172200,135
S00172201,81
S00172202,147
S00172203,98
S00172204,85
S00172205,64
S00172206,73
S00172207,55
S00172208,91
S00172209,114
S00172210,163
S00172211,92
S00172212,98
S00172213,112
S00172214,71
S00172215,97
S00172216,158
S00172217,76
S00172218,97
S00172219,99
S00172220,103
S00172221,120
S00172222,108
S00172223,99
S00172224,78
S00172225,101
S00172226,112
S00172227,110
S00172228,73
S00172229,212
S00172230,96
S00172231,119
S00172232,76
S00172233,129
S00172234,91
S00172235,130
S00172236,95
S00172237,89
S00172238,130
S00172239,81
S00172240,141
S00172241,84
S00172242,95
S00172243,107
S00172244,94
S00172245,72
S00172246,70
S00172247,81
S00172248,88
S00172249,69
S00172250,131
S00172251,163
S00172252,162
S00172253,122
S00172254,77
S00172255,51
S00172256,109
S00172257,124
S00172258,94
S00172259,82
S00172260,104
S00172261,120
S00172262,83
S00172263,117
S00172264,144
S00172265,90
S00172266,109
S00172267,82
S00172268,79
S00172269,90
S00172270,119
S00172271,79
S00172272,53
S00172273,126
S00172274,86
S00172275,81
S00172276,82
S00172277,141
S00172278,80
S00172279,89
S00172280,75
S00172281,135
S00172282,77
S00172283,134
S00172284,96
S00172285,126
S00172286,59
S00172287,134
S00172288,56
S00172289,85
S00172290,76
S00172291,63
S00172292,78
S00172293,93
S00172294,76
S00172295,123
S00172296,106
S00172297,86
S00172298,81
S00172299,96
S00172300,104
S00172301,97
S00172302,70
S00172303,92
S00172304,73
S00172305,59
S00172306,104
S00172307,158
S00172308,141
S00172309,133
S00172310,117
S00172311,103
S00172312,131
S00172313,114
S00172314,60
S00172315,75
S00172316,80
S00172317,57
S00172318,105
S00172319,72
S00172320,112
S00172321,103
S00172322,71
S00172323,90
S00172324,74
S00172325,69
S00172326,74
S00172327,67
S00172328,110
S00172329,84
S00172330,88
S00172331,92
S00172332,84
S00172333,80
S00172334,97
S00172335,91
S00172336,91
S00172337,69
S00172338,83
S00172339,98
S00172340,81
S00172341,64
S00172342,82
S00172343,75
S00172344,57
S00172345,144
S00172346,79
S00172347,87
S00172348,70
S00172349,87
S00172350,93
S00172351,51
S00172352,99
S00172353,71
S00172354,76
S00172355,99
S00172356,89
S00172357,148
S00172358,76
S00172359,58
S00172360,148
S00172361,59
S00172362,102
S00172363,126
S00172364,97
S00172365,73
S00172366,60
S00172367,54
S00172368,68
S00172369,82
S00172370,85
S00172371,114
S00172372,73
S00172373,55
S00172374,147
S00172375,133
S00172376,87
S00172377,58
S00172378,76
S00172379,69
S00172380,99
S00172381,79
S00172382,135
S00172383,78
S00172384,66
S00172385,115
S00172386,149
S00172387,130
S00172388,129
S00172389,86
S00172390,85
S00172391,160
S00172392,205
S00172393,89
S00172394,131
S00172395,73
S00172396,189
S00172397,172
S00172398,77
S00172399,72
S00172400,90
S00172401,78
S00172402,129
S00172403,98
S00172404,77
S00172405,84
S00172406,96
S00172407,159
S00172408,88
S00172409,67
S00172410,75
S00172411,125
S00172412,148
S00172413,84
S00172414,77
S00172415,118
S00172416,96
S00172417,111
S00172418,94
S00172419,112
S00172420,113
S00172421,99
S00172422,163
S00172423,71
S00172424,145
S00172425,76
S00172426,138
S00172427,84
S00172428,99
S00172429,145
S00172430,106
S00172431,88
S00172432,105
S00172433,128
S00172434,129
S00172435,79
S00172436,129
S00172437,143
S00172438,108
S00172439,94
S00172440,115
S00172441,95
S00172442,75
S00172443,87
S00172444,75
S00172445,128
S00172446,71
S00172447,89
S00172448,73
S00172449,132
S00172450,95
S00172451,200
S00172452,129
S00172453,131
S00172454,95
S00172455,100
S00172456,117
S00172457,58
S00172458,87
S00172459,59
S00172460,124
S00172461,65
S00172462,130
S00172463,70
S00172464,54
S00172465,116
S00172466,99
S00172467,105
S00172468,83
S00172469,91
S00172470,77
S00172471,94
S00172472,79
S00172473,72
S00172474,113
S00172475,56
S00172476,77
S00172477,147
S00172478,86
S00172479,92
S00172480,63
S00172481,66
S00172482,84
S00172483,76
S00172484,74
S00172485,70
S00172486,60
S00172487,93
S00172488,68
S00172489,63
S00172490,167
S00172491,191
S00172492,57
S00172493,73
S00172494,104
S00172495,93
S00172496,202
S00172497,108
S00172498,158
S00172499,79
S00172500,58
S00172501,63
S00172502,98
S00172503,60
S00172504,76
S00172505,55
S00172506,138
S00172507,73
S00172508,98
S00172509,103
S00172510,110
S00172511,87
S00172512,52
S00172513,119
S00172514,125
S00172515,132
S00172516,111
S00172517,64
S00172518,126
S00172519,88
S00172520,117
S00172521,49
S00172522,88
S00172523,129
S00172524,101
S00172525,84
S00172526,88
S00172527,77
S00172528,84
S00172529,64
S00172530,64
S00172531,56
S00172532,51
S00172533,98
S00172534,138
S00172535,69
S00172536,84
S00172537,91
S00172538,128
S00172539,92
S00172540,58
S00172541,78
S00172542,91
S00172543,124
S00172544,60
S00172545,74
S00172546,76
S00172547,96
S00172548,110
S00172549,80
S00172550,113
S00172551,89
S00172552,87
S00172553,126
S00172554,75
S00172555,85
S00172556,73
S00172557,117
S00172558,58
S00172559,136
S00172560,90
S00172561,129
S00172562,151
S00172563,78
S00172564,139
S00172565,113
S00172566,103
S00172567,76
S00172568,123
S00172569,115
S00172570,101
S00172571,114
S00172572,74
S00172573,109
S00172574,102
S00172575,88
S00172576,74
S00172577,116
S00172578,115
S00172579,165
S00172580,118
S00172581,88
S00172582,136
S00172583,72
S00172584,85
S00172585,105
S00172586,76
S00172587,94
S00172588,83
S00172589,100
S00172590,119
S00172591,54
S00172592,81
S00172593,84
S00172594,74
S00172595,130
S00172596,63
S00172597,136
S00172598,61
S00172599,77
S00172600,95
S00172601,90
S00172602,70
S00172603,127
S00172604,84
S00172605,110
S00172606,229
S00172607,65
S00172608,77
S00172609,84
S00172610,97
S00172611,65
S00172612,74
S00172613,73
S00172614,108
S00172615,75
S00172616,59
S00172617,130
S00172618,60
S00172619,117
S00172620,76
S00172621,114
S00172622,117
S00172623,90
S00172624,116
S00172625,87
S00172626,68
S00172627,149
S00172628,77
S00172629,66
S00172630,98
S00172631,60
S00172632,99
S00172633,114
S00172634,81
S00172635,152
S00172636,109
S00172637,116
S00172638,83
S00172639,66
S00172640,84
S00172641,115
S00172642,110
S00172643,104
S00172644,116
S00172645,70
S00172646,120
S00172647,107
S00172648,93
S00172649,124
S00172650,83
S00172651,70
S00172652,78
S00172653,106
S00172654,88
S00172655,53
S00172656,114
S00172657,80
S00172658,103
S00172659,80
S00172660,129
S00172661,137
S00172662,64
S00172663,68
S00172664,93
S00172665,59
S00172666,167
S00172667,80
S00172668,128
S00172669,59
S00172670,158
S00172671,60
S00172672,61
S00172673,71
S00172674,65
S00172675,55
S00172676,75
S00172677,79
S00172678,82
S00172679,57
S00172680,143
S00172681,83
S00172682,110
S00172683,79
S00172684,53
S00172685,58
S00172686,128
S00172687,73
S00172688,95
S00172689,102
S00172690,151
S00172691,55
S00172692,110
S00172693,74
S00172694,93
S00172695,61
S00172696,124
S00172697,86
S00172698,114
S00172699,77
S00172700,116
S00172701,69
S00172702,99
S00172703,60
S00172704,99
S00172705,117
S00172706,133
S00172707,110
S00172708,76
S00172709,74
S00172710,78
S00172711,98
S00172712,113
S00172713,73
S00172714,111
S00172715,119
S00172716,84
S00172717,88
S00172718,155
S00172719,77
S00172720,90
S00172721,123
S00172722,130
S00172723,52
S00172724,63
S00172725,76
S00172726,75
S00172727,60
S00172728,140
S00172729,62
S00172730,109
S00172731,63
S00172732,85
S00172733,66
S00172734,87
S00172735,71
S00172736,111
S00172737,99
S00172738,58
S00172739,107
S00172740,71
S00172741,63
S00172742,100
S00172743,61
S00172744,110
S00172745,83
S00172746,71
S00172747,63
S00172748,130
S00172749,121
S00172750,61
S00172751,100
S00172752,81
S00172753,115
S00172754,82
S00172755,92
S00172756,123
S00172757,60
S00172758,105
S00172759,71
S00172760,65
S00172761,84
S00172762,58
S00172763,57
S00172764,106
S00172765,95
S00172766,121
S00172767,114
S00172768,103
S00172769,89
S00172770,121
S00172771,84
S00172772,77
S00172773,90
S00172774,71
S00172775,71
S00172776,79
S00172777,92
S00172778,106
S00172779,49
S00172780,72
S00172781,85
S00172782,72
S00172783,94
S00172784,133
S00172785,81
S00172786,113
S00172787,107
S00172788,87
S00172789,109
S00172790,64
S00172791,107
S00172792,68
S00172793,108
S00172794,97
S00172795,56
S00172796,107
S00172797,74
S00172798,83
S00172799,83
S00172800,91
S00172801,50
S00172802,71
S00172803,78
S00172804,81
S00172805,87
S00172806,114
S00172807,65
S00172808,114
S00172809,115
S00172810,75
S00172811,128
S00172812,83
S00172813,124
S00172814,60
S00172815,108
S00172816,83
S00172817,71
S00172818,170
S00172819,56
S00172820,105
S00172821,91
S00172822,119
S00172823,76
S00172824,108
S00172825,113
S00172826,131
S00172827,130
S00172828,280
S00172829,81
S00172830,61
S00172831,80
S00172832,106
S00172833,95
S00172834,69
S00172835,88
S00172836,119
S00172837,76
S00172838,76
S00172839,106
S00172840,120
S00172841,90
S00172842,98
S00172843,105
S00172844,87
S00172845,126
S00172846,152
S00172847,114
S00172848,96
S00172849,107
S00172850,65
S00172851,69
S00172852,99
S00172853,69
S00172854,78
S00172855,57
S00172856,66
S00172857,79
S00172858,116
S00172859,54
S00172860,80
S00172861,111
S00172862,96
S00172863,93
S00172864,61
S00172865,136
S00172866,101
S00172867,115
S00172868,102
S00172869,59
S00172870,85
S00172871,118
S00172872,74
S00172873,93
S00172874,92
S00172875,70
S00172876,96
S00172877,84
S00172878,53
S00172879,61
S00172880,87
S00172881,120
S00172882,107
S00172883,112
S00172884,79
S00172885,73
S00172886,127
S00172887,92
S00172888,136
S00172889,106
S00172890,89
S00172891,61
S00172892,127
S00172893,165
S00172894,66
S00172895,58
S00172896,102
S00172897,109
S00172898,111
S00172899,103
S00172900,103
S00172901,107
S00172902,126
S00172903,123
S00172904,58
S00172905,64
S00172906,78
S00172907,130
S00172908,86
S00172909,84
S00172910,66
S00172911,302
S00172912,107
S00172913,115
S00172914,63
S00172915,75
S00172916,110
S00172917,53
S00172918,96
S00172919,76
S00172920,55
S00172921,82
S00172922,92
S00172923,142
S00172924,144
S00172925,123
S00172926,92
S00172927,118
S00172928,84
S00172929,111
S00172930,143
S00172931,55
S00172932,106
S00172933,66
S00172934,72
S00172935,111
S00172936,69
S00172937,419
S00172938,58
S00172939,93
S00172940,106
S00172941,115
S00172942,61
S00172943,97
S00172944,87
S00172945,107
S00172946,110
S00172947,89
S00172948,104
S00172949,73
S00172950,123
S00172951,143
S00172952,66
S00172953,149
S00172954,81
S00172955,105
S00172956,94
S00172957,84
S00172958,83
S00172959,171
S00172960,104
S00172961,64
S00172962,98
S00172963,69
S00172964,93
S00172965,114
S00172966,102
S00172967,52
S00172968,84
S00172969,92
S00172970,147
S00172971,55
S00172972,82
S00172973,85
S00172974,61
S00172975,104
S00172976,110
S00172977,57
S00172978,61
S00172979,80
S00172980,93
S00172981,112
S00172982,124
S00172983,117
S00172984,117
S00172985,56
S00172986,93
S00172987,67
S00172988,71
S00172989,96
S00172990,108
S00172991,90
S00172992,88
S00172993,93
S00172994,75
S00172995,62
S00172996,77
S00172997,107
S00172998,81
S00172999,71
S00173000,72
S00173001,99
S00173002,152
S00173003,97
S00173004,108
S00173005,104
S00173006,86
S00173007,64
S00173008,132
S00173009,91
S00173010,57
S00173011,91
S00173012,67
S00173013,78
S00173014,61
S00173015,82
S00173016,115
S00173017,88
S00173018,88
S00173019,89
S00173020,83
S00173021,63
S00173022,88
S00173023,114
S00173024,103
S00173025,83
S00173026,72
S00173027,93
S00173028,55
S00173029,97
S00173030,93
S00173031,78
S00173032,103
S00173033,77
S00173034,92
S00173035,59
S00173036,56
S00173037,63
S00173038,108
S00173039,103
S00173040,62
S00173041,87
S00173042,121
S00173043,99
S00173044,90
S00173045,91
S00173046,62
S00173047,141
S00173048,92
S00173049,62
S00173050,103
S00173051,66
S00173052,77
S00173053,131
S00173054,108
S00173055,100
S00173056,113
S00173057,65
S00173058,64
S00173059,74
S00173060,76
S00173061,129
S00173062,82
S00173063,106
S00173064,135
S00173065,73
S00173066,126
S00173067,89
S00173068,134
S00173069,81
S00173070,70
S00173071,109
S00173072,96
S00173073,60
S00173074,109
S00173075,78
S00173076,141
S00173077,110
S00173078,115
S00173079,83
S00173080,89
S00173081,76
S00173082,92
S00173083,73
S00173084,66
S00173085,99
S00173086,165
S00173087,83
S00173088,150
S00173089,85
S00173090,78
S00173091,134
S00173092,101
S00173093,81
S00173094,77
S00173095,115
S00173096,145
S00173097,91
S00173098,74
S00173099,66
S00173100,68
S00173101,116
S00173102,90
S00173103,78
S00173104,105
S00173105,62
S00173106,133
S00173107,98
S00173108,92
S00173109,100
S00173110,80
S00173111,86
S00173112,68
S00173113,99
S00173114,75
S00173115,89
S00173116,66
S00173117,136
S00173118,86
S00173119,89
S00173120,94
S00173121,66
S00173122,71
S00173123,111
S00173124,68
S00173125,96
S00173126,69
S00173127,139
S00173128,175
S00173129,100
S00173130,95
S00173131,71
S00173132,85
S00173133,133
S00173134,129
S00173135,128
S00173136,113
S00173137,116
S00173138,59
S00173139,73
S00173140,79
S00173141,86
S00173142,166
S00173143,121
S00173144,62
S00173145,97
S00173146,109
S00173147,76
S00173148,82
S00173149,110
S00173150,51
S00173151,59
S00173152,58
S00173153,90
S00173154,96
S00173155,81
S00173156,59
S00173157,116
S00173158,80
S00173159,91
S00173160,72
S00173161,91
S00173162,75
S00173163,71
S00173164,110
S00173165,107
S00173166,74
S00173167,112
S00173168,87
S00173169,103
S00173170,53
S00173171,168
S00173172,105
S00173173,105
S00173174,107
S00173175,107
S00173176,77
S00173177,61
S00173178,116
S00173179,87
S00173180,58
S00173181,57
S00173182,80
S00173183,124
S00173184,78
S00173185,75
S00173186,72
S00173187,104
S00173188,57
S00173189,81
S00173190,87
S00173191,81
S00173192,111
S00173193,108
S00173194,66
S00173195,120
S00173196,130
S00173197,63
S00173198,50
S00173199,65
S00173200,125
S00173201,122
S00173202,92
S00173203,119
S00173204,50
S00173205,84
S00173206,70
S00173207,110
S00173208,69
S00173209,142
S00173210,79
S00173211,89
S00173212,66
S00173213,130
S00173214,64
S00173215,130
S00173216,137
S00173217,83
S00173218,112
S00173219,128
S00173220,60
S00173221,114
S00173222,101
S00173223,111
S00173224,81
S00173225,58
S00173226,63
S00173227,48
S00173228,68
S00173229,149
S00173230,63
S00173231,105
S00173232,84
S00173233,92
S00173234,101
S00173235,83
S00173236,100
S00173237,68
S00173238,113
S00173239,70
S00173240,70
S00173241,102
S00173242,71
S00173243,94
S00173244,75
S00173245,92
S00173246,148
S00173247,111
S00173248,105
S00173249,71
S00173250,95
S00173251,87
S00173252,95
S00173253,57
S00173254,87
S00173255,99
S00173256,80
S00173257,72
S00173258,85
S00173259,120
S00173260,85
S00173261,55
S00173262,93
S00173263,115
S00173264,67
S00173265,129
S00173266,96
S00173267,96
S00173268,66
S00173269,100
S00173270,190
S00173271,83
S00173272,128
S00173273,173
S00173274,62
S00173275,123
S00173276,116
S00173277,115
S00173278,95
S00173279,74
S00173280,123
S00173281,113
S00173282,112
S00173283,140
S00173284,70
S00173285,104
S00173286,90
S00173287,78
S00173288,106
S00173289,110
S00173290,100
S00173291,104
S00173292,94
S00173293,119
S00173294,133
S00173295,89
S00173296,180
S00173297,99
S00173298,73
S00173299,54
S00173300,59
S00173301,72
S00173302,76
S00173303,73
S00173304,62
S00173305,73
S00173306,59
S00173307,119
S00173308,51
S00173309,148
S00173310,84
S00173311,53
S00173312,92
S00173313,126
S00173314,91
S00173315,80
S00173316,70
S00173317,60
S00173318,76
S00173319,61
S00173320,90
S00173321,68
S00173322,65
S00173323,55
S00173324,98
S00173325,95
S00173326,63
S00173327,90
S00173328,101
S00173329,104
S00173330,87
S00173331,115
S00173332,78
S00173333,80
S00173334,60
S00173335,96
S00173336,109
S00173337,85
S00173338,77
S00173339,100
S00173340,68
S00173341,106
S00173342,105
S00173343,80
S00173344,171
S00173345,52
S00173346,105
S00173347,112
S00173348,54
S00173349,102
S00173350,60
S00173351,85
S00173352,82
S00173353,97
S00173354,94
S00173355,102
S00173356,77
S00173357,70
S00173358,111
S00173359,131
S00173360,52
S00173361,141
S00173362,152
S00173363,67
S00173364,97
S00173365,85
S00173366,121
S00173367,62
S00173368,96
S00173369,132
S00173370,68
S00173371,87
S00173372,136
S00173373,87
S00173374,77
S00173375,120
S00173376,78
S00173377,80
S00173378,123
S00173379,75
S00173380,112
S00173381,119
S00173382,57
S00173383,121
S00173384,66
S00173385,109
S00173386,78
S00173387,159
S00173388,155
S00173389,59
S00173390,92
S00173391,96
S00173392,148
S00173393,139
S00173394,117
S00173395,73
S00173396,136
S00173397,70
S00173398,84
S00173399,66
S00173400,68
S00173401,107
S00173402,62
S00173403,74
S00173404,90
S00173405,65
S00173406,66
S00173407,125
S00173408,76
S00173409,103
S00173410,123
S00173411,140
S00173412,78
S00173413,89
S00173414,133
S00173415,89
S00173416,92
S00173417,116
S00173418,88
S00173419,124
S00173420,139
S00173421,101
S00173422,48
S00173423,50
S00173424,118
S00173425,52
S00173426,64
S00173427,77
S00173428,82
S00173429,99
S00173430,110
S00173431,141
S00173432,102
S00173433,108
S00173434,71
S00173435,91
S00173436,93
S00173437,72
S00173438,97
S00173439,137
S00173440,99
S00173441,107
S00173442,88
S00173443,127
S00173444,125
S00173445,54
S00173446,106
S00173447,62
S00173448,192
S00173449,83
S00173450,100
S00173451,60
S00173452,85
S00173453,128
S00173454,143
S00173455,104
S00173456,115
S00173457,127
S00173458,128
S00173459,61
S00173460,72
S00173461,72
S00173462,47
S00173463,64
S00173464,149
S00173465,83
S00173466,79
S00173467,107
S00173468,141
S00173469,99
S00173470,102
S00173471,128
S00173472,56
S00173473,102
S00173474,155
S00173475,125
S00173476,103
S00173477,116
S00173478,64
S00173479,135
S00173480,100
S00173481,157
S00173482,59
S00173483,87
S00173484,53
S00173485,70
S00173486,85
S00173487,134
S00173488,97
S00173489,101
S00173490,86
S00173491,64
S00173492,66
S00173493,62
S00173494,96
S00173495,63
S00173496,130
S00173497,132
S00173498,89
S00173499,54
S00173500,86
S00173501,134
S00173502,96
S00173503,139
S00173504,70
S00173505,129
S00173506,80
S00173507,115
S00173508,105
S00173509,134
S00173510,100
S00173511,115
S00173512,107
S00173513,80
S00173514,45
S00173515,86
S00173516,63
S00173517,123
S00173518,98
S00173519,139
S00173520,84
S00173521,150
S00173522,129
S00173523,85
S00173524,118
S00173525,104
S00173526,75
S00173527,125
S00173528,52
S00173529,71
S00173530,137
S00173531,86
S00173532,97
S00173533,125
S00173534,66
S00173535,126
S00173536,99
S00173537,86
S00173538,109
S00173539,68
S00173540,108
S00173541,69
S00173542,151
S00173543,101
S00173544,95
S00173545,100
S00173546,96
S00173547,50
S00173548,83
S00173549,115
S00173550,75
S00173551,131
S00173552,145
S00173553,87
S00173554,82
S00173555,100
S00173556,132
S00173557,88
S00173558,80
S00173559,85
S00173560,139
S00173561,82
S00173562,101
S00173563,150
S00173564,107
S00173565,65
S00173566,68
S00173567,133
S00173568,123
S00173569,122
S00173570,132
S00173571,105
S00173572,93
S00173573,68
S00173574,67
S00173575,58
S00173576,108
S00173577,122
S00173578,129
S00173579,81
S00173580,97
S00173581,70
S00173582,146
S00173583,135
S00173584,125
S00173585,90
S00173586,103
S00173587,52
S00173588,128
S00173589,70
S00173590,66
S00173591,103
S00173592,109
S00173593,62
S00173594,61
S00173595,87
S00173596,139
S00173597,90
S00173598,129
S00173599,81
S00173600,119
S00173601,85
S00173602,80
S00173603,76
S00173604,104
S00173605,96
S00173606,80
S00173607,133
S00173608,72
S00173609,122
S00173610,87
S00173611,58
S00173612,150
S00173613,103
S00173614,85
S00173615,83
S00173616,118
S00173617,94
S00173618,149
S00173619,117
S00173620,99
S00173621,118
S00173622,94
S00173623,87
S00173624,69
S00173625,130
S00173626,88
S00173627,77
S00173628,134
S00173629,78
S00173630,80
S00173631,120
S00173632,90
S00173633,85
S00173634,97
S00173635,78
S00173636,96
S00173637,126
S00173638,87
S00173639,116
S00173640,99
S00173641,138
S00173642,106
S00173643,136
S00173644,135
S00173645,122
S00173646,148
S00173647,145
S00173648,103
S00173649,76
S00173650,54
S00173651,149
S00173652,125
S00173653,111
S00173654,132
S00173655,88
S00173656,133
S00173657,102
S00173658,67
S00173659,74
S00173660,131
S00173661,74
S00173662,78
S00173663,103
S00173664,150
S00173665,117
S00173666,99
S00173667,118
S00173668,68
S00173669,53
S00173670,132
S00173671,81
S00173672,82
S00173673,76
S00173674,69
S00173675,50
S00173676,87
S00173677,86
S00173678,60
S00173679,66
S00173680,119
S00173681,74
S00173682,75
S00173683,167
S00173684,111
S00173685,57
S00173686,145
S00173687,74
S00173688,68
S00173689,66
S00173690,85
S00173691,81
S00173692,117
S00173693,103
S00173694,113
S00173695,110
S00173696,115
S00173697,91
S00173698,84
S00173699,129
S00173700,133
S00173701,146
S00173702,131
S00173703,139
S00173704,137
S00173705,102
S00173706,73
S00173707,143
S00173708,101
S00173709,64
S00173710,68
S00173711,78
S00173712,93
S00173713,136
S00173714,51
S00173715,155
S00173716,73
S00173717,106
S00173718,64
S00173719,84
S00173720,78
S00173721,111
S00173722,153
S00173723,113
S00173724,65
S00173725,84
S00173726,95
S00173727,68
S00173728,67
S00173729,65
S00173730,98
S00173731,108
S00173732,89
S00173733,106
S00173734,96
S00173735,103
S00173736,102
S00173737,127
S00173738,85
S00173739,109
S00173740,172
S00173741,86
S00173742,140
S00173743,104
S00173744,134
S00173745,143
S00173746,111
S00173747,115
S00173748,122
S00173749,145
S00173750,128
S00173751,83
S00173752,95
S00173753,109
S00173754,102
S00173755,119
S00173756,60
S00173757,90
S00173758,61
S00173759,60
S00173760,104
S00173761,71
S00173762,98
S00173763,95
S00173764,86
S00173765,104
S00173766,92
S00173767,115
S00173768,101
S00173769,89
S00173770,143
S00173771,141
S00173772,115
S00173773,108
S00173774,159
S00173775,89
S00173776,91
S00173777,111
S00173778,172
S00173779,98
S00173780,113
S00173781,54
S00173782,81
S00173783,89
S00173784,50
S00173785,78
S00173786,120
S00173787,83
S00173788,113
S00173789,72
S00173790,130
S00173791,88
S00173792,97
S00173793,72
S00173794,89
S00173795,74
S00173796,91
S00173797,71
S00173798,122
S00173799,132
S00173800,77
S00173801,82
S00173802,91
S00173803,165
S00173804,127
S00173805,79
S00173806,114
S00173807,112
S00173808,120
S00173809,119
S00173810,78
S00173811,107
S00173812,117
S00173813,107
S00173814,144
S00173815,77
S00173816,128
S00173817,97
S00173818,80
S00173819,97
S00173820,92
S00173821,165
S00173822,110
S00173823,100
S00173824,93
S00173825,105
S00173826,61
S00173827,101
S00173828,113
S00173829,82
S00173830,141
S00173831,125
S00173832,66
S00173833,119
S00173834,114
S00173835,67
S00173836,85
S00173837,127
S00173838,106
S00173839,62
S00173840,96
S00173841,56
S00173842,116
S00173843,140
S00173844,144
S00173845,102
S00173846,76
S00173847,134
S00173848,57
S00173849,67
S00173850,118
S00173851,73
S00173852,85
S00173853,116
S00173854,118
S00173855,115
S00173856,84
S00173857,58
S00173858,112
S00173859,121
S00173860,115
S00173861,112
S00173862,67
S00173863,118
S00173864,113
S00173865,128
S00173866,86
S00173867,71
S00173868,119
S00173869,62
S00173870,87
S00173871,122
S00173872,114
S00173873,83
S00173874,123
S00173875,163
S00173876,57
S00173877,98
S00173878,76
S00173879,69
S00173880,152
S00173881,170
S00173882,66
S00173883,122
S00173884,92
S00173885,81
S00173886,86
S00173887,108
S00173888,94
S00173889,101
S00173890,139
S00173891,140
S00173892,108
S00173893,115
S00173894,86
S00173895,128
S00173896,48
S00173897,98
S00173898,109
S00173899,97
S00173900,82
S00173901,107
S00173902,79
S00173903,122
S00173904,83
S00173905,129
S00173906,143
S00173907,65
S00173908,94
S00173909,93
S00173910,58
S00173911,98
S00173912,118
S00173913,95
S00173914,54
S00173915,140
S00173916,112
S00173917,54
S00173918,135
S00173919,98
S00173920,62
S00173921,95
S00173922,172
S00173923,134
S00173924,108
S00173925,121
S00173926,75
S00173927,68
S00173928,97
S00173929,70
S00173930,121
S00173931,114
S00173932,95
S00173933,87
S00173934,93
S00173935,116
S00173936,68
S00173937,51
S00173938,114
S00173939,69
S00173940,74
S00173941,77
S00173942,142
S00173943,118
S00173944,58
S00173945,85
S00173946,113
S00173947,118
S00173948,66
S00173949,62
S00173950,59
S00173951,70
S00173952,92
S00173953,129
S00173954,63
S00173955,73
S00173956,83
S00173957,82
S00173958,68
S00173959,78
S00173960,56
S00173961,59
S00173962,75
S00173963,81
S00173964,133
S00173965,61
S00173966,67
S00173967,59
S00173968,50
S00173969,153
S00173970,110
S00173971,146
S00173972,91
S00173973,108
S00173974,108
S00173975,83
S00173976,58
S00173977,131
S00173978,131
S00173979,89
S00173980,141
S00173981,86
S00173982,130
S00173983,142
S00173984,98
S00173985,51
S00173986,102
S00173987,92
S00173988,82
S00173989,86
S00173990,127
S00173991,86
S00173992,107
S00173993,115
S00173994,129
S00173995,114
S00173996,94
S00173997,70
S00173998,109
S00173999,70
S00174000,91
S00174001,116
S00174002,148
S00174003,141
S00174004,68
S00174005,102
S00174006,80
S00174007,87
S00174008,73
S00174009,83
S00174010,102
S00174011,130
S00174012,102
S00174013,62
S00174014,95
S00174015,107
S00174016,126
S00174017,137
S00174018,96
S00174019,132
S00174020,83
S00174021,106
S00174022,101
S00174023,71
S00174024,121
S00174025,102
S00174026,120
S00174027,128
S00174028,131
S00174029,123
S00174030,143
S00174031,94
S00174032,103
S00174033,123
S00174034,95
S00174035,111
S00174036,115
S00174037,121
S00174038,78
S00174039,149
S00174040,87
S00174041,124
S00174042,134
S00174043,137
S00174044,122
S00174045,106
S00174046,82
S00174047,91
S00174048,102
S00174049,122
S00174050,85
S00174051,119
S00174052,139
S00174053,136
S00174054,95
S00174055,146
S00174056,101
S00174057,101
S00174058,75
S00174059,81
S00174060,85
S00174061,58
S00174062,109
S00174063,53
S00174064,109
S00174065,83
S00174066,91
S00174067,130
S00174068,91
S00174069,104
S00174070,139
S00174071,53
S00174072,84
S00174073,113
S00174074,96
S00174075,121
S00174076,98
S00174077,105
S00174078,112
S00174079,109
S00174080,104
S00174081,93
S00174082,130
S00174083,79
S00174084,94
S00174085,97
S00174086,82
S00174087,64
S00174088,87
S00174089,106
S00174090,112
S00174091,136
S00174092,110
S00174093,83
S00174094,121
S00174095,138
S00174096,116
S00174097,122
S00174098,99
S00174099,107
S00174100,122
S00174101,75
S00174102,82
S00174103,86
S00174104,110
S00174105,109
S00174106,57
S00174107,94
S00174108,67
S00174109,85
S00174110,108
S00174111,138
S00174112,65
S00174113,67
S00174114,118
S00174115,74
S00174116,134
S00174117,57
S00174118,116
S00174119,110
S00174120,82
S00174121,94
S00174122,104
S00174123,121
S00174124,156
S00174125,72
S00174126,80
S00174127,64
S00174128,93
S00174129,71
S00174130,112
S00174131,56
S00174132,157
S00174133,59
S00174134,74
S00174135,87
S00174136,76
S00174137,112
S00174138,110
S00174139,72
S00174140,80
S00174141,106
S00174142,126
S00174143,59
S00174144,55
S00174145,91
S00174146,114
S00174147,82
S00174148,66
S00174149,122
S00174150,110
S00174151,90
S00174152,99
S00174153,67
S00174154,68
S00174155,105
S00174156,71
S00174157,94
S00174158,76
S00174159,97
S00174160,97
S00174161,100
S00174162,68
S00174163,92
S00174164,104
S00174165,90
S00174166,90
S00174167,117
S00174168,68
S00174169,128
S00174170,106
S00174171,68
S00174172,90
S00174173,85
S00174174,84
S00174175,99
S00174176,99
S00174177,104
S00174178,85
S00174179,105
S00174180,115
S00174181,119
S00174182,166
S00174183,76
S00174184,78
S00174185,88
S00174186,91
S00174187,74
S00174188,80
S00174189,66
S00174190,123
S00174191,64
S00174192,69
S00174193,77
S00174194,100
S00174195,129
S00174196,55
S00174197,122
S00174198,145
S00174199,130
S00174200,109
S00174201,128
S00174202,76
S00174203,75
S00174204,92
S00174205,112
S00174206,242
S00174207,56
S00174208,94
S00174209,71
S00174210,70
S00174211,74
S00174212,63
S00174213,80
S00174214,89
S00174215,86
S00174216,124
S00174217,118
S00174218,159
S00174219,61
S00174220,72
S00174221,109
S00174222,91
S00174223,103
S00174224,109
S00174225,59
S00174226,146
S00174227,116
S00174228,138
S00174229,149
S00174230,100
S00174231,78
S00174232,128
S00174233,79
S00174234,69
S00174235,83
S00174236,108
S00174237,83
S00174238,99
S00174239,87
S00174240,110
S00174241,135
S00174242,92
S00174243,111
S00174244,88
S00174245,93
S00174246,96
S00174247,86
S00174248,101
S00174249,116
S00174250,109
S00174251,128
S00174252,112
S00174253,115
S00174254,157
S00174255,117
S00174256,108
S00174257,76
S00174258,85
S00174259,123
S00174260,68
S00174261,77
S00174262,75
S00174263,114
S00174264,83
S00174265,100
S00174266,65
S00174267,54
S00174268,59
S00174269,104
S00174270,89
S00174271,136
S00174272,72
S00174273,90
S00174274,118
S00174275,119
S00174276,91
S00174277,105
S00174278,65
S00174279,110
S00174280,93
S00174281,108
S00174282,99
S00174283,98
S00174284,57
S00174285,155
S00174286,67
S00174287,70
S00174288,134
S00174289,106
S00174290,95
S00174291,59
S00174292,169
S00174293,93
S00174294,131
S00174295,110
S00174296,129
S00174297,109
S00174298,75
S00174299,125
S00174300,114
S00174301,112
S00174302,157
S00174303,134
S00174304,92
S00174305,77
S00174306,83
S00174307,92
S00174308,88
S00174309,106
S00174310,72
S00174311,58
S00174312,67
S00174313,100
S00174314,62
S00174315,65
S00174316,69
S00174317,59
S00174318,112
S00174319,79
S00174320,108
S00174321,127
S00174322,76
S00174323,96
S00174324,75
S00174325,76
S00174326,94
S00174327,104
S00174328,161
S00174329,64
S00174330,94
S00174331,145
S00174332,61
S00174333,119
S00174334,112
S00174335,83
S00174336,133
S00174337,160
S00174338,63
S00174339,57
S00174340,47
S00174341,70
S00174342,83
S00174343,100
S00174344,99
S00174345,98
S00174346,58
S00174347,78
S00174348,91
S00174349,70
S00174350,124
S00174351,150
S00174352,133
S00174353,55
S00174354,70
S00174355,95
S00174356,77
S00174357,89
S00174358,114
S00174359,70
S00174360,93
S00174361,131
S00174362,67
S00174363,56
S00174364,105
S00174365,99
S00174366,152
S00174367,89
S00174368,96
S00174369,100
S00174370,108
S00174371,54
S00174372,71
S00174373,85
S00174374,113
S00174375,119
S00174376,118
S00174377,101
S00174378,98
S00174379,99
S00174380,78
S00174381,88
S00174382,90
S00174383,72
S00174384,73
S00174385,75
S00174386,96
S00174387,96
S00174388,137
S00174389,81
S00174390,111
S00174391,82
S00174392,76
S00174393,53
S00174394,122
S00174395,82
S00174396,87
S00174397,96
S00174398,83
S00174399,77
S00174400,79
S00174401,87
S00174402,123
S00174403,103
S00174404,106
S00174405,175
S00174406,144
S00174407,102
S00174408,115
S00174409,76
S00174410,80
S00174411,66
S00174412,106
S00174413,91
S00174414,62
S00174415,114
S00174416,55
S00174417,87
S00174418,74
S00174419,96
S00174420,80
S00174421,53
S00174422,82
S00174423,65
S00174424,70
S00174425,117
S00174426,62
S00174427,51
S00174428,55
S00174429,90
S00174430,62
S00174431,83
S00174432,100
S00174433,64
S00174434,65
S00174435,131
S00174436,68
S00174437,93
S00174438,66
S00174439,72
S00174440,95
S00174441,79
S00174442,68
S00174443,53
S00174444,75
S00174445,145
S00174446,88
S00174447,67
S00174448,70
S00174449,126
S00174450,108
S00174451,92
S00174452,92
S00174453,86
S00174454,68
S00174455,108
S00174456,90
S00174457,60
S00174458,68
S00174459,51
S00174460,98
S00174461,109
S00174462,151
S00174463,82
S00174464,73
S00174465,98
S00174466,89
S00174467,139
S00174468,119
S00174469,101
S00174470,63
S00174471,65
S00174472,86
S00174473,119
S00174474,82
S00174475,126
S00174476,109
S00174477,113
S00174478,62
S00174479,84
S00174480,83
S00174481,104
S00174482,116
S00174483,144
S00174484,113
S00174485,98
S00174486,97
S00174487,122
S00174488,148
S00174489,134
S00174490,68
S00174491,90
S00174492,85
S00174493,55
S00174494,63
S00174495,80
S00174496,84
S00174497,63
S00174498,114
S00174499,131
S00174500,89
S00174501,86
S00174502,130
S00174503,124
S00174504,82
S00174505,63
S00174506,135
S00174507,72
S00174508,73
S00174509,84
S00174510,89
S00174511,93
S00174512,66
S00174513,118
S00174514,149
S00174515,144
S00174516,84
S00174517,58
S00174518,94
S00174519,61
S00174520,95
S00174521,95
S00174522,75
S00174523,60
S00174524,116
S00174525,107
S00174526,113
S00174527,137
S00174528,70
S00174529,105
S00174530,114
S00174531,78
S00174532,79
S00174533,72
S00174534,67
S00174535,91
S00174536,98
S00174537,101
S00174538,107
S00174539,105
S00174540,77
S00174541,55
S00174542,102
S00174543,107
S00174544,90
S00174545,117
S00174546,81
S00174547,91
S00174548,129
S00174549,61
S00174550,99
S00174551,98
S00174552,116
S00174553,82
S00174554,86
S00174555,85
S00174556,68
S00174557,95
S00174558,77
S00174559,90
S00174560,112
S00174561,86
S00174562,100
S00174563,62
S00174564,104
S00174565,71
S00174566,69
S00174567,92
S00174568,62
S00174569,65
S00174570,126
S00174571,118
S00174572,87
S00174573,79
S00174574,67
S00174575,107
S00174576,67
S00174577,86
S00174578,112
S00174579,64
S00174580,85
S00174581,76
S00174582,138
S00174583,55
S00174584,86
S00174585,123
S00174586,88
S00174587,67
S00174588,78
S00174589,71
S00174590,118
S00174591,88
S00174592,70
S00174593,76
S00174594,70
S00174595,61
S00174596,146
S00174597,108
S00174598,84
S00174599,95
S00174600,105
S00174601,108
S00174602,124
S00174603,73
S00174604,70
S00174605,57
S00174606,102
S00174607,72
S00174608,83
S00174609,102
S00174610,77
S00174611,74
S00174612,118
S00174613,70
S00174614,109
S00174615,105
S00174616,95
S00174617,105
S00174618,115
S00174619,98
S00174620,68
S00174621,95
S00174622,133
S00174623,78
S00174624,85
S00174625,66
S00174626,59
S00174627,74
S00174628,130
S00174629,76
S00174630,119
S00174631,111
S00174632,54
S00174633,138
S00174634,94
S00174635,140
S00174636,141
S00174637,57
S00174638,57
S00174639,122
S00174640,74
S00174641,54
S00174642,59
S00174643,94
S00174644,109
S00174645,82
S00174646,61
S00174647,67
S00174648,161
S00174649,104
S00174650,62
S00174651,138
S00174652,76
S00174653,80
S00174654,56
S00174655,120
S00174656,44
S00174657,111
S00174658,68
S00174659,152
S00174660,67
S00174661,107
S00174662,95
S00174663,92
S00174664,64
S00174665,77
S00174666,67
S00174667,120
S00174668,72
S00174669,80
S00174670,66
S00174671,98
S00174672,61
S00174673,90
S00174674,59
S00174675,70
S00174676,118
S00174677,101
S00174678,82
S00174679,109
S00174680,123
S00174681,71
S00174682,59
S00174683,132
S00174684,88
S00174685,74
S00174686,91
S00174687,129
S00174688,89
S00174689,88
S00174690,80
S00174691,57
S00174692,61
S00174693,80
S00174694,137
S00174695,54
S00174696,127
S00174697,61
S00174698,62
S00174699,97
S00174700,162
S00174701,78
S00174702,111
S00174703,98
S00174704,63
S00174705,57
S00174706,121
S00174707,110
S00174708,60
S00174709,155
S00174710,144
S00174711,126
S00174712,101
S00174713,82
S00174714,108
S00174715,132
S00174716,89
S00174717,115
S00174718,92
S00174719,59
S00174720,108
S00174721,99
S00174722,181
S00174723,147
S00174724,137
S00174725,52
S00174726,86
S00174727,57
S00174728,142
S00174729,66
S00174730,92
S00174731,55
S00174732,151
S00174733,132
S00174734,169
S00174735,83
S00174736,57
S00174737,58
S00174738,106
S00174739,128
S00174740,69
S00174741,55
S00174742,113
S00174743,125
S00174744,89
S00174745,138
S00174746,141
S00174747,126
S00174748,83
S00174749,146
S00174750,114
S00174751,83
S00174752,73
S00174753,77
S00174754,47
S00174755,90
S00174756,77
S00174757,96
S00174758,64
S00174759,74
S00174760,102
S00174761,155
S00174762,139
S00174763,127
S00174764,93
S00174765,115
S00174766,130
S00174767,132
S00174768,81
S00174769,76
S00174770,61
S00174771,128
S00174772,73
S00174773,148
S00174774,99
S00174775,74
S00174776,64
S00174777,54
S00174778,78
S00174779,108
S00174780,120
S00174781,85
S00174782,79
S00174783,114
S00174784,115
S00174785,108
S00174786,153
S00174787,103
S00174788,69
S00174789,62
S00174790,106
S00174791,66
S00174792,112
S00174793,82
S00174794,56
S00174795,87
S00174796,74
S00174797,54
S00174798,81
S00174799,108
S00174800,96
S00174801,147
S00174802,73
S00174803,63
S00174804,122
S00174805,123
S00174806,88
S00174807,113
S00174808,105
S00174809,78
S00174810,144
S00174811,78
S00174812,113
S00174813,73
S00174814,157
S00174815,59
S00174816,149
S00174817,92
S00174818,121
S00174819,62
S00174820,164
S00174821,77
S00174822,95
S00174823,85
S00174824,56
S00174825,58
S00174826,90
S00174827,80
S00174828,89
S00174829,60
S00174830,48
S00174831,158
S00174832,106
S00174833,124
S00174834,72
S00174835,120
S00174836,112
S00174837,64
S00174838,148
S00174839,65
S00174840,55
S00174841,72
S00174842,63
S00174843,51
S00174844,100
S00174845,98
S00174846,84
S00174847,110
S00174848,126
S00174849,84
S00174850,63
S00174851,114
S00174852,160
S00174853,66
S00174854,56
S00174855,94
S00174856,54
S00174857,80
S00174858,76
S00174859,186
S00174860,201
S00174861,97
S00174862,79
S00174863,71
S00174864,139
S00174865,127
S00174866,145
S00174867,75
S00174868,124
S00174869,216
S00174870,49
S00174871,127
S00174872,79
S00174873,66
S00174874,161
S00174875,152
S00174876,88
S00174877,92
S00174878,158
S00174879,89
S00174880,71
S00174881,84
S00174882,133
S00174883,102
S00174884,108
S00174885,86
S00174886,103
S00174887,124
S00174888,152
S00174889,130
S00174890,97
S00174891,118
S00174892,129
S00174893,75
S00174894,95
S00174895,126
S00174896,102
S00174897,52
S00174898,120
S00174899,64
S00174900,131
S00174901,62
S00174902,120
S00174903,185
S00174904,84
S00174905,102
S00174906,111
S00174907,76
S00174908,145
S00174909,92
S00174910,86
S00174911,103
S00174912,98
S00174913,83
S00174914,158
S00174915,76
S00174916,93
S00174917,123
S00174918,125
S00174919,93
S00174920,113
S00174921,98
S00174922,101
S00174923,118
S00174924,157
S00174925,80
S00174926,99
S00174927,130
S00174928,101
S00174929,138
S00174930,99
S00174931,106
S00174932,114
S00174933,78
S00174934,91
S00174935,61
S00174936,74
S00174937,85
S00174938,115
S00174939,97
S00174940,131
S00174941,133
S00174942,80
S00174943,80
S00174944,74
S00174945,86
S00174946,65
S00174947,122
S00174948,102
S00174949,92
S00174950,59
S00174951,59
S00174952,132
S00174953,107
S00174954,134
S00174955,55
S00174956,109
S00174957,84
S00174958,62
S00174959,101
S00174960,77
S00174961,133
S00174962,59
S00174963,83
S00174964,94
S00174965,88
S00174966,148
S00174967,121
S00174968,74
S00174969,107
S00174970,118
S00174971,150
S00174972,88
S00174973,150
S00174974,101
S00174975,71
S00174976,65
S00174977,64
S00174978,111
S00174979,94
S00174980,107
S00174981,92
S00174982,91
S00174983,107
S00174984,93
S00174985,87
S00174986,137
S00174987,112
S00174988,58
S00174989,115
S00174990,111
S00174991,89
S00174992,149
S00174993,132
S00174994,96
S00174995,106
S00174996,111
S00174997,58
S00174998,116
S00174999,114
S00175000,93
S00175001,69
S00175002,55
S00175003,88
S00175004,154
S00175005,49
S00175006,75
S00175007,125
S00175008,46
S00175009,78
S00175010,97
S00175011,78
S00175012,70
S00175013,114
S00175014,74
S00175015,127
S00175016,129
S00175017,88
S00175018,118
S00175019,84
S00175020,81
S00175021,74
S00175022,171
S00175023,86
S00175024,102
S00175025,69
S00175026,127
S00175027,63
S00175028,82
S00175029,115
S00175030,108
S00175031,91
S00175032,87
S00175033,116
S00175034,128
S00175035,63
S00175036,81
S00175037,78
S00175038,82
S00175039,91
S00175040,102
S00175041,149
S00175042,121
S00175043,80
S00175044,53
S00175045,104
S00175046,106
S00175047,99
S00175048,89
S00175049,60
S00175050,96
S00175051,137
S00175052,158
S00175053,161
S00175054,70
S00175055,115
S00175056,85
S00175057,86
S00175058,100
S00175059,71
S00175060,94
S00175061,137
S00175062,142
S00175063,169
S00175064,129
S00175065,97
S00175066,103
S00175067,103
S00175068,120
S00175069,84
S00175070,152
S00175071,100
S00175072,87
S00175073,65
S00175074,150
S00175075,95
S00175076,142
S00175077,93
S00175078,119
S00175079,106
S00175080,54
S00175081,96
S00175082,84
S00175083,95
S00175084,123
S00175085,84
S00175086,141
S00175087,70
S00175088,101
S00175089,97
S00175090,74
S00175091,72
S00175092,71
S00175093,66
S00175094,80
S00175095,103
S00175096,65
S00175097,71
S00175098,177
S00175099,91
S00175100,87
S00175101,82
S00175102,98
S00175103,88
S00175104,147
S00175105,67
S00175106,70
S00175107,62
S00175108,119
S00175109,86
S00175110,71
S00175111,71
S00175112,60
S00175113,105
S00175114,81
S00175115,70
S00175116,129
S00175117,115
S00175118,103
S00175119,60
S00175120,98
S00175121,109
S00175122,86
S00175123,87
S00175124,84
S00175125,79
S00175126,152
S00175127,87
S00175128,136
S00175129,89
S00175130,116
S00175131,68
S00175132,63
S00175133,105
S00175134,83
S00175135,102
S00175136,128
S00175137,74
S00175138,95
S00175139,119
S00175140,123
S00175141,69
S00175142,121
S00175143,151
S00175144,97
S00175145,152
S00175146,98
S00175147,87
S00175148,112
S00175149,101
S00175150,78
S00175151,85
S00175152,112
S00175153,99
S00175154,104
S00175155,61
S00175156,86
S00175157,109
S00175158,78
S00175159,114
S00175160,89
S00175161,86
S00175162,125
S00175163,127
S00175164,83
S00175165,141
S00175166,83
S00175167,74
S00175168,87
S00175169,93
S00175170,123
S00175171,103
S00175172,108
S00175173,107
S00175174,159
S00175175,90
S00175176,109
S00175177,139
S00175178,97
S00175179,99
S00175180,105
S00175181,108
S00175182,100
S00175183,83
S00175184,150
S00175185,105
S00175186,71
S00175187,112
S00175188,107
S00175189,64
S00175190,59
S00175191,89
S00175192,51
S00175193,92
S00175194,75
S00175195,95
S00175196,114
S00175197,87
S00175198,58
S00175199,98
S00175200,95
S00175201,92
S00175202,62
S00175203,80
S00175204,124
S00175205,130
S00175206,110
S00175207,78
S00175208,99
S00175209,111
S00175210,90
S00175211,109
S00175212,132
S00175213,133
S00175214,80
S00175215,134
S00175216,137
S00175217,106
S00175218,54
S00175219,75
S00175220,91
S00175221,125
S00175222,65
S00175223,104
S00175224,71
S00175225,120
S00175226,117
S00175227,112
S00175228,73
S00175229,59
S00175230,107
S00175231,128
S00175232,63
S00175233,108
S00175234,211
S00175235,113
S00175236,123
S00175237,92
S00175238,54
S00175239,70
S00175240,77
S00175241,113
S00175242,102
S00175243,57
S00175244,106
S00175245,127
S00175246,93
S00175247,79
S00175248,73
S00175249,99
S00175250,76
S00175251,91
S00175252,117
S00175253,69
S00175254,79
S00175255,53
S00175256,69
S00175257,63
S00175258,86
S00175259,65
S00175260,59
S00175261,86
S00175262,72
S00175263,96
S00175264,105
S00175265,68
S00175266,66
S00175267,81
S00175268,77
S00175269,118
S00175270,118
S00175271,73
S00175272,128
S00175273,75
S00175274,101
S00175275,84
S00175276,120
S00175277,86
S00175278,89
S00175279,122
S00175280,148
S00175281,98
S00175282,109
S00175283,85
S00175284,129
S00175285,97
S00175286,95
S00175287,65
S00175288,125
S00175289,78
S00175290,64
S00175291,165
S00175292,68
S00175293,90
S00175294,81
S00175295,97
S00175296,114
S00175297,78
S00175298,124
S00175299,49
S00175300,133
S00175301,130
S00175302,99
S00175303,112
S00175304,93
S00175305,137
S00175306,68
S00175307,127
S00175308,130
S00175309,87
S00175310,122
S00175311,156
S00175312,54
S00175313,136
S00175314,80
S00175315,81
S00175316,64
S00175317,60
S00175318,75
S00175319,67
S00175320,74
S00175321,82
S00175322,63
S00175323,60
S00175324,83
S00175325,73
S00175326,83
S00175327,102
S00175328,57
S00175329,84
S00175330,114
S00175331,81
S00175332,79
S00175333,58
S00175334,75
S00175335,104
S00175336,79
S00175337,63
S00175338,109
S00175339,95
S00175340,65
S00175341,85
S00175342,76
S00175343,112
S00175344,68
S00175345,88
S00175346,85
S00175347,68
S00175348,80
S00175349,85
S00175350,105
S00175351,135
S00175352,82
S00175353,140
S00175354,101
S00175355,175
S00175356,95
S00175357,104
S00175358,76
S00175359,80
S00175360,107
S00175361,88
S00175362,86
S00175363,73
S00175364,105
S00175365,73
S00175366,98
S00175367,137
S00175368,70
S00175369,60
S00175370,86
S00175371,100
S00175372,103
S00175373,141
S00175374,67
S00175375,52
S00175376,58
S00175377,61
S00175378,68
S00175379,87
S00175380,106
S00175381,110
S00175382,71
S00175383,73
S00175384,56
S00175385,59
S00175386,55
S00175387,84
S00175388,125
S00175389,102
S00175390,83
S00175391,108
S00175392,67
S00175393,61
S00175394,96
S00175395,63
S00175396,69
S00175397,97
S00175398,108
S00175399,60
S00175400,89
S00175401,98
S00175402,70
S00175403,157
S00175404,59
S00175405,97
S00175406,78
S00175407,63
S00175408,93
S00175409,129
S00175410,93
S00175411,99
S00175412,105
S00175413,129
S00175414,59
S00175415,80
S00175416,136
S00175417,67
S00175418,47
S00175419,89
S00175420,141
S00175421,69
S00175422,99
S00175423,63
S00175424,78
S00175425,73
S00175426,97
S00175427,245
S00175428,93
S00175429,63
S00175430,77
S00175431,82
S00175432,147
S00175433,130
S00175434,64
S00175435,120
S00175436,89
S00175437,60
S00175438,79
S00175439,68
S00175440,109
S00175441,82
S00175442,123
S00175443,63
S00175444,63
S00175445,81
S00175446,133
S00175447,58
S00175448,70
S00175449,86
S00175450,135
S00175451,85
S00175452,65
S00175453,111
S00175454,81
S00175455,142
S00175456,149
S00175457,96
S00175458,71
S00175459,132
S00175460,89
S00175461,78
S00175462,112
S00175463,64
S00175464,71
S00175465,71
S00175466,100
S00175467,74
S00175468,85
S00175469,94
S00175470,104
S00175471,123
S00175472,143
S00175473,155
S00175474,79
S00175475,135
S00175476,77
S00175477,92
S00175478,82
S00175479,80
S00175480,135
S00175481,85
S00175482,91
S00175483,108
S00175484,107
S00175485,112
S00175486,67
S00175487,80
S00175488,57
S00175489,81
S00175490,94
S00175491,145
S00175492,77
S00175493,99
S00175494,90
S00175495,83
S00175496,159
S00175497,85
S00175498,159
S00175499,104
S00175500,101
S00175501,72
S00175502,64
S00175503,119
S00175504,120
S00175505,76
S00175506,120
S00175507,126
S00175508,95
S00175509,95
S00175510,74
S00175511,79
S00175512,94
S00175513,69
S00175514,94
S00175515,66
S00175516,116
S00175517,78
S00175518,65
S00175519,90
S00175520,97
S00175521,82
S00175522,143
S00175523,95
S00175524,96
S00175525,141
S00175526,186
S00175527,117
S00175528,113
S00175529,89
S00175530,134
S00175531,132
S00175532,113
S00175533,157
S00175534,154
S00175535,155
S00175536,151
S00175537,83
S00175538,68
S00175539,105
S00175540,72
S00175541,120
S00175542,66
S00175543,136
S00175544,111
S00175545,131
S00175546,98
S00175547,94
S00175548,93
S00175549,73
S00175550,134
S00175551,126
S00175552,84
S00175553,117
S00175554,87
S00175555,115
S00175556,72
S00175557,137
S00175558,79
S00175559,78
S00175560,133
S00175561,141
S00175562,96
S00175563,99
S00175564,110
S00175565,71
S00175566,88
S00175567,85
S00175568,77
S00175569,137
S00175570,116
S00175571,136
S00175572,79
S00175573,86
S00175574,52
S00175575,64
S00175576,90
S00175577,90
S00175578,111
S00175579,61
S00175580,87
S00175581,64
S00175582,93
S00175583,118
S00175584,76
S00175585,65
S00175586,90
S00175587,51
S00175588,57
S00175589,65
S00175590,128
S00175591,91
S00175592,95
S00175593,71
S00175594,81
S00175595,55
S00175596,59
S00175597,86
S00175598,114
S00175599,63
S00175600,77
S00175601,77
S00175602,105
S00175603,128
S00175604,115
S00175605,167
S00175606,115
S00175607,62
S00175608,148
S00175609,63
S00175610,91
S00175611,82
S00175612,86
S00175613,153
S00175614,90
S00175615,58
S00175616,94
S00175617,126
S00175618,141
S00175619,81
S00175620,101
S00175621,110
S00175622,110
S00175623,88
S00175624,91
S00175625,90
S00175626,86
S00175627,73
S00175628,96
S00175629,113
S00175630,79
S00175631,84
S00175632,155
S00175633,89
S00175634,75
S00175635,108
S00175636,107
S00175637,116
S00175638,94
S00175639,84
S00175640,91
S00175641,125
S00175642,134
S00175643,90
S00175644,84
S00175645,126
S00175646,144
S00175647,122
S00175648,198
S00175649,93
S00175650,107
S00175651,81
S00175652,98
S00175653,87
S00175654,99
S00175655,76
S00175656,66
S00175657,88
S00175658,120
S00175659,120
S00175660,78
S00175661,102
S00175662,107
S00175663,123
S00175664,83
S00175665,96
S00175666,76
S00175667,95
S00175668,98
S00175669,97
S00175670,107
S00175671,116
S00175672,141
S00175673,70
S00175674,79
S00175675,73
S00175676,143
S00175677,87
S00175678,121
S00175679,84
S00175680,73
S00175681,63
S00175682,94
S00175683,115
S00175684,109
S00175685,127
S00175686,96
S00175687,91
S00175688,131
S00175689,118
S00175690,80
S00175691,110
S00175692,93
S00175693,85
S00175694,160
S00175695,60
S00175696,157
S00175697,88
S00175698,109
S00175699,137
S00175700,70
S00175701,74
S00175702,48
S00175703,102
S00175704,102
S00175705,108
S00175706,72
S00175707,63
S00175708,72
S00175709,74
S00175710,76
S00175711,111
S00175712,65
S00175713,143
S00175714,117
S00175715,79
S00175716,114
S00175717,150
S00175718,68
S00175719,67
S00175720,90
S00175721,71
S00175722,58
S00175723,53
S00175724,58
S00175725,116
S00175726,102
S00175727,96
S00175728,152
S00175729,73
S00175730,89
S00175731,72
S00175732,148
S00175733,107
S00175734,50
S00175735,103
S00175736,143
S00175737,89
S00175738,122
S00175739,122
S00175740,69
S00175741,80
S00175742,66
S00175743,68
S00175744,60
S00175745,129
S00175746,67
S00175747,109
S00175748,63
S00175749,113
S00175750,113
S00175751,58
S00175752,118
S00175753,133
S00175754,138
S00175755,67
S00175756,104
S00175757,100
S00175758,74
S00175759,92
S00175760,80
S00175761,76
S00175762,100
S00175763,135
S00175764,88
S00175765,87
S00175766,131
S00175767,91
S00175768,147
S00175769,68
S00175770,74
S00175771,66
S00175772,96
S00175773,49
S00175774,101
S00175775,82
S00175776,139
S00175777,62
S00175778,136
S00175779,92
S00175780,101
S00175781,102
S00175782,66
S00175783,133
S00175784,66
S00175785,112
S00175786,88
S00175787,79
S00175788,125
S00175789,82
S00175790,68
S00175791,86
S00175792,87
S00175793,72
S00175794,109
S00175795,64
S00175796,53
S00175797,73
S00175798,126
S00175799,121
S00175800,133
S00175801,98
S00175802,72
S00175803,75
S00175804,94
S00175805,87
S00175806,70
S00175807,90
S00175808,104
S00175809,89
S00175810,121
S00175811,62
S00175812,86
S00175813,143
S00175814,95
S00175815,71
S00175816,106
S00175817,63
S00175818,79
S00175819,84
S00175820,74
S00175821,107
S00175822,78
S00175823,82
S00175824,66
S00175825,69
S00175826,110
S00175827,111
S00175828,79
S00175829,94
S00175830,101
S00175831,127
S00175832,131
S00175833,109
S00175834,103
S00175835,96
S00175836,125
S00175837,69
S00175838,119
S00175839,114
S00175840,92
S00175841,119
S00175842,102
S00175843,66
S00175844,90
S00175845,61
S00175846,92
S00175847,104
S00175848,141
S00175849,85
S00175850,141
S00175851,134
S00175852,91
S00175853,88
S00175854,90
S00175855,103
S00175856,53
S00175857,62
S00175858,60
S00175859,85
S00175860,84
S00175861,94
S00175862,86
S00175863,70
S00175864,64
S00175865,91
S00175866,108
S00175867,85
S00175868,137
S00175869,90
S00175870,132
S00175871,107
S00175872,83
S00175873,105
S00175874,89
S00175875,95
S00175876,147
S00175877,101
S00175878,88
S00175879,121
S00175880,108
S00175881,139
S00175882,85
S00175883,98
S00175884,60
S00175885,94
S00175886,86
S00175887,70
S00175888,71
S00175889,70
S00175890,73
S00175891,68
S00175892,93
S00175893,61
S00175894,69
S00175895,77
S00175896,70
S00175897,65
S00175898,110
S00175899,96
S00175900,154
S00175901,88
S00175902,101
S00175903,58
S00175904,92
S00175905,59
S00175906,55
S00175907,57
S00175908,64
S00175909,48
S00175910,97
S00175911,98
S00175912,67
S00175913,83
S00175914,71
S00175915,132
S00175916,94
S00175917,96
S00175918,71
S00175919,97
S00175920,55
S00175921,98
S00175922,83
S00175923,143
S00175924,49
S00175925,133
S00175926,58
S00175927,71
S00175928,96
S00175929,89
S00175930,81
S00175931,196
S00175932,107
S00175933,53
S00175934,82
S00175935,79
S00175936,64
S00175937,67
S00175938,113
S00175939,131
S00175940,104
S00175941,62
S00175942,152
S00175943,78
S00175944,100
S00175945,85
S00175946,66
S00175947,80
S00175948,78
S00175949,116
S00175950,88
S00175951,63
S00175952,136
S00175953,88
S00175954,67
S00175955,78
S00175956,96
S00175957,60
S00175958,120
S00175959,91
S00175960,113
S00175961,132
S00175962,110
S00175963,98
S00175964,117
S00175965,54
S00175966,90
S00175967,87
S00175968,72
S00175969,99
S00175970,102
S00175971,120
S00175972,83
S00175973,92
S00175974,91
S00175975,128
S00175976,128
S00175977,88
S00175978,84
S00175979,82
S00175980,132
S00175981,100
S00175982,63
S00175983,113
S00175984,78
S00175985,64
S00175986,103
S00175987,112
S00175988,107
S00175989,131
S00175990,80
S00175991,51
S00175992,65
S00175993,79
S00175994,70
S00175995,95
S00175996,97
S00175997,108
S00175998,145
S00175999,89
S00176000,50
S00176001,70
S00176002,108
S00176003,110
S00176004,109
S00176005,93
S00176006,73
S00176007,73
S00176008,157
S00176009,168
S00176010,127
S00176011,68
S00176012,72
S00176013,99
S00176014,103
S00176015,63
S00176016,135
S00176017,145
S00176018,143
S00176019,51
S00176020,56
S00176021,156
S00176022,94
S00176023,65
S00176024,93
S00176025,128
S00176026,125
S00176027,119
S00176028,88
S00176029,167
S00176030,112
S00176031,59
S00176032,105
S00176033,107
S00176034,149
S00176035,103
S00176036,56
S00176037,92
S00176038,69
S00176039,141
S00176040,73
S00176041,129
S00176042,87
S00176043,154
S00176044,73
S00176045,65
S00176046,164
S00176047,58
S00176048,83
S00176049,112
S00176050,131
S00176051,138
S00176052,133
S00176053,114
S00176054,89
S00176055,126
S00176056,92
S00176057,102
S00176058,84
S00176059,95
S00176060,81
S00176061,87
S00176062,76
S00176063,78
S00176064,85
S00176065,101
S00176066,126
S00176067,108
S00176068,74
S00176069,109
S00176070,86
S00176071,74
S00176072,109
S00176073,114
S00176074,58
S00176075,80
S00176076,98
S00176077,111
S00176078,106
S00176079,70
S00176080,129
S00176081,113
S00176082,102
S00176083,150
S00176084,112
S00176085,125
S00176086,80
S00176087,132
S00176088,57
S00176089,55
S00176090,51
S00176091,108
S00176092,88
S00176093,92
S00176094,66
S00176095,83
S00176096,74
S00176097,132
S00176098,123
S00176099,151
S00176100,80
S00176101,60
S00176102,165
S00176103,131
S00176104,99
S00176105,75
S00176106,88
S00176107,66
S00176108,57
S00176109,113
S00176110,81
S00176111,80
S00176112,132
S00176113,80
S00176114,53
S00176115,131
S00176116,59
S00176117,81
S00176118,83
S00176119,99
S00176120,88
S00176121,56
S00176122,81
S00176123,98
S00176124,153
S00176125,151
S00176126,98
S00176127,114
S00176128,63
S00176129,117
S00176130,116
S00176131,89
S00176132,104
S00176133,75
S00176134,111
S00176135,109
S00176136,87
S00176137,95
S00176138,114
S00176139,62
S00176140,84
S00176141,114
S00176142,71
S00176143,92
S00176144,137
S00176145,82
S00176146,117
S00176147,79
S00176148,103
S00176149,119
S00176150,102
S00176151,106
S00176152,96
S00176153,93
S00176154,69
S00176155,75
S00176156,93
S00176157,114
S00176158,59
S00176159,90
S00176160,126
S00176161,114
S00176162,109
S00176163,111
S00176164,88
S00176165,59
S00176166,65
S00176167,103
S00176168,116
S00176169,90
S00176170,135
S00176171,132
S00176172,117
S00176173,67
S00176174,113
S00176175,158
S00176176,82
S00176177,66
S00176178,74
S00176179,83
S00176180,88
S00176181,57
S00176182,105
S00176183,156
S00176184,124
S00176185,159
S00176186,150
S00176187,211
S00176188,201
S00176189,129
S00176190,115
S00176191,67
S00176192,102
S00176193,87
S00176194,93
S00176195,73
S00176196,111
S00176197,153
S00176198,123
S00176199,91
S00176200,67
S00176201,116
S00176202,97
S00176203,82
S00176204,163
S00176205,111
S00176206,125
S00176207,172
S00176208,157
S00176209,73
S00176210,98
S00176211,137
S00176212,101
S00176213,123
S00176214,97
S00176215,59
S00176216,108
S00176217,90
S00176218,98
S00176219,93
S00176220,118
S00176221,166
S00176222,73
S00176223,88
S00176224,70
S00176225,96
S00176226,97
S00176227,84
S00176228,179
S00176229,58
S00176230,79
S00176231,59
S00176232,88
S00176233,130
S00176234,110
S00176235,113
S00176236,107
S00176237,79
S00176238,147
S00176239,84
S00176240,181
S00176241,136
S00176242,93
S00176243,132
S00176244,71
S00176245,137
S00176246,126
S00176247,166
S00176248,89
S00176249,73
S00176250,116
S00176251,119
S00176252,64
S00176253,77
S00176254,109
S00176255,105
S00176256,79
S00176257,76
S00176258,125
S00176259,92
S00176260,75
S00176261,89
S00176262,133
S00176263,66
S00176264,69
S00176265,92
S00176266,98
S00176267,83
S00176268,113
S00176269,122
S00176270,63
S00176271,153
S00176272,77
S00176273,81
S00176274,58
S00176275,104
S00176276,85
S00176277,184
S00176278,112
S00176279,88
S00176280,114
S00176281,67
S00176282,99
S00176283,63
S00176284,79
S00176285,136
S00176286,182
S00176287,87
S00176288,177
S00176289,83
S00176290,150
S00176291,90
S00176292,105
S00176293,109
S00176294,87
S00176295,76
S00176296,67
S00176297,101
S00176298,145
S00176299,64
S00176300,150
S00176301,90
S00176302,116
S00176303,77
S00176304,65
S00176305,49
S00176306,102
S00176307,150
S00176308,122
S00176309,65
S00176310,59
S00176311,107
S00176312,64
S00176313,64
S00176314,82
S00176315,78
S00176316,88
S00176317,126
S00176318,146
S00176319,90
S00176320,147
S00176321,124
S00176322,144
S00176323,111
S00176324,50
S00176325,108
S00176326,84
S00176327,86
S00176328,130
S00176329,120
S00176330,117
S00176331,59
S00176332,122
S00176333,61
S00176334,147
S00176335,102
S00176336,87
S00176337,115
S00176338,122
S00176339,64
S00176340,75
S00176341,60
S00176342,55
S00176343,77
S00176344,171
S00176345,129
S00176346,66
S00176347,90
S00176348,97
S00176349,126
S00176350,100
S00176351,54
S00176352,93
S00176353,85
S00176354,143
S00176355,85
S00176356,69
S00176357,111
S00176358,62
S00176359,62
S00176360,125
S00176361,115
S00176362,107
S00176363,120
S00176364,84
S00176365,81
S00176366,92
S00176367,101
S00176368,106
S00176369,91
S00176370,70
S00176371,115
S00176372,93
S00176373,60
S00176374,85
S00176375,82
S00176376,82
S00176377,62
S00176378,143
S00176379,61
S00176380,112
S00176381,132
S00176382,107
S00176383,66
S00176384,89
S00176385,67
S00176386,81
S00176387,89
S00176388,93
S00176389,84
S00176390,56
S00176391,120
S00176392,54
S00176393,84
S00176394,59
S00176395,119
S00176396,114
S00176397,87
S00176398,111
S00176399,87
S00176400,83
S00176401,89
S00176402,76
S00176403,82
S00176404,115
S00176405,85
S00176406,68
S00176407,92
S00176408,60
S00176409,77
S00176410,77
S00176411,95
S00176412,72
S00176413,109
S00176414,54
S00176415,146
S00176416,63
S00176417,66
S00176418,90
S00176419,85
S00176420,72
S00176421,69
S00176422,71
S00176423,76
S00176424,87
S00176425,60
S00176426,81
S00176427,122
S00176428,89
S00176429,104
S00176430,126
S00176431,82
S00176432,73
S00176433,92
S00176434,131
S00176435,89
S00176436,84
S00176437,74
S00176438,92
S00176439,121
S00176440,141
S00176441,74
S00176442,91
S00176443,262
S00176444,161
S00176445,96
S00176446,102
S00176447,97
S00176448,77
S00176449,125
S00176450,106
S00176451,152
S00176452,79
S00176453,88
S00176454,71
S00176455,65
S00176456,94
S00176457,147
S00176458,95
S00176459,88
S00176460,157
S00176461,124
S00176462,112
S00176463,103
S00176464,138
S00176465,57
S00176466,76
S00176467,132
S00176468,86
S00176469,166
S00176470,74
S00176471,147
S00176472,136
S00176473,99
S00176474,95
S00176475,64
S00176476,65
S00176477,70
S00176478,121
S00176479,94
S00176480,62
S00176481,87
S00176482,73
S00176483,54
S00176484,162
S00176485,142
S00176486,86
S00176487,119
S00176488,103
S00176489,166
S00176490,101
S00176491,106
S00176492,90
S00176493,140
S00176494,96
S00176495,112
S00176496,142
S00176497,88
S00176498,84
S00176499,123
S00176500,125
S00176501,104
S00176502,85
S00176503,87
S00176504,94
S00176505,88
S00176506,86
S00176507,130
S00176508,139
S00176509,98
S00176510,81
S00176511,104
S00176512,137
S00176513,87
S00176514,92
S00176515,89
S00176516,110
S00176517,64
S00176518,64
S00176519,96
S00176520,114
S00176521,143
S00176522,72
S00176523,104
S00176524,61
S00176525,93
S00176526,52
S00176527,61
S00176528,53
S00176529,119
S00176530,109
S00176531,169
S00176532,103
S00176533,72
S00176534,67
S00176535,129
S00176536,117
S00176537,118
S00176538,67
S00176539,82
S00176540,85
S00176541,103
S00176542,55
S00176543,75
S00176544,75
S00176545,93
S00176546,131
S00176547,113
S00176548,116
S00176549,136
S00176550,112
S00176551,71
S00176552,80
S00176553,61
S00176554,92
S00176555,91
S00176556,111
S00176557,91
S00176558,72
S00176559,85
S00176560,77
S00176561,81
S00176562,72
S00176563,102
S00176564,95
S00176565,76
S00176566,72
S00176567,83
S00176568,71
S00176569,98
S00176570,93
S00176571,99
S00176572,108
S00176573,121
S00176574,124
S00176575,100
S00176576,104
S00176577,104
S00176578,72
S00176579,111
S00176580,57
S00176581,102
S00176582,64
S00176583,80
S00176584,89
S00176585,90
S00176586,65
S00176587,110
S00176588,75
S00176589,73
S00176590,105
S00176591,89
S00176592,69
S00176593,66
S00176594,61
S00176595,117
S00176596,129
S00176597,101
S00176598,77
S00176599,94
S00176600,120
S00176601,83
S00176602,112
S00176603,105
S00176604,85
S00176605,73
S00176606,59
S00176607,135
S00176608,99
S00176609,69
S00176610,82
S00176611,88
S00176612,62
S00176613,125
S00176614,88
S00176615,93
S00176616,102
S00176617,211
S00176618,68
S00176619,74
S00176620,100
S00176621,88
S00176622,115
S00176623,96
S00176624,76
S00176625,94
S00176626,85
S00176627,90
S00176628,111
S00176629,92
S00176630,71
S00176631,89
S00176632,114
S00176633,89
S00176634,74
S00176635,111
S00176636,66
S00176637,89
S00176638,72
S00176639,66
S00176640,113
S00176641,114
S00176642,56
S00176643,107
S00176644,134
S00176645,126
S00176646,65
S00176647,84
S00176648,53
S00176649,76
S00176650,98
S00176651,97
S00176652,101
S00176653,70
S00176654,64
S00176655,126
S00176656,57
S00176657,62
S00176658,87
S00176659,98
S00176660,93
S00176661,96
S00176662,102
S00176663,96
S00176664,71
S00176665,65
S00176666,91
S00176667,69
S00176668,92
S00176669,109
S00176670,95
S00176671,182
S00176672,128
S00176673,90
S00176674,81
S00176675,95
S00176676,65
S00176677,97
S00176678,86
S00176679,62
S00176680,83
S00176681,69
S00176682,78
S00176683,75
S00176684,111
S00176685,66
S00176686,114
S00176687,98
S00176688,93
S00176689,100
S00176690,104
S00176691,165
S00176692,94
S00176693,93
S00176694,83
S00176695,130
S00176696,106
S00176697,96
S00176698,70
S00176699,79
S00176700,69
S00176701,100
S00176702,88
S00176703,103
S00176704,100
S00176705,82
S00176706,106
S00176707,82
S00176708,112
S00176709,124
S00176710,74
S00176711,87
S00176712,65
S00176713,103
S00176714,100
S00176715,85
S00176716,93
S00176717,110
S00176718,61
S00176719,70
S00176720,93
S00176721,113
S00176722,56
S00176723,96
S00176724,105
S00176725,73
S00176726,83
S00176727,102
S00176728,92
S00176729,95
S00176730,103
S00176731,76
S00176732,91
S00176733,56
S00176734,94
S00176735,81
S00176736,136
S00176737,87
S00176738,104
S00176739,70
S00176740,64
S00176741,158
S00176742,100
S00176743,120
S00176744,97
S00176745,112
S00176746,67
S00176747,116
S00176748,57
S00176749,213
S00176750,112
S00176751,97
S00176752,107
S00176753,87
S00176754,91
S00176755,128
S00176756,128
S00176757,136
S00176758,95
S00176759,88
S00176760,117
S00176761,64
S00176762,63
S00176763,121
S00176764,100
S00176765,111
S00176766,110
S00176767,101
S00176768,123
S00176769,61
S00176770,66
S00176771,103
S00176772,82
S00176773,124
S00176774,137
S00176775,95
S00176776,102
S00176777,106
S00176778,118
S00176779,117
S00176780,94
S00176781,81
S00176782,75
S00176783,89
S00176784,57
S00176785,89
S00176786,106
S00176787,86
S00176788,96
S00176789,61
S00176790,112
S00176791,96
S00176792,65
S00176793,123
S00176794,93
S00176795,65
S00176796,82
S00176797,104
S00176798,84
S00176799,102
S00176800,132
S00176801,103
S00176802,114
S00176803,78
S00176804,67
S00176805,91
S00176806,61
S00176807,68
S00176808,81
S00176809,64
S00176810,113
S00176811,55
S00176812,108
S00176813,103
S00176814,88
S00176815,52
S00176816,84
S00176817,85
S00176818,155
S00176819,73
S00176820,77
S00176821,88
S00176822,66
S00176823,104
S00176824,86
S00176825,87
S00176826,66
S00176827,72
S00176828,154
S00176829,79
S00176830,130
S00176831,104
S00176832,75
S00176833,90
S00176834,161
S00176835,61
S00176836,78
S00176837,66
S00176838,85
S00176839,63
S00176840,68
S00176841,89
S00176842,58
S00176843,110
S00176844,110
S00176845,54
S00176846,98
S00176847,127
S00176848,83
S00176849,135
S00176850,119
S00176851,60
S00176852,74
S00176853,107
S00176854,93
S00176855,64
S00176856,70
S00176857,186
S00176858,48
S00176859,90
S00176860,58
S00176861,71
S00176862,102
S00176863,101
S00176864,105
S00176865,123
S00176866,82
S00176867,96
S00176868,73
S00176869,58
S00176870,97
S00176871,103
S00176872,133
S00176873,74
S00176874,105
S00176875,162
S00176876,108
S00176877,108
S00176878,82
S00176879,147
S00176880,154
S00176881,96
S00176882,56
S00176883,86
S00176884,163
S00176885,67
S00176886,66
S00176887,90
S00176888,104
S00176889,127
S00176890,99
S00176891,103
S00176892,75
S00176893,101
S00176894,102
S00176895,91
S00176896,65
S00176897,136
S00176898,189
S00176899,88
S00176900,92
S00176901,150
S00176902,155
S00176903,120
S00176904,98
S00176905,104
S00176906,71
S00176907,102
S00176908,90
S00176909,73
S00176910,60
S00176911,133
S00176912,108
S00176913,112
S00176914,135
S00176915,122
S00176916,93
S00176917,119
S00176918,130
S00176919,110
S00176920,122
S00176921,87
S00176922,66
S00176923,87
S00176924,81
S00176925,61
S00176926,78
S00176927,135
S00176928,107
S00176929,100
S00176930,67
S00176931,103
S00176932,125
S00176933,65
S00176934,177
S00176935,111
S00176936,124
S00176937,56
S00176938,70
S00176939,115
S00176940,63
S00176941,59
S00176942,87
S00176943,71
S00176944,118
S00176945,128
S00176946,71
S00176947,133
S00176948,102
S00176949,104
S00176950,121
S00176951,129
S00176952,96
S00176953,83
S00176954,106
S00176955,106
S00176956,159
S00176957,105
S00176958,57
S00176959,62
S00176960,82
S00176961,108
S00176962,84
S00176963,72
S00176964,121
S00176965,164
S00176966,70
S00176967,87
S00176968,99
S00176969,76
S00176970,79
S00176971,62
S00176972,57
S00176973,139
S00176974,113
S00176975,66
S00176976,89
S00176977,88
S00176978,75
S00176979,85
S00176980,80
S00176981,94
S00176982,102
S00176983,74
S00176984,81
S00176985,65
S00176986,87
S00176987,111
S00176988,104
S00176989,104
S00176990,99
S00176991,127
S00176992,77
S00176993,66
S00176994,96
S00176995,100
S00176996,93
S00176997,100
S00176998,154
S00176999,75
S00177000,47
S00177001,96
S00177002,91
S00177003,171
S00177004,168
S00177005,49
S00177006,90
S00177007,82
S00177008,69
S00177009,69
S00177010,95
S00177011,70
S00177012,102
S00177013,112
S00177014,98
S00177015,119
S00177016,88
S00177017,74
S00177018,163
S00177019,59
S00177020,92
S00177021,105
S00177022,107
S00177023,93
S00177024,77
S00177025,84
S00177026,85
S00177027,108
S00177028,83
S00177029,84
S00177030,83
S00177031,133
S00177032,104
S00177033,82
S00177034,73
S00177035,107
S00177036,83
S00177037,68
S00177038,145
S00177039,81
S00177040,103
S00177041,69
S00177042,67
S00177043,117
S00177044,122
S00177045,58
S00177046,79
S00177047,130
S00177048,130
S00177049,77
S00177050,92
S00177051,84
S00177052,74
S00177053,143
S00177054,87
S00177055,121
S00177056,83
S00177057,92
S00177058,90
S00177059,108
S00177060,160
S00177061,79
S00177062,59
S00177063,111
S00177064,81
S00177065,66
S00177066,125
S00177067,71
S00177068,133
S00177069,101
S00177070,109
S00177071,72
S00177072,152
S00177073,74
S00177074,104
S00177075,95
S00177076,102
S00177077,153
S00177078,131
S00177079,91
S00177080,60
S00177081,89
S00177082,146
S00177083,89
S00177084,68
S00177085,70
S00177086,53
S00177087,203
S00177088,67
S00177089,108
S00177090,98
S00177091,86
S00177092,124
S00177093,96
S00177094,57
S00177095,66
S00177096,67
S00177097,75
S00177098,124
S00177099,69
S00177100,100
S00177101,151
S00177102,83
S00177103,107
S00177104,165
S00177105,66
S00177106,102
S00177107,89
S00177108,61
S00177109,139
S00177110,123
S00177111,167
S00177112,114
S00177113,90
S00177114,136
S00177115,96
S00177116,79
S00177117,83
S00177118,105
S00177119,92
S00177120,65
S00177121,82
S00177122,118
S00177123,105
S00177124,106
S00177125,61
S00177126,73
S00177127,120
S00177128,107
S00177129,77
S00177130,111
S00177131,127
S00177132,146
S00177133,172
S00177134,126
S00177135,129
S00177136,110
S00177137,85
S00177138,105
S00177139,112
S00177140,79
S00177141,75
S00177142,97
S00177143,60
S00177144,61
S00177145,68
S00177146,92
S00177147,113
S00177148,106
S00177149,54
S00177150,85
S00177151,64
S00177152,119
S00177153,101
S00177154,133
S00177155,110
S00177156,63
S00177157,86
S00177158,77
S00177159,108
S00177160,61
S00177161,84
S00177162,65
S00177163,175
S00177164,136
S00177165,90
S00177166,101
S00177167,81
S00177168,111
S00177169,64
S00177170,102
S00177171,88
S00177172,67
S00177173,109
S00177174,117
S00177175,96
S00177176,74
S00177177,61
S00177178,88
S00177179,130
S00177180,96
S00177181,108
S00177182,80
S00177183,107
S00177184,80
S00177185,122
S00177186,84
S00177187,83
S00177188,76
S00177189,97
S00177190,124
S00177191,52
S00177192,97
S00177193,84
S00177194,129
S00177195,68
S00177196,99
S00177197,101
S00177198,101
S00177199,80
S00177200,88
S00177201,147
S00177202,85
S00177203,114
S00177204,105
S00177205,64
S00177206,114
S00177207,128
S00177208,66
S00177209,100
S00177210,138
S00177211,117
S00177212,109
S00177213,102
S00177214,93
S00177215,99
S00177216,157
S00177217,133
S00177218,80
S00177219,59
S00177220,58
S00177221,171
S00177222,124
S00177223,67
S00177224,127
S00177225,100
S00177226,93
S00177227,122
S00177228,55
S00177229,84
S00177230,67
S00177231,71
S00177232,51
S00177233,63
S00177234,91
S00177235,98
S00177236,85
S00177237,119
S00177238,106
S00177239,98
S00177240,147
S00177241,110
S00177242,120
S00177243,89
S00177244,97
S00177245,64
S00177246,108
S00177247,135
S00177248,103
S00177249,105
S00177250,118
S00177251,105
S00177252,59
S00177253,86
S00177254,95
S00177255,109
S00177256,128
S00177257,154
S00177258,104
S00177259,146
S00177260,70
S00177261,146
S00177262,81
S00177263,95
S00177264,123
S00177265,142
S00177266,152
S00177267,157
S00177268,87
S00177269,82
S00177270,125
S00177271,74
S00177272,96
S00177273,105
S00177274,99
S00177275,60
S00177276,131
S00177277,74
S00177278,97
S00177279,90
S00177280,122
S00177281,155
S00177282,56
S00177283,56
S00177284,129
S00177285,73
S00177286,96
S00177287,83
S00177288,142
S00177289,124
S00177290,59
S00177291,91
S00177292,81
S00177293,67
S00177294,129
S00177295,112
S00177296,78
S00177297,85
S00177298,70
S00177299,75
S00177300,111
S00177301,77
S00177302,101
S00177303,114
S00177304,83
S00177305,101
S00177306,62
S00177307,73
S00177308,146
S00177309,147
S00177310,170
S00177311,89
S00177312,67
S00177313,73
S00177314,112
S00177315,99
S00177316,64
S00177317,59
S00177318,133
S00177319,89
S00177320,71
S00177321,79
S00177322,56
S00177323,115
S00177324,85
S00177325,135
S00177326,166
S00177327,85
S00177328,94
S00177329,87
S00177330,71
S00177331,73
S00177332,62
S00177333,99
S00177334,54
S00177335,98
S00177336,99
S00177337,150
S00177338,134
S00177339,85
S00177340,87
S00177341,74
S00177342,101
S00177343,61
S00177344,92
S00177345,110
S00177346,65
S00177347,65
S00177348,131
S00177349,98
S00177350,109
S00177351,101
S00177352,59
S00177353,109
S00177354,128
S00177355,124
S00177356,113
S00177357,93
S00177358,146
S00177359,116
S00177360,79
S00177361,125
S00177362,126
S00177363,144
S00177364,93
S00177365,72
S00177366,60
S00177367,100
S00177368,97
S00177369,66
S00177370,126
S00177371,137
S00177372,61
S00177373,104
S00177374,69
S00177375,56
S00177376,172
S00177377,101
S00177378,83
S00177379,86
S00177380,121
S00177381,86
S00177382,73
S00177383,156
S00177384,132
S00177385,123
S00177386,106
S00177387,144
S00177388,58
S00177389,112
S00177390,114
S00177391,97
S00177392,115
S00177393,93
S00177394,86
S00177395,152
S00177396,68
S00177397,65
S00177398,88
S00177399,94
S00177400,70
S00177401,70
S00177402,70
S00177403,66
S00177404,59
S00177405,60
S00177406,89
S00177407,63
S00177408,95
S00177409,123
S00177410,106
S00177411,162
S00177412,150
S00177413,66
S00177414,70
S00177415,100
S00177416,90
S00177417,55
S00177418,195
S00177419,73
S00177420,132
S00177421,77
S00177422,134
S00177423,165
S00177424,121
S00177425,94
S00177426,74
S00177427,141
S00177428,69
S00177429,83
S00177430,79
S00177431,103
S00177432,91
S00177433,74
S00177434,118
S00177435,85
S00177436,113
S00177437,93
S00177438,155
S00177439,87
S00177440,87
S00177441,73
S00177442,73
S00177443,89
S00177444,69
S00177445,124
S00177446,98
S00177447,77
S00177448,65
S00177449,57
S00177450,72
S00177451,153
S00177452,95
S00177453,154
S00177454,121
S00177455,93
S00177456,68
S00177457,73
S00177458,108
S00177459,112
S00177460,130
S00177461,98
S00177462,105
S00177463,88
S00177464,95
S00177465,60
S00177466,88
S00177467,100
S00177468,123
S00177469,166
S00177470,86
S00177471,80
S00177472,116
S00177473,117
S00177474,142
S00177475,60
S00177476,90
S00177477,73
S00177478,55
S00177479,102
S00177480,100
S00177481,81
S00177482,89
S00177483,87
S00177484,56
S00177485,106
S00177486,95
S00177487,73
S00177488,97
S00177489,102
S00177490,105
S00177491,117
S00177492,82
S00177493,92
S00177494,124
S00177495,98
S00177496,47
S00177497,102
S00177498,76
S00177499,93
S00177500,53
S00177501,93
S00177502,98
S00177503,83
S00177504,94
S00177505,122
S00177506,110
S00177507,77
S00177508,90
S00177509,76
S00177510,72
S00177511,141
S00177512,132
S00177513,57
S00177514,106
S00177515,83
S00177516,60
S00177517,71
S00177518,64
S00177519,119
S00177520,83
S00177521,105
S00177522,105
S00177523,101
S00177524,71
S00177525,58
S00177526,76
S00177527,74
S00177528,90
S00177529,61
S00177530,120
S00177531,75
S00177532,99
S00177533,80
S00177534,97
S00177535,99
S00177536,143
S00177537,110
S00177538,131
S00177539,76
S00177540,157
S00177541,73
S00177542,60
S00177543,108
S00177544,79
S00177545,109
S00177546,69
S00177547,139
S00177548,101
S00177549,86
S00177550,97
S00177551,129
S00177552,68
S00177553,177
S00177554,190
S00177555,142
S00177556,101
S00177557,133
S00177558,75
S00177559,94
S00177560,47
S00177561,65
S00177562,106
S00177563,94
S00177564,76
S00177565,82
S00177566,80
S00177567,91
S00177568,133
S00177569,127
S00177570,110
S00177571,133
S00177572,117
S00177573,101
S00177574,105
S00177575,98
S00177576,81
S00177577,50
S00177578,96
S00177579,146
S00177580,173
S00177581,84
S00177582,69
S00177583,64
S00177584,119
S00177585,130
S00177586,50
S00177587,115
S00177588,84
S00177589,97
S00177590,78
S00177591,116
S00177592,92
S00177593,123
S00177594,94
S00177595,96
S00177596,58
S00177597,100
S00177598,120
S00177599,104
S00177600,94
S00177601,88
S00177602,88
S00177603,94
S00177604,124
S00177605,119
S00177606,93
S00177607,122
S00177608,100
S00177609,110
S00177610,92
S00177611,90
S00177612,72
S00177613,101
S00177614,96
S00177615,82
S00177616,65
S00177617,106
S00177618,49
S00177619,77
S00177620,125
S00177621,80
S00177622,85
S00177623,105
S00177624,100
S00177625,75
S00177626,63
S00177627,63
S00177628,99
S00177629,89
S00177630,55
S00177631,165
S00177632,100
S00177633,108
S00177634,80
S00177635,64
S00177636,101
S00177637,103
S00177638,99
S00177639,100
S00177640,110
S00177641,109
S00177642,105
S00177643,124
S00177644,119
S00177645,69
S00177646,90
S00177647,59
S00177648,73
S00177649,69
S00177650,142
S00177651,82
S00177652,72
S00177653,89
S00177654,108
S00177655,79
S00177656,106
S00177657,141
S00177658,141
S00177659,109
S00177660,81
S00177661,87
S00177662,76
S00177663,121
S00177664,115
S00177665,90
S00177666,151
S00177667,184
S00177668,105
S00177669,80
S00177670,124
S00177671,62
S00177672,100
S00177673,109
S00177674,82
S00177675,79
S00177676,74
S00177677,70
S00177678,73
S00177679,91
S00177680,100
S00177681,88
S00177682,134
S00177683,81
S00177684,90
S00177685,82
S00177686,59
S00177687,139
S00177688,117
S00177689,68
S00177690,58
S00177691,84
S00177692,124
S00177693,94
S00177694,83
S00177695,139
S00177696,113
S00177697,118
S00177698,143
S00177699,129
S00177700,143
S00177701,102
S00177702,103
S00177703,98
S00177704,141
S00177705,107
S00177706,130
S00177707,123
S00177708,90
S00177709,98
S00177710,140
S00177711,61
S00177712,124
S00177713,101
S00177714,98
S00177715,130
S00177716,78
S00177717,111
S00177718,123
S00177719,93
S00177720,115
S00177721,68
S00177722,93
S00177723,151
S00177724,121
S00177725,76
S00177726,73
S00177727,120
S00177728,71
S00177729,91
S00177730,141
S00177731,63
S00177732,96
S00177733,121
S00177734,113
S00177735,172
S00177736,62
S00177737,77
S00177738,105
S00177739,132
S00177740,137
S00177741,114
S00177742,135
S00177743,112
S00177744,74
S00177745,118
S00177746,111
S00177747,109
S00177748,101
S00177749,121
S00177750,51
S00177751,99
S00177752,90
S00177753,108
S00177754,100
S00177755,101
S00177756,96
S00177757,128
S00177758,62
S00177759,124
S00177760,64
S00177761,93
S00177762,90
S00177763,60
S00177764,121
S00177765,70
S00177766,74
S00177767,87
S00177768,95
S00177769,123
S00177770,111
S00177771,129
S00177772,113
S00177773,96
S00177774,129
S00177775,145
S00177776,107
S00177777,104
S00177778,151
S00177779,165
S00177780,105
S00177781,88
S00177782,51
S00177783,136
S00177784,201
S00177785,163
S00177786,105
S00177787,92
S00177788,53
S00177789,52
S00177790,180
S00177791,77
S00177792,125
S00177793,67
S00177794,125
S00177795,89
S00177796,118
S00177797,82
S00177798,150
S00177799,74
S00177800,97
S00177801,116
S00177802,165
S00177803,115
S00177804,90
S00177805,108
S00177806,157
S00177807,111
S00177808,103
S00177809,57
S00177810,88
S00177811,154
S00177812,82
S00177813,67
S00177814,114
S00177815,65
S00177816,103
S00177817,86
S00177818,83
S00177819,69
S00177820,78
S00177821,83
S00177822,132
S00177823,142
S00177824,76
S00177825,84
S00177826,127
S00177827,77
S00177828,83
S00177829,77
S00177830,117
S00177831,83
S00177832,78
S00177833,94
S00177834,101
S00177835,90
S00177836,143
S00177837,68
S00177838,104
S00177839,102
S00177840,74
S00177841,215
S00177842,126
S00177843,97
S00177844,71
S00177845,85
S00177846,167
S00177847,186
S00177848,99
S00177849,142
S00177850,128
S00177851,64
S00177852,56
S00177853,131
S00177854,128
S00177855,93
S00177856,112
S00177857,121
S00177858,56
S00177859,70
S00177860,81
S00177861,161
S00177862,155
S00177863,166
S00177864,87
S00177865,120
S00177866,67
S00177867,83
S00177868,174
S00177869,104
S00177870,150
S00177871,120
S00177872,68
S00177873,119
S00177874,124
S00177875,88
S00177876,101
S00177877,99
S00177878,97
S00177879,114
S00177880,81
S00177881,123
S00177882,78
S00177883,124
S00177884,127
S00177885,68
S00177886,128
S00177887,120
S00177888,151
S00177889,128
S00177890,116
S00177891,62
S00177892,67
S00177893,70
S00177894,119
S00177895,78
S00177896,85
S00177897,90
S00177898,70
S00177899,127
S00177900,106
S00177901,135
S00177902,86
S00177903,99
S00177904,95
S00177905,85
S00177906,108
S00177907,156
S00177908,91
S00177909,70
S00177910,86
S00177911,54
S00177912,147
S00177913,93
S00177914,92
S00177915,150
S00177916,109
S00177917,62
S00177918,95
S00177919,91
S00177920,61
S00177921,60
S00177922,81
S00177923,69
S00177924,118
S00177925,164
S00177926,145
S00177927,57
S00177928,74
S00177929,102
S00177930,133
S00177931,61
S00177932,71
S00177933,76
S00177934,162
S00177935,61
S00177936,96
S00177937,157
S00177938,59
S00177939,150
S00177940,87
S00177941,116
S00177942,101
S00177943,59
S00177944,75
S00177945,80
S00177946,110
S00177947,111
S00177948,92
S00177949,122
S00177950,59
S00177951,105
S00177952,81
S00177953,64
S00177954,116
S00177955,84
S00177956,130
S00177957,158
S00177958,62
S00177959,93
S00177960,103
S00177961,113
S00177962,160
S00177963,65
S00177964,117
S00177965,95
S00177966,99
S00177967,103
S00177968,58
S00177969,130
S00177970,140
S00177971,63
S00177972,106
S00177973,86
S00177974,94
S00177975,121
S00177976,93
S00177977,113
S00177978,75
S00177979,124
S00177980,99
S00177981,96
S00177982,248
S00177983,74
S00177984,58
S00177985,90
S00177986,94
S00177987,78
S00177988,93
S00177989,100
S00177990,73
S00177991,92
S00177992,126
S00177993,95
S00177994,62
S00177995,114
S00177996,123
S00177997,76
S00177998,124
S00177999,71
S00178000,95
S00178001,130
S00178002,59
S00178003,71
S00178004,96
S00178005,56
S00178006,61
S00178007,78
S00178008,105
S00178009,81
S00178010,77
S00178011,71
S00178012,78
S00178013,143
S00178014,54
S00178015,78
S00178016,127
S00178017,75
S00178018,89
S00178019,67
S00178020,124
S00178021,94
S00178022,69
S00178023,107
S00178024,151
S00178025,89
S00178026,87
S00178027,145
S00178028,89
S00178029,99
S00178030,74
S00178031,108
S00178032,109
S00178033,112
S00178034,57
S00178035,90
S00178036,114
S00178037,82
S00178038,120
S00178039,75
S00178040,142
S00178041,72
S00178042,87
S00178043,51
S00178044,132
S00178045,121
S00178046,89
S00178047,56
S00178048,80
S00178049,89
S00178050,75
S00178051,126
S00178052,139
S00178053,84
S00178054,61
S00178055,85
S00178056,160
S00178057,92
S00178058,62
S00178059,82
S00178060,67
S00178061,141
S00178062,80
S00178063,167
S00178064,105
S00178065,78
S00178066,77
S00178067,76
S00178068,89
S00178069,112
S00178070,88
S00178071,92
S00178072,137
S00178073,116
S00178074,103
S00178075,134
S00178076,71
S00178077,82
S00178078,67
S00178079,138
S00178080,89
S00178081,80
S00178082,89
S00178083,113
S00178084,112
S00178085,83
S00178086,71
S00178087,100
S00178088,65
S00178089,87
S00178090,91
S00178091,88
S00178092,136
S00178093,91
S00178094,119
S00178095,71
S00178096,72
S00178097,58
S00178098,77
S00178099,98
S00178100,86
S00178101,82
S00178102,80
S00178103,182
S00178104,56
S00178105,94
S00178106,108
S00178107,64
S00178108,92
S00178109,160
S00178110,78
S00178111,81
S00178112,91
S00178113,163
S00178114,75
S00178115,92
S00178116,97
S00178117,78
S00178118,46
S00178119,83
S00178120,111
S00178121,77
S00178122,89
S00178123,94
S00178124,103
S00178125,74
S00178126,69
S00178127,98
S00178128,80
S00178129,83
S00178130,133
S00178131,59
S00178132,74
S00178133,238
S00178134,113
S00178135,109
S00178136,94
S00178137,69
S00178138,60
S00178139,75
S00178140,155
S00178141,77
S00178142,78
S00178143,71
S00178144,69
S00178145,114
S00178146,116
S00178147,154
S00178148,167
S00178149,108
S00178150,82
S00178151,154
S00178152,156
S00178153,78
S00178154,51
S00178155,134
S00178156,104
S00178157,124
S00178158,51
S00178159,113
S00178160,63
S00178161,109
S00178162,97
S00178163,76
S00178164,108
S00178165,135
S00178166,78
S00178167,117
S00178168,141
S00178169,81
S00178170,135
S00178171,193
S00178172,120
S00178173,135
S00178174,149
S00178175,59
S00178176,104
S00178177,100
S00178178,73
S00178179,96
S00178180,109
S00178181,68
S00178182,68
S00178183,164
S00178184,128
S00178185,80
S00178186,60
S00178187,122
S00178188,99
S00178189,80
S00178190,50
S00178191,82
S00178192,119
S00178193,76
S00178194,151
S00178195,86
S00178196,100
S00178197,105
S00178198,69
S00178199,86
S00178200,53
S00178201,85
S00178202,75
S00178203,158
S00178204,94
S00178205,188
S00178206,85
S00178207,73
S00178208,119
S00178209,70
S00178210,66
S00178211,68
S00178212,112
S00178213,102
S00178214,128
S00178215,87
S00178216,109
S00178217,119
S00178218,131
S00178219,129
S00178220,86
S00178221,72
S00178222,121
S00178223,99
S00178224,124
S00178225,88
S00178226,144
S00178227,74
S00178228,123
S00178229,93
S00178230,113
S00178231,115
S00178232,67
S00178233,112
S00178234,152
S00178235,97
S00178236,78
S00178237,124
S00178238,87
S00178239,77
S00178240,74
S00178241,130
S00178242,87
S00178243,99
S00178244,111
S00178245,97
S00178246,76
S00178247,144
S00178248,136
S00178249,174
S00178250,140
S00178251,101
S00178252,73
S00178253,87
S00178254,69
S00178255,134
S00178256,84
S00178257,80
S00178258,77
S00178259,148
S00178260,88
S00178261,155
S00178262,129
S00178263,135
S00178264,96
S00178265,79
S00178266,56
S00178267,138
S00178268,108
S00178269,133
S00178270,87
S00178271,112
S00178272,92
S00178273,122
S00178274,110
S00178275,173
S00178276,122
S00178277,122
S00178278,100
S00178279,113
S00178280,102
S00178281,71
S00178282,121
S00178283,92
S00178284,105
S00178285,109
S00178286,109
S00178287,102
S00178288,90
S00178289,65
S00178290,73
S00178291,110
S00178292,118
S00178293,104
S00178294,73
S00178295,92
S00178296,108
S00178297,86
S00178298,155
S00178299,85
S00178300,73
S00178301,98
S00178302,90
S00178303,55
S00178304,116
S00178305,63
S00178306,176
S00178307,96
S00178308,66
S00178309,125
S00178310,124
S00178311,132
S00178312,89
S00178313,137
S00178314,101
S00178315,130
S00178316,87
S00178317,64
S00178318,71
S00178319,116
S00178320,130
S00178321,81
S00178322,81
S00178323,86
S00178324,92
S00178325,72
S00178326,64
S00178327,76
S00178328,146
S00178329,113
S00178330,115
S00178331,85
S00178332,123
S00178333,120
S00178334,119
S00178335,85
S00178336,71
S00178337,91
S00178338,122
S00178339,72
S00178340,76
S00178341,156
S00178342,100
S00178343,137
S00178344,145
S00178345,69
S00178346,144
S00178347,88
S00178348,59
S00178349,68
S00178350,116
S00178351,89
S00178352,128
S00178353,199
S00178354,105
S00178355,134
S00178356,125
S00178357,70
S00178358,141
S00178359,115
S00178360,97
S00178361,79
S00178362,85
S00178363,102
S00178364,92
S00178365,147
S00178366,80
S00178367,94
S00178368,81
S00178369,101
S00178370,71
S00178371,74
S00178372,105
S00178373,91
S00178374,60
S00178375,87
S00178376,88
S00178377,113
S00178378,73
S00178379,70
S00178380,116
S00178381,86
S00178382,113
S00178383,70
S00178384,79
S00178385,110
S00178386,66
S00178387,62
S00178388,75
S00178389,146
S00178390,64
S00178391,81
S00178392,97
S00178393,125
S00178394,70
S00178395,70
S00178396,65
S00178397,92
S00178398,61
S00178399,59
S00178400,136
S00178401,68
S00178402,136
S00178403,77
S00178404,75
S00178405,68
S00178406,71
S00178407,65
S00178408,120
S00178409,99
S00178410,81
S00178411,70
S00178412,97
S00178413,95
S00178414,79
S00178415,92
S00178416,90
S00178417,124
S00178418,79
S00178419,68
S00178420,66
S00178421,66
S00178422,95
S00178423,73
S00178424,121
S00178425,98
S00178426,139
S00178427,121
S00178428,85
S00178429,82
S00178430,72
S00178431,129
S00178432,106
S00178433,108
S00178434,82
S00178435,150
S00178436,98
S00178437,68
S00178438,112
S00178439,63
S00178440,90
S00178441,108
S00178442,66
S00178443,71
S00178444,108
S00178445,68
S00178446,157
S00178447,116
S00178448,108
S00178449,121
S00178450,167
S00178451,96
S00178452,82
S00178453,87
S00178454,106
S00178455,108
S00178456,69
S00178457,86
S00178458,150
S00178459,103
S00178460,98
S00178461,122
S00178462,99
S00178463,152
S00178464,109
S00178465,71
S00178466,161
S00178467,110
S00178468,94
S00178469,98
S00178470,98
S00178471,57
S00178472,135
S00178473,118
S00178474,124
S00178475,119
S00178476,66
S00178477,82
S00178478,168
S00178479,89
S00178480,94
S00178481,93
S00178482,65
S00178483,90
S00178484,80
S00178485,124
S00178486,75
S00178487,74
S00178488,160
S00178489,121
S00178490,121
S00178491,58
S00178492,122
S00178493,121
S00178494,182
S00178495,145
S00178496,99
S00178497,109
S00178498,116
S00178499,78
S00178500,152
S00178501,177
S00178502,103
S00178503,120
S00178504,76
S00178505,58
S00178506,105
S00178507,165
S00178508,111
S00178509,132
S00178510,163
S00178511,116
S00178512,93
S00178513,70
S00178514,90
S00178515,75
S00178516,145
S00178517,97
S00178518,139
S00178519,105
S00178520,79
S00178521,51
S00178522,132
S00178523,95
S00178524,86
S00178525,99
S00178526,80
S00178527,61
S00178528,61
S00178529,142
S00178530,76
S00178531,73
S00178532,92
S00178533,80
S00178534,120
S00178535,73
S00178536,94
S00178537,56
S00178538,89
S00178539,108
S00178540,89
S00178541,123
S00178542,89
S00178543,99
S00178544,150
S00178545,93
S00178546,93
S00178547,66
S00178548,106
S00178549,80
S00178550,101
S00178551,91
S00178552,107
S00178553,122
S00178554,85
S00178555,61
S00178556,105
S00178557,64
S00178558,92
S00178559,68
S00178560,120
S00178561,73
S00178562,86
S00178563,74
S00178564,69
S00178565,97
S00178566,151
S00178567,82
S00178568,79
S00178569,85
S00178570,102
S00178571,82
S00178572,86
S00178573,66
S00178574,163
S00178575,145
S00178576,77
S00178577,96
S00178578,58
S00178579,79
S00178580,122
S00178581,106
S00178582,82
S00178583,65
S00178584,142
S00178585,97
S00178586,73
S00178587,75
S00178588,130
S00178589,92
S00178590,99
S00178591,132
S00178592,49
S00178593,125
S00178594,76
S00178595,99
S00178596,56
S00178597,146
S00178598,108
S00178599,75
S00178600,160
S00178601,63
S00178602,160
S00178603,90
S00178604,110
S00178605,98
S00178606,99
S00178607,93
S00178608,106
S00178609,69
S00178610,64
S00178611,83
S00178612,56
S00178613,80
S00178614,81
S00178615,126
S00178616,81
S00178617,59
S00178618,52
S00178619,69
S00178620,88
S00178621,139
S00178622,101
S00178623,104
S00178624,115
S00178625,113
S00178626,88
S00178627,61
S00178628,69
S00178629,70
S00178630,130
S00178631,99
S00178632,77
S00178633,61
S00178634,63
S00178635,113
S00178636,125
S00178637,68
S00178638,83
S00178639,108
S00178640,87
S00178641,109
S00178642,69
S00178643,98
S00178644,115
S00178645,58
S00178646,119
S00178647,124
S00178648,120
S00178649,83
S00178650,66
S00178651,94
S00178652,91
S00178653,126
S00178654,73
S00178655,113
S00178656,76
S00178657,121
S00178658,57
S00178659,98
S00178660,116
S00178661,119
S00178662,60
S00178663,82
S00178664,145
S00178665,75
S00178666,116
S00178667,108
S00178668,72
S00178669,97
S00178670,58
S00178671,113
S00178672,115
S00178673,94
S00178674,105
S00178675,94
S00178676,126
S00178677,82
S00178678,103
S00178679,114
S00178680,113
S00178681,75
S00178682,85
S00178683,85
S00178684,128
S00178685,63
S00178686,92
S00178687,87
S00178688,100
S00178689,72
S00178690,85
S00178691,122
S00178692,161
S00178693,74
S00178694,78
S00178695,141
S00178696,192
S00178697,196
S00178698,142
S00178699,71
S00178700,98
S00178701,121
S00178702,175
S00178703,81
S00178704,98
S00178705,148
S00178706,143
S00178707,99
S00178708,168
S00178709,129
S00178710,151
S00178711,99
S00178712,82
S00178713,123
S00178714,70
S00178715,90
S00178716,80
S00178717,86
S00178718,167
S00178719,98
S00178720,81
S00178721,95
S00178722,122
S00178723,59
S00178724,86
S00178725,118
S00178726,78
S00178727,94
S00178728,87
S00178729,117
S00178730,141
S00178731,115
S00178732,118
S00178733,139
S00178734,90
S00178735,158
S00178736,88
S00178737,87
S00178738,173
S00178739,73
S00178740,68
S00178741,88
S00178742,103
S00178743,124
S00178744,116
S00178745,100
S00178746,101
S00178747,106
S00178748,114
S00178749,65
S00178750,117
S00178751,145
S00178752,83
S00178753,102
S00178754,58
S00178755,121
S00178756,81
S00178757,61
S00178758,114
S00178759,125
S00178760,62
S00178761,111
S00178762,53
S00178763,107
S00178764,61
S00178765,63
S00178766,91
S00178767,59
S00178768,122
S00178769,107
S00178770,61
S00178771,85
S00178772,100
S00178773,119
S00178774,68
S00178775,84
S00178776,106
S00178777,85
S00178778,105
S00178779,102
S00178780,134
S00178781,72
S00178782,58
S00178783,68
S00178784,69
S00178785,116
S00178786,70
S00178787,144
S00178788,149
S00178789,94
S00178790,197
S00178791,93
S00178792,63
S00178793,82
S00178794,153
S00178795,67
S00178796,105
S00178797,88
S00178798,121
S00178799,127
S00178800,135
S00178801,117
S00178802,140
S00178803,120
S00178804,55
S00178805,125
S00178806,110
S00178807,95
S00178808,166
S00178809,84
S00178810,98
S00178811,141
S00178812,104
S00178813,68
S00178814,105
S00178815,126
S00178816,75
S00178817,156
S00178818,132
S00178819,91
S00178820,72
S00178821,86
S00178822,98
S00178823,54
S00178824,91
S00178825,56
S00178826,127
S00178827,89
S00178828,129
S00178829,82
S00178830,100
S00178831,69
S00178832,120
S00178833,206
S00178834,97
S00178835,92
S00178836,144
S00178837,113
S00178838,65
S00178839,88
S00178840,97
S00178841,104
S00178842,1826
S00178843,99
S00178844,89
S00178845,65
S00178846,95
S00178847,122
S00178848,100
S00178849,64
S00178850,98
S00178851,65
S00178852,122
S00178853,169
S00178854,101
S00178855,52
S00178856,73
S00178857,72
S00178858,119
S00178859,210
S00178860,93
S00178861,136
S00178862,61
S00178863,71
S00178864,99
S00178865,103
S00178866,122
S00178867,129
S00178868,70
S00178869,101
S00178870,95
S00178871,119
S00178872,81
S00178873,141
S00178874,119
S00178875,116
S00178876,175
S00178877,98
S00178878,101
S00178879,112
S00178880,118
S00178881,138
S00178882,116
S00178883,150
S00178884,136
S00178885,173
S00178886,141
S00178887,106
S00178888,74
S00178889,83
S00178890,62
S00178891,93
S00178892,130
S00178893,80
S00178894,86
S00178895,130
S00178896,55
S00178897,104
S00178898,100
S00178899,81
S00178900,163
S00178901,133
S00178902,59
S00178903,117
S00178904,50
S00178905,68
S00178906,130
S00178907,378
S00178908,130
S00178909,112
S00178910,120
S00178911,116
S00178912,71
S00178913,68
S00178914,77
S00178915,86
S00178916,131
S00178917,75
S00178918,63
S00178919,96
S00178920,90
S00178921,110
S00178922,56
S00178923,74
S00178924,68
S00178925,98
S00178926,123
S00178927,82
S00178928,131
S00178929,77
S00178930,112
S00178931,74
S00178932,103
S00178933,84
S00178934,81
S00178935,113
S00178936,124
S00178937,127
S00178938,148
S00178939,74
S00178940,128
S00178941,112
S00178942,55
S00178943,98
S00178944,100
S00178945,157
S00178946,88
S00178947,91
S00178948,138
S00178949,77
S00178950,115
S00178951,149
S00178952,119
S00178953,66
S00178954,355
S00178955,94
S00178956,83
S00178957,130
S00178958,172
S00178959,124
S00178960,140
S00178961,94
S00178962,102
S00178963,128
S00178964,185
S00178965,73
S00178966,123
S00178967,115
S00178968,90
S00178969,106
S00178970,78
S00178971,77
S00178972,121
S00178973,145
S00178974,106
S00178975,118
S00178976,139
S00178977,111
S00178978,58
S00178979,167
S00178980,85
S00178981,134
S00178982,70
S00178983,86
S00178984,148
S00178985,90
S00178986,303
S00178987,76
S00178988,88
S00178989,93
S00178990,108
S00178991,106
S00178992,116
S00178993,66
S00178994,77
S00178995,76
S00178996,69
S00178997,71
S00178998,161
S00178999,83
S00179000,85
S00179001,58
S00179002,127
S00179003,112
S00179004,68
S00179005,333
S00179006,123
S00179007,149
S00179008,66
S00179009,137
S00179010,99
S00179011,108
S00179012,111
S00179013,70
S00179014,90
S00179015,61
S00179016,207
S00179017,104
S00179018,122
S00179019,81
S00179020,96
S00179021,133
S00179022,80
S00179023,107
S00179024,84
S00179025,77
S00179026,85
S00179027,79
S00179028,110
S00179029,180
S00179030,98
S00179031,85
S00179032,96
S00179033,75
S00179034,87
S00179035,133
S00179036,76
S00179037,76
S00179038,91
S00179039,71
S00179040,137
S00179041,85
S00179042,57
S00179043,141
S00179044,87
S00179045,82
S00179046,77
S00179047,80
S00179048,80
S00179049,126
S00179050,87
S00179051,80
S00179052,150
S00179053,120
S00179054,80
S00179055,79
S00179056,113
S00179057,80
S00179058,83
S00179059,118
S00179060,73
S00179061,115
S00179062,78
S00179063,88
S00179064,101
S00179065,99
S00179066,96
S00179067,82
S00179068,64
S00179069,108
S00179070,129
S00179071,81
S00179072,59
S00179073,113
S00179074,154
S00179075,70
S00179076,69
S00179077,111
S00179078,80
S00179079,110
S00179080,52
S00179081,120
S00179082,137
S00179083,74
S00179084,78
S00179085,121
S00179086,94
S00179087,95
S00179088,78
S00179089,108
S00179090,120
S00179091,110
S00179092,78
S00179093,79
S00179094,114
S00179095,134
S00179096,86
S00179097,90
S00179098,111
S00179099,72
S00179100,72
S00179101,84
S00179102,93
S00179103,67
S00179104,82
S00179105,130
S00179106,79
S00179107,101
S00179108,88
S00179109,91
S00179110,87
S00179111,144
S00179112,94
S00179113,138
S00179114,121
S00179115,80
S00179116,85
S00179117,109
S00179118,89
S00179119,116
S00179120,92
S00179121,112
S00179122,109
S00179123,87
S00179124,61
S00179125,136
S00179126,79
S00179127,53
S00179128,72
S00179129,98
S00179130,109
S00179131,142
S00179132,86
S00179133,56
S00179134,102
S00179135,74
S00179136,63
S00179137,76
S00179138,53
S00179139,83
S00179140,88
S00179141,57
S00179142,69
S00179143,125
S00179144,87
S00179145,89
S00179146,164
S00179147,91
S00179148,61
S00179149,101
S00179150,83
S00179151,75
S00179152,120
S00179153,116
S00179154,107
S00179155,99
S00179156,180
S00179157,82
S00179158,92
S00179159,89
S00179160,125
S00179161,73
S00179162,95
S00179163,106
S00179164,76
S00179165,131
S00179166,75
S00179167,73
S00179168,53
S00179169,72
S00179170,66
S00179171,85
S00179172,89
S00179173,141
S00179174,83
S00179175,157
S00179176,98
S00179177,96
S00179178,121
S00179179,96
S00179180,122
S00179181,73
S00179182,76
S00179183,96
S00179184,100
S00179185,50
S00179186,91
S00179187,51
S00179188,72
S00179189,88
S00179190,108
S00179191,59
S00179192,73
S00179193,65
S00179194,79
S00179195,78
S00179196,102
S00179197,108
S00179198,82
S00179199,86
S00179200,74
S00179201,95
S00179202,111
S00179203,79
S00179204,134
S00179205,104
S00179206,88
S00179207,95
S00179208,129
S00179209,130
S00179210,63
S00179211,169
S00179212,60
S00179213,141
S00179214,115
S00179215,119
S00179216,50
S00179217,103
S00179218,76
S00179219,100
S00179220,142
S00179221,102
S00179222,71
S00179223,58
S00179224,118
S00179225,192
S00179226,154
S00179227,101
S00179228,90
S00179229,92
S00179230,74
S00179231,101
S00179232,153
S00179233,106
S00179234,60
S00179235,90
S00179236,82
S00179237,61
S00179238,51
S00179239,69
S00179240,151
S00179241,73
S00179242,88
S00179243,94
S00179244,78
S00179245,125
S00179246,91
S00179247,117
S00179248,91
S00179249,93
S00179250,70
S00179251,93
S00179252,111
S00179253,67
S00179254,54
S00179255,103
S00179256,115
S00179257,107
S00179258,120
S00179259,65
S00179260,140
S00179261,136
S00179262,108
S00179263,99
S00179264,75
S00179265,128
S00179266,132
S00179267,51
S00179268,112
S00179269,87
S00179270,156
S00179271,95
S00179272,88
S00179273,165
S00179274,82
S00179275,147
S00179276,99
S00179277,105
S00179278,121
S00179279,111
S00179280,133
S00179281,85
S00179282,82
S00179283,123
S00179284,101
S00179285,141
S00179286,95
S00179287,91
S00179288,103
S00179289,101
S00179290,81
S00179291,100
S00179292,117
S00179293,77
S00179294,89
S00179295,116
S00179296,87
S00179297,112
S00179298,123
S00179299,72
S00179300,93
S00179301,130
S00179302,95
S00179303,109
S00179304,58
S00179305,78
S00179306,131
S00179307,120
S00179308,138
S00179309,111
S00179310,112
S00179311,71
S00179312,114
S00179313,50
S00179314,73
S00179315,94
S00179316,74
S00179317,96
S00179318,105
S00179319,65
S00179320,53
S00179321,63
S00179322,88
S00179323,56
S00179324,49
S00179325,133
S00179326,140
S00179327,105
S00179328,107
S00179329,55
S00179330,111
S00179331,121
S00179332,102
S00179333,104
S00179334,67
S00179335,77
S00179336,65
S00179337,94
S00179338,78
S00179339,92
S00179340,67
S00179341,82
S00179342,102
S00179343,63
S00179344,187
S00179345,97
S00179346,87
S00179347,96
S00179348,113
S00179349,137
S00179350,154
S00179351,117
S00179352,164
S00179353,99
S00179354,86
S00179355,71
S00179356,56
S00179357,107
S00179358,94
S00179359,156
S00179360,105
S00179361,75
S00179362,89
S00179363,106
S00179364,159
S00179365,127
S00179366,163
S00179367,147
S00179368,93
S00179369,75
S00179370,62
S00179371,136
S00179372,68
S00179373,115
S00179374,110
S00179375,96
S00179376,92
S00179377,96
S00179378,158
S00179379,121
S00179380,86
S00179381,98
S00179382,77
S00179383,139
S00179384,78
S00179385,98
S00179386,55
S00179387,74
S00179388,79
S00179389,100
S00179390,107
S00179391,108
S00179392,96
S00179393,61
S00179394,114
S00179395,146
S00179396,161
S00179397,89
S00179398,88
S00179399,73
S00179400,195
S00179401,87
S00179402,120
S00179403,59
S00179404,114
S00179405,70
S00179406,69
S00179407,63
S00179408,60
S00179409,116
S00179410,56
S00179411,74
S00179412,71
S00179413,84
S00179414,95
S00179415,97
S00179416,64
S00179417,58
S00179418,80
S00179419,50
S00179420,120
S00179421,57
S00179422,67
S00179423,117
S00179424,102
S00179425,73
S00179426,162
S00179427,77
S00179428,96
S00179429,51
S00179430,115
S00179431,83
S00179432,104
S00179433,69
S00179434,119
S00179435,90
S00179436,102
S00179437,75
S00179438,74
S00179439,55
S00179440,111
S00179441,143
S00179442,112
S00179443,76
S00179444,81
S00179445,96
S00179446,70
S00179447,62
S00179448,130
S00179449,94
S00179450,51
S00179451,61
S00179452,57
S00179453,88
S00179454,103
S00179455,94
S00179456,68
S00179457,65
S00179458,56
S00179459,148
S00179460,114
S00179461,71
S00179462,54
S00179463,65
S00179464,124
S00179465,79
S00179466,64
S00179467,148
S00179468,52
S00179469,71
S00179470,138
S00179471,59
S00179472,64
S00179473,108
S00179474,68
S00179475,100
S00179476,65
S00179477,53
S00179478,68
S00179479,59
S00179480,66
S00179481,104
S00179482,58
S00179483,107
S00179484,139
S00179485,139
S00179486,98
S00179487,76
S00179488,82
S00179489,106
S00179490,59
S00179491,121
S00179492,62
S00179493,104
S00179494,59
S00179495,125
S00179496,73
S00179497,76
S00179498,83
S00179499,71
S00179500,58
S00179501,107
S00179502,79
S00179503,50
S00179504,82
S00179505,117
S00179506,98
S00179507,75
S00179508,66
S00179509,98
S00179510,101
S00179511,76
S00179512,131
S00179513,105
S00179514,128
S00179515,67
S00179516,58
S00179517,83
S00179518,61
S00179519,112
S00179520,75
S00179521,104
S00179522,107
S00179523,91
S00179524,93
S00179525,80
S00179526,120
S00179527,83
S00179528,121
S00179529,113
S00179530,105
S00179531,90
S00179532,86
S00179533,117
S00179534,65
S00179535,61
S00179536,87
S00179537,104
S00179538,111
S00179539,87
S00179540,64
S00179541,59
S00179542,141
S00179543,95
S00179544,104
S00179545,105
S00179546,63
S00179547,79
S00179548,117
S00179549,101
S00179550,135
S00179551,69
S00179552,66
S00179553,107
S00179554,95
S00179555,90
S00179556,127
S00179557,70
S00179558,58
S00179559,85
S00179560,94
S00179561,62
S00179562,82
S00179563,76
S00179564,135
S00179565,70
S00179566,114
S00179567,53
S00179568,124
S00179569,154
S00179570,46
S00179571,54
S00179572,80
S00179573,127
S00179574,73
S00179575,84
S00179576,88
S00179577,79
S00179578,74
S00179579,96
S00179580,81
S00179581,123
S00179582,143
S00179583,159
S00179584,116
S00179585,144
S00179586,96
S00179587,115
S00179588,68
S00179589,70
S00179590,99
S00179591,95
S00179592,89
S00179593,119
S00179594,71
S00179595,114
S00179596,58
S00179597,92
S00179598,103
S00179599,64
S00179600,83
S00179601,117
S00179602,61
S00179603,106
S00179604,62
S00179605,50
S00179606,85
S00179607,55
S00179608,51
S00179609,88
S00179610,59
S00179611,99
S00179612,116
S00179613,104
S00179614,80
S00179615,60
S00179616,74
S00179617,90
S00179618,79
S00179619,83
S00179620,133
S00179621,66
S00179622,71
S00179623,69
S00179624,81
S00179625,130
S00179626,80
S00179627,118
S00179628,87
S00179629,81
S00179630,57
S00179631,147
S00179632,86
S00179633,113
S00179634,82
S00179635,155
S00179636,110
S00179637,136
S00179638,71
S00179639,134
S00179640,125
S00179641,65
S00179642,98
S00179643,147
S00179644,91
S00179645,62
S00179646,77
S00179647,62
S00179648,62
S00179649,97
S00179650,95
S00179651,99
S00179652,124
S00179653,113
S00179654,86
S00179655,87
S00179656,83
S00179657,87
S00179658,159
S00179659,98
S00179660,57
S00179661,102
S00179662,115
S00179663,97
S00179664,81
S00179665,62
S00179666,144
S00179667,84
S00179668,85
S00179669,131
S00179670,105
S00179671,130
S00179672,70
S00179673,130
S00179674,64
S00179675,63
S00179676,75
S00179677,84
S00179678,61
S00179679,84
S00179680,50
S00179681,57
S00179682,64
S00179683,92
S00179684,82
S00179685,94
S00179686,81
S00179687,64
S00179688,95
S00179689,58
S00179690,94
S00179691,89
S00179692,174
S00179693,59
S00179694,60
S00179695,130
S00179696,73
S00179697,85
S00179698,108
S00179699,85
S00179700,128
S00179701,122
S00179702,62
S00179703,132
S00179704,57
S00179705,134
S00179706,110
S00179707,82
S00179708,94
S00179709,81
S00179710,103
S00179711,86
S00179712,57
S00179713,107
S00179714,77
S00179715,84
S00179716,104
S00179717,58
S00179718,66
S00179719,73
S00179720,97
S00179721,65
S00179722,122
S00179723,55
S00179724,84
S00179725,83
S00179726,67
S00179727,78
S00179728,78
S00179729,86
S00179730,69
S00179731,61
S00179732,71
S00179733,107
S00179734,64
S00179735,93
S00179736,80
S00179737,135
S00179738,76
S00179739,63
S00179740,129
S00179741,81
S00179742,86
S00179743,114
S00179744,89
S00179745,102
S00179746,66
S00179747,76
S00179748,68
S00179749,158
S00179750,83
S00179751,102
S00179752,105
S00179753,96
S00179754,82
S00179755,73
S00179756,92
S00179757,65
S00179758,76
S00179759,67
S00179760,83
S00179761,75
S00179762,82
S00179763,103
S00179764,63
S00179765,103
S00179766,107
S00179767,86
S00179768,53
S00179769,99
S00179770,73
S00179771,87
S00179772,89
S00179773,111
S00179774,116
S00179775,128
S00179776,106
S00179777,66
S00179778,80
S00179779,79
S00179780,110
S00179781,90
S00179782,107
S00179783,99
S00179784,138
S00179785,91
S00179786,62
S00179787,115
S00179788,81
S00179789,93
S00179790,125
S00179791,135
S00179792,172
S00179793,70
S00179794,153
S00179795,147
S00179796,134
S00179797,101
S00179798,53
S00179799,70
S00179800,74
S00179801,67
S00179802,110
S00179803,113
S00179804,81
S00179805,86
S00179806,65
S00179807,77
S00179808,84
S00179809,63
S00179810,78
S00179811,120
S00179812,80
S00179813,139
S00179814,118
S00179815,143
S00179816,75
S00179817,113
S00179818,78
S00179819,85
S00179820,104
S00179821,96
S00179822,75
S00179823,55
S00179824,76
S00179825,81
S00179826,82
S00179827,65
S00179828,121
S00179829,78
S00179830,63
S00179831,143
S00179832,120
S00179833,66
S00179834,153
S00179835,68
S00179836,71
S00179837,82
S00179838,91
S00179839,97
S00179840,69
S00179841,115
S00179842,85
S00179843,72
S00179844,124
S00179845,66
S00179846,80
S00179847,88
S00179848,121
S00179849,79
S00179850,48
S00179851,133
S00179852,135
S00179853,63
S00179854,60
S00179855,79
S00179856,53
S00179857,110
S00179858,54
S00179859,86
S00179860,87
S00179861,83
S00179862,97
S00179863,106
S00179864,114
S00179865,109
S00179866,71
S00179867,63
S00179868,60
S00179869,104
S00179870,62
S00179871,73
S00179872,39
S00179873,89
S00179874,120
S00179875,54
S00179876,78
S00179877,89
S00179878,88
S00179879,108
S00179880,137
S00179881,95
S00179882,111
S00179883,59
S00179884,91
S00179885,75
S00179886,90
S00179887,44
S00179888,87
S00179889,101
S00179890,87
S00179891,82
S00179892,128
S00179893,59
S00179894,62
S00179895,131
S00179896,53
S00179897,107
S00179898,65
S00179899,70
S00179900,70
S00179901,94
S00179902,72
S00179903,73
S00179904,86
S00179905,69
S00179906,58
S00179907,75
S00179908,133
S00179909,92
S00179910,56
S00179911,202
S00179912,82
S00179913,115
S00179914,127
S00179915,78
S00179916,76
S00179917,72
S00179918,71
S00179919,75
S00179920,101
S00179921,77
S00179922,150
S00179923,75
S00179924,85
S00179925,143
S00179926,81
S00179927,52
S00179928,84
S00179929,81
S00179930,129
S00179931,116
S00179932,69
S00179933,68
S00179934,80
S00179935,70
S00179936,61
S00179937,152
S00179938,84
S00179939,80
S00179940,84
S00179941,62
S00179942,109
S00179943,67
S00179944,132
S00179945,58
S00179946,76
S00179947,133
S00179948,83
S00179949,97
S00179950,68
S00179951,74
S00179952,112
S00179953,69
S00179954,123
S00179955,68
S00179956,102
S00179957,113
S00179958,106
S00179959,105
S00179960,83
S00179961,82
S00179962,66
S00179963,108
S00179964,77
S00179965,102
S00179966,73
S00179967,87
S00179968,69
S00179969,72
S00179970,60
S00179971,91
S00179972,107
S00179973,98
S00179974,91
S00179975,86
S00179976,137
S00179977,114
S00179978,50
S00179979,82
S00179980,131
S00179981,50
S00179982,89
S00179983,102
S00179984,89
S00179985,97
S00179986,72
S00179987,83
S00179988,111
S00179989,132
S00179990,93
S00179991,96
S00179992,62
S00179993,72
S00179994,74
S00179995,107
S00179996,77
S00179997,81
S00179998,86
S00179999,114
S00180000,77
S00180001,106
S00180002,117
S00180003,113
S00180004,88
S00180005,123
S00180006,120
S00180007,125
S00180008,73
S00180009,66
S00180010,84
S00180011,132
S00180012,104
S00180013,84
S00180014,77
S00180015,94
S00180016,68
S00180017,103
S00180018,97
S00180019,86
S00180020,119
S00180021,128
S00180022,110
S00180023,99
S00180024,76
S00180025,65
S00180026,80
S00180027,90
S00180028,96
S00180029,69
S00180030,117
S00180031,74
S00180032,88
S00180033,56
S00180034,60
S00180035,91
S00180036,94
S00180037,68
S00180038,78
S00180039,88
S00180040,76
S00180041,91
S00180042,87
S00180043,79
S00180044,100
S00180045,82
S00180046,86
S00180047,94
S00180048,66
S00180049,56
S00180050,94
S00180051,71
S00180052,98
S00180053,76
S00180054,102
S00180055,69
S00180056,215
S00180057,86
S00180058,107
S00180059,80
S00180060,80
S00180061,109
S00180062,73
S00180063,84
S00180064,79
S00180065,65
S00180066,113
S00180067,69
S00180068,62
S00180069,93
S00180070,134
S00180071,68
S00180072,70
S00180073,86
S00180074,78
S00180075,59
S00180076,85
S00180077,112
S00180078,70
S00180079,119
S00180080,73
S00180081,95
S00180082,76
S00180083,87
S00180084,75
S00180085,85
S00180086,95
S00180087,114
S00180088,98
S00180089,99
S00180090,61
S00180091,53
S00180092,94
S00180093,80
S00180094,125
S00180095,61
S00180096,130
S00180097,89
S00180098,72
S00180099,79
S00180100,73
S00180101,76
S00180102,117
S00180103,61
S00180104,87
S00180105,84
S00180106,75
S00180107,62
S00180108,81
S00180109,153
S00180110,132
S00180111,89
S00180112,101
S00180113,59
S00180114,91
S00180115,67
S00180116,72
S00180117,49
S00180118,82
S00180119,138
S00180120,65
S00180121,122
S00180122,75
S00180123,107
S00180124,146
S00180125,102
S00180126,81
S00180127,51
S00180128,59
S00180129,50
S00180130,84
S00180131,87
S00180132,66
S00180133,146
S00180134,118
S00180135,53
S00180136,74
S00180137,85
S00180138,138
S00180139,73
S00180140,68
S00180141,87
S00180142,139
S00180143,130
S00180144,72
S00180145,121
S00180146,78
S00180147,81
S00180148,61
S00180149,107
S00180150,98
S00180151,91
S00180152,81
S00180153,60
S00180154,136
S00180155,118
S00180156,93
S00180157,66
S00180158,71
S00180159,128
S00180160,63
S00180161,146
S00180162,66
S00180163,95
S00180164,103
S00180165,55
S00180166,111
S00180167,94
S00180168,92
S00180169,81
S00180170,81
S00180171,70
S00180172,103
S00180173,94
S00180174,87
S00180175,64
S00180176,80
S00180177,85
S00180178,70
S00180179,59
S00180180,54
S00180181,64
S00180182,62
S00180183,78
S00180184,108
S00180185,111
S00180186,79
S00180187,66
S00180188,107
S00180189,110
S00180190,135
S00180191,136
S00180192,97
S00180193,82
S00180194,64
S00180195,72
S00180196,69
S00180197,60
S00180198,65
S00180199,150
S00180200,77
S00180201,110
S00180202,74
S00180203,133
S00180204,123
S00180205,95
S00180206,76
S00180207,104
S00180208,123
S00180209,109
S00180210,91
S00180211,152
S00180212,91
S00180213,143
S00180214,191
S00180215,68
S00180216,116
S00180217,87
S00180218,87
S00180219,102
S00180220,68
S00180221,86
S00180222,113
S00180223,81
S00180224,121
S00180225,64
S00180226,132
S00180227,128
S00180228,102
S00180229,130
S00180230,80
S00180231,114
S00180232,128
S00180233,54
S00180234,102
S00180235,128
S00180236,145
S00180237,161
S00180238,109
S00180239,94
S00180240,51
S00180241,78
S00180242,91
S00180243,60
S00180244,132
S00180245,88
S00180246,103
S00180247,65
S00180248,72
S00180249,108
S00180250,81
S00180251,96
S00180252,85
S00180253,98
S00180254,96
S00180255,91
S00180256,88
S00180257,73
S00180258,133
S00180259,63
S00180260,87
S00180261,153
S00180262,115
S00180263,105
S00180264,67
S00180265,90
S00180266,91
S00180267,86
S00180268,59
S00180269,121
S00180270,85
S00180271,108
S00180272,110
S00180273,105
S00180274,79
S00180275,82
S00180276,64
S00180277,72
S00180278,118
S00180279,113
S00180280,100
S00180281,129
S00180282,97
S00180283,96
S00180284,94
S00180285,92
S00180286,86
S00180287,116
S00180288,80
S00180289,111
S00180290,100
S00180291,87
S00180292,80
S00180293,131
S00180294,100
S00180295,99
S00180296,105
S00180297,100
S00180298,80
S00180299,109
S00180300,70
S00180301,85
S00180302,117
S00180303,94
S00180304,121
S00180305,77
S00180306,76
S00180307,57
S00180308,173
S00180309,135
S00180310,62
S00180311,95
S00180312,148
S00180313,58
S00180314,132
S00180315,51
S00180316,138
S00180317,49
S00180318,109
S00180319,68
S00180320,116
S00180321,79
S00180322,108
S00180323,69
S00180324,70
S00180325,73
S00180326,71
S00180327,124
S00180328,109
S00180329,127
S00180330,52
S00180331,102
S00180332,116
S00180333,81
S00180334,80
S00180335,133
S00180336,123
S00180337,91
S00180338,109
S00180339,91
S00180340,105
S00180341,64
S00180342,75
S00180343,121
S00180344,114
S00180345,90
S00180346,282
S00180347,104
S00180348,106
S00180349,83
S00180350,75
S00180351,116
S00180352,90
S00180353,89
S00180354,55
S00180355,89
S00180356,92
S00180357,66
S00180358,59
S00180359,72
S00180360,110
S00180361,132
S00180362,54
S00180363,55
S00180364,85
S00180365,66
S00180366,126
S00180367,102
S00180368,114
S00180369,122
S00180370,74
S00180371,97
S00180372,74
S00180373,145
S00180374,62
S00180375,67
S00180376,131
S00180377,132
S00180378,101
S00180379,168
S00180380,118
S00180381,52
S00180382,86
S00180383,85
S00180384,84
S00180385,73
S00180386,101
S00180387,80
S00180388,73
S00180389,132
S00180390,116
S00180391,62
S00180392,77
S00180393,116
S00180394,148
S00180395,94
S00180396,95
S00180397,81
S00180398,118
S00180399,115
S00180400,93
S00180401,83
S00180402,123
S00180403,98
S00180404,126
S00180405,74
S00180406,95
S00180407,88
S00180408,51
S00180409,80
S00180410,118
S00180411,58
S00180412,55
S00180413,96
S00180414,107
S00180415,109
S00180416,129
S00180417,121
S00180418,66
S00180419,69
S00180420,57
S00180421,84
S00180422,100
S00180423,110
S00180424,105
S00180425,74
S00180426,75
S00180427,167
S00180428,88
S00180429,132
S00180430,77
S00180431,97
S00180432,135
S00180433,70
S00180434,72
S00180435,79
S00180436,135
S00180437,155
S00180438,87
S00180439,93
S00180440,131
S00180441,87
S00180442,86
S00180443,52
S00180444,94
S00180445,116
S00180446,67
S00180447,99
S00180448,90
S00180449,60
S00180450,87
S00180451,59
S00180452,102
S00180453,71
S00180454,104
S00180455,74
S00180456,77
S00180457,96
S00180458,108
S00180459,105
S00180460,95
S00180461,112
S00180462,80
S00180463,76
S00180464,96
S00180465,156
S00180466,104
S00180467,77
S00180468,129
S00180469,98
S00180470,56
S00180471,82
S00180472,126
S00180473,89
S00180474,81
S00180475,102
S00180476,125
S00180477,101
S00180478,63
S00180479,85
S00180480,71
S00180481,130
S00180482,166
S00180483,92
S00180484,63
S00180485,52
S00180486,97
S00180487,120
S00180488,135
S00180489,179
S00180490,69
S00180491,163
S00180492,88
S00180493,152
S00180494,168
S00180495,57
S00180496,107
S00180497,55
S00180498,156
S00180499,89
S00180500,86
S00180501,95
S00180502,122
S00180503,71
S00180504,141
S00180505,89
S00180506,82
S00180507,81
S00180508,80
S00180509,87
S00180510,68
S00180511,130
S00180512,137
S00180513,81
S00180514,83
S00180515,99
S00180516,75
S00180517,148
S00180518,126
S00180519,114
S00180520,87
S00180521,62
S00180522,103
S00180523,123
S00180524,104
S00180525,149
S00180526,75
S00180527,84
S00180528,104
S00180529,107
S00180530,68
S00180531,111
S00180532,88
S00180533,68
S00180534,82
S00180535,61
S00180536,122
S00180537,126
S00180538,72
S00180539,150
S00180540,51
S00180541,112
S00180542,128
S00180543,144
S00180544,81
S00180545,74
S00180546,55
S00180547,138
S00180548,180
S00180549,106
S00180550,66
S00180551,61
S00180552,71
S00180553,83
S00180554,84
S00180555,63
S00180556,84
S00180557,139
S00180558,102
S00180559,61
S00180560,87
S00180561,94
S00180562,124
S00180563,110
S00180564,97
S00180565,108
S00180566,108
S00180567,167
S00180568,75
S00180569,125
S00180570,104
S00180571,81
S00180572,130
S00180573,88
S00180574,121
S00180575,114
S00180576,133
S00180577,136
S00180578,81
S00180579,130
S00180580,58
S00180581,113
S00180582,116
S00180583,94
S00180584,185
S00180585,71
S00180586,95
S00180587,67
S00180588,110
S00180589,115
S00180590,115
S00180591,115
S00180592,109
S00180593,83
S00180594,120
S00180595,94
S00180596,71
S00180597,99
S00180598,88
S00180599,85
S00180600,60
S00180601,133
S00180602,73
S00180603,131
S00180604,135
S00180605,94
S00180606,99
S00180607,92
S00180608,144
S00180609,123
S00180610,92
S00180611,82
S00180612,124
S00180613,81
S00180614,121
S00180615,71
S00180616,100
S00180617,93
S00180618,118
S00180619,111
S00180620,93
S00180621,152
S00180622,133
S00180623,130
S00180624,100
S00180625,98
S00180626,117
S00180627,132
S00180628,72
S00180629,118
S00180630,116
S00180631,106
S00180632,54
S00180633,55
S00180634,82
S00180635,104
S00180636,102
S00180637,76
S00180638,88
S00180639,71
S00180640,65
S00180641,95
S00180642,59
S00180643,90
S00180644,123
S00180645,102
S00180646,126
S00180647,127
S00180648,159
S00180649,57
S00180650,74
S00180651,62
S00180652,92
S00180653,110
S00180654,131
S00180655,63
S00180656,70
S00180657,70
S00180658,89
S00180659,113
S00180660,88
S00180661,79
S00180662,147
S00180663,81
S00180664,64
S00180665,142
S00180666,58
S00180667,114
S00180668,92
S00180669,84
S00180670,95
S00180671,78
S00180672,120
S00180673,109
S00180674,105
S00180675,88
S00180676,82
S00180677,82
S00180678,75
S00180679,116
S00180680,74
S00180681,56
S00180682,114
S00180683,83
S00180684,139
S00180685,189
S00180686,97
S00180687,120
S00180688,69
S00180689,110
S00180690,98
S00180691,104
S00180692,67
S00180693,106
S00180694,87
S00180695,124
S00180696,96
S00180697,71
S00180698,87
S00180699,143
S00180700,76
S00180701,105
S00180702,98
S00180703,144
S00180704,130
S00180705,97
S00180706,96
S00180707,107
S00180708,65
S00180709,85
S00180710,99
S00180711,97
S00180712,132
S00180713,64
S00180714,85
S00180715,98
S00180716,143
S00180717,127
S00180718,117
S00180719,99
S00180720,84
S00180721,91
S00180722,99
S00180723,70
S00180724,100
S00180725,79
S00180726,75
S00180727,104
S00180728,127
S00180729,89
S00180730,78
S00180731,71
S00180732,100
S00180733,117
S00180734,187
S00180735,155
S00180736,46
S00180737,110
S00180738,157
S00180739,159
S00180740,65
S00180741,54
S00180742,95
S00180743,85
S00180744,53
S00180745,58
S00180746,81
S00180747,103
S00180748,94
S00180749,123
S00180750,89
S00180751,73
S00180752,56
S00180753,110
S00180754,59
S00180755,98
S00180756,92
S00180757,67
S00180758,90
S00180759,121
S00180760,65
S00180761,150
S00180762,131
S00180763,116
S00180764,124
S00180765,78
S00180766,80
S00180767,86
S00180768,118
S00180769,71
S00180770,63
S00180771,116
S00180772,145
S00180773,72
S00180774,99
S00180775,99
S00180776,120
S00180777,93
S00180778,82
S00180779,159
S00180780,179
S00180781,172
S00180782,111
S00180783,103
S00180784,97
S00180785,72
S00180786,80
S00180787,52
S00180788,113
S00180789,114
S00180790,151
S00180791,54
S00180792,66
S00180793,134
S00180794,119
S00180795,102
S00180796,79
S00180797,101
S00180798,102
S00180799,142
S00180800,126
S00180801,103
S00180802,111
S00180803,68
S00180804,91
S00180805,84
S00180806,79
S00180807,82
S00180808,95
S00180809,138
S00180810,83
S00180811,79
S00180812,79
S00180813,195
S00180814,134
S00180815,71
S00180816,181
S00180817,79
S00180818,99
S00180819,103
S00180820,66
S00180821,112
S00180822,138
S00180823,60
S00180824,72
S00180825,57
S00180826,98
S00180827,73
S00180828,97
S00180829,51
S00180830,155
S00180831,172
S00180832,103
S00180833,72
S00180834,83
S00180835,91
S00180836,60
S00180837,74
S00180838,92
S00180839,99
S00180840,98
S00180841,90
S00180842,60
S00180843,138
S00180844,125
S00180845,93
S00180846,99
S00180847,58
S00180848,82
S00180849,121
S00180850,105
S00180851,90
S00180852,74
S00180853,107
S00180854,124
S00180855,86
S00180856,150
S00180857,122
S00180858,164
S00180859,79
S00180860,102
S00180861,165
S00180862,55
S00180863,93
S00180864,114
S00180865,56
S00180866,149
S00180867,112
S00180868,58
S00180869,91
S00180870,60
S00180871,74
S00180872,83
S00180873,65
S00180874,100
S00180875,66
S00180876,118
S00180877,94
S00180878,76
S00180879,107
S00180880,106
S00180881,134
S00180882,88
S00180883,126
S00180884,83
S00180885,129
S00180886,96
S00180887,99
S00180888,83
S00180889,120
S00180890,159
S00180891,120
S00180892,100
S00180893,88
S00180894,126
S00180895,114
S00180896,130
S00180897,71
S00180898,64
S00180899,141
S00180900,112
S00180901,62
S00180902,77
S00180903,163
S00180904,68
S00180905,107
S00180906,90
S00180907,144
S00180908,85
S00180909,109
S00180910,104
S00180911,102
S00180912,172
S00180913,95
S00180914,129
S00180915,98
S00180916,60
S00180917,111
S00180918,128
S00180919,137
S00180920,85
S00180921,74
S00180922,134
S00180923,77
S00180924,51
S00180925,127
S00180926,62
S00180927,134
S00180928,117
S00180929,113
S00180930,83
S00180931,101
S00180932,65
S00180933,93
S00180934,119
S00180935,91
S00180936,93
S00180937,90
S00180938,115
S00180939,114
S00180940,144
S00180941,53
S00180942,84
S00180943,78
S00180944,120
S00180945,72
S00180946,123
S00180947,115
S00180948,136
S00180949,162
S00180950,131
S00180951,97
S00180952,52
S00180953,79
S00180954,102
S00180955,119
S00180956,76
S00180957,78
S00180958,107
S00180959,142
S00180960,76
S00180961,58
S00180962,100
S00180963,107
S00180964,116
S00180965,78
S00180966,65
S00180967,139
S00180968,130
S00180969,100
S00180970,53
S00180971,120
S00180972,149
S00180973,85
S00180974,80
S00180975,94
S00180976,54
S00180977,160
S00180978,71
S00180979,91
S00180980,92
S00180981,62
S00180982,172
S00180983,123
S00180984,150
S00180985,69
S00180986,120
S00180987,61
S00180988,128
S00180989,131
S00180990,101
S00180991,99
S00180992,100
S00180993,108
S00180994,124
S00180995,111
S00180996,147
S00180997,118
S00180998,90
S00180999,90
S00181000,131
S00181001,170
S00181002,85
S00181003,147
S00181004,103
S00181005,114
S00181006,85
S00181007,77
S00181008,79
S00181009,71
S00181010,111
S00181011,92
S00181012,118
S00181013,85
S00181014,80
S00181015,113
S00181016,114
S00181017,78
S00181018,59
S00181019,55
S00181020,51
S00181021,58
S00181022,109
S00181023,118
S00181024,85
S00181025,68
S00181026,154
S00181027,99
S00181028,108
S00181029,113
S00181030,113
S00181031,115
S00181032,113
S00181033,70
S00181034,178
S00181035,125
S00181036,61
S00181037,101
S00181038,63
S00181039,123
S00181040,136
S00181041,154
S00181042,130
S00181043,72
S00181044,71
S00181045,109
S00181046,80
S00181047,157
S00181048,122
S00181049,77
S00181050,101
S00181051,100
S00181052,123
S00181053,87
S00181054,104
S00181055,64
S00181056,100
S00181057,74
S00181058,115
S00181059,99
S00181060,151
S00181061,53
S00181062,122
S00181063,109
S00181064,66
S00181065,85
S00181066,68
S00181067,96
S00181068,128
S00181069,123
S00181070,84
S00181071,105
S00181072,121
S00181073,92
S00181074,92
S00181075,117
S00181076,153
S00181077,104
S00181078,119
S00181079,68
S00181080,70
S00181081,138
S00181082,133
S00181083,90
S00181084,73
S00181085,92
S00181086,90
S00181087,98
S00181088,76
S00181089,105
S00181090,125
S00181091,81
S00181092,95
S00181093,113
S00181094,117
S00181095,92
S00181096,108
S00181097,109
S00181098,91
S00181099,111
S00181100,122
S00181101,54
S00181102,90
S00181103,131
S00181104,123
S00181105,142
S00181106,157
S00181107,63
S00181108,84
S00181109,119
S00181110,165
S00181111,103
S00181112,112
S00181113,70
S00181114,100
S00181115,90
S00181116,94
S00181117,140
S00181118,117
S00181119,85
S00181120,113
S00181121,132
S00181122,68
S00181123,143
S00181124,108
S00181125,110
S00181126,134
S00181127,153
S00181128,154
S00181129,76
S00181130,140
S00181131,189
S00181132,58
S00181133,139
S00181134,77
S00181135,92
S00181136,144
S00181137,123
S00181138,119
S00181139,106
S00181140,74
S00181141,99
S00181142,77
S00181143,118
S00181144,71
S00181145,64
S00181146,109
S00181147,120
S00181148,78
S00181149,82
S00181150,123
S00181151,65
S00181152,79
S00181153,70
S00181154,86
S00181155,79
S00181156,128
S00181157,108
S00181158,109
S00181159,85
S00181160,73
S00181161,80
S00181162,71
S00181163,105
S00181164,108
S00181165,97
S00181166,151
S00181167,126
S00181168,83
S00181169,129
S00181170,122
S00181171,133
S00181172,91
S00181173,89
S00181174,102
S00181175,120
S00181176,81
S00181177,68
S00181178,144
S00181179,127
S00181180,105
S00181181,115
S00181182,133
S00181183,101
S00181184,84
S00181185,73
S00181186,79
S00181187,65
S00181188,146
S00181189,78
S00181190,129
S00181191,54
S00181192,136
S00181193,91
S00181194,90
S00181195,96
S00181196,75
S00181197,116
S00181198,119
S00181199,68
S00181200,114
S00181201,186
S00181202,72
S00181203,121
S00181204,87
S00181205,151
S00181206,68
S00181207,58
S00181208,63
S00181209,72
S00181210,75
S00181211,77
S00181212,83
S00181213,135
S00181214,95
S00181215,95
S00181216,120
S00181217,84
S00181218,196
S00181219,73
S00181220,107
S00181221,103
S00181222,92
S00181223,90
S00181224,92
S00181225,132
S00181226,149
S00181227,86
S00181228,87
S00181229,97
S00181230,75
S00181231,107
S00181232,71
S00181233,69
S00181234,109
S00181235,95
S00181236,218
S00181237,90
S00181238,96
S00181239,91
S00181240,77
S00181241,77
S00181242,116
S00181243,86
S00181244,122
S00181245,142
S00181246,116
S00181247,92
S00181248,119
S00181249,104
S00181250,75
S00181251,97
S00181252,107
S00181253,112
S00181254,67
S00181255,128
S00181256,80
S00181257,118
S00181258,85
S00181259,102
S00181260,77
S00181261,98
S00181262,88
S00181263,73
S00181264,136
S00181265,114
S00181266,93
S00181267,135
S00181268,116
S00181269,101
S00181270,73
S00181271,60
S00181272,146
S00181273,126
S00181274,123
S00181275,202
S00181276,97
S00181277,103
S00181278,103
S00181279,75
S00181280,131
S00181281,72
S00181282,106
S00181283,156
S00181284,52
S00181285,145
S00181286,135
S00181287,107
S00181288,108
S00181289,58
S00181290,64
S00181291,126
S00181292,57
S00181293,91
S00181294,61
S00181295,122
S00181296,73
S00181297,70
S00181298,120
S00181299,169
S00181300,83
S00181301,75
S00181302,104
S00181303,72
S00181304,136
S00181305,95
S00181306,113
S00181307,102
S00181308,117
S00181309,113
S00181310,134
S00181311,76
S00181312,102
S00181313,104
S00181314,83
S00181315,94
S00181316,69
S00181317,123
S00181318,135
S00181319,95
S00181320,121
S00181321,83
S00181322,156
S00181323,114
S00181324,55
S00181325,84
S00181326,83
S00181327,73
S00181328,92
S00181329,74
S00181330,107
S00181331,124
S00181332,120
S00181333,110
S00181334,65
S00181335,79
S00181336,108
S00181337,129
S00181338,105
S00181339,118
S00181340,90
S00181341,118
S00181342,123
S00181343,126
S00181344,143
S00181345,92
S00181346,103
S00181347,85
S00181348,98
S00181349,58
S00181350,112
S00181351,97
S00181352,114
S00181353,67
S00181354,95
S00181355,197
S00181356,93
S00181357,123
S00181358,127
S00181359,89
S00181360,119
S00181361,60
S00181362,63
S00181363,123
S00181364,68
S00181365,94
S00181366,153
S00181367,99
S00181368,141
S00181369,66
S00181370,172
S00181371,145
S00181372,99
S00181373,118
S00181374,107
S00181375,79
S00181376,134
S00181377,127
S00181378,68
S00181379,109
S00181380,124
S00181381,180
S00181382,69
S00181383,95
S00181384,104
S00181385,91
S00181386,112
S00181387,89
S00181388,77
S00181389,137
S00181390,70
S00181391,74
S00181392,88
S00181393,127
S00181394,83
S00181395,129
S00181396,49
S00181397,61
S00181398,156
S00181399,86
S00181400,200
S00181401,62
S00181402,90
S00181403,126
S00181404,64
S00181405,87
S00181406,88
S00181407,64
S00181408,91
S00181409,132
S00181410,61
S00181411,130
S00181412,114
S00181413,78
S00181414,84
S00181415,640
S00181416,120
S00181417,80
S00181418,72
S00181419,74
S00181420,53
S00181421,133
S00181422,109
S00181423,107
S00181424,80
S00181425,75
S00181426,74
S00181427,110
S00181428,80
S00181429,84
S00181430,97
S00181431,120
S00181432,76
S00181433,178
S00181434,74
S00181435,110
S00181436,151
S00181437,130
S00181438,101
S00181439,155
S00181440,90
S00181441,93
S00181442,76
S00181443,97
S00181444,76
S00181445,116
S00181446,83
S00181447,102
S00181448,81
S00181449,135
S00181450,83
S00181451,91
S00181452,115
S00181453,165
S00181454,61
S00181455,161
S00181456,107
S00181457,100
S00181458,123
S00181459,106
S00181460,119
S00181461,76
S00181462,75
S00181463,122
S00181464,101
S00181465,76
S00181466,96
S00181467,75
S00181468,106
S00181469,131
S00181470,64
S00181471,45
S00181472,72
S00181473,62
S00181474,117
S00181475,80
S00181476,103
S00181477,99
S00181478,56
S00181479,107
S00181480,61
S00181481,114
S00181482,72
S00181483,96
S00181484,70
S00181485,62
S00181486,86
S00181487,75
S00181488,97
S00181489,116
S00181490,90
S00181491,74
S00181492,94
S00181493,98
S00181494,61
S00181495,75
S00181496,56
S00181497,110
S00181498,68
S00181499,75
S00181500,53
S00181501,127
S00181502,129
S00181503,51
S00181504,98
S00181505,76
S00181506,108
S00181507,74
S00181508,115
S00181509,83
S00181510,56
S00181511,73
S00181512,112
S00181513,64
S00181514,112
S00181515,133
S00181516,77
S00181517,47
S00181518,126
S00181519,61
S00181520,56
S00181521,90
S00181522,131
S00181523,52
S00181524,122
S00181525,115
S00181526,75
S00181527,128
S00181528,77
S00181529,123
S00181530,119
S00181531,58
S00181532,104
S00181533,107
S00181534,133
S00181535,126
S00181536,119
S00181537,86
S00181538,83
S00181539,69
S00181540,117
S00181541,58
S00181542,90
S00181543,116
S00181544,158
S00181545,104
S00181546,93
S00181547,105
S00181548,103
S00181549,128
S00181550,61
S00181551,107
S00181552,77
S00181553,127
S00181554,94
S00181555,113
S00181556,57
S00181557,78
S00181558,108
S00181559,125
S00181560,56
S00181561,90
S00181562,124
S00181563,112
S00181564,90
S00181565,58
S00181566,84
S00181567,66
S00181568,101
S00181569,119
S00181570,114
S00181571,107
S00181572,113
S00181573,61
S00181574,114
S00181575,71
S00181576,125
S00181577,68
S00181578,101
S00181579,56
S00181580,69
S00181581,111
S00181582,81
S00181583,67
S00181584,62
S00181585,49
S00181586,83
S00181587,67
S00181588,105
S00181589,101
S00181590,113
S00181591,70
S00181592,97
S00181593,87
S00181594,151
S00181595,64
S00181596,97
S00181597,120
S00181598,137
S00181599,64
S00181600,174
S00181601,82
S00181602,111
S00181603,133
S00181604,52
S00181605,183
S00181606,124
S00181607,100
S00181608,159
S00181609,154
S00181610,76
S00181611,127
S00181612,134
S00181613,97
S00181614,121
S00181615,104
S00181616,158
S00181617,78
S00181618,63
S00181619,94
S00181620,77
S00181621,124
S00181622,98
S00181623,96
S00181624,129
S00181625,74
S00181626,141
S00181627,52
S00181628,97
S00181629,122
S00181630,71
S00181631,113
S00181632,89
S00181633,56
S00181634,107
S00181635,79
S00181636,62
S00181637,123
S00181638,58
S00181639,159
S00181640,87
S00181641,58
S00181642,80
S00181643,113
S00181644,132
S00181645,105
S00181646,100
S00181647,76
S00181648,108
S00181649,97
S00181650,123
S00181651,128
S00181652,80
S00181653,85
S00181654,86
S00181655,87
S00181656,96
S00181657,84
S00181658,121
S00181659,69
S00181660,72
S00181661,165
S00181662,90
S00181663,98
S00181664,90
S00181665,71
S00181666,69
S00181667,94
S00181668,101
S00181669,93
