X,Y,OBJECTID,ALCOHOL_SALES,LICENCE_NO,PREMISES_REF,LICENCE_HOLDER,PREMISES_MANAGER,GRANTDATE,CHILDREN,COREDAYS,COREACTIVE,CAPACITY_ON,CAPACITY_OFF,MAP_EAST,MAP_NORTH,UPRN,DISTANCE,ADDRESS,LOG_STATUS,AREANAME,AREACODE,WARDNO,WARDNAME,INTERZONE
252268,662483,1,Off,GC0001,52 Beltrees Road Glasgow G53 5TF   ,Afaq Ahmed,Afaq Ahmed,2008/06/02 00:00:00+00,,Monday to,Premises ,,13.32,252268,662483,906700245055,,52 Beltrees Road Glasgow G53 5TF ,,Pollok,44,03,Greater Pollok,S02001849
254262.84,665031.08,2,On,GC0007,Drumoyne Bowling Club 9 Drumoyne Square Glasgow G51 4BG  ,Drumoyne Bowling Club,,2008/06/02 00:00:00+00,,Monday to,Premises ,75,,254262.84,665031.08,906700155961,,9 Drumoyne Square Glasgow G51 4BG ,,Greater Govan,1,05,Govan,S02001855
259384,665144,3,On & Off,GC0008,Poko Loko 69 Hutcheson Street Glasgow G1 1SH  ,Manorview Partnerships Limited,Stuart Douglas Kay,2008/06/02 00:00:00+00,,On Sales ,Premises ,75,5.3,259384,665144,906700056361,,69 Hutcheson Street Glasgow G1 1SH ,,City Centre / Merchant City,29,10,Anderston/City/Yorkhill,S02001932
257355,669457,4,Off,GC0010,Panesar Convenience Store 84 Cadder Road Glasgow G20 0SA  ,Manjit Singh Panesar,Manjit Singh Panesar,2008/06/02 00:00:00+00,,Monday to,Premises ,,11.61,257355,669457,906700020771,,84 Cadder Road Glasgow G20 0SA ,,North Maryhill / Summerston,36,15,Maryhill,S02001947
258390,665898,5,On & Off,GC0014,303 Sauchiehall Street Glasgow G2 3HQ   ,Chinatown Investments (303) Limited,Quinnan Desmond Lee,2008/06/02 00:00:00+00,,On Sales ,Premises ,88,0,258390,665898,906700095710,,299 Sauchiehall Street Glasgow G2 3HQ ,,City Centre / Merchant City,29,10,Anderston/City/Yorkhill,S02001933
263090,665128,6,Off,GC0017,Saleem Licensed Grocer 548 Carntyne Road Glasgow G32 6EU  ,Saleem Ahmed,Adeel Ahmed Khan,2008/06/02 00:00:00+00,,Monday to,Premises ,,26.8,263090,665128,906700138977,,552 Carntyne Road Glasgow G32 6EU ,,Haghill / Carntyne,13,18,East Centre,S02001929
259615,664098,7,Off,GC0018,Waddell Court Licensed Grocers 31-37 Waddell Court Gorbals Glasgow G5 0PW ,Waddell Court Limited,Aroon Kyani Adris,2008/06/02 00:00:00+00,,Monday to,Premises ,,20,259615,664098,906700308250,,31 Waddell Court Glasgow G5 0PW ,,Greater Gorbals,3,08,Southside Central,S02001889
258298,662564,8,On & Off,GC0021,The Bell Jar 21 Dixon Avenue Glasgow G42 8EB  ,Barlington House Limited,Sophie Diviney,2008/06/02 00:00:00+00,,On Sales ,Premises ,166,12.75,258298,662564,906700253223,,21 Dixon Avenue Glasgow G42 8EB ,,Govanhill,4,08,Southside Central,S02001868
257955,662741,9,On & Off,GC0024,Heraghty's Bar 708 Pollokshaws Road Glasgow G41 2AD  ,The Firm of Heraghty's Bar,Laurence Welch,2008/06/02 00:00:00+00,,On Sales ,Premises ,60,6.6,257955,662741,906700301403,,708 Pollokshaws Road Glasgow G41 2AD ,,Shawlands / Strathbungo,6,06,Pollokshields,S02001868
263505,665379,10,Off,GC0025,Caledonia Store 133 Abbeyhill Street Glasgow G32 6HR  ,Nadeem Afzal,Nadeem Afzal,2008/06/02 00:00:00+00,,Monday to,Premises ,,12.8,263505,665379,906700000315,,133 Abbeyhill Street Glasgow G32 6HR ,,Haghill / Carntyne,13,18,East Centre,S02001913
258596,664888,11,On,GC0036,Grosvenor Casino Glasgow Riverboat 61 Broomielaw Glasgow G1 4RJ  ,Grosvenor Casinos (GC) Limited,Mark McCluskey,2008/06/02 00:00:00+00,,Monday to,Premises ,1155,,258596,664888,906700018926,,Riverboat Casino 61 Broomielaw Glasgow G1 4RJ ,,City Centre / Merchant City,29,10,Anderston/City/Yorkhill,S02001934
258249,665925,12,On & Off,GC0037,Henglers Circus 351/363 Sauchiehall Street Glasgow G2 3HU  ,J D Wetherspoon (Scot) Limited,Kirsty Lynne Johnston,2008/06/02 00:00:00+00,,On Sales ,Premises ,694,17.4,258249,665925,906700096597,,351 Sauchiehall Street Glasgow G2 3HU ,,City Centre / Merchant City,29,10,Anderston/City/Yorkhill,S02001933
256973,661722,13,On & Off,GC0038,Sir John Stirling Maxwell 140 Kilmarnock Road Glasgow G41 3NN  ,CDLH Surveyors Limited,Ann Margaret Jennens,2008/06/02 00:00:00+00,,On Sales ,Premises ,660,10.8,256973,661722,906700286993,,142 Kilmarnock Road Glasgow G41 3NN ,,Shawlands / Strathbungo,6,06,Pollokshields,S02001870
259159,665399,14,On & Off,GC0039,The Counting House 2 St Vincent Place 24 George Square Glasgow G1 2DH ,J D Wetherspoon (Scot) Limited,Michael Murphy,2008/06/02 00:00:00+00,,On Sales ,Premises ,900,3.2,259159,665399,906700097856,,2 St Vincent Place Glasgow G1 2EU ,,City Centre / Merchant City,29,10,Anderston/City/Yorkhill,S02001934
255114,665829,15,Off,GC0040,Liquor Barn 899 Govan Road Glasgow G51 3DN  ,Manoj Marwaha,Elaine Gallacher,2008/06/02 00:00:00+00,,Monday to,Premises ,,30.5,255114,665829,906700164590,,899 Govan Road Glasgow G51 3DN ,,Greater Govan,1,05,Govan,S02001856
253344,663403,16,Off,GC0042,Cardonald Superstore 832 Mosspark Drive Glasgow G52 3DA  ,Purmjeet Kaur Singh,Purmjeet Kaur Singh,2008/06/02 00:00:00+00,,Monday to,Premises ,,15.7,253344,663403,906700203393,,834 Mosspark Drive Glasgow G52 3DA ,,Crookston /South Cardonald,51,04,Cardonald,S02001850
260545,667708,17,On & Off,GC0056,Bell's Bar 143 Springburn Way Glasgow G21 1DT  ,James Thomson Walker,James Thomson Walker,2008/06/02 00:00:00+00,,On Sales ,Premises ,84,7.8,260545,667708,906700356021,,143 Springburn Way Glasgow G21 1DT ,,Springburn,24,17,Springburn/Robroyston,S02001922
259102,667773,18,Off,GC0058,170 Saracen Street Glasgow G22 5EP   ,One-O-One Convenience Stores Limited,Lorraine Shaw,2008/06/02 00:00:00+00,,Monday to,Premises ,,22,259102,667773,906700095905,,170 Saracen Street Glasgow G22 5EP ,,Ruchill / Possilpark,38,16,Canal,S02001924
267110,665130,19,Off,GC0059,One O One Convenience Store 38 Wardie Road Glasgow G33 4PD  ,One-O-One Convenience Stores Limited,Robyn Granger,2008/06/02 00:00:00+00,,Monday to,Premises ,,11,267110,665130,906700227135,,38 Wardie Road Glasgow G33 4PD ,,Springboig / Barlanark,41,20,Baillieston,S02001908
261410,665010,20,Off,GC0060,446 Duke Street Glasgow G31 1QL   ,One-O-One Convenience Stores Limited,Lyndsey Joanne Geddes,2008/06/03 00:00:00+00,,Monday to,Premises ,,31.68,261410,665010,906700155772,,446 Duke Street Glasgow G31 1QL ,,Calton / Bridgeton,28,09,Calton,S02001929
259273,662495,21,Off,GC0061,453 Aikenhead Road Glasgow G42 0PR   ,One-O-One Convenience Stores Limited,Nicola Kirkpatrick,2008/06/03 00:00:00+00,,Monday to,Premises ,,26,259273,662495,906700228315,,457 Aikenhead Road Glasgow G42 0PR ,,Toryglen,5,07,Langside,S02001866
252651,662926,22,Off,GC0063,60 Lyoncross Road Glasgow G53 5UW   ,One-O-One Convenience Stores Limited,Marie Madden,2008/06/03 00:00:00+00,,Monday to,Premises ,,19.8,252651,662926,906700297465,,60 Lyoncross Road Glasgow G53 5UW ,,Corkerhill / North Pollok,50,04,Cardonald,S02001849
259978,669318,23,Off,GC0064,ONE O ONE 65 Liddesdale Square Glasgow G22 7BT  ,One-O-One Convenience Stores Limited,Paul McLauchlan,2008/06/03 00:00:00+00,,Monday to,Premises ,,21.73,259978,669318,906700384037,,65 Liddesdale Square Glasgow G22 7BT ,,Lambhill / Milton,35,16,Canal,S02001944
256790,669782,24,Off,GC0077,Asda Store 20 Rothes Drive Glasgow G23 5PZ  ,Asda Stores Limited,Andrew Joseph Claase,2008/06/03 00:00:00+00,,Monday to,Premises ,,172,256790,669782,906700098293,,20 Rothes Drive Glasgow G23 5EZ ,,North Maryhill / Summerston,36,15,Maryhill,S02001946
263331,668593,25,Off,GC0078,Asda Store 1 Monument Drive Robroyston Glasgow G33 1AD ,Asda Stores Limited,Gavin Penman,2008/06/03 00:00:00+00,,Monday to,Premises ,,135.8,263331,668593,906700339001,,Asda 1 Monument Drive Glasgow G33 1AD ,,Robroyston / Millerston,25,17,Springburn/Robroyston,S02001918
261172,665009,26,Off,GC0089,Liquor City 360 Duke Street Glasgow G31 1RE  ,Sunil Marwaha,Jacqueline White,2008/06/03 00:00:00+00,,Monday to,Premises ,,24.2,261172,665009,906700154089,,360 Duke Street Glasgow G31 1RE ,,Calton / Bridgeton,28,09,Calton,S02001931
264476,665317,27,Off,GC0099,Sidhu Off Sales 985 Carntyne Road Glasgow G32 6LY  ,Sanan & Anmol Ltd,Satinder Jit,2008/06/03 00:00:00+00,,Monday to,Premises ,,21,264476,665317,906700351612,,985 Carntyne Road Glasgow G32 6LY ,,Springboig / Barlanark,41,18,East Centre,S02001914
258129,666939,28,Off,GC0113,Lidl Great Britain Limited 2 Hopehill Road Glasgow G20 7JN  ,Lidl Great Britain Limited,Stuart MacKenzie,2008/06/03 00:00:00+00,,Monday to,Premises ,,65.6,258129,666939,906700324133,,2 Hopehill Road Glasgow G20 7JN ,,Hillhead / Woodlands,30,11,Hillhead,S02001939
260481,666854,29,Off,GC0115,Lidl Great Britain Limited 2 Cobden Road Glasgow G21 1SE  ,Lidl Great Britain Limited,Margaret Munro,2008/06/03 00:00:00+00,,Monday to,Premises ,,60.9,260481,666854,906700353770,,2 Cobden Road Glasgow G21 1YL ,,Sighthill / Roystonhill / Germiston,23,22,Dennistoun,S02001924
252128,660276,30,On & Off,GC0117,The 1478 Social Club 11 Dove Street Glasgow G53 7BS  ,The 1478 Social Club,,2008/06/09 00:00:00+00,,On Sales ,Premises ,120,0,252128,660276,906700382011,,11 Dove Street Glasgow G53 7BS ,,Priesthill / Househillwood,45,03,Greater Pollok,S02001845
258379,664538,31,On & Off,GC0119,Lord Nelson 123 Nelson Street Glasgow G5 8DZ  ,Westkirk Limited,George Watt,2008/06/09 00:00:00+00,,On Sales ,Premises ,42,3.4,258379,664538,906700193850,,123 Nelson Street Tradeston Glasgow G5 8DZ ,,Ibrox / Kingston,2,05,Govan,S02001890
255299,666674,32,On & Off,GC0120,Ardery Street Masonic Halls Club 9 Ardery Street Partick Glasgow G11 7SX ,Ardery Street Masonic Halls Club,,2008/06/09 00:00:00+00,,On Sales ,Premises ,120,6.5,255299,666674,906700004945,,9 Ardery Street Glasgow G11 7SX ,,Broomhill / Partick West,33,12,Victoria Park,S02001954
258179,661568,33,On & Off,GC0121,Armstrongs 136 Battlefield Road Battlefield Glasgow G42 9JT ,Greene King Retailing Ltd,Jacqueline Waddell,2008/06/09 00:00:00+00,,On Sales ,Premises ,342,12,258179,661568,906700237460,,136 Battlefield Road Glasgow G42 9JT ,,Langside / Battlefield,7,07,Langside,S02001867
258660,665699,34,On & Off,GC0122,Grilled by Ajay Kumar 142 West Regent Street Glasgow G2 2RQ  ,Kailash Ltd,Jaspreet Kaur Kumar,2008/06/09 00:00:00+00,,On Sales ,Premises ,144,6.8,258660,665699,906700120494,,142 West Regent Street Glasgow G2 2RQ ,,City Centre / Merchant City,29,10,Anderston/City/Yorkhill,S02001934
258025,666276,35,On & Off,GC0123,Camerons 129 St Georges Road Glasgow G3 6JA  ,Hawthorn Leisure Scotco Limited,David Dennett ,2008/06/09 00:00:00+00,,On Sales ,Premises ,128,9.4,258025,666276,906700103152,,129 St Georges Road Glasgow G3 6JA ,,Hillhead / Woodlands,30,11,Hillhead,S02001937
257162,665878,36,On & Off,GC0126,Grove 8 Kelvingrove Street Glasgow G3 7RX  ,Greene King Retailing Ltd,Donna Marie Downey,2008/06/09 00:00:00+00,,On Sales ,Premises ,60,10,257162,665878,906700064579,,8 Kelvingrove Street Glasgow G3 7RX ,,Yorkhill / Anderston,31,10,Anderston/City/Yorkhill,S02001935
259399,661554,37,On & Off,GC0127,Montford House Montford House 23-27 Curtis Avenue Kings Park Glasgow G44 4QD,RB Property (Scotland) Ltd,,2008/06/09 00:00:00+00,,On Sales ,Premises ,679,19,259399,661554,906700248219,,The Montford Bar 23 Curtis Avenue Glasgow G44 4QD ,,King's Park / Mount Florida,8,07,Langside,S02001885
259789,663794,38,On & Off,GC0128,Pig & Whistle 68 McNeil Street Glasgow G5 0NH  ,Hawthorn Leisure Scotco Limited,Caroline Taylor,2008/06/09 00:00:00+00,,On Sales ,Premises ,180,24,259789,663794,906700363815,,68 Mcneil Street Glasgow G5 0NH ,,Greater Gorbals,3,08,Southside Central,S02001889
256791,661498,39,On & Off,GC0129,Quaich 52 Coustonholm Road Glasgow G43 1UF  ,Greene King Brewing & Retailing Limi,David Patrick Gray,2008/06/09 00:00:00+00,,On Sales ,Premises ,120,20,256791,661498,906700249122,,52 Coustonholm Road Glasgow G43 1UF ,,Shawlands / Strathbungo,6,06,Pollokshields,S02001873
258669,665027,40,On & Off,GC0130,Oswalds 42 Oswald Street Glasgow G1 4PL  ,Hawthorn Leisure Scotco Limited,Ashley Elizabeth Robertson,2008/06/09 00:00:00+00,,On Sales ,Premises ,130,16.4,258669,665027,906700362608,,42 Oswald Street Glasgow G1 4PL ,,City Centre / Merchant City,29,10,Anderston/City/Yorkhill,S02001934
258105,666790,41,On & Off,GC0131,Royalty Bar 144 Maryhill Road Glasgow G20 7QS  ,Hawthorn Leisure Scotco Limited,Robert Somerville,2008/06/09 00:00:00+00,,On Sales ,Premises ,135,18,258105,666790,906700080804,,144 Maryhill Road Glasgow G20 7QS ,,Hillhead / Woodlands,30,11,Hillhead,S02001938
257790.07,666365.27,42,On & Off,GC0135,The Arlington Bar 130 Woodlands Road Glasgow G3 6HB  ,Sky Blue Scotland Limited,Josef Angel Wilson,2008/06/09 00:00:00+00,,On Sales ,Premises ,60,4.2,257790.07,666365.27,906700120753,,130 Woodlands Road Glasgow G3 6HB ,,Hillhead / Woodlands,30,11,Hillhead,S02001937
257091,665879,43,On & Off,GC0137,Ben Nevis 1147 Argyle Street Glasgow G3 8TB  ,Fengrow Limited,Kenneth Stott,2008/06/09 00:00:00+00,,On Sales ,Premises ,105,4.2,257091,665879,906700384788,,1147 Argyle Street Glasgow G3 8TB ,,Yorkhill / Anderston,31,10,Anderston/City/Yorkhill,S02001936
257622.59,666583.74,44,On,GC0138,Dram 246 Woodlands Road Glasgow G3 6ND  ,Jacca Leisure Limited,Jacqueline Elaine Keith,2008/06/09 00:00:00+00,,Monday to,Premises ,310,23.4,257622.59,666583.74,906700122420,,246 Woodlands Road Glasgow G3 6ND ,,Hillhead / Woodlands,30,11,Hillhead,S02001937
257671,666916,45,On & Off,GC0141,The Lansdowne Bar 7A Lansdowne Crescent Glasgow G20 6NQ  ,Lansdowne Restaurant Limited,Amit Kumar Sharma,2008/06/09 00:00:00+00,,On Sales ,Premises ,218,31,257671,666916,906700079506,,7A Lansdowne Crescent Glasgow G20 6NQ ,,Hillhead / Woodlands,30,11,Hillhead,S02001939
257876,668388,46,Off,GC0145,295 Bilsland Drive Glasgow G20 9RF   ,Mayfield Licensed Grocers,Parvesh Kumar Marwaha,2008/06/09 00:00:00+00,,Monday to,Premises ,,13.2,257876,668388,906700014189,,295 Bilsland Drive Glasgow G20 9RF ,,Ruchill / Possilpark,38,16,Canal,S02001941
258677,666048,47,On & Off,GC0148,Jacksons 95 Cambridge Street Glasgow G3 6RU  ,Rosemount Bars Limited,Lee-Ann Kennedy,2008/06/09 00:00:00+00,,On Sales ,Premises ,195,17.9,258677,666048,906700021558,,95 Cambridge Street Glasgow G3 6RU ,,City Centre / Merchant City,29,10,Anderston/City/Yorkhill,S02001933
259234,665197,48,On & Off,GC0149,Thundercat Pub and Diner 86 Miller Street Glasgow G1 1DT  ,Stolly's Bar and Restaurant Limited,Ashley O'Brien,2008/06/09 00:00:00+00,,On Sales ,Premises ,150,14.4,259234,665197,906700085489,,86 Miller Street City Centre Glasgow G1 1DT ,,City Centre / Merchant City,29,10,Anderston/City/Yorkhill,S02001932
259150,664028,49,Off,GC0151,Co-Op 190 Crown Street Glasgow G5 9ZR  ,Co-operative Group Food Limited,Francis Gerard Grant,2008/06/09 00:00:00+00,,Monday to,Premises ,,61.615,259150,664028,906700248145,,190 Crown Street Gorbals Glasgow G5 9ZR ,,Greater Gorbals,3,08,Southside Central,S02001890
257938,662726,50,On & Off,GC0152,Allison Arms 722 Pollokshaws Road Glasgow G41 2AD  ,Suburban Taverns Limited,Ryan Murray,2008/06/09 00:00:00+00,,On Sales ,Premises ,162,10,257938,662726,906700289309,,722 Pollokshaws Road Glasgow G41 2AD ,,Shawlands / Strathbungo,6,06,Pollokshields,S02001868
258361,662673,51,On & Off,GC0153,Ryan's Bar 165 Allison Street Glasgow G42 8RX  ,Suburban Taverns Limited,Laurene Craig,2008/06/09 00:00:00+00,,On Sales ,Premises ,60,7,258361,662673,906700237784,,165 Allison Street Glasgow G42 8RX ,,Govanhill,4,08,Southside Central,S02001865
254805,665307,52,On & Off,GC0155,Tall Cranes 10/12 Craigton Road Glasgow G51 3TB  ,The Wee Cranes Ltd,Rose Hood,2008/06/09 00:00:00+00,,On Sales ,Premises ,214,17,254805,665307,906700159812,,12 Craigton Road Glasgow G51 3TB ,,Greater Govan,1,05,Govan,S02001856
263867,665892,53,Off,GC0156,One O One 4 Ruchazie Place Glasgow G33 3HA  ,One-O-One Convenience Stores Limited,KerryAnne Baxter,2008/06/09 00:00:00+00,,Monday to,Premises ,,28.9,263867,665892,906700207499,,4 Ruchazie Place Glasgow G33 3HA ,,Riddrie / Cranhill,11,18,East Centre,S02001914
258891,665170,54,On & Off,GC0157,Tingle Bar 33 Mitchell Street Glasgow G1 3LN  ,Big Short Limited,William Stephen Robert Pro,2008/06/09 00:00:00+00,,On Sales ,Premises ,163,4.6,258891,665170,906700087221,,33 Mitchell Street Glasgow G1 3LN ,,City Centre / Merchant City,29,10,Anderston/City/Yorkhill,S02001934
256354,667092,55,On,GC0158,Willow Bank Bowling Club 36 Dowanside Road Glasgow G12 9DW  ,Willow Bank Bowling Club,,2008/06/09 00:00:00+00,,Monday to,Premises ,75,,256354,667092,906700032299,,36 Dowanside Road Glasgow G12 9DW ,,Hyndland / Dowanhill / Partick East,32,23,Partick East/Kelvindale,S02001952
257698,665753,56,On & Off,GC0160,Orwells 70 Elderslie Street Glasgow G3 7AL  ,IP Partnership Limited,Nicola Young,2008/06/09 00:00:00+00,,On Sales ,Premises ,60,10.3,257698,665753,906700051607,,70 Elderslie Street Glasgow G3 7AL ,,Yorkhill / Anderston,31,10,Anderston/City/Yorkhill,S02001935
256880,664516,57,On & Off,GC0165,Grapes Bar 218 Paisley Road West Glasgow G51 1BU  ,Om Par Limited,Sharon McKee,2008/06/09 00:00:00+00,,On Sales ,Premises ,60,3.7,256880,664516,906700389778,,218 Paisley Road West Glasgow G51 1BU ,,Ibrox / Kingston,2,05,Govan,S02001861
255133,665828,58,On & Off,GC0166,Harmony Bar 881 Govan Road Glasgow G51 3DN  ,FB Rattler Limited,Mandie Elizabeth Donaldson,2008/06/09 00:00:00+00,,On Sales ,Premises ,156,3.02,255133,665828,906700170881,,881 Govan Road Glasgow G51 3DN ,,Greater Govan,1,05,Govan,S02001856
260932,665009,59,On & Off,GC0168,Redmond's 304 Duke Street Glasgow G31 1RZ  ,IP Partnership Limited,David Kirkwood,2008/06/09 00:00:00+00,,On Sales ,Premises ,75,4.1,260932,665009,906700153169,,304 Duke Street Glasgow G31 1RZ ,,Calton / Bridgeton,28,09,Calton,S02001931
259355,665153,60,On,GC0013,The Steps Bar 62 Glassford Street Glasgow G1 1UP  ,Kevin Henderson,Lisa Marie Devlin,2008/06/10 00:00:00+00,,Monday to,Premises ,60,,259355,665153,906700042676,,62 Glassford Street Glasgow G1 1UP ,,City Centre / Merchant City,29,10,Anderston/City/Yorkhill,S02001932
257840,665870,61,On,GC0022,The Mitchell Complex 201 North Street Glasgow G3 7DN  ,Glasgow City Council,Lyndsey Dodwell,2008/06/10 00:00:00+00,,Monday to,Premises ,1010,,257840,665870,906700046861,,Mitchell Theatre 10 Granville Street Glasgow G3 7DR ,,Yorkhill / Anderston,31,10,Anderston/City/Yorkhill,S02001935
256004,666615,62,Off,GC0051,9 Hyndland Street Glasgow G11 5QE   ,J & D Matharu,Jaspreet Singh Matharu,2008/06/10 00:00:00+00,,Monday to,Premises ,,22.3,256004,666615,906700057294,,9 Hyndland Street Glasgow G11 5QE ,,Hyndland / Dowanhill / Partick East,32,23,Partick East/Kelvindale,S02001953
259214,667902,63,On & Off,GC0053,Possilpark Masonic Social Club 83//85 Bardowie Street Glasgow G22 5ET  ,Possilpark Masonic Social Club,,2008/06/10 00:00:00+00,,On Sales ,Premises ,150,5.13,259214,667902,906700009473,,83 Bardowie Street Glasgow G22 5ET ,,Ruchill / Possilpark,38,16,Canal,S02001924
254976,667201,64,Off,GC0069,Sanjay's Newsagents 252 Crow Road Glasgow G11 7LA  ,Partnership of Meenakshi & Sanjay Ma,Meenakshi Marwaha,2008/06/10 00:00:00+00,,Monday to,Premises ,,8.9,254976,667201,906700352909,,252 Crow Road Glasgow G11 7LA ,,Broomhill / Partick West,33,12,Victoria Park,S02001959
256168,666540,65,On,GC0144,Dolphin Bar 157 Dumbarton Road Glasgow G11 6PT  ,Suburban Taverns Limited,Hugh James Hattie,2008/06/10 00:00:00+00,,Monday to,Premises ,60,,256168,666540,906700038477,,157 Dumbarton Road Glasgow G11 6PT ,,Hyndland / Dowanhill / Partick East,32,23,Partick East/Kelvindale,S02001953
252554,668371,66,Off,GC0150,Tesco Store 728 Annieland Road Glasgow G14 0YU  ,PTLL Limited,Brian Hawkes,2008/06/10 00:00:00+00,,Monday to,Premises ,,86.12,252554,668371,906700003297,,728 Anniesland Road Glasgow G14 0YU ,,Yoker / Scotstoun,15,13,Garscadden/Scotstounhill,S02001963
259716,664839,67,On & Off,GC0171,McKinnons Bar 48-50 Gallowgate Glasgow G1 5AB  ,LSS Licence Holding Limited,Denise Ross,2008/06/10 00:00:00+00,,On Sales ,Premises ,133,9.7,259716,664839,906700166112,,48 Gallowgate Glasgow G1 5AB ,,Calton / Bridgeton,28,09,Calton,S02001891
258250,662544,68,Off,GC0172,Crosshill Off Sale 471 Victoria Road Glasgow G42 8RL  ,Mohammed Said,Zahed Javed,2008/06/10 00:00:00+00,,Monday to,Premises ,,25.4,258250,662544,906700311108,,471 Victoria Road Glasgow G42 8RL ,,Govanhill,4,08,Southside Central,S02001868
258210,666583,69,Off,GC0173,Shop Smart 295 St Georges Road Glasgow G3 6JQ  ,Zeeshan Mumtaz,Mandeep Saini,2008/06/10 00:00:00+00,,Monday to,Premises ,,9.4,258210,666583,906700097007,,295 St Georges Road Glasgow G3 6JQ ,,Hillhead / Woodlands,30,11,Hillhead,S02001938
264718,665800,70,Off,GC0175,Scotfresh 10/16 Lamlash Crescent Cranhill Glasgow G33 3LQ ,CJ Lang & Son Limited,Matthew Gilmour,2008/06/10 00:00:00+00,,Monday to,Premises ,,19.2,264718,665800,906700183461,,14 Lamlash Crescent Glasgow G33 3LQ ,,Riddrie / Cranhill,11,18,East Centre,S02001914
265188,664051,71,Off,GC0176,Day/Today DT 1585 Shettleston Road Glasgow G32 9AS  ,Robert Young,Robert Young,2008/06/10 00:00:00+00,,Monday to,Premises ,,17.8,265188,664051,906700210321,,1585 Shettleston Road Glasgow G32 9AS ,,Mount Vernon / East Shettleston,55,19,Shettleston,S02001910
259415,667152,72,On & Off,GC0178,The Pinkston Bar 480 Keppochhill Road Glasgow G21 1JE  ,Raymond McGuire,Raymond McGuire,2008/06/10 00:00:00+00,,On Sales ,Premises ,80,6.45,259415,667152,906700070466,,482 Keppochhill Road Glasgow G21 1JE ,,Ruchill / Possilpark,38,16,Canal,S02001924
258281,665906,73,On & Off,GC0186,State Bar 148 Holland Street Glasgow G2 4NG  ,Caledonian Heritable Limited,Agnes Lyons,2008/06/10 00:00:00+00,,On Sales ,Premises ,324,15.3,258281,665906,906700055478,,Public House 148A Holland Street Glasgow G2 4NG ,,City Centre / Merchant City,29,10,Anderston/City/Yorkhill,S02001933
267502,665898,74,On,GC0190,The Bridge Cafe The Bridge 1000 Westerhouse Road Glasgow G34 9JW ,GEAC Trading Limited,Mary Higgins,2008/06/10 00:00:00+00,,Monday to,Premises ,120,,267502,665898,906700409672,,The Bridge 1000 Westerhouse Road Glasgow G34 9JW ,,Easterhouse,16,21,North East,S02001906
252808,671739,75,Off,GC0191,114 Summerhill Road Glasgow G15 7JY   ,Hadies Ahmed,Sabir Ali Ahmed,2008/06/10 00:00:00+00,,Monday to,Premises ,,17.7,252808,671739,906700104140,,114 Summerhill Road Glasgow G15 7JY ,,Drumchapel,40,14,Drumchapel/Anniesland,S02001975
257166,668388,76,On,GC0192,Framptons 1236 Maryhill Road Glasgow G20 9BJ  ,One E11even Limited,Rosemary Breslin,2008/06/10 00:00:00+00,,Monday to,Premises ,426,,257166,668388,906700432220,,Flat 1/1 5 Ruchill Street Glasgow G20 9RJ ,,Maryhill Road Corridor,39,15,Maryhill,S02001941
251052,668878,77,On & Off,GC0193,Station Bar 2493/2499 Dumbarton Road Glasgow G14 0PR  ,James Watson Baker,James Watson Baker,2008/06/10 00:00:00+00,,On Sales ,Premises ,102,9.8,251052,668878,906700035046,,2493 Dumbarton Road Glasgow G14 0PR ,,Yoker / Scotstoun,15,13,Garscadden/Scotstounhill,S02001964
259557,665071,78,On & Off,GC0194,"Sano at the Square Unit C/D, 5 Bell street Glasgow G1 1NW  ",CDLH Surveyors Limited,Shona Louise Garrett,2008/06/10 00:00:00+00,,On Sales ,Premises ,229,6,259557,665071,906700358412,,5 Bell Street Glasgow G1 1NU ,,City Centre / Merchant City,29,10,Anderston/City/Yorkhill,S02001932
259360,665174,79,On & Off,GC0195,Blane Valley 76 Glassford Street Glasgow G1 1UP  ,Blane Valley Ltd,Jonathan Patrick Doyle,2008/06/10 00:00:00+00,,On Sales ,Premises ,120,4.4,259360,665174,906700043341,,76 Glassford Street Glasgow G1 1UP ,,City Centre / Merchant City,29,10,Anderston/City/Yorkhill,S02001932
259578,665063,80,On,GC0197,The Tap Yard 17 Bell Street Glasgow G1 1NU  ,CDLH Surveyors Limited,Matthew Rogers,2008/06/10 00:00:00+00,,Monday to,Premises ,178,25.26,259578,665063,906700358413,,17 Bell Street Glasgow G1 1NU ,,City Centre / Merchant City,29,10,Anderston/City/Yorkhill,S02001932
252045,663860,81,Off,GC0198,Pizza Mario 4 Crookston Road Glasgow G52 3QG  ,Firm of Pizza Mario,Rajbir Singh,2008/06/10 00:00:00+00,,Monday to,Premises ,,0.4,252045,663860,906700372686,,4 Crookston Road Glasgow G52 3QG ,,Crookston /South Cardonald,51,04,Cardonald,S02001852
254862,667356,82,Off,GC0199,300 Crow Road Glasgow G11 7HS   ,Mazhar Asghar,Yasmeen Asghar,2008/06/10 00:00:00+00,,Monday to,Premises ,,7.75,254862,667356,906700031976,,300 Crow Road Glasgow G11 7HS ,,Broomhill / Partick West,33,12,Victoria Park,S02001959
251435,668610,83,Off,GC0200,Money Savers 2314 Dumbarton Road Glasgow G14 0JS  ,Yasmeen Asghar,Mazhar Asghar,2008/06/10 00:00:00+00,,Monday to,Premises ,,7.2,251435,668610,906700038711,,2314 Dumbarton Road Glasgow G14 0JS ,,Yoker / Scotstoun,15,13,Garscadden/Scotstounhill,S02001964
255023,669301,84,On & Off,GC0201,Lock 27 1100 Crow Road and External area Glasgow G13 1XX  ,Greene King Brewing & Retailing Limi,Christopher Anderson,2008/06/10 00:00:00+00,,On Sales ,Premises ,226,15,255023,669301,906700037902,,1100 Crow Road Glasgow G13 1JT ,,Temple / Anniesland,18,14,Drumchapel/Anniesland,S02001970
257226,661993,85,Off,GC0202,Deli Zola 11 Skirving Street Glasgow G41 3AB  ,Georgina Taylor,Robin James MacKenzie Mort,2008/06/10 00:00:00+00,,Monday to,Premises ,30,7.04,257226,661993,906700290497,,11 Skirving Street Glasgow G41 3AB ,,Langside / Battlefield,7,07,Langside,S02001871
257635,664812,86,On,GC0203,Nando's 4 Springfield Quay Glasgow G5 8NP  ,Nando's Chickenland Ltd,Cheryl Marshall,2008/06/13 00:00:00+00,,Monday to,Premises ,174,,257635,664812,906700206164,,4 Springfield Quay Glasgow G5 8NP ,,Ibrox / Kingston,2,05,Govan,S02001890
257091,667170,87,On & Off,GC0204,The Belle 617 Great Western Road Glasgow G12 8HX  ,Popvintage Limited,Catriona Waldron,2008/06/13 00:00:00+00,,On Sales ,Premises ,60,8,257091,667170,906700057745,,617 Great Western Road Glasgow G12 8HX ,,Hillhead / Woodlands,30,11,Hillhead,S02001952
259042,665739,88,On,GC0205,Amalfi Pizzeria 148 West Nile Street Glasgow G1 2RQ  ,Lujo Properties Limited,Djaffar Tahenni,2008/06/13 00:00:00+00,,Monday to,Premises ,38,,259042,665739,906700118669,,148 West Nile Street Glasgow G1 2RQ ,,City Centre / Merchant City,29,10,Anderston/City/Yorkhill,S02001934
254364,665923,89,On,GC0211,The Reform Club 4/6 Cressy Street Glasgow G51 4RB  ,The Reform Club,,2008/06/13 00:00:00+00,,Monday to,Premises ,60,,254364,665923,906700163309,,6 Cressy Street Glasgow G51 4RB ,,Greater Govan,1,05,Govan,S02001856
255767,666600,90,On & Off,GC0212,Victoria Bar 336 Dumbarton Road Glasgow G11 6TG  ,Tiree Black House Limited,Patricia Bennett,2008/06/13 00:00:00+00,,On Sales ,Premises ,140,13.2,255767,666600,906700028953,,336 Dumbarton Road Glasgow G11 6TG ,,Hyndland / Dowanhill / Partick East,32,23,Partick East/Kelvindale,S02001955
258140,665957,91,On & Off,GC0213,Variety Bar 401 Sauchiehall Street Glasgow G2 3LG  ,Caledonian Heritable Limited,Gayle Copland,2008/06/13 00:00:00+00,,On Sales ,Premises ,118,17.8,258140,665957,906700096713,,401 Sauchiehall Street Glasgow G2 3LG ,,City Centre / Merchant City,29,10,Anderston/City/Yorkhill,S02001933
253748,667063,92,Off,GC0218,Basic Necessities 1235 Dumbarton Road Glasgow G14 9UT  ,Imaam Rashid,Sadia Imran,2008/06/13 00:00:00+00,,Monday to,Premises ,,19.6,253748,667063,906700029918,,1233 Dumbarton Road Glasgow G14 9UT ,,Anniesland / Jordanhill / Whiteinch,34,12,Victoria Park,S02001961
254066,663853,93,On & Off,GC0219,South Western Club 20 Corkerhill Gardens Glasgow G52 1SE  ,South Western Club,,2008/06/13 00:00:00+00,,On Sales ,Premises ,220,20.4,254066,663853,906700257960,,20 Corkerhill Gardens Glasgow G52 1SE ,,Crookston /South Cardonald,51,04,Cardonald,S02001850
259484,667111,94,On & Off,GC0220,Springpark Bar 439/441 Keppochhil Road Glassgow G21 1HY  ,Keppoch Property Holdings Ltd,Jacqueline Gibson,2008/06/13 00:00:00+00,,On Sales ,Premises ,75,0.5,259484,667111,906700328112,,439 Keppochhill Road Glasgow G21 1HY ,,Ruchill / Possilpark,38,16,Canal,S02001924
260704,666927,95,Off,GC0222,Costco 15 Cobden Road St Rollox Buisness Park Glasgow G21 2QA ,Costco Wholesale UK Limited,Margaret Mary Moffat,2008/06/13 00:00:00+00,,Monday to,Premises ,,420.7,260704,666927,906700144122,,15 Cobden Road Glasgow G21 1YX ,,Sighthill / Roystonhill / Germiston,23,22,Dennistoun,S02001924
257351,665761,96,On,GC0223,The Brass Monkey 1004 Argyle Street Glasgow G3 8LU  ,Trust Inns Limited,Andrew Iain McCulloch,2008/06/13 00:00:00+00,,Monday to,Premises ,110,11.9,257351,665761,906700007465,,1004 Argyle Street Glasgow G3 8LU ,,Yorkhill / Anderston,31,10,Anderston/City/Yorkhill,S02001935
259120,665511,97,On,GC0224,5/7 Dundas Street Glasgow G1 2AH   ,Aubrey Smith Leisure Limited,Ashley Sinclair,2008/06/13 00:00:00+00,,Monday to,Premises ,120,2.4,259120,665511,906700039392,,5 Dundas Street Glasgow G1 2AH ,,City Centre / Merchant City,29,10,Anderston/City/Yorkhill,S02001932
257212,668329,98,On,GC0225,The Viking Bar 1190 Maryhill Road Glasgow G20 9BA  ,Aubrey Smith Leisure Limited,Douglas Hamilton,2008/06/13 00:00:00+00,,Monday to,Premises ,195,,257212,668329,906700075588,,1190 Maryhill Road Glasgow G20 9BA ,,Maryhill Road Corridor,39,15,Maryhill,S02001941
256769,666080,99,On & Off,GC0227,Gloriosa 1323 Argyle Street Glasgow G3 8TL  ,Firebird Restaurant Limited,Rhianna Turnbull,2008/06/13 00:00:00+00,,On Sales ,Premises ,184,5.8,256769,666080,906700007145,,1323 Argyle Street Glasgow G3 8TL ,,Yorkhill / Anderston,31,10,Anderston/City/Yorkhill,S02001936
256798,666104,100,On,GC0231,Ashoka Finnieston 1284 Argyle Street Glasgow G3 8AB  ,Phase 9 Designers Limited,Vidhya Vibinkumar,2008/06/13 00:00:00+00,,Monday to,Premises ,56,6,256798,666104,906700006906,,1284 Argyle Street Glasgow G3 8AB ,,Yorkhill / Anderston,31,10,Anderston/City/Yorkhill,S02001936
256212,666555,101,Off,GC0237,Friendly Stores Limited 152 Dumbarton Road Glasgow G11 6XE  ,Nurah Retail Limited,Jaskooner Singh,2008/06/13 00:00:00+00,,Monday to,Premises ,,21.1,256212,666555,906700038468,,152 Dumbarton Road Glasgow G11 6XE ,,Hyndland / Dowanhill / Partick East,32,23,Partick East/Kelvindale,S02001953
259582,665025,102,On & Off,GC0241,Blackfriars Bar & External Area 36 Bell Street/45 Albion Street Glasgow G2 1LG  ,MPBB Group Limited,Graeme Moffat,2008/06/13 00:00:00+00,,On Sales ,Premises ,178,11,259582,665025,906700356817,,36 Bell Street Glasgow G1 1LG ,,City Centre / Merchant City,29,10,Anderston/City/Yorkhill,S02001932
259121,665352,103,On & Off,GC0242,The Auctioneers 6 North Court Glasgow G1 2DP  ,Mitchells & Butlers Retail Limited,Aimee McKenna,2008/06/13 00:00:00+00,,On Sales ,Premises ,296,3.1,259121,665352,906700088437,,Storey 1 6 North Court Glasgow G1 2DP ,,City Centre / Merchant City,29,10,Anderston/City/Yorkhill,S02001934
258885,665379,104,On & Off,GC0243,Horseshoe Bar 17 Drury Street Glasgow G2 5AE  ,Mitchells & Butlers Retail Ltd,Michael George Rogerson,2008/06/13 00:00:00+00,,On Sales ,Premises ,401,35.04,258885,665379,906700035849,,17 Drury Street Glasgow G2 5AE ,,City Centre / Merchant City,29,10,Anderston/City/Yorkhill,S02001934
259147,665344,105,On & Off,GC0244,Drouthy's 155/157 Queen Street Glasgow G1 3BJ  ,Greene King Retailing Ltd,Victoria Letitia Hastings ,2008/06/13 00:00:00+00,,On Sales ,Premises ,120,30,259147,665344,906700085333,,155 Queen Street Glasgow G1 3BJ ,,City Centre / Merchant City,29,10,Anderston/City/Yorkhill,S02001934
259600,665053,106,On & Off,GC0245,O'Neills 71 Albion Street Candleriggs Glasgow G1 1NY ,Mitchells & Butlers Retail Ltd,Daniel John Roe,2008/06/13 00:00:00+00,,On Sales ,Premises ,612,29.5,259600,665053,906700012704,,31 Bell Street Glasgow G1 1NU ,,City Centre / Merchant City,29,10,Anderston/City/Yorkhill,S02001932
267401,664641,107,On & Off,GC0246,Springcroft 1 Springcroft Drive Glasgow G69 6SF  ,Mitchells & Butlers Retail Ltd,Colin MacKay,2008/06/13 00:00:00+00,,On Sales ,Premises ,392,27,267401,664641,906700132160,,1 Springcroft Drive Glasgow G69 6SF ,,Baillieston / Garrowhill,42,20,Baillieston,S02001903
256501,666952,108,On & Off,GC0247,Tennents 191 Byres Road Glasgow G12 8TN  ,Mitchells & Butlers Retail Limited,Philip Robert Wilson,2008/06/13 00:00:00+00,,On Sales ,Premises ,325,,256501,666952,906700354668,,191 Byres Road Glasgow G12 8TN ,,Hyndland / Dowanhill / Partick East,32,23,Partick East/Kelvindale,S02001957
264516,663680,109,Off,GC0249,Sandyhills Licensed Grocers 364 Amulree Street Glasgow G32 7SJ  ,Mohammed Sarwar,Mohammed Sarwar,2008/06/13 00:00:00+00,,Monday to,Premises ,,8,264516,663680,906700125547,,364 Amulree Street Glasgow G32 7SJ ,,Tollcross / West Shettleston,56,19,Shettleston,S02001897
265954,663514,110,On,GC0250,Mount Vernon Bowling & Tennis Club 6 Central Grove Mount Vernon Glasgow G32 0SP ,Mount Vernon Bowling & Tennis Club,,2008/06/13 00:00:00+00,,Monday to,Premises ,430,,265954,663514,906700321187,,Flat 9 5 Central Grove Glasgow G32 0SP ,,Mount Vernon / East Shettleston,55,19,Shettleston,S02001899
258481,665791,111,On,GC0252,The Bunker 193 Bath Street Glasgow G2 4HU  ,Dawncrest Ltd,David Halliday,2008/06/13 00:00:00+00,,Monday to,Premises ,396,,258481,665791,906700009997,,Storey Basement 193 Bath Street Glasgow G2 4HU ,,City Centre / Merchant City,29,10,Anderston/City/Yorkhill,S02001934
259321,665146,112,On & Off,GC0254,House of Gods 61/65 Glassford Street Glasgow G1 1UG  ,BXTR 3 Limited,Thomas Martin-McGibbon,2008/06/13 00:00:00+00,,On Sales ,Premises ,328,15,259321,665146,906700042675,,61 Glassford Street Glasgow G1 1UG ,,City Centre / Merchant City,29,10,Anderston/City/Yorkhill,S02001932
259385,665509,113,Off,GC0349,Banquets & Harlequin Ltd 48A North Frederick Street Glasgow G1 2BS  ,Khalid Naeem Rashid,Peter Robert Haggerty,2008/06/13 00:00:00+00,,Monday to,Premises ,,1.7,259385,665509,906700090098,,48 North Frederick Street Glasgow G1 2BS ,,City Centre / Merchant City,29,10,Anderston/City/Yorkhill,S02001932
259640,665036,114,On & Off,GC0266,Connolly's Irish Bar 45-47 Bell Street Glasgow G1 1NX  ,Punav Ltd,Patrick McBride,2008/06/16 00:00:00+00,,On Sales ,Premises ,216,8.8,259640,665036,906700330759,,45 Bell Street Glasgow G1 1NX ,,City Centre / Merchant City,29,10,Anderston/City/Yorkhill,S02001932
255804,664258,115,On,GC0268,Rolls Royce Leisure Association Glasgow Social Club 1 Beech Avenue Dumbreck Glasgow G41 5DF ,Rolls Royce Leisure Association Glas,,2008/06/16 00:00:00+00,,Monday to,Premises ,300,,255804,664258,906700342005,,1 Beech Avenue Dumbreck Glasgow G41 5DF ,,Ibrox / Kingston,2,05,Govan,S02001862
263829,664200,116,On & Off,GC0270,The Palaceum Bar 10/16 Edrom Street Glasgow G32 7ND  ,Philip Storrie,Philip Storrie,2008/06/16 00:00:00+00,,On Sales ,Premises ,160,0.5,263829,664200,906700153470,,16 Edrom Street Glasgow G32 7DN ,,Tollcross / West Shettleston,56,19,Shettleston,S02001911
254780,661195,117,On & Off,GC0272,The Cowglen Golf Club Cowglen Golf Club 301 Barrhead Road Glasgow G43 1AU ,The Cowglen Golf Club,,2008/06/16 00:00:00+00,,On Sales ,Premises ,130,0,254780,661195,906700384164,,House Cowglen Golf Club 301 Barrhead Road Glasgow G43 1AU ,,Pollokshaws / Mansewood,47,02,Newlands/Auldburn,S02001873
259316,665122,118,Off,GC0275,Merchant City Post Office 59 Glassford Street Glasgow G1 1UG  ,Asim Baig,Mhairi Louise Murdoch,2008/06/16 00:00:00+00,,Monday to,Premises ,,8.6,259316,665122,906700042674,,59 Glassford Street Glasgow G1 1UG ,,City Centre / Merchant City,29,10,Anderston/City/Yorkhill,S02001932
257770,663355,119,Off,GC0277,206 Albert Drive Glasgow G41 2NJ   ,Ratshi Ltd,Ishtiaq Ahmed,2008/06/16 00:00:00+00,,Monday to,Premises ,,23.2,257770,663355,906700134033,,206 Albert Drive Glasgow G41 2NJ ,,Pollokshields East,54,06,Pollokshields,S02001864
255328,665773,120,On,GC0278,Brechin's Bar 803 Govan Road Glasgow G51 3DJ  ,Best Cellars (Scotland) Ltd,Audrey Ann Cardow,2008/06/16 00:00:00+00,,Monday to,Premises ,193,,255328,665773,906700169864,,803 Govan Road Glasgow G51 3DJ ,,Greater Govan,1,05,Govan,S02001859
252347,668549,121,On,GC0279,Royal British Legion Club 17 Cairntoul Drive Glasgow G14 0XT  ,Royal British Legion Club,,2008/06/16 00:00:00+00,,Monday to,Premises ,440,,252347,668549,906700017965,,10 Cairntoul Drive Glasgow G14 0XT ,,Knightswood,19,13,Garscadden/Scotstounhill,S02001963
252917,667713,122,On,GC0280,Neelim Restaurant 1590 Dumbarton Road Glasgow G14 9DB  ,Chapati Fast Foods,Tajinder Gill,2008/06/16 00:00:00+00,,Monday to,Premises ,60,,252917,667713,906700323795,,1590 Dumbarton Road Glasgow G14 9DB ,,Yoker / Scotstoun,15,13,Garscadden/Scotstounhill,S02001963
252441,668379,123,Off,GC0284,Iceland Foods Limited 776 Anniesland Road Glasgow G14 0YU  ,Iceland Foods Limited,Christopher Robert Wilson,2008/06/16 00:00:00+00,,Monday to,Premises ,,6,252441,668379,906700003411,,776A Anniesland Road Glasgow G14 0YU ,,Yoker / Scotstoun,15,13,Garscadden/Scotstounhill,S02001963
256365,669554,124,On & Off,GC0285,Maryhill Bowling Club 29 Duart Street Glasgow G20 0EG  ,The Maryhill Bowling Club,,2008/06/16 00:00:00+00,,On Sales ,Premises ,80,2.3,256365,669554,906700038429,,29 Duart Street Glasgow G20 0EG ,,North Maryhill / Summerston,36,15,Maryhill,S02001946
256774,667203,125,On & Off,GC0286,The Western Baths Club 12 Cranworth Street Glasgow G12 8BZ  ,The Western Baths Club,,2008/06/16 00:00:00+00,,Monday to,Premises ,300,0,256774,667203,906700036207,,12 Cranworth Street Glasgow G12 8BZ ,,Hillhead / Woodlands,30,11,Hillhead,S02001952
258739,662813,126,Off,GC0287,Naveed Licensed Grocers 464 Cathcart Road Glasgow G42 7BY  ,Nadim Mohammed,Nadim Mohammed,2008/06/16 00:00:00+00,,Monday to,Premises ,,16.77,258739,662813,906700343965,,464 Cathcart Road Glasgow G42 7BY ,,Govanhill,4,08,Southside Central,S02001865
255873,664764,127,On & Off,GC0295,111-119 Copland Road Glasgow G51 2SL   ,T L T Trading Limited,Alice Marshall,2008/06/16 00:00:00+00,,On Sales ,Premises ,439,1.63,255873,664764,906700157120,,111 Copland Road Glasgow G51 2SL ,,Ibrox / Kingston,2,05,Govan,S02001860
258658,661526,128,Off,GC0299,Spar 1090 Cathcart Road Glasgow G42 9XW  ,Tahir Hamid,Tahir Hamid,2008/06/16 00:00:00+00,,Monday to,Premises ,,29.2,258658,661526,906700389004,,1090 Cathcart Road Glasgow G42 9XW ,,King's Park / Mount Florida,8,07,Langside,S02001887
262471,664252,129,On,GC0300,The Anchor Bar 1401 Gallowgate Glasgow G31 4EX  ,Sheddinns Limited,Robert Mitchell,2008/06/16 00:00:00+00,,Monday to,Premises ,118,,262471,664252,906700165229,,1401 Gallowgate Glasgow G31 4EX ,,Parkhead / Dalmarnock,27,09,Calton,S02001894
261646,666332,130,On & Off,GC0301,Blochairn Bar 269 Blochairn Road Glasgow G21 2RL  ,Thomas Melville,Jacqueline Bryce,2008/06/16 00:00:00+00,,On Sales ,Premises ,115,0.5,261646,666332,906700148892,,269 Blochairn Road Glasgow G21 2RL ,,Sighthill / Roystonhill / Germiston,23,22,Dennistoun,S02001926
258689,661528,131,Off,GC0305,Keystore 1101 Cathcart Road Glasgow G42 9XP  ,Amir Iqbal,Amir Iqbal,2008/06/16 00:00:00+00,,Monday to,Premises ,,27.1,258689,661528,906700250227,,1099 Cathcart Road Glasgow G42 9XP ,,King's Park / Mount Florida,8,07,Langside,S02001887
258979,665869,132,On,GC0309,The Atholl Arms 134 Renfield Street Glasgow G2 3AU  ,Charles J McPherson Stewart,,2008/06/16 00:00:00+00,,Monday to,Premises ,140,13,258979,665869,906700088860,,The Atholl 30 Renfrew Street Glasgow G2 3BW ,,City Centre / Merchant City,29,10,Anderston/City/Yorkhill,S02001934
258144,665906,133,On & Off,GC0026,Sannio 61A Elmbank Street Glasgow G2 4PQ  ,Palermo Limited,Buke Soyusinmez,2008/06/17 00:00:00+00,,On Sales ,Premises ,58,0,258144,665906,906700052551,,Basement 61 Elmbank Street Glasgow G2 4PQ ,,City Centre / Merchant City,29,10,Anderston/City/Yorkhill,S02001933
256765,666308,134,On,GC0107,Kelvingrove Museum & Art Gallery 1 Kelvingrove Park Glasgow G3 8AG  ,Glasgow City Council,Colin Davidson,2008/06/17 00:00:00+00,,Monday to,Premises ,1170,,256765,666308,906700326315,,Kelvingrove Art Gallery 1 Kelvingrove Park Glasgow G3 8AG ,,Hillhead / Woodlands,30,11,Hillhead,S02001953
268162,665055,135,On & Off,GC0110,Bridge Inn 31/33 Easterhouse Road Glasgow G69 6BH  ,FB Rattler Limited,Kelly Louise McColl ,2008/06/17 00:00:00+00,,On Sales ,Premises ,171,2.8,268162,665055,906700159559,,31 Easterhouse Road Glasgow G69 6BH ,,Baillieston / Garrowhill,42,20,Baillieston,S02001903
254620.85,665398.75,136,On & Off,GC0226,Fairfield Working Men's Club 211 Crossloan Road Glasgow G51 3QD  ,Fairfield Working Men's Club,,2008/06/17 00:00:00+00,,On Sales ,Premises ,550,0,254620.85,665398.75,906700153813,,211 Crossloan Road Glasgow G51 3QD ,,Greater Govan,1,05,Govan,S02001856
257179,665966,137,On,GC0312,The Big Slope 36 Kelvingrove Street Glasgow G3 7RZ  ,Drinking Plus Limited,Kevan Cargill,2008/06/17 00:00:00+00,,Monday to,Premises ,102,,257179,665966,906700429796,,Storey Basement 36 Kelvingrove Street Glasgow G3 7RZ ,,Hillhead / Woodlands,30,10,Anderston/City/Yorkhill,S02001936
257179,665966,138,On,GC0314,Unalome by Graeme Cheevers 36 Kelvingrove Street Glasgow G3 7RZ  ,Ewan McDougall & Jacqueline McDougal,Cristina Cheevers,2008/06/17 00:00:00+00,,Monday to,Premises ,60,,257179,665966,906700429797,,Storey Ground 36 Kelvingrove Street Glasgow G3 7RZ ,,Hillhead / Woodlands,30,10,Anderston/City/Yorkhill,S02001936
259050,665267,139,On,GC0315,"Social / Haus 25, 27 and 27a Royal Exchange Square Glasgow G1 3JA  ",Scotsman Group plc,Alistair Scot Dawson,2008/06/17 00:00:00+00,,Monday to,Premises ,795,,259050,665267,906700102583,,27 Royal Exchange Square Glasgow G1 3AJ ,,City Centre / Merchant City,29,10,Anderston/City/Yorkhill,S02001934
258981,665889,140,On,GC0318,The Flying Duck 142 Renfield Street Glasgow G2 3AU  ,GL Glasgow Limited,Catriona Carol Clegg,2008/06/17 00:00:00+00,,Monday to,Premises ,384,,258981,665889,906700088737,,140 Renfield Street Glasgow G2 3AU ,,City Centre / Merchant City,29,10,Anderston/City/Yorkhill,S02001934
258868,666020,141,On,GC0319,Cafe Hula 321 Hope Street Glasgow G2 3PT  ,Namufab Ltd,Ying Quan,2008/06/17 00:00:00+00,,Monday to,Premises ,60,,258868,666020,906700054613,,321 Hope Street Glasgow G2 3PT ,,City Centre / Merchant City,29,10,Anderston/City/Yorkhill,S02001933
265212,664010,142,Off,GC0320,Usy'z Boozers 1640 Shettleston Road Glasgow G32 9AN  ,Zahida Munir,Mohammed Choudary,2008/06/17 00:00:00+00,,Monday to,Premises ,,14.4,265212,664010,906700386217,,1640 Shettleston Road Glasgow G32 9AN ,,Mount Vernon / East Shettleston,55,19,Shettleston,S02001910
258682,665219,143,On,GC0322,Artto Hotel 37/39 Hope Street Glasgow G2 6AE  ,Bars Holdings Limited,Brian Chaudhry,2008/06/17 00:00:00+00,,Monday to,Premises ,55,,258682,665219,906700064182,,Artto Hotel 37 Hope Street Glasgow G2 6AE ,,City Centre / Merchant City,29,10,Anderston/City/Yorkhill,S02001934
258834,664946,144,On & Off,GC0324,Imperial Bar 6 Howard Street Glasgow G1 4AZ  ,Hawthorn Leisure Scotco Limited,Karen Joyce,2008/06/17 00:00:00+00,,On Sales ,Premises ,60,6,258834,664946,906700059901,,6 Howard Street Glasgow G1 4AZ ,,City Centre / Merchant City,29,10,Anderston/City/Yorkhill,S02001934
257226,661993,145,Off,GC0326,Bochka 7/7A Skirving Street Glasgow G41 3AB  ,Shynok Limited,Eoghan Alasdair McCormack ,2008/06/17 00:00:00+00,,Monday to,Premises ,6,42.4,257226,661993,906700290487,,7 Skirving Street Glasgow G41 3AB ,,Langside / Battlefield,7,07,Langside,S02001871
258862,665990,146,On,GC0330,311 Hope Street Glasgow G2 3PT   ,Annie Lennox Kanushi,Annie Lennox Kanushi,2008/06/17 00:00:00+00,,Monday to,Premises ,142,0,258862,665990,906700054612,,311 Hope Street Glasgow G2 3PT ,,City Centre / Merchant City,29,10,Anderston/City/Yorkhill,S02001933
258780,665627,147,On & Off,GC0334,NYC 185 Hope Street Glasgow G2 2UL  ,Elmgulf Limited,James Thomas Bell,2008/06/17 00:00:00+00,,On Sales ,Premises ,135,15,258780,665627,906700053817,,185 Hope Street Glasgow G2 2UL ,,City Centre / Merchant City,29,10,Anderston/City/Yorkhill,S02001934
258780,665627,148,On,GC0335,Opium 191 Hope Street Glasgow G2 2UL  ,Liang Yu Company Limited,Chun Yu Trevor Lee,2008/06/17 00:00:00+00,,Monday to,Premises ,60,,258780,665627,906700053819,,191 Hope Street Glasgow G2 2UL ,,City Centre / Merchant City,29,10,Anderston/City/Yorkhill,S02001934
256476,667102,149,On & Off,GC0338,Di Maggio's 59/61 Ruthven Lane Glasgow G12 9BG  ,Di Maggio's Restaurants Limited,Marc Crichton,2008/06/17 00:00:00+00,,On Sales ,Premises ,75,0,256476,667102,906700082004,,61 Ruthven Lane Glasgow G12 9BG ,,Hyndland / Dowanhill / Partick East,32,23,Partick East/Kelvindale,S02001957
257518,664642,150,On & Off,GC0341,Quayside 466 Paisley Road Glasgow G5 8RE  ,Hawthorn Leisure Scotco Limited,John Black,2008/06/17 00:00:00+00,,On Sales ,Premises ,172,10.3,257518,664642,906700193373,,466 Paisley Road Glasgow G5 8RE ,,Ibrox / Kingston,2,05,Govan,S02001890
258339,665909,151,On,GC0344,Dannsa 323 Sauchiehall Street Glasgow G2 9HW  ,T. R. Properties Ltd,Linda Macisaac,2008/06/17 00:00:00+00,,Monday to,Premises ,192,8.2,258339,665909,906700424065,,Storey Basement 321 Sauchiehall Street Glasgow G2 3HW ,,City Centre / Merchant City,29,10,Anderston/City/Yorkhill,S02001933
257311,672747,152,On & Off,GC0346,Tickled Trout 878 Boclair Road Glasgow G62 6EP  ,Mitchells & Butlers Retail Limited,Hayley Henderson,2008/06/17 00:00:00+00,,On Sales ,Premises ,508,13.6,257311,672747,906700013240,,878 Boclair Road Glasgow G62 6EP ,,Lambhill / Milton,35,16,Canal,S02001945
260606,664087,153,On,GC0348,The Crimson Star 577 London Road Glasgow G40 1NE  ,Antonio Jaconelli,Antonio Jaconelli,2008/06/17 00:00:00+00,,Monday to,Premises ,153,,260606,664087,906700187922,,577 London Road Glasgow G40 1NE ,,Calton / Bridgeton,28,09,Calton,S02001894
259168,665066,154,On & Off,GC0350,Cairns Bar 5/15 Miller Street Glasgow G1 1EA  ,Greene King Brewing & Retailing Limi,,2008/06/17 00:00:00+00,,On Sales ,Premises ,164,3.2,259168,665066,906700321217,,5 Miller Street City Centre Glasgow G1 1EA ,,City Centre / Merchant City,29,10,Anderston/City/Yorkhill,S02001932
259751,665077,155,On,GC0351,Kentigern's 111 High Street Glasgow G1 1PH  ,Caledonian Heritable Limited,Luke James Skimins,2008/06/17 00:00:00+00,,Monday to,Premises ,60,8.2,259751,665077,906700350169,,111 High Street Glasgow G1 1PH ,,City Centre / Merchant City,29,10,Anderston/City/Yorkhill,S02001932
256089,666825,156,Off,GC0353,Absolute Roasters 70/72 Hyndland Street Glasgow G11 5PT  ,Grand Finish Properties Ltd,Luke Simon Tracey,2008/06/17 00:00:00+00,,Monday to,Premises ,30,2.8,256089,666825,906700058199,,72 Hyndland Street Glasgow G11 5PT ,,Hyndland / Dowanhill / Partick East,32,23,Partick East/Kelvindale,S02001953
258679,665202,157,On,GC0359,The Alpen Lodge 25A Hope Street Glasgow G2 6AB  ,Pauline Pirrie,Audrey Bowman,2008/06/17 00:00:00+00,,Monday to,Premises ,135,7.5,258679,665202,906700064172,,25A Hope Street Glasgow G2 6AB ,,City Centre / Merchant City,29,10,Anderston/City/Yorkhill,S02001934
258976,665309,158,On,GC0360,Bier Halle 9 Gordon Street Glasgow G1 3PL  ,Public Bier Halles Bars & Clubs Limi,Amanda Rachael Bates,2008/06/17 00:00:00+00,,Monday to,Premises ,196,0,258976,665309,906700322242,,9 Gordon Street Glasgow G1 3PL ,,City Centre / Merchant City,29,10,Anderston/City/Yorkhill,S02001934
257852,662691,159,On & Off,GC0363,Tabacs 17 Nithsdale Road Glasgow G41 2AL  ,ND 17 Ltd,Michael McKeen,2008/06/17 00:00:00+00,,On Sales ,Premises ,277,27.5,257852,662691,906700379687,,17 Nithsdale Road Glasgow G41 2AL ,,Shawlands / Strathbungo,6,06,Pollokshields,S02001868
258679,665202,160,On & Off,GC0365,La Ferti's 29 Hope Street Glasgow G2 6AE  ,Star Pubs Trading Limited ,Hugh Shankland,2008/06/17 00:00:00+00,,On Sales ,Premises ,60,1.1,258679,665202,906700064179,,29 Hope Street Glasgow G2 6AE ,,City Centre / Merchant City,29,10,Anderston/City/Yorkhill,S02001934
253199,669910,161,On & Off,GC0366,Lincoln Inn 2131 Great Western Road Glasgow G13 2XX  ,Spirit Pub Company (Leased) Limited,Denise Hay Taylor,2008/06/17 00:00:00+00,,On Sales ,Premises ,272,2.5,253199,669910,906700055902,,2131 Great Western Road Glasgow G13 2XX ,,Knightswood,19,13,Garscadden/Scotstounhill,S02001972
252943,662037,162,On & Off,GC0367,Brockburn 58 Brockburn Road Glasgow G53 5LB  ,Hawthorn Leisure Scotco Limited,Margaret Boyd Drennan,2008/06/17 00:00:00+00,,On Sales ,Premises ,292,1.7,252943,662037,906700236588,,Public House 58 Brockburn Road Glasgow G53 5LB ,,Pollok,44,03,Greater Pollok,S02001847
256017,666676,163,On & Off,GC0368,Partick Duck Club 27 Hyndland Street Glasgow G11 5QF  ,Makron Properties Limited,Greig Hutcheson,2008/06/17 00:00:00+00,,On Sales ,Premises ,50,9,256017,666676,906700057313,,27 Hyndland Street Glasgow G11 5QF ,,Hyndland / Dowanhill / Partick East,32,23,Partick East/Kelvindale,S02001953
258715,665201,164,On,GC0371,Reardons Central Snooker Club 22 Hope Street Glasgow G2 6AB  ,Reardons New City Limited,Chloe O'Donnell Watson,2008/06/17 00:00:00+00,,Monday to,Premises ,250,,258715,665201,906700064077,,22 Hope Street Glasgow G2 6AA ,,City Centre / Merchant City,29,10,Anderston/City/Yorkhill,S02001934
258751,665542,165,On,GC0372,Pulcinella 167 Hope Street Glasgow G2 2UQ  ,Salt Rock Investments Limited,Marco Franceschini,2008/06/17 00:00:00+00,,Monday to,Premises ,65,,258751,665542,906700053696,,167 Hope Street Glasgow G2 2UQ ,,City Centre / Merchant City,29,10,Anderston/City/Yorkhill,S02001934
255640,668083,166,On,GC0376,1051 GWR 1051 Great Western Road Glasgow G12 0XP  ,LSS Licence Holding Limited,David Kevin Maguire,2008/06/17 00:00:00+00,,Monday to,Premises ,202,,255640,668083,906700059402,,1051 Great Western Road Glasgow G12 0XP ,,Hyndland / Dowanhill / Partick East,32,23,Partick East/Kelvindale,S02001958
262523,664239,167,On & Off,GC0380,Thistle Tavern 1342 Duke Street Glasgow G31 5QG  ,Greene King Brewing & Retailing Limi,,2008/06/17 00:00:00+00,,On Sales ,Premises ,110,0.5,262523,664239,906700160311,,1346 Duke Street Glasgow G31 5QG ,,Parkhead / Dalmarnock,27,09,Calton,S02001894
259327,664676,168,On,GC0381,The Winds 123 Bridgegate Glasgow G1 5HY  ,Frank Bernard Gibson,Annemarie Gibson,2008/06/17 00:00:00+00,,Monday to,Premises ,60,,259327,664676,906700015627,,123 Bridgegate Glasgow G1 5HY ,,City Centre / Merchant City,29,10,Anderston/City/Yorkhill,S02001932
257484,666789,169,On,GC0382,The Shish Mahal Restaurant 60/68 Park Road Glasgow G4 9JF  ,TS191 Limited,Asif Ali,2008/06/17 00:00:00+00,,Monday to,Premises ,96,,257484,666789,906700362870,,68 Park Road Woodlands Glasgow G4 9JF ,,Hillhead / Woodlands,30,11,Hillhead,S02001937
256313,666826,170,Off,GC0383,Atwal Newsagents 18 Lawrence Street Glasgow G11 5HQ  ,Mohammed Naveed Ayub,Harveer Singh Padda,2008/06/17 00:00:00+00,,Monday to,Premises ,,6,256313,666826,906700079437,,18 Lawrence Street Glasgow G11 5HQ ,,Hyndland / Dowanhill / Partick East,32,23,Partick East/Kelvindale,S02001953
258345,665593,171,On & Off,GC0384,King Tuts Wah Wah Hut 272A St Vincent Street Glasgow G2 5RL  ,DF Concerts Limited,Scott Dorman,2008/06/17 00:00:00+00,,On Sales ,Premises ,450,3.2,258345,665593,906700097929,,272A St Vincent Street Glasgow G2 5RL ,,City Centre / Merchant City,29,10,Anderston/City/Yorkhill,S02001934
255737,664027,172,On,GC0019,Tradeston Ex-Servicemens Club 6 Beech Avenue Dumbreck Glasgow G41 5BY ,Tradeston Ex Servicemens Club,,2008/06/20 00:00:00+00,,Monday to,Premises ,430,,255737,664027,906700140809,,6 Beech Avenue Dumbreck Glasgow G41 5BY ,,Bellahouston / Craigton / Mosspark,52,06,Pollokshields,S02001862
252713,663878,173,Off,GC0136,Wallace's for Flowers 11 Forfar Avenue Glasgow G52 3JQ  ,Mark Calderwood,Dorothy Riddell,2008/06/20 00:00:00+00,,Monday to,Premises ,,5.4,252713,663878,906700175680,,Unit 4 11 Forfar Avenue Glasgow G52 3JQ ,,Crookston /South Cardonald,51,04,Cardonald,S02001852
260080,664696,174,On,GC0289,The Barrowland 254 Gallowgate Glasgow G4 0TS  ,Margaret McIver Limited,John Swift,2008/06/20 00:00:00+00,,Monday to,Premises ,2252,,260080,664696,906700380969,,Entertainment Centre Barrowlands 254 Gallowgate Glasgow G4 0TS ,,Calton / Bridgeton,28,09,Calton,S02001891
255865,667142,175,On,GC0325,1841 195 Hyndland Road Glasgow G12 9HT  ,Eighteen Forty One Ltd,Grant Dick,2008/06/20 00:00:00+00,,Monday to,Premises ,60,0,255865,667142,906700056525,,195 Hyndland Road Glasgow G12 9HT ,,Hyndland / Dowanhill / Partick East,32,23,Partick East/Kelvindale,S02001956
252686,663941,176,Off,GC0345,Aldi 2130 Paisley Road West Glasgow G52 3SQ  ,Aldi Stores Limited ,Paul Smedley,2008/06/20 00:00:00+00,,Monday to,Premises ,,46.26,252686,663941,906700199535,,2130 Paisley Road West Glasgow G52 3SQ ,,North Cardonald / Penilee,49,04,Cardonald,S02001852
252085,663830,177,Off,GC0373,Scotmid/Morning Noon & Night 7-9 Crookston Road Glasgow G52 3QE  ,Scottish Midland Co-operative Societ,Lynsey Smith,2008/06/20 00:00:00+00,,Monday to,Premises ,,29.7,252085,663830,906700164214,,9 Crookston Road Glasgow G52 3QE ,,Crookston /South Cardonald,51,04,Cardonald,S02001852
260962,663519,178,On,GC0385,Bridgeton Community Learning Campus 68 Dale Street Glasgow G40 4TL  ,Bridgeton Community Learning Campus ,Robert Murdoch,2008/06/20 00:00:00+00,,Monday to,Premises ,120,,260962,663519,906700156466,,Bridgeton Community Centre 68 Dale Street Glasgow G40 4TL ,,Calton / Bridgeton,28,09,Calton,S02001893
260447,665124,179,On & Off,GC0386,Ladywell Bar 139 Barrack Street Glasgow G4 0UE  ,Briege Kelly Galloway,Lee Galloway,2008/06/20 00:00:00+00,,On Sales ,Premises ,60,1.5,260447,665124,906700135509,,139 Barrack Street Glasgow G4 0UE ,,Calton / Bridgeton,28,09,Calton,S02001931
256263,669509,180,On & Off,GC0390,Rams Head 1971 Maryhill Road Glasgow G20 0BT  ,FB Rattler Limited,Craig Benjamin Jackson,2008/06/20 00:00:00+00,,On Sales ,Premises ,185,17.8,256263,669509,906700079188,,1969 Maryhill Road Glasgow G20 0BT ,,North Maryhill / Summerston,36,15,Maryhill,S02001970
259342,665317,181,On & Off,GC0395,Piper Whisky Bar 57 Cochrane Street Glasgow G1 1HL  ,Iona Pub Partnership (Scotland) Ltd,Colin Douglas,2008/06/20 00:00:00+00,,On Sales ,Premises ,255,11.14,259342,665317,906700028358,,Public House 55 Cochrane Street Glasgow G1 1HL ,,City Centre / Merchant City,29,10,Anderston/City/Yorkhill,S02001932
258170.85,665900.25,182,On,GC0396,Griffin 266 Bath Street Glasgow G2 4JP  ,Elmbank Lease Limited,,2008/06/20 00:00:00+00,,Monday to,Premises ,282,0,258170.85,665900.25,906700007878,,266 Bath Street Glasgow G2 4JP ,,City Centre / Merchant City,29,10,Anderston/City/Yorkhill,S02001933
256379,667596,183,On,GC0398,The Belhaven Hotel 15 Belhaven Terrace Glasgow G12 0TG  ,Avtar Holdings Limited,Baldeep Sandhu,2008/06/20 00:00:00+00,,Monday to,Premises ,32,,256379,667596,906700012564,,The Belhaven Hotel 15 Belhaven Terrace Glasgow G12 0TG ,,Hyndland / Dowanhill / Partick East,32,23,Partick East/Kelvindale,S02001957
261444,665006,184,On,GC0399,Alexandra Bar 468 Duke Street Glasgow G31 1QN  ,Yentr Limited,Diane Macartney,2008/06/20 00:00:00+00,,Monday to,Premises ,120,,261444,665006,906700156658,,470 Duke Street Glasgow G31 1QN ,,Calton / Bridgeton,28,09,Calton,S02001929
257983,662777,185,On & Off,GC0401,Kelly's 688 Pollokshaws Road Glasgow G41 2QB  ,Evelyn Sexton,Alexander Muncie,2008/06/20 00:00:00+00,,On Sales ,Premises ,120,11,257983,662777,906700389969,,688 Pollokshaws Road Glasgow G41 2QB ,,Shawlands / Strathbungo,6,06,Pollokshields,S02001868
253221,663876,186,On & Off,GC0404,Himalaya Tandoori Restaurant 1878B Paisley Road West Glasgow G52 3TN ,IQ Restaurants and Properties,Kalwinder Kaur Sanghera,2008/06/20 00:00:00+00,,On Sales ,Premises ,130,2.5,253221,663876,906700197746,,1878B Paisley Road West Glasgow G52 3TN ,,North Cardonald / Penilee,49,04,Cardonald,S02001850
255570,666572,187,On,GC0406,Deoch an Dorus 427 Dumbarton Road Glasgow G11 6DD  ,Om Par Limited,Jeannie Kelly,2008/06/20 00:00:00+00,,Monday to,Premises ,195,,255570,666572,906700031634,,427 Dumbarton Road Glasgow G11 6DD ,,Hyndland / Dowanhill / Partick East,32,23,Partick East/Kelvindale,S02001953
258680,664511,188,On & Off,GC0409,The Laurieston Bar 54 Bridge Street Glasgow G5 9HU  ,Bridge Build Limited,Nico A Liverani,2008/06/20 00:00:00+00,,On Sales ,Premises ,60,17.8,258680,664511,906700142984,,54 Bridge Street Glasgow G5 9HU ,,Ibrox / Kingston,2,05,Govan,S02001890
268134,664273,189,On,GC0410,Mataras Restaurant 50 Edinburgh Road Baillieston Glasgow G69 6DN ,Kamal Kumar Ram,Marie Wallace,2008/06/20 00:00:00+00,,Monday to,Premises ,244,,268134,664273,906700316760,,50 Edinburgh Road Baillieston Glasgow G69 6DN ,,Baillieston / Garrowhill,42,20,Baillieston,S02001903
264870,664150,190,On & Off,GC0411,Kirkhouse 1365 Shettleston Road Glasgow G32 9AT  ,Star Pubs Trading Limited,Sean Robert Ewing,2008/06/20 00:00:00+00,,On Sales ,Premises ,228,18.5,264870,664150,906700206112,,1365 Shettleston Road Glasgow G32 9AT ,,Mount Vernon / East Shettleston,55,19,Shettleston,S02001910
261387,668321,191,Off,GC0413,Sohal Licensed Grocers 6 Balornock Road Glasgow G21 3UH  ,Manjit Kaur Sohal,Manjit Kaur,2008/06/20 00:00:00+00,,Monday to,Premises ,,22.5,261387,668321,906700130930,,6 Balornock Road Glasgow G21 3UH ,,Balornock/ Barmulloch,26,17,Springburn/Robroyston,S02001922
258558,665416,192,On & Off,GC0415,Gost 77 Bothwell Street Glasgow G2 6TS  ,ML Investments Limited,Ewan Kenneth Angus,2008/06/20 00:00:00+00,,On Sales ,Premises ,135,6.6,258558,665416,906700424186,,77 Bothwell Street Glasgow G2 6TS ,,City Centre / Merchant City,29,10,Anderston/City/Yorkhill,S02001934
258106,665330,193,On,GC0416,Glasgow Marriott Hotel 500 Argyle Street Glasgow G3 8RR  ,Amante Capital Ltd,Robert Jan Kuczkowski,2008/06/20 00:00:00+00,,Monday to,Premises ,970,,258106,665330,906700004757,,Marriott Hotel 500 Argyle Street Glasgow G3 8RR ,,City Centre / Merchant City,29,10,Anderston/City/Yorkhill,S02001934
258035,665978,194,On & Off,GC0420,KickBack 457 Sauchiehall Street Glasgow G2 4JR  ,CDLH Surveyors Limited,Yalun Chu,2008/06/20 00:00:00+00,,On Sales ,Premises ,452,10,258035,665978,906700104346,,467 Sauchiehall Street Glasgow G2 3LG ,,City Centre / Merchant City,29,10,Anderston/City/Yorkhill,S02001933
265082,666765,195,Off,GC0422,Craigend Licensed Grocer 5 Mossvale Crescent Glasgow G33 5NZ  ,Sohail Khan,Qasim Sohail Khan,2008/06/20 00:00:00+00,,Monday to,Premises ,,10.3,265082,666765,906700205077,,5 Mossvale Crescent Glasgow G33 5NZ ,,Ruchazie / Garthamlock,17,21,North East,S02001915
257404,662241,196,On,GC0424,The Glad Cafe 1006A Pollokshaws Road Glasgow G41 2HG  ,The Glad Cafe C.I.C,Ben Thomson,2008/06/20 00:00:00+00,,Monday to,Premises ,120,,257404,662241,906700290072,,1006A Pollokshaws Road Glasgow G41 2HG ,,Shawlands / Strathbungo,6,06,Pollokshields,S02001870
264961,664447,197,On & Off,GC0428,Miller's Bar 7 Cramond Terrace Glasgow G32 0PE  ,Ann Margaret Watson,Ann Margaret Watson,2008/06/20 00:00:00+00,,On Sales ,Premises ,130,6.91,264961,664447,906700347654,,7 Cramond Terrace Glasgow G32 0PE ,,Springboig / Barlanark,41,18,East Centre,S02001910
256288,664455,198,On,GC0429,Kensington Bar 408 Paisley Road West Glasgow G51 1BE  ,Hawthorn Leisure Scotco Limited,Kirsty McDowall,2008/06/20 00:00:00+00,,Monday to,Premises ,106,4.01,256288,664455,906700201264,,410 Paisley Road West Glasgow G51 1BE ,,Ibrox / Kingston,2,05,Govan,S02001860
268108,663918,199,On,GC0434,Robert Burns Masonic Social Club 39 Church Street Baillieston Glasgow G69 7EU ,Robert Burns Masonic Social Club,,2008/06/20 00:00:00+00,,Monday to,Premises ,170,,268108,663918,906700358173,,47 Church Street Baillieston Glasgow G69 7EU ,,Baillieston / Garrowhill,42,20,Baillieston,S02001901
257901,662689,200,On & Off,GC0435,New Regent Bar 752 Pollokshaws Road Glasgow G41 2AE  ,Rosemount Inns Ltd,Irene Graham,2008/06/20 00:00:00+00,,On Sales ,Premises ,60,8.2,257901,662689,906700291691,,752 Pollokshaws Road Glasgow G41 2AE ,,Shawlands / Strathbungo,6,06,Pollokshields,S02001868
257811,662561,201,On,GC0437,Brodies 769/777 Pollokshaws Road Glasgow G42 1AX  ,Percy Fox & Co Limited,Joseph Adair,2008/06/20 00:00:00+00,,Monday to,Premises ,91,0,257811,662561,906700293462,,769 Pollokshaws Road Glasgow G41 2AX ,,Shawlands / Strathbungo,6,08,Southside Central,S02001868
259000,665337,202,On & Off,GC0440,TGI Friday's 113 Buchanan Street City Centre Glasgow G1 3HF ,Sugarloaf TGIF Operations Limited,Joanne Markham,2008/06/20 00:00:00+00,,On Sales ,Premises ,365,15.94,259000,665337,906700363165,,113 Buchanan Street City Centre Glasgow G1 3HF ,,City Centre / Merchant City,29,10,Anderston/City/Yorkhill,S02001934
257377,664635,203,On,GC0444,The Viceroy Bar 22 Paisley Road West Glasgow G51 1LB  ,PD Leisure (Scotland) Limited,Scott Derrick,2008/06/20 00:00:00+00,,Monday to,Premises ,60,,257377,664635,906700337758,,22 Paisley Road West Glasgow G51 1LB ,,Ibrox / Kingston,2,05,Govan,S02001861
258904,666072,204,On,GC0446,The Piping Centre 30/34 McPhater Street/ 3 Larbert Street Glasgow G4 0HW  ,The Piping Centre Trading Limited,Emily Nelson,2008/06/20 00:00:00+00,,Monday to,Premises ,382,9.6,258904,666072,906700079974,,Pipers Tryst Hotel 30 McPhater Street Glasgow G4 0HW ,,City Centre / Merchant City,29,10,Anderston/City/Yorkhill,S02001933
257427,664611,205,On,GC0447,The Old Toll Bar 1 Paisley Road West Glasgow G51 1LF  ,V2 Scotland Limited,Susan Brown,2008/06/20 00:00:00+00,,Monday to,Premises ,104,,257427,664611,906700194155,,1 Paisley Road West Glasgow G51 1LF ,,Ibrox / Kingston,2,05,Govan,S02001861
257844,662762,206,On,GC0448,Titwood Bar 52-58 Nithsdale Road Glasgow G41 2AN  ,Hawthorn Leisure Scotco Limited,Johanna Wardlow,2008/06/20 00:00:00+00,,Monday to,Premises ,224,,257844,662762,906700292580,,58 Nithsdale Road Glasgow G41 2AN ,,Shawlands / Strathbungo,6,06,Pollokshields,S02001868
257338,662168,207,On,GC0450,Paesano 1038/1040 Pollokshaws Road Glasgow G41 3EB  ,Enoteca Scotland Limited,Riccardo Forleo,2008/06/20 00:00:00+00,,Monday to,Premises ,75,,257338,662168,906700291858,,1040 Pollokshaws Road Glasgow G41 3EB ,,Shawlands / Strathbungo,6,06,Pollokshields,S02001870
259452,664853,208,On,GC0003,Avant Garde 34/44 King Street Glasgow G1 5QT  ,Ekaterina Tsveklova-Richardson,Darren Craig Brown,2008/06/23 00:00:00+00,,Monday to,Premises ,366,,259452,664853,906700076725,,36 King Street Glasgow G1 5QT ,,City Centre / Merchant City,29,10,Anderston/City/Yorkhill,S02001932
260023,664761,209,On & Off,GC0050,The Saracen Head 209 Gallowgate Glasgow G1 5DX  ,The Firm of Bonatti Bros,Michelle Stewart,2008/06/23 00:00:00+00,,On Sales ,Premises ,60,8.4,260023,664761,906700167016,,209 Gallowgate Glasgow G1 5DX ,,Calton / Bridgeton,28,09,Calton,S02001931
258039,661358,210,On,GC0072,The Q Club Southside 130 Ledard Road Glasgow G42 9RA  ,Corte Leisure Limited,Sanjey Sharma,2008/06/23 00:00:00+00,,Monday to,Premises ,165,,258039,661358,906700367940,,130 Ledard Road Glasgow G42 9RA ,,Langside / Battlefield,7,07,Langside,S02001867
262377,663979,211,Off,GC0075,Premier T/A Sidhu Licensed Grocer 802/804 Springfield Road Glasgow G31 4HL ,Sanam & Anmol Ltd,Chander Palli Shekhar,2008/06/23 00:00:00+00,,Monday to,Premises ,,12.1,262377,663979,906700215797,,804 Springfield Road Glasgow G31 4HL ,,Parkhead / Dalmarnock,27,09,Calton,S02001894
257231,662931,212,On,GC0118,Titwood Bowling Club 77 Glencairn Drive Glasgow G41 4PN  ,Titwood Bowling Club,,2008/06/23 00:00:00+00,,Monday to,Premises ,135,,257231,662931,906700170048,,Flat 0/1 75 Glencairn Drive Glasgow G41 4PS ,,Pollokshields West,53,06,Pollokshields,S02001869
252730,663896,213,On & Off,GC0164,Deli Bella Fresca 2093 Paisley Road West Glasgow G52 3JH  ,Cardonald Investment Limited,Maverik Chiarlitti,2008/06/23 00:00:00+00,,On and Of,Premises ,45,7.2,252730,663896,906700339550,,2093 Paisley Road West Glasgow G52 3JH ,,Crookston /South Cardonald,51,04,Cardonald,S02001852
258213,665936,214,On & Off,GC0181,Radio 375 Sauchiehall Street Glasgow G2 3HU  ,Morris Amusements Limited,Abbie Gunn,2008/06/23 00:00:00+00,,Monday to,Premises ,1250,0,258213,665936,906700341886,,373 Sauchiehall Street Glasgow G2 3HU ,,City Centre / Merchant City,29,10,Anderston/City/Yorkhill,S02001933
260004.73,659154.42,215,On,GC0281,Castlemilk Bowling Club 73 Dougrie Drive Glasgow G45 9AD  ,Castlemilk Bowling Club,,2008/06/23 00:00:00+00,,Monday to,Premises ,120,,260004.73,659154.42,906700255070,,73 Dougrie Drive Glasgow G45 9AH ,,Castlemilk,20,01,Linn,S02001882
259039.29,665090.67,216,On & Off,GC0283,Sloans 108 Argyle Street Glasgow G2 8BH  ,Elmbank Lease Limited,Nicola Wilkinson,2008/06/23 00:00:00+00,,On Sales ,Premises ,450,9,259039.29,665090.67,906700418346,,Public House 108 Argyle Street Glasgow G2 8BG ,,City Centre / Merchant City,29,10,Anderston/City/Yorkhill,S02001934
256682,667227,217,On,GC0291,Old Salty's 337 Byres Road Glasgow G12 8UQ  ,Hillhead Cuisine Limited,Jacqueline Wood,2008/06/23 00:00:00+00,,Monday to,Premises ,56,0,256682,667227,906700017820,,337 Byres Road Glasgow G12 8UQ ,,Hyndland / Dowanhill / Partick East,32,23,Partick East/Kelvindale,S02001957
258723,664503,218,On,GC0298,The Savings Bank 67 Bridge Street Glasgow G5 9JB  ,Inhouse Venues Limited,Cetin Capkiner,2008/06/23 00:00:00+00,,Monday to,Premises ,225,8.1,258723,664503,906700244124,,67 Bridge Street Glasgow G5 9JB ,,Greater Gorbals,3,08,Southside Central,S02001890
259068,665265,219,On,GC0337,Di Maggios plus external area 21 Royal Exchange Square Glasgow G1 3AJ  ,Di Maggio's Restaurants Limited,Dariusz Kurczab,2008/06/23 00:00:00+00,,Monday to,Premises ,262,0,259068,665265,906700102568,,21 Royal Exchange Square Glasgow G1 3AJ ,,City Centre / Merchant City,29,10,Anderston/City/Yorkhill,S02001934
256994,666023,220,On & Off,GC0342,Snaffle Bit 979 Sauchiehall Street Glasgow G3 7TQ  ,Greene King Retailing Ltd,Tyrone Milnes,2008/06/23 00:00:00+00,,On Sales ,Premises ,166,21.7,256994,666023,906700106257,,979 Sauchiehall Street Glasgow G3 7TQ ,,Yorkhill / Anderston,31,10,Anderston/City/Yorkhill,S02001936
257399,666703,221,On & Off,GC0357,Malaga Tapas West End 140/144 Park Road Glasgow G4 9HB  ,Partnership of Messrs P & R Randev,Rolando Iglesias Rodriguez,2008/06/23 00:00:00+00,,On Sales ,Premises ,135,7.4,257399,666703,906700090372,,144 Park Road Woodlands Glasgow G4 9HB ,,Hillhead / Woodlands,30,11,Hillhead,S02001937
257034,662699,222,On,GC0379,Clydesdale Cricket Club Clydesdale Cricket Club 22 Beaton Road Glasgow G41 4LB ,Clydesdale Cricket Club,,2008/06/23 00:00:00+00,,Monday to,Premises ,200,,257034,662699,906700139924,,Clydesdale Cricket Club 22 Beaton Road Glasgow G41 4LB ,,Pollokshields West,53,06,Pollokshields,S02001869
261523,665032,223,On,GC0393,Duke Bar 631 Duke Street Glasgow G31 1QA  ,Hawthorn Leisure Scotco Limited,Nicola Holland,2008/06/23 00:00:00+00,,Monday to,Premises ,120,0,261523,665032,906700158600,,631 Duke Street Glasgow G31 1QA ,,Dennistoun,12,22,Dennistoun,S02001930
261246,665012,224,On,GC0394,The Duchess 380 Duke Street Glasgow G31 1DN  ,Dario Properties Limited,Cassia Clare Woods,2008/06/23 00:00:00+00,,Monday to,Premises ,120,,261246,665012,906700154202,,380 Duke Street Glasgow G31 1DN ,,Calton / Bridgeton,28,09,Calton,S02001931
259054,665187,225,On & Off,GC0397,The Delphine Unit 1 and 2 Princes Square and Pavement Cafe 48 Buchanan Street Glasgow G1 3JN,LSS Licence Holding Limited,Robert McNeill McKinlay,2008/06/23 00:00:00+00,,On Sales ,Premises ,450,5.4,259054,665187,906700319319,,Basement 1 Princes Square 48 Buchanan Street City Centre Glasgow G1 3JN ,,City Centre / Merchant City,29,10,Anderston/City/Yorkhill,S02001934
258927,665130,226,On & Off,GC0407,Frasers 21-59 Buchanan Street City Centre Glasgow  ,House of Fraser Limited,Aaron Michael Stephenson,2008/06/23 00:00:00+00,,On Sales ,Premises ,145,62,258927,665130,906700018290,,House Of Fraser 21 Buchanan Street City Centre Glasgow G1 3HL ,,City Centre / Merchant City,29,10,Anderston/City/Yorkhill,S02001934
257401,664641,227,On,GC0459,La Fiorentina 2/20 Paisley Road West Glasgow G51 1LE  ,Lazzurri Group Ltd,Massimiliano Camerada,2008/06/23 00:00:00+00,,Monday to,Premises ,140,0,257401,664641,906700194156,,2 Paisley Road West Glasgow G51 1LE ,,Ibrox / Kingston,2,05,Govan,S02001861
255419,664033,228,On,GC0461,Bellahouston Bowling Club 2 Dumbreck Road Glasgow G41 5BW  ,Bellahouston Bowling Club,,2008/06/23 00:00:00+00,,Monday to,Premises ,195,,255419,664033,906700150715,,Bellahouston Bowling Club 2 Dumbreck Road Glasgow G41 5BW ,,Bellahouston / Craigton / Mosspark,52,06,Pollokshields,S02001858
258159,662514,229,On,GC0465,McNeills Bar 104/106 Torrisdale Street Glasgow G42 8PH  ,Rosemount Inns Ltd,Stephanie Long,2008/06/23 00:00:00+00,,Monday to,Premises ,303,,258159,662514,906700343068,,106 Torrisdale Street Glasgow G42 8PH ,,Shawlands / Strathbungo,6,08,Southside Central,S02001868
264538,664179,230,On,GC0466,The Portland Arms 1169 Shettleston Road Glasgow G32 7NB  ,LAL (Public House) Limited,Margaret Linton,2008/06/23 00:00:00+00,,Monday to,Premises ,60,,264538,664179,906700211317,,1169 Shettleston Road Glasgow G32 7NB ,,Tollcross / West Shettleston,56,19,Shettleston,S02001910
258212,665982,231,On,GC0467,Indian Gallery 450A Sauchiehall Street Glasgow G2 3JD  ,Chiesa Holdings Ltd,Amreek Singh Shaan,2008/06/23 00:00:00+00,,Monday to,Premises ,47,,258212,665982,906700104341,,450A Sauchiehall Street Glasgow G2 3JD ,,City Centre / Merchant City,29,10,Anderston/City/Yorkhill,S02001933
258318,665910,232,On,GC0469,Taste of Chennai 331 Sauchiehall Street Glasgow G2 3HW  ,A1 Restaurant Ltd,Aaron Fernando,2008/06/23 00:00:00+00,,Monday to,Premises ,222,,258318,665910,906700095825,,331 Sauchiehall Street Glasgow G2 3HW ,,City Centre / Merchant City,29,10,Anderston/City/Yorkhill,S02001933
258864,665364,233,On,GC0470,China Sea Restaurant 12 Renfield Street Glasgow G2 5AL  ,Hon Man Wong,Michael Chun Kit Wong,2008/06/23 00:00:00+00,,Monday to,Premises ,60,,258864,665364,906700094127,,Storey 1/1 12 Renfield Street Glasgow G2 5AL ,,City Centre / Merchant City,29,10,Anderston/City/Yorkhill,S02001934
263225,663655,234,Off,GC0471,Millenium Off Sales 21 Maukinfauld Road Glasgow G32 8TH  ,Aujla Properties Limited,Christopher Ghosh,2008/06/23 00:00:00+00,,Monday to,Premises ,,15.4,263225,663655,906700190630,,21 Maukinfauld Road Glasgow G32 8TH ,,Tollcross / West Shettleston,56,19,Shettleston,S02001895
259505,664668,235,On & Off,GC0472,The Old Ship Bank Vaults 164 Saltmarket Glasgow G1 5LA  ,Francis Monaghan Hyslop,Francis Monaghan Hyslop,2008/06/23 00:00:00+00,,On Sales ,Premises ,175,11,259505,664668,906700335854,,166 Saltmarket Glasgow G1 5LA ,,City Centre / Merchant City,29,10,Anderston/City/Yorkhill,S02001891
252212,668089,236,On & Off,GC0474,Corryvrechan 4-10 Plean Street Glasgow G14 0YH  ,Cressmount Ltd,Pauline Cook,2008/06/23 00:00:00+00,,On Sales ,Premises ,60,2.1,252212,668089,906700087741,,12 Plean Street Glasgow G14 0YH ,,Yoker / Scotstoun,15,13,Garscadden/Scotstounhill,S02001964
257742,666423,237,On & Off,GC0475,Finsbay Flatiron 160 Woodlands Road Glasgow G3 6LF  ,Punch Partnership Limited,Francis Bradley McGovern,2008/06/23 00:00:00+00,,On Sales ,Premises ,120,16.8,257742,666423,906700121531,,160 Woodlands Road Glasgow G3 6LF ,,Hillhead / Woodlands,30,11,Hillhead,S02001937
255034,665878,238,On & Off,GC0504,Clyde Masters 996A Govan Road Glasgow G51 3DU  ,SK and B Inns Ltd,Charles Jones,2008/06/23 00:00:00+00,,On Sales ,Premises ,180,,255034,665878,906700165624,,996A Govan Road Glasgow G51 3DU ,,Greater Govan,1,05,Govan,S02001856
258564,665172,239,On & Off,GC0508,Waterloo Bar 306 Argyle Street Glasgow G2 8LY  ,Trust Inns Limited,Alison McDade,2008/06/23 00:00:00+00,,On Sales ,Premises ,120,10.4,258564,665172,906700006147,,306 Argyle Street Glasgow G2 8LY ,,City Centre / Merchant City,29,10,Anderston/City/Yorkhill,S02001934
264007,663288,240,On & Off,GC0009,The Waverley Bar 1034 Tollcross Road Glasgow G32 8UW  ,Rajinder Kaur Benning,Rajinder Kaur Benning,2008/06/24 00:00:00+00,,On Sales ,Premises ,160,15.8,264007,663288,906700230257,,1034 Tollcross Road Glasgow G32 8UW ,,Tollcross / West Shettleston,56,19,Shettleston,S02001896
264480,664063,241,On,GC0076,North British Bowling Club 42 Amulree Street Glasgow G32 7UN  ,North British Bowling Club,,2008/06/24 00:00:00+00,,Monday to,Premises ,90,,264480,664063,906700124626,,42 Amulree Street Glasgow G32 7UN ,,Tollcross / West Shettleston,56,19,Shettleston,S02001910
258932,665300,242,On,GC0196,Barolo 92-94 Mitchell Street and external area Glasgow G1 3NQ  ,Speciality Restaurants Limited,Marcio Rodrigues,2008/06/24 00:00:00+00,,Monday to,Premises ,147,,258932,665300,906700088110,,94 Mitchell Street Glasgow G1 3NQ ,,City Centre / Merchant City,29,10,Anderston/City/Yorkhill,S02001934
253503,661323,243,Off,GC0207,Tesco Extra 751 Barrhead Road Glasgow G53 6AG  ,Tesco Stores Limited,,2008/06/24 00:00:00+00,,Monday to,Premises ,,302.78,253503,661323,906700413646,,Tesco 751 Barrhead Road Glasgow G53 6AG ,,Priesthill / Househillwood,45,03,Greater Pollok,S02001845
258876,665601,244,On,GC0251,Bamboo 51A West Regent Street Glasgow G2 5NE  ,Dawncrest Ltd,Scott Forrester,2008/06/24 00:00:00+00,,Monday to,Premises ,490,,258876,665601,906700118584,,51A West Regent Street Glasgow G2 2AE ,,City Centre / Merchant City,29,10,Anderston/City/Yorkhill,S02001934
256663,666270,245,On & Off,GC0256,BrewDog 1397 Argyle Street Glasgow G3 8AN  ,BrewDog Retail Limited,William John Ross Smyth,2008/06/24 00:00:00+00,,On Sales ,Premises ,135,8.7,256663,666270,906700007376,,1397 Argyle Street Glasgow G3 8AN ,,Yorkhill / Anderston,31,10,Anderston/City/Yorkhill,S02001936
258384.98,660589.359999999,246,On,GC0288,Barbarossa 1/7 Clarkston Road Glasgow G44 4EF  ,Rhiannon Properties Limited,Eilean May Violet Archbold,2008/06/24 00:00:00+00,,"Monday, C",Premises ,218,,258384.98,660589.36,906700258114,,3 Clarkston Road Glasgow G44 4EF ,,Newlands / Cathcart,43,07,Langside,S02001886
264576,663702,247,On & Off,GC0331,Sandyhills Bowling Club 299 Amulree Street Glasgow G32 7SJ  ,Sandyhills Bowling Club,,2008/06/24 00:00:00+00,,On Sales ,Premises ,160,7,264576,663702,906700125538,,299 Amulree Street Glasgow G32 7SJ ,,Tollcross / West Shettleston,56,19,Shettleston,S02001897
259057,665370,248,On,GC0400,Prezzo 35 St Vincent Place Glasgow G1 2DT  ,Zhima (St Vincent Street) Limited,Jack Campbell Reid,2008/06/24 00:00:00+00,,Monday to,Premises ,175,,259057,665370,906700106664,,35 St Vincent Place Glasgow G1 2ER ,,City Centre / Merchant City,29,10,Anderston/City/Yorkhill,S02001934
260754,663938,249,Off,GC0445,Buywell DayToday 29 Dalmarnock Road Glasgow G40 4LA  ,Buywell Store Limited,Aadam Ullah Razak,2008/06/24 00:00:00+00,,Monday to,Premises ,,29.2,260754,663938,906700424061,,29 Dalmarnock Road Glasgow G40 4LA ,,Calton / Bridgeton,28,09,Calton,S02001892
251781,671184,250,On & Off,GC0453,Butty Bar 9/11 Hecla Ave Glasgow G15 8NA  ,Trust Inns Limited,Thomas Marshall Doran,2008/06/24 00:00:00+00,,On Sales ,Premises ,316,33,251781,671184,906700060709,,9 Hecla Avenue Glasgow G15 8NA ,,Drumchapel,40,14,Drumchapel/Anniesland,S02001976
259045,665714,251,On & Off,GC0482,Alfredo's 146 West Nile Street Glasgow G1 2RQ  ,Lazzurri Group Ltd,Mikolaj Iwaszko,2008/06/24 00:00:00+00,,On Sales ,Premises ,195,5,259045,665714,906700117920,,146 West Nile Street Glasgow G1 2RQ ,,City Centre / Merchant City,29,10,Anderston/City/Yorkhill,S02001934
258598,665579,252,On & Off,GC0483,Gamba 106 West Campbell Street Glasgow G2 4TY  ,Rehman Mohammed,,2008/06/24 00:00:00+00,,On Sales ,Premises ,84,7.2,258598,665579,906700112493,,225A West George Street Glasgow G2 2ND ,,City Centre / Merchant City,29,10,Anderston/City/Yorkhill,S02001934
259040,665910,253,On & Off,GC0487,Express by Holiday Inn 165 West Nile Street Glasgow G1 2RL  ,Chardon Leisure Limited,Paul Taylor,2008/06/24 00:00:00+00,,On Sales ,Premises ,40,0.6,259040,665910,906700358409,,165 West Nile Street Glasgow G1 2RL ,,City Centre / Merchant City,29,10,Anderston/City/Yorkhill,S02001934
258737,662622,254,On & Off,GC0489,Penny Farthing 568 Cathcart Road Glasgow G42 8YG  ,Hawthorn Leisure Scotco Limited,Scott James McIsaac,2008/06/24 00:00:00+00,,On Sales ,Premises ,100,7.7,258737,662622,906700257361,,568 Cathcart Road Glasgow G42 8YG ,,Govanhill,4,08,Southside Central,S02001865
257402,666993,255,On & Off,GC0490,Inn Deep 445 Great Western Road Glasgow G12 8HH  ,The Inn House Brewery Company Limite,Hamish Louttit,2008/06/24 00:00:00+00,,On Sales ,Premises ,256,3,257402,666993,906700056075,,447 Great Western Road Glasgow G12 8HH ,,Hillhead / Woodlands,30,11,Hillhead,S02001952
252025,662068,256,On & Off,GC0491,Crookston Bowling Club 790 Crookston Road Glasgow G53 7TT  ,Crookston Bowling Club,,2008/06/24 00:00:00+00,,On Sales ,Premises ,190,16,252025,662068,906700254763,,Crookston Bowling Club 760 Crookston Road Glasgow G53 7TT ,,Pollok,44,03,Greater Pollok,S02001848
257309,667095,257,On,GC0495,Kitty O'Shea's 3/9 Belmont Lane Glasgow G12 8EN  ,Scotsman Group plc,Daniel Slattery,2008/06/24 00:00:00+00,,Monday to,Premises ,344,,257309,667095,906700013517,,500 Great Western Road Glasgow G12 8EL ,,Hillhead / Woodlands,30,11,Hillhead,S02001952
254321,669425,258,Off,GC0496,Cheers Off Sales 189 Fulton Street Glasgow G13 1AN  ,Kuldip Singh Bamrah,Kuldip Singh Bamrah,2008/06/24 00:00:00+00,,Monday to,Premises ,,16.4,254321,669425,906700041467,,189 Fulton Street Glasgow G13 1AN ,,Temple / Anniesland,18,14,Drumchapel/Anniesland,S02001971
258395,669350,259,On & Off,GC0498,The Inn 735 Balmore Road Glasgow G22 6QX  ,Oakmont Holdings Limited,Sharon Deans,2008/06/24 00:00:00+00,,On Sales ,Premises ,170,8.8,258395,669350,906700009153,,735 Balmore Road Glasgow G22 6QX ,,Lambhill / Milton,35,16,Canal,S02001943
255885,664219,260,On,GC0499,Neptune Social Club 101 Clifford Street Glasgow G51 1QP  ,Neptune Social Club,,2008/06/24 00:00:00+00,,Monday to,Premises ,495,,255885,664219,906700145896,,101 Clifford Street Glasgow G51 1QP ,,Ibrox / Kingston,2,05,Govan,S02001862
258053,665854,261,On & Off,GC0502,Britannia Inn Charing Cross 10 Elmbank Gardens Glasgow G2 4NQ  ,Britannia Hotels Limited ,Jennifer Robertson,2008/06/24 00:00:00+00,,On Sales ,Premises ,550,3.7,258053,665854,906700052441,,Premier Inn 10 Elmbank Gardens Glasgow G2 4PP ,,City Centre / Merchant City,29,10,Anderston/City/Yorkhill,S02001933
259573,665346,262,On & Off,GC0503,Premier Inn Glasgow City Centre George Street 187 George Street Glasgow G1 1YU ,Premier Inn Hotels Limited,Korbyn Alana Crawford,2008/06/24 00:00:00+00,,On Sales ,Premises ,528,2.3,259573,665346,906700051059,,Premier Inn 187 George Street City Centre Glasgow G1 1YU ,,City Centre / Merchant City,29,10,Anderston/City/Yorkhill,S02001932
258356,665694,263,On,GC0506,Malmaison Hotel 278 West George Street Glasgow G2 4LL  ,Malmaison Trading Limited,Scott MacDonald,2008/06/24 00:00:00+00,,Monday to,Premises ,442,0,258356,665694,906700112605,,The Malmaison 278 West George Street Glasgow G2 4LL ,,City Centre / Merchant City,29,10,Anderston/City/Yorkhill,S02001934
256633,664453,264,Off,GC0071,Food & Wine Cellar 315 Paisley Road West Glasgow G51 1LU  ,Sinnathamby Ranjan,Sinnathamby Ranjan,2008/06/27 00:00:00+00,,Monday to,Premises ,,18.6,256633,664453,906700198596,,315 Paisley Road West Glasgow G51 1LU ,,Ibrox / Kingston,2,05,Govan,S02001861
256993,665912,265,On & Off,GC0206,78 14 Kelvinhaugh Street Glasgow G3 8NU  ,GL Glasgow Limited,Iain Quimby,2008/06/27 00:00:00+00,,On Sales ,Premises ,166,3.8,256993,665912,906700058316,,14 Kelvinhaugh Street Glasgow G3 8NU ,,Yorkhill / Anderston,31,10,Anderston/City/Yorkhill,S02001936
262200,663834,266,Off,GC0215,Parkhead Off Sales 1279 London Road Glasgow G40 3HW  ,Warjo Retail Limited,Yasotharan Ananth,2008/06/27 00:00:00+00,,Monday to,Premises ,,9.1,262200,663834,906700333462,,1279 London Road Glasgow G40 3HW ,,Parkhead / Dalmarnock,27,09,Calton,S02001894
257207,665108,267,On & Off,GC0221,Hilton Garden Inn 1 Finnieston Quay Glasgow G3 8HN  ,DTP Acquisition 1 Glasgow Limited,Allan Dale Wilson,2008/06/27 00:00:00+00,,On Sales ,Premises ,382,10.2,257207,665108,906700362747,,1 Finnieston Quay Glasgow G3 8HN ,,Yorkhill / Anderston,31,10,Anderston/City/Yorkhill,S02001936
259852,664678,268,On,GC0233,The Braemar Bar 145 London Road Glasgow G1 5BS  ,Desmond Damian Fletcher,Elaine Quinn,2008/06/27 00:00:00+00,,Monday to,Premises ,88,,259852,664678,906700184446,,145 London Road Glasgow G1 5BS ,,Calton / Bridgeton,28,09,Calton,S02001891
253908,659399,269,On & Off,GC0362,Cuillins Bar 51-53 Kyleakin Road Glasgow G46 8DE  ,Khalid Saleem,Zarina Kusar ,2008/06/27 00:00:00+00,,On Sales ,Premises ,233,2.7,253908,659399,906700366146,,51 Kyleakin Road Glasgow G46 8AL ,,Arden / Carnwadric,48,02,Newlands/Auldburn,S02001842
262216,663837,270,On & Off,GC0408,The Real McCoy 1281 London Road Glasgow G31 4JU  ,FB Rattler Limited,Angela Jessie M Gallagher,2008/06/27 00:00:00+00,,On Sales ,Premises ,190,14.1,262216,663837,906700182650,,1281 London Road Glasgow G40 3HW ,,Parkhead / Dalmarnock,27,09,Calton,S02001894
257125,665900,271,On & Off,GC0412,The Crescent 1102/1106 Argyle Street Glasgow G3 7RX  ,Partnership of Messrs P & R Randev,Rahul Randev,2008/06/27 00:00:00+00,,On Sales ,Premises ,102,6.3,257125,665900,906700005827,,1106 Argyle Street Glasgow G3 8TD ,,Yorkhill / Anderston,31,10,Anderston/City/Yorkhill,S02001936
256417,666825,272,On & Off,GC0425,Aragon Bar 131 Byres Road Glasgow G12 8TT  ,Spirit Pub Company (Leased) Limited,Julie Hattie,2008/06/27 00:00:00+00,,On Sales ,Premises ,50,1.1,256417,666825,906700020856,,129 Byres Road Glasgow G12 8TT ,,Hyndland / Dowanhill / Partick East,32,23,Partick East/Kelvindale,S02001952
252082.12,660630.5,273,Off,GC0426,Nisa Local 10 Craigbank Drive Glasgow G53 6RA  ,Shazad Afzal,Shazad Afzal,2008/06/27 00:00:00+00,,Monday to,Premises ,,25.6,252082.12,660630.5,906700257558,,10 Craigbank Drive Glasgow G53 6RA ,,Priesthill / Househillwood,45,03,Greater Pollok,S02001846
264498,663144,274,On & Off,GC0430,Sandmyle Hotel 1230 Tollcross Road Glasgow G32 8HH  ,Rajesh Pathak,,2008/06/27 00:00:00+00,,On Sales ,Premises ,562,14.6,264498,663144,906700210742,,The Sandmyle Hotel 1230 Tollcross Road Glasgow G32 8HH ,,Tollcross / West Shettleston,56,19,Shettleston,S02001897
259125,665369,275,On,GC0449,Cafe Andaluz 13/15 St Vincent Place Glasgow G1 2DW  ,Cafe Andaluz Restaurants Limited,Arnaud Lerebourg,2008/06/27 00:00:00+00,,Monday to,Premises ,120,,259125,665369,906700106536,,15 St Vincent Place Glasgow G1 2DW ,,City Centre / Merchant City,29,10,Anderston/City/Yorkhill,S02001934
257685.06,664669.949999999,276,On,GC0457,AMF Bowling Unit 2 Springfield Quay Glasgow G5 8NP ,The Original Bowling Company Limited,Emma Jane Hastings,2008/06/27 00:00:00+00,,Monday to,Premises ,380,,257685.06,664669.95,906700206163,,2 Springfield Quay Glasgow G5 8NP ,,Ibrox / Kingston,2,05,Govan,S02001890
254288,668125,277,On & Off,GC0492,Woodend Bowling & Lawn Tennis Club 30 Chamberlain Road Glasgow G13 1QE  ,Woodend Bowling and Lawn Tennis Club,,2008/06/27 00:00:00+00,,On Sales ,Premises ,172,9.8,254288,668125,906700422201,,30 Chamberlain Road Glasgow G13 1QE ,,Anniesland / Jordanhill / Whiteinch,34,12,Victoria Park,S02001958
258683,665332,278,On & Off,GC0493,The Smokin' Fox 6/8 Waterloo Street Glasgow G2 6DA  ,Signature Pubs Limited,Agnieszka Patrycja Tomasik,2008/06/27 00:00:00+00,,On Sales ,Premises ,240,12.8,258683,665332,906700121968,,10 Waterloo Street Glasgow G2 6DA ,,City Centre / Merchant City,29,10,Anderston/City/Yorkhill,S02001934
258144,665904,279,On,GC0497,Sannino & Dulce Vita 57-59 Elmbank Street Glasgow G2 4PQ  ,Clydeholm UK Ltd,Vicky McCann,2008/06/27 00:00:00+00,,Monday to,Premises ,120,,258144,665904,906700344621,,57 Elmbank Street Glasgow G2 4PQ ,,City Centre / Merchant City,29,10,Anderston/City/Yorkhill,S02001933
254191,668749,280,On & Off,GC0510,Yarrow Recreation Club 223 Anniesland Road Glasgow G13 1RP  ,Yarrow Recreation Club,William Thomas Lamont,2008/06/27 00:00:00+00,,On Sales ,Premises ,255,17.9,254191,668749,906700002940,,223 Anniesland Road Glasgow G13 1RP ,,Anniesland / Jordanhill / Whiteinch,34,12,Victoria Park,S02001971
260700,663755,281,On,GC0375,79 Main Street Bridgeton Glasgow G40 1QB  ,Amjad Farooq,Amjad Farooq,2008/08/29 00:00:00+00,,Monday to,Premises ,,18.1,260700,663755,906700190664,,79 Main Street Bridgeton Glasgow G40 1QB ,,Calton / Bridgeton,28,09,Calton,S02001892
259144,665164,282,Off,GC0512,Sainsbury Store 54 Queen Street Glasgow G1 3DS  ,Sainsbury's SL Limited,,2008/08/29 00:00:00+00,,Monday to,Premises ,,22.05,259144,665164,906700379037,,54 Queen Street Glasgow G1 3DS ,,City Centre / Merchant City,29,10,Anderston/City/Yorkhill,S02001932
256861,666061,283,On & Off,GC0543,Islay Inn 1260 Argyle Street Glasgow G3 8TJ  ,Greene King Retailing Ltd,Frank Gilsenan,2008/08/29 00:00:00+00,,On Sales ,Premises ,186,14.5,256861,666061,906700006883,,1260 Argyle Street Glasgow G3 8TJ ,,Yorkhill / Anderston,31,10,Anderston/City/Yorkhill,S02001936
258387,661393,284,On,GC0548,Alishan Tandoori 250 Battlefield Road Glasgow G42 9HU  ,Mohammed Ayub Qureshi,Mohammed Ayub Qureshi,2008/08/29 00:00:00+00,,Monday to,Premises ,44,,258387,661393,906700242865,,250 Battlefield Road Glasgow G42 9HU ,,Langside / Battlefield,7,07,Langside,S02001867
262255,668647,285,Off,GC0554,Co-op 219-223 Wallacewell Road Glasgow G21 3PR  ,Co-operative Group Food Limited,Margaret Glen,2008/08/29 00:00:00+00,,Monday to,Premises ,,26.2,262255,668647,906700232506,,219 Wallacewell Road Glasgow G21 3PR ,,Balornock/ Barmulloch,26,17,Springburn/Robroyston,S02001920
252115,662267,286,Off,GC0557,Lidl Great Britain Limited 707 Crookston Road Glasgow G53 7GA  ,Lidl Great Britain Limited,Cameron Wilson,2008/08/29 00:00:00+00,,Monday to,Premises ,,60.84,252115,662267,906700354867,,707 Crookston Road Glasgow G53 7TA ,,Pollok,44,03,Greater Pollok,S02001848
256642,667022,287,On,GC0561,Ashoka Ashton Lane 19 Ashton Lane Glasgow G12 8SJ  ,Majhu & Majhu Ltd,,2008/08/29 00:00:00+00,,Monday to,Premises ,94,10.4,256642,667022,906700346140,,19 Ashton Lane Glasgow G12 8SJ ,,Hillhead / Woodlands,30,11,Hillhead,S02001952
257865,659974,288,On,GC0562,Ashoka South Side 268 Clarkston Road Glasgow G44 3EA  ,AL Restaurant Limited,Marius Daniel Plumbas,2008/08/29 00:00:00+00,,Monday to,Premises ,50,0,257865,659974,906700257908,,268 Clarkston Road Glasgow G44 3EA ,,Cathcart / Simshill,9,01,Linn,S02001878
256805,666053,289,On,GC0563,Murphy's Pakora Bar 1293 Argyle Street Glasgow G3 8TL  ,Nagpal Properties Ltd,Nitesh Majhu,2008/08/29 00:00:00+00,,Monday to,Premises ,87,,256805,666053,906700007014,,1293 Argyle Street Glasgow G3 8TL ,,Yorkhill / Anderston,31,10,Anderston/City/Yorkhill,S02001936
262606,669372,290,Off,GC0572,Aldi 380 Hillhead Road Glasgow G21 3PE  ,Aldi Stores Limited ,Tresa Johnston,2008/08/29 00:00:00+00,,Monday to,Premises ,,37.8,262606,669372,906700358775,,380 Hillhead Road Glasgow G21 3PE ,,Robroyston / Millerston,25,17,Springburn/Robroyston,S02001918
257816,662797,291,On,GC0575,New Anand Restaurant 76 Nithsdale Road Glasgow G41 2AN  ,Gurdip Singh,Gurdip Singh,2008/08/29 00:00:00+00,,Monday to,Premises ,36,,257816,662797,906700294349,,76 Nithsdale Road Glasgow G41 2AN ,,Shawlands / Strathbungo,6,06,Pollokshields,S02001868
256915,668681,292,On & Off,GC0576,G20 1397 Maryhill Road Glasgow G20 9AA  ,FB Rattler Limited,,2008/08/29 00:00:00+00,,On Sales ,Premises ,234,5.3,256915,668681,906700076353,,1397 Maryhill Road Glasgow G20 9AA ,,Maryhill Road Corridor,39,15,Maryhill,S02001949
258462,663459,293,On & Off,GC0582,Star Bar 539 Eglinton Street Glasgow G5 9RW  ,Heavidor Limited,Kenneth John Low,2008/08/29 00:00:00+00,,On Sales ,Premises ,100,10.6,258462,663459,906700272545,,537 Eglinton Street Glasgow G5 9RN ,,Greater Gorbals,3,08,Southside Central,S02001890
255776,667004,294,On,GC0586,Partickhill Bowling and Community Club 46 Partickhill Road Glasgow G11 5BY  ,Partickhill Bowling and Community Cl,,2008/08/29 00:00:00+00,,Monday to,Premises ,80,,255776,667004,906700090269,,46 Partickhill Road Glasgow G11 5BY ,,Hyndland / Dowanhill / Partick East,32,23,Partick East/Kelvindale,S02001956
253760,669951,295,Off,GC0587,120 Baldwin Avenue Glasgow G13 2QU   ,Keystore Knightswood Limited,Joseph Francis O'Neill,2008/08/29 00:00:00+00,,Monday to,Premises ,,21.2,253760,669951,906700008659,,120 Baldwin Avenue Glasgow G13 2QU ,,Temple / Anniesland,18,14,Drumchapel/Anniesland,S02001972
259294,666249,296,Off,GC0591,Chung Ying Cash & Carry 254 Dobbies Loan Glasgow G4 0HS  ,Chung Ying Cash & Carry,William Chan,2008/08/29 00:00:00+00,,Monday to,Premises ,,24.6,259294,666249,906700026165,,254 Dobbies Loan Glasgow G4 0HS ,,City Centre / Merchant City,29,10,Anderston/City/Yorkhill,S02001932
257792,665883,297,On,GC0636,Shenaz 17 Granville Street Glasgow G3 7EE  ,Naheem Ahmed,Naheem Ahmed,2008/08/29 00:00:00+00,,Monday to,Premises ,60,,257792,665883,906700386793,,17 Granville Street Glasgow G3 7EE ,,Yorkhill / Anderston,31,10,Anderston/City/Yorkhill,S02001935
260669,664743,298,On & Off,GC0706,The Drover 447 Gallowgate Glasgow G40 2DX  ,Rosemount Taverns Limited,Kelly Sloan,2008/08/29 00:00:00+00,,On Sales ,Premises ,160,5.7,260669,664743,906700168816,,447 Gallowgate Glasgow G40 2DX ,,Calton / Bridgeton,28,09,Calton,S02001931
262973,665143,299,Off,GC0727,511/515/519 Carntyne Road Glasgow G32 6JL   ,Gurdev Singh,Goran Nath Sahota,2008/08/29 00:00:00+00,,Monday to,Premises ,,15.91,262973,665143,906700022562,,515 Carntyne Road Glasgow G32 6JL ,,Haghill / Carntyne,13,18,East Centre,S02001929
257287,662138,300,On,GC0782,Reardons Southside 1060 Pollokshaws Road Glasgow G41 3EB  ,Langside Social Limited,Logan Stewart,2008/08/29 00:00:00+00,,Monday to,Premises ,195,,257287,662138,906700293662,,1060 Pollokshaws Road Glasgow G41 3EA ,,Shawlands / Strathbungo,6,06,Pollokshields,S02001870
261166,665045,301,On & Off,GC0801,Coia's Cafe 475-481 Duke Street Glasgow G31 1RD  ,The Firm of Coia's Cafe Limited,Alfredo Coia,2008/08/29 00:00:00+00,,On Sales ,Premises ,135,14,261166,665045,906700156666,,473 Duke Street Glasgow G31 1RD ,,Dennistoun,12,22,Dennistoun,S02001930
263967,663887,302,Off,GC0920,151 Wellshot Road Glasgow G32 7AU   ,Consalvee Charles,Jame Consalvee ,2008/08/29 00:00:00+00,,Monday to,Premises ,,6,263967,663887,906700384030,,151 Wellshot Road Glasgow G32 7AU ,,Tollcross / West Shettleston,56,19,Shettleston,S02001911
254692,664619,303,Off,GC0593,Asda Store Asda 500 Helen Street Glasgow G51 3HR ,Asda Stores Limited,Stephen MacFarlane,2008/09/01 00:00:00+00,,Monday to,Premises ,,224.76,254692,664619,906700164972,,500 Helen Street Glasgow G51 3HR ,,Greater Govan,1,05,Govan,S02001856
257178,662010,304,On,GC0602,The Granary 10 Kilmarnock Road Glasgow G41 3NH  ,Mitchells & Butlers Retail Limited,Roberta Connolly,2008/09/01 00:00:00+00,,Monday to,Premises ,368,,257178,662010,906700277343,,10 Kilmarnock Road Glasgow G41 3NH ,,Shawlands / Strathbungo,6,06,Pollokshields,S02001870
256779,664509,305,On & Off,GC0660,District Bar 252 Paisley Road West Glasgow G51 1BS  ,Star Pubs Trading Limited ,Lynne Shirlaw,2008/09/01 00:00:00+00,,On Sales ,Premises ,120,22.5,256779,664509,906700196818,,256 Paisley Road West Glasgow G51 1BS ,,Ibrox / Kingston,2,05,Govan,S02001861
256866,664581,306,On,GC0665,Blue Star Social Club 26 Lorne Street Glasgow G51 1DP  ,Blue Star Social Club,,2008/09/01 00:00:00+00,,Monday to,Premises ,200,,256866,664581,906700179453,,26 Lorne Street Glasgow G51 1DP ,,Ibrox / Kingston,2,05,Govan,S02001861
252022,663643,307,On & Off,GC0667,Crookston Hotel 90 Crookston Road Glasgow G52 3ND  ,LMAC Holdings Limited,Gillian McDonald,2008/09/01 00:00:00+00,,On Sales ,Premises ,345,4.6,252022,663643,906700164227,,90 Crookston Road Glasgow G52 3ND ,,Crookston /South Cardonald,51,04,Cardonald,S02001852
257914,665985,308,On & Off,GC0668,Locale 241 North Street Glasgow G3 7DL  ,Barr Management Services Limited,Steven Gilligan ,2008/09/01 00:00:00+00,,Monday to,Premises ,364,0,257914,665985,906700091908,,241 North Street Glasgow G3 7DL ,,Yorkhill / Anderston,31,10,Anderston/City/Yorkhill,S02001935
257826,664780,309,On & Off,GC0672,Firepit and Kiln Springfield Quay Paisley Road West Glasgow G5 8NP ,Mitchells & Butlers Retail Ltd,Amirud Din,2008/09/01 00:00:00+00,,On Sales ,Premises ,375,25.2,257826,664780,906700206166,,6 Springfield Quay Glasgow G5 8NP ,,Ibrox / Kingston,2,05,Govan,S02001890
253294,663833,310,Off,GC0690,Mace 1861 Paisley Road West Glasgow G52 3SX  ,The Partnership of Kuldeep and Kulwa,Kuldeep Singh,2008/09/01 00:00:00+00,,Monday to,Premises ,,17.41,253294,663833,906700197649,,1861 Paisley Road West Glasgow G52 3SX ,,Crookston /South Cardonald,51,04,Cardonald,S02001850
266413,666161,311,On,GC0696,Frankie & Benny's 705 Provan Walk Glasgow G34 9DY  ,BTG Licenceco Ltd,Danielle Parys,2008/09/01 00:00:00+00,,Monday to,Premises ,200,0,266413,666161,906700401158,,705 Provan Walk Glasgow G34 9DY ,,Easterhouse,16,21,North East,S02001906
260618,664759,312,On & Off,GC0703,The Wee Mans 429 Gallowgate Glasgow G40 2DY  ,A & G Cowan Limited,Michelle Barton,2008/09/01 00:00:00+00,,On Sales ,Premises ,60,8,260618,664759,906700357160,,429 Gallowgate Glasgow G40 2DY ,,Calton / Bridgeton,28,09,Calton,S02001891
256338,666518,313,On,GC0704,Mala 7 Church Street Partick Glasgow G11 5JP ,Pimalai Holdings Limited,Callum Taylor Cubbage,2008/09/01 00:00:00+00,,Monday to,Premises ,160,0,256338,666518,906700380534,,7 Church Street Partick Glasgow G11 5JP ,,Hyndland / Dowanhill / Partick East,32,23,Partick East/Kelvindale,S02001953
259548,664833,314,On & Off,GC0708,Daddy Marmalades 25 Parnie Street Glasgow G1 5RJ  ,MS1620 LTD ,Kim Toft,2008/09/01 00:00:00+00,,"Monday, 1",Premises ,37,0,259548,664833,906700093881,,25 Parnie Street Glasgow G1 5RJ ,,City Centre / Merchant City,29,10,Anderston/City/Yorkhill,S02001932
258181,661565,315,On,GC0715,Tinto Tapas Bar 138 Battlefield Road Glasgow G42 9JT  ,Gordon Craig,Kim Craig,2008/09/01 00:00:00+00,,Monday to,Premises ,40,,258181,661565,906700237461,,138 Battlefield Road Glasgow G42 9JT ,,Langside / Battlefield,7,07,Langside,S02001867
257448,668068,316,Off,GC0734,Amrik Singh General Store & Off Sales 982 Maryhill Road Glasgow G20 9TG  ,Amrik Singh,Amrik Singh,2008/09/01 00:00:00+00,,Monday to,Premises ,,15,257448,668068,906700080050,,982 Maryhill Road Glasgow G20 9TG ,,Maryhill Road Corridor,39,15,Maryhill,S02001941
256489,666866,317,Off,GC0737,888 Express 124/126 Byres Road Glasgow G12 8TB  ,Byres Road Property Company Limited,Anna Katarzyna Nieznanska,2008/09/01 00:00:00+00,,Monday to,Premises ,,52,256489,666866,906700020848,,126 Byres Road Glasgow G12 8TB ,,Hillhead / Woodlands,30,11,Hillhead,S02001952
260670,663755,318,On & Off,GC0740,Scotsman Bar 94 Main Street Bridgeton Glasgow G40 1HD ,Rosemount Taverns Limited,Pauline Clark,2008/09/01 00:00:00+00,,On Sales ,Premises ,115,8.8,260670,663755,906700345721,,94 Main Street Bridgeton Glasgow G40 1HD ,,Calton / Bridgeton,28,09,Calton,S02001892
262538,663653,319,Off,GC0747,One O One Convenience Store 1407 London Road Glasgow G31 4PF  ,One-O-One Convenience Stores Limited,Cara Maria McGinley,2008/09/01 00:00:00+00,,Monday to,Premises ,,22,262538,663653,906700183557,,1407 London Road Glasgow G31 4PF ,,Parkhead / Dalmarnock,27,09,Calton,S02001896
268556,665465,320,Off,GC0751,32 Lochdochart Road Glasgow G34 0PU   ,One-O-One Convenience Stores Limited,Patricia Edwards,2008/09/01 00:00:00+00,,Monday to,Premises ,,30,268556,665465,906700342839,,30 Lochdochart Road Glasgow G34 0PU ,,Easterhouse,16,21,North East,S02001904
254393,665366,321,Off,GC0754,50 / 54 Drumoyne Road Glasgow G51 4AU   ,Munazza Akhtar,Munazza Akhtar,2008/09/01 00:00:00+00,,Monday to,Premises ,,24.8,254393,665366,906700154918,,54 Drumoyne Road Glasgow G51 4AU ,,Greater Govan,1,05,Govan,S02001855
257104,661850,322,On,GC0755,Himalayan Dine 71 Kilmarnock Road Glasgow G41 3YR  ,Karnail Singh,Sukriti Singh,2008/09/01 00:00:00+00,,Monday to,Premises ,46,,257104,661850,906700280938,,71 Kilmarnock Road Glasgow G41 3YR ,,Langside / Battlefield,7,07,Langside,S02001871
255560,664265,323,Off,GC0762,Racetrack: Autoport Services 631/675 Paisley Road West Glasgow G51 1RP  ,GHSL Limited,Matej Pirkl,2008/09/01 00:00:00+00,,Monday to,Premises ,,21.2,255560,664265,906700364527,,675 Paisley Road West Glasgow G51 1RP ,,Ibrox / Kingston,2,05,Govan,S02001862
252932,668294,324,Off,GC0765,Scotstounhill Post Office 6 Ristol Road Glasgow G13 1UY  ,Sunil Kumar Sharma,Neena Kumar,2008/09/01 00:00:00+00,,Monday to,Premises ,,12.6,252932,668294,906700348454,,6 Ristol Road Glasgow G13 1UY ,,Knightswood,19,13,Garscadden/Scotstounhill,S02001967
257660,659670,325,Off,GC0777,Sainsbury's 390 Clarkston Road Glasgow G44 3JL  ,Sainsbury's SL Limited,Leigh Anne Peppard,2008/09/01 00:00:00+00,,Monday to,Premises ,,51.91,257660,659670,906700252092,,390 Clarkston Road Glasgow G44 3JL ,,Cathcart / Simshill,9,01,Linn,S02001878
263255,666253,326,On & Off,GC0802,Anvil Inn 206 Smithycroft Road Glasgow G33 2QZ  ,Trust Inns Limited,Ian Stuart Skilling,2008/09/01 00:00:00+00,,On Sales ,Premises ,195,15.3,263255,666253,906700107228,,206 Smithycroft Road Glasgow G33 2RF ,,Riddrie / Cranhill,11,18,East Centre,S02001916
253336,663835,327,On,GC0832,Angeethi By Sagar Massey 1835 Paisley Road West Glasgow G52 3SX  ,Marco Lessani,David Brudny,2008/09/01 00:00:00+00,,Monday to,Premises ,55,,253336,663835,906700197634,,1835 Paisley Road West Glasgow G52 3SX ,,Crookston /South Cardonald,51,04,Cardonald,S02001850
260083,664587,328,On & Off,GC0837,Squirrel Bar 40 Stevenson Street Glasgow G40 2ST  ,Spectrum Properties (Scotland) Ltd,David Shaw Marshall,2008/09/01 00:00:00+00,,On Sales ,Premises ,164,10,260083,664587,906700211519,,40 Stevenson Street Glasgow G40 2ST ,,Calton / Bridgeton,28,09,Calton,S02001891
252371,664047,329,On,GC0842,Green Baize 70 Hillington Road South Glasgow G52 2AA  ,Car Care (Motor Engineers) Limited,Richard Alasdair MacDonald,2008/09/01 00:00:00+00,,Monday to,Premises ,250,,252371,664047,906700166606,,70 Hillington Road South Glasgow G52 2AA ,,North Cardonald / Penilee,49,04,Cardonald,S02001854
261085,665043,330,On,GC0850,Cafe Tibo 443 Duke Street Glasgow G31 2LD  ,Shaikh Macleod Ltd,Angus MacLeod,2008/09/01 00:00:00+00,,Monday to,Premises ,50,,261085,665043,906700155770,,443 Duke Street Glasgow G31 1RY ,,Dennistoun,12,22,Dennistoun,S02001930
258608,665803,331,On,GC0862,Manuka 158 - 166a Bath Street Glasgow G2 4TB  ,Scotsman Group plc,Sophie Lauren Peters,2008/09/01 00:00:00+00,,Monday to,Premises ,1177,,258608,665803,906700009778,,Public House 158A Bath Street Glasgow G2 4TB ,,City Centre / Merchant City,29,10,Anderston/City/Yorkhill,S02001934
259829,664717,332,Off,GC0877,23 Moir Street Glasgow G1 5AE   ,Rajinder Kaur Benning,Asad Chamo,2008/09/01 00:00:00+00,,Monday to,Premises ,,15.4,259829,664717,906700389170,,23 Moir Street Glasgow G1 5AE ,,Calton / Bridgeton,28,09,Calton,S02001891
254676,659914,333,Off,GC0880,628 Boydstone Road Glasgow G46 8NF   ,One-O-One Convenience Stores Limited,Tracey Marie McCulloch,2008/09/01 00:00:00+00,,Monday to,Premises ,,28.64,254676,659914,906700246145,,628 Boydstone Road Glasgow G46 8NF ,,Arden / Carnwadric,48,02,Newlands/Auldburn,S02001874
262860,665980,334,Off,GC0881,839 Cumbernauld Road Glasgow G33 2AA   ,One-O-One Convenience Stores Limited,,2008/09/01 00:00:00+00,,Monday to,Premises ,,24.4,262860,665980,906700033666,,839 Cumbernauld Road Glasgow G33 2AA ,,Riddrie / Cranhill,11,18,East Centre,S02001916
258136,662750,335,Off,GC0884,57 Allison Street Glasgow G42 8NJ   ,Khawaja Mohammed Nadeem,Ishrat Nadeem,2008/09/01 00:00:00+00,,Monday to,Premises ,,27.5,258136,662750,906700229031,,57 Allison Street Glasgow G42 8NJ ,,Govanhill,4,08,Southside Central,S02001868
255840,666568,336,On & Off,GC0544,Smiddy Bar 309 Dumbarton Road Glasgow G11 6AL  ,Greene King Retailing Ltd,Kathleen Donnelly,2008/09/05 00:00:00+00,,On Sales ,Premises ,160,9,255840,666568,906700317940,,309 Dumbarton Road Glasgow G11 6AL ,,Hyndland / Dowanhill / Partick East,32,23,Partick East/Kelvindale,S02001953
258681,666083,337,On,GC0559,Wee Curry Shop 7 Buccleuch Street Glasgow G3 6SJ  ,Mrs Suri K Limited,Tejpal Singh,2008/09/05 00:00:00+00,,Monday to,Premises ,44,0,258681,666083,906700018970,,7 Buccleuch Street Glasgow G3 6SJ ,,City Centre / Merchant City,29,10,Anderston/City/Yorkhill,S02001933
260117,664744,338,On,GC0579,Bar 67 257-259 Gallowgate Glasgow G4 0TP  ,Bar 67 Glasgow Ltd,Patricia Miller,2008/09/05 00:00:00+00,,Monday to,Premises ,60,,260117,664744,906700373691,,257 Gallowgate Glasgow G4 0TP ,,Calton / Bridgeton,28,09,Calton,S02001891
258241,662687,339,On,GC0589,Victoria Bar 400 Victoria Road Glasgow G42 8YS  ,Hawthorn Leisure Scotco Limited,Annie Kane,2008/09/05 00:00:00+00,,Monday to,Premises ,216,,258241,662687,906700303316,,400 Victoria Road Glasgow G42 8YS ,,Govanhill,4,08,Southside Central,S02001868
261181,665095,340,Off,GC0597,Londis 25 Whitehill Street Glasgow G31 2LH  ,M Kawa & Co. Limited,Manisha Kawa,2008/09/05 00:00:00+00,,Monday to,Premises ,,22.1,261181,665095,906700226045,,23A Whitehill Street Glasgow G31 2LH ,,Dennistoun,12,22,Dennistoun,S02001930
251552,670247,341,On,GC0599,Leven Valley 7 Allerdyce Court Glasgow G15 6RZ  ,Mitchells & Butlers Retail Limited,Xiangquing Chen,2008/09/05 00:00:00+00,,Monday to,Premises ,315,9.3,251552,670247,906700416892,,Flat 1/1 7 Allerdyce Court Glasgow G15 6SA ,,Blairdardie,14,14,Drumchapel/Anniesland,S02001973
261982,665544,342,On,GC0607,St Rollox Bowling Club (Dennistoun) 9 Kennyhill Square Glasgow G31 3LL  ,St Rollox Bowling Club (Dennistoun),,2008/09/05 00:00:00+00,,Monday to,Premises ,195,,261982,665544,906700191111,,9 Kennyhill Square Glasgow G31 3LL ,,Haghill / Carntyne,13,22,Dennistoun,S02001928
253522,663955,343,Off,GC0610,Morrisons 1760 Paisley Road West Glasgow G52 3TP  ,WM Morrison Supermarkets Plc,Ross Laye,2008/09/05 00:00:00+00,,Monday to,Premises ,,216.08,253522,663955,906700404426,,Wm Morrison Supermarket 1760 Paisley Road West Glasgow G52 3TP ,,North Cardonald / Penilee,49,04,Cardonald,S02001851
268720,665673,344,On & Off,GC0611,1591 Masonic Social Club 64 Lochdochart Road Glasgow G34 0BG  ,1591 Masonic Social Club,,2008/09/05 00:00:00+00,,On Sales ,Premises ,190,9.8,268720,665673,906700351711,,64 Lochdochart Road Glasgow G34 0BG ,,Easterhouse,16,21,North East,S02001904
257386,662208,345,On,GC0615,Buongiorno 1012 Pollokshaws Road Glasgow G41 2HG  ,Ronaldo Del Duca,Aldo Carboni,2008/09/05 00:00:00+00,,Monday to,Premises ,40,,257386,662208,906700290076,,1012 Pollokshaws Road Glasgow G41 2HG ,,Shawlands / Strathbungo,6,06,Pollokshields,S02001870
255344,666612,346,On,GC0618,Suissi 494 Dumbarton Road Glasgow G11 6SL  ,Vicky Choi King Cheng,Lee Chu Lim,2008/09/05 00:00:00+00,,Monday to,Premises ,60,,255344,666612,906700319728,,494 Dumbarton Road Glasgow G11 6SL ,,Broomhill / Partick West,33,12,Victoria Park,S02001954
253919,659421,347,Off,GC0620,Arden Licensed Grocers 59 Kyleakin Road Glasgow G46 8DE  ,Khalid Saleem,Tariq Saleem,2008/09/05 00:00:00+00,,Monday to,Premises ,,15.9,253919,659421,906700288503,,59 Kyleakin Road Glasgow G46 8DE ,,Arden / Carnwadric,48,02,Newlands/Auldburn,S02001842
257011,665776,348,On,GC0623,The St Vincent Bowling Club Bowling Club 37A St Vincent Crescent Glasgow G3 8NG ,The St Vincent Bowling Club,,2008/09/05 00:00:00+00,,Monday to,Premises ,200,,257011,665776,906700384116,,Bowling Club 37A St Vincent Crescent Glasgow G3 8NG ,,Yorkhill / Anderston,31,10,Anderston/City/Yorkhill,S02001936
258982,665279,349,On,GC0624,Willow Tearooms 97 Buchanan Street City Centre Glasgow G1 3HF ,GLUK (2015) Limited,Joanne McNamee,2008/09/05 00:00:00+00,,Monday to,Premises ,60,,258982,665279,906700018630,,97 Buchanan Street City Centre Glasgow G1 3HF ,,City Centre / Merchant City,29,10,Anderston/City/Yorkhill,S02001934
255176,663878,350,On,GC0627,Glasgow Ski & Snowboard Centre Club 16 Dumbreck Road Glasgow G41 5BW  ,Glasgow Ski Centre Club,,2008/09/05 00:00:00+00,,Monday to,Premises ,60,,255176,663878,906700378811,,Glasgow Ski Centre 16 Dumbreck Road Glasgow G41 5BW ,,Bellahouston / Craigton / Mosspark,52,06,Pollokshields,S02001858
257719,666794,351,Off,GC0628,Lupe Pinto Deli 313 Great Western Road Glasgow G4 9HR  ,Douglas Bell,Douglas Bell,2008/09/05 00:00:00+00,,Monday to,Premises ,,12.1,257719,666794,906700040216,,313 Great Western Road Glasgow G4 9HR ,,Hillhead / Woodlands,30,11,Hillhead,S02001937
253363,661208,352,On & Off,GC0629,Marks and Spencer Unit 1 Silverburn Shopping Centre 763 Barrhead Road Glasgow G53 6AG,Marks and Spencer PLC,Alistair McCall,2008/09/05 00:00:00+00,,On Sales ,Premises ,120,79.5,253363,661208,906700421188,,Unit 1 Silverburn Shopping Centre 763 Barrhead Road Glasgow G53 6AG ,,Priesthill / Househillwood,45,03,Greater Pollok,S02001845
255742,660366,353,On & Off,GC0637,3 Bemersyde Avenue Glasgow G43 1EN   ,Rajinder Kaur Benning,Nicola Brolly,2008/09/05 00:00:00+00,,On Sales ,Premises ,200,15.5,255742,660366,906700246838,,3 Bemersyde Avenue Glasgow G43 1EN ,,Pollokshaws / Mansewood,47,02,Newlands/Auldburn,S02001875
263170,666092,354,On & Off,GC0640,Princess 126 Smithycroft Road Glasgow G33 2RQ  ,Star Pubs Trading Limited ,Adrienne Greenaway,2008/09/05 00:00:00+00,,On Sales ,Premises ,210,16,263170,666092,906700106432,,126 Smithycroft Road Glasgow G33 2RQ ,,Riddrie / Cranhill,11,18,East Centre,S02001916
260507,666293,355,On & Off,GC0643,The Garngad Bar 59 / 61 Royston Road Glasgow G21 2QW  ,Thomas Melville,James Mckenna,2008/09/05 00:00:00+00,,On Sales ,Premises ,100,26,260507,666293,906700219719,,59 Royston Road Glasgow G21 2QW ,,Sighthill / Roystonhill / Germiston,23,22,Dennistoun,S02001926
255650,662935,356,On,GC0645,Cartha Queen's Park Rugby Football Club 92 Dumbreck Road Glasgow G41 4SN  ,Cartha Queen's Park Rugby Football C,,2008/09/05 00:00:00+00,,Monday to,Premises ,220,,255650,662935,906700150841,,Rugby Club 94 Dumbreck Road Glasgow G41 4SN ,,Pollokshaws / Mansewood,47,02,Newlands/Auldburn,S02001869
257218,665808,357,Off,GC0650,Tesco Express 1079 Argyle Street Glasgow G3 8LZ  ,Tesco Stores Limited,Callum Leeper,2008/09/05 00:00:00+00,,Monday to,Premises ,,26.092,257218,665808,906700421505,,1079 Argyle Street Glasgow G3 8LZ ,,Yorkhill / Anderston,31,10,Anderston/City/Yorkhill,S02001936
256897,661421,358,Off,GC0651,Tesco Express 309 Kilmarnock Road Glasgow G43 2XS  ,Tesco Stores Limited,David McGowan,2008/09/05 00:00:00+00,,Monday to,Premises ,,34.65,256897,661421,906700411652,,309 Kilmarnock Road Glasgow G43 2XS ,,Newlands / Cathcart,43,07,Langside,S02001873
260523,666697,359,Off,GC0652,Tesco Extra 12 Cobden Road Glasgow G21 2PR  ,Tesco Stores Limited,Terence Collins,2008/09/05 00:00:00+00,,Monday to,Premises ,,328.984,260523,666697,906700378941,,Tesco 12 Cobden Road Glasgow G21 1AL ,,Sighthill / Roystonhill / Germiston,23,22,Dennistoun,S02001925
264630,664322,360,Off,GC0653,Tesco Extra Tesco Superstore 601 Old Shettleston Road Glasgow G32 7JG ,Tesco Stores Limited,Iain Mcleod Collie,2008/09/05 00:00:00+00,,Monday to,Premises ,,266.625,264630,664322,906700380330,,601 Old Shettleston Road Glasgow G32 7JG ,,Tollcross / West Shettleston,56,19,Shettleston,S02001910
258751,665542,361,On & Off,GC0674,The Last Bookstore 157 Hope Street Glasgow G2 2UQ  ,Great Coffee Limited,Lee Stewart,2008/09/05 00:00:00+00,,On Sales ,Premises ,90,1.6,258751,665542,906700066791,,157 Hope Street Glasgow G2 2UQ ,,City Centre / Merchant City,29,10,Anderston/City/Yorkhill,S02001934
255444,666574,362,On & Off,GC0680,Windsor Tavern 473 Dumbarton Road Glasgow G11 6EJ  ,The Partnership of the Windsor Taver,Louise Train,2008/09/05 00:00:00+00,,On Sales ,Premises ,164,14.6,255444,666574,906700414139,,473 Dumbarton Road Glasgow G11 6EJ ,,Broomhill / Partick West,33,12,Victoria Park,S02001954
258964,665374,363,On,GC0711,Innis & Gunn Brewery Taproom 24 West Nile Street Glasgow G1 2PF  ,The Innis and Gunn Hospitality Group,Mhairi Elizabeth Furneaux,2008/09/05 00:00:00+00,,Monday to,Premises ,251,13.1,258964,665374,906700121930,,24 West Nile Street Glasgow G1 2PW ,,City Centre / Merchant City,29,10,Anderston/City/Yorkhill,S02001934
255465,663077,364,On & Off,GC0716,Haggs Castle Golf Club Club House 70 Dumbreck Road Glasgow G41 4SN ,Haggs Castle Golf Club,,2008/09/05 00:00:00+00,,On Sales ,Premises ,220,3.2,255465,663077,906700266445,,Haggs Castle Golf Club House 70 Dumbreck Road Glasgow G41 4SN ,,Pollokshaws / Mansewood,47,02,Newlands/Auldburn,S02001869
258584,661191,365,On & Off,GC0743,Clockwork Beer Company 1153/1155 Cathcart Road Glasgow G42 9HB  ,B. Hoppy and Drinkwell Ltd,Carol Wright,2008/09/05 00:00:00+00,,On Sales ,Premises ,375,40.3,258584,661191,906700257391,,1153 Cathcart Road Glasgow G42 9HB ,,King's Park / Mount Florida,8,07,Langside,S02001886
258834,665705,366,On,GC0744,Seventy Three 73 Bath Street Glasgow G2 2DH  ,Thomas Melville,Paul Doherty,2008/09/05 00:00:00+00,,Monday to,Premises ,221,,258834,665705,906700009528,,73 Bath Street Glasgow G2 2DH ,,City Centre / Merchant City,29,10,Anderston/City/Yorkhill,S02001934
258540,665744,367,On,GC0781,Two Fat Ladies Too 118A Blythswood Street Glasgow G2 4EG  ,SSAMM Ltd,Minjae Kim,2008/09/05 00:00:00+00,,Monday to,Premises ,38,3.89,258540,665744,906700013228,,118A Blythswood Street Glasgow G2 4EG ,,City Centre / Merchant City,29,10,Anderston/City/Yorkhill,S02001934
259684,664961,368,Off,GC0879,41 High Street Glasgow G1 1LX   ,Kawa Sons & Co. Limited,Sharon Kawa,2008/09/05 00:00:00+00,,Monday to,Premises ,,27.4,259684,664961,906700061402,,41 High Street Glasgow G1 1LX ,,City Centre / Merchant City,29,10,Anderston/City/Yorkhill,S02001932
257166,665837,369,Off,GC0556,GG Brothers 1105 Argyle Street Glasgow G3 8ND  ,Gurdeep Kaur Gosal,Jeevan Singh Gosal,2008/09/08 00:00:00+00,,Monday to,Premises ,,43,257166,665837,906700005826,,1105 Argyle Street Glasgow G3 8ND ,,Yorkhill / Anderston,31,10,Anderston/City/Yorkhill,S02001936
255981,668484,370,Off,GC0560,Kelvindale Mini-Market 363-367 Kelvindale Road Glasgow G12 0JP  ,The Firm of Kelvindale Mini-Market,Tahir Ali,2008/09/08 00:00:00+00,,Monday to,Premises ,,19.9,255981,668484,906700064571,,363 Kelvindale Road Glasgow G12 0JP ,,Kelvindale / Kelvinside,37,23,Partick East/Kelvindale,S02001950
252656,663690,371,On,GC0566,Cardonald Bowling Club 50 Forfar Avenue Glasgow G52 3JF  ,Cardonald Bowling Club,,2008/09/08 00:00:00+00,,Monday to,Premises ,206,,252656,663690,906700168623,,50 Forfar Avenue Glasgow G52 3JF ,,Crookston /South Cardonald,51,04,Cardonald,S02001852
259327,665043,372,On,GC0567,Grosvenor Casino Glasgow Merchant City 18 Glassford Street Glasgow G1 1UL  ,Grosvenor Casinos (GC) Limited,Deborah Johnston,2008/09/08 00:00:00+00,,Monday to,Premises ,975,,259327,665043,906700366621,,18 Glassford Street Glasgow G1 1UL ,,City Centre / Merchant City,29,10,Anderston/City/Yorkhill,S02001932
259532,664627,373,On & Off,GC0578,Whistler on the Green 5 Greendyke Street Glasgow G1 5PU  ,BOOZEFORYOU LTD,Sinead Henderson,2008/09/08 00:00:00+00,,On Sales ,Premises ,60,7,259532,664627,906700174241,,5 Greendyke Street Glasgow G1 5PU ,,Calton / Bridgeton,28,09,Calton,S02001891
258924,664907,374,On,GC0585,Hootenanny 40 Howard Street Glasgow G1 4EE  ,Holding Licence Limited,Andrew Fairgrieve,2008/09/08 00:00:00+00,,Monday to,Premises ,188,32.6,258924,664907,906700026159,,22 Dixon Street Glasgow G1 4EE ,,City Centre / Merchant City,29,10,Anderston/City/Yorkhill,S02001934
254536,667940,375,On & Off,GC0603,Three Craws 501 Crow Road Glasgow G11 7DN  ,Mitchells & Butlers Retail Limited,Kenneth Jonathan Corbett,2008/09/08 00:00:00+00,,On Sales ,Premises ,440,17.9,254536,667940,906700375119,,501 Crow Road Glasgow G11 7DN ,,Anniesland / Jordanhill / Whiteinch,34,12,Victoria Park,S02001959
265588,662813,376,On & Off,GC0642,The Woodend Bar 131 Hamilton Road Mount Vernon Glasgow G32 9QW ,RWE Glasgow Ltd,Lesley Anne Weaver,2008/09/08 00:00:00+00,,On Sales ,Premises ,316,7.4,265588,662813,906700232220,,131 Hamilton Road Glasgow G32 9QW ,,Mount Vernon / East Shettleston,55,19,Shettleston,S02001899
258956,665539,377,On,GC0649,Shilling Brewing Co 92 West George Street Glasgow G2 1PJ  ,Glendola Leisure (Holdings) Limited,Daniel McCluskey,2008/09/08 00:00:00+00,,Monday to,Premises ,374,35,258956,665539,906700109810,,92 West George Street Glasgow G2 1PJ ,,City Centre / Merchant City,29,10,Anderston/City/Yorkhill,S02001934
264558,663126,378,Off,GC0662,1250/1270 Tollcross Road Glasgow G32 8HH   ,One Stop Extra Limited,Angela Robertson,2008/09/08 00:00:00+00,,Monday to,Premises ,,32.8,264558,663126,906700210744,,1250 Tollcross Road Glasgow G32 8HH ,,Tollcross / West Shettleston,56,19,Shettleston,S02001897
256442,666806,379,On,GC0664,Ting Thai 94 Byres Road Glasgow G12 8TB  ,Byres Road Property Company Limited,Sophia Sinead Cox Purcell,2008/09/08 00:00:00+00,,Monday to,Premises ,173,0,256442,666806,906700020606,,94 Byres Road Glasgow G12 8TB ,,Hillhead / Woodlands,30,11,Hillhead,S02001952
257939.04,665775.119999999,380,On & Off,GC0666,Bon Accord 153 North Street Glasgow G3 7DA  ,Cairnpoint Limited,Thomas Fraser Charles McDo,2008/09/08 00:00:00+00,,On Sales ,Premises ,255,16.6,257939.04,665775.12,906700091790,,153 North Street Glasgow G3 7DA ,,Yorkhill / Anderston,31,10,Anderston/City/Yorkhill,S02001935
251415,671895,381,Off,GC0677,Unit 12 & 13 15 Ladyloan Place Glasgow G15 8LB  ,Joses Glasgow Ltd,,2008/09/08 00:00:00+00,,Monday to,Premises ,,20,251415,671895,906700334685,,Unit 12/13 15 Ladyloan Place Glasgow G15 8LB ,,Drumchapel,40,14,Drumchapel/Anniesland,S02001976
255080,666894,382,Off,GC0683,Laurel Mini Market 42 Thornwood Avenue Glasgow G11 7PQ  ,Navrattan Kumar,Navrattan Kumar,2008/09/08 00:00:00+00,,Monday to,Premises ,,17.9,255080,666894,906700095633,,42 Thornwood Avenue Glasgow G11 7PQ ,,Broomhill / Partick West,33,12,Victoria Park,S02001955
267897,663888,383,On,GC0698,Thistle Bar 72 Main Street Baillieston Glasgow G69 6SL ,Netherfield Leisure Limited,Martina Trainor,2008/09/08 00:00:00+00,,Monday to,Premises ,120,,267897,663888,906700110452,,70 Main Street Baillieston Glasgow G69 6SL ,,Baillieston / Garrowhill,42,20,Baillieston,S02001901
251336,668689,384,On,GC0732,Papa Gills 2376 Dumbarton Road Glasgow G14 0QL  ,Chapati Fast Foods,Sandeep Gill,2008/09/08 00:00:00+00,,Monday to,Premises ,35,,251336,668689,906700027411,,2376 Dumbarton Road Glasgow G14 0QL ,,Yoker / Scotstoun,15,13,Garscadden/Scotstounhill,S02001964
260655,664061,385,On & Off,GC0756,The Windsor Bar 603/607 London Road Bridgeton Glasgow G40 1NE ,Rosemount Taverns Limited,Penelope Kennedy,2008/09/08 00:00:00+00,,On Sales ,Premises ,180,9.2,260655,664061,906700387338,,603 London Road Glasgow G40 1NE ,,Calton / Bridgeton,28,09,Calton,S02001894
258865,665170,386,On & Off,GC0770,O'Neill's 48 Union Street Glasgow G1 3QX  ,Mitchells & Butlers Retail Ltd,Andrew Davidson,2008/09/08 00:00:00+00,,On Sales ,Premises ,735,24,258865,665170,906700349150,,48 Union Street Glasgow G1 3QX ,,City Centre / Merchant City,29,10,Anderston/City/Yorkhill,S02001934
260720,667841,387,Off,GC0778,B & M Stores Unit B Springburn Shopping Centre 230 Springburn Way Glasgow G21 1TS,EV Retail Ltd,Christine Brown,2008/09/08 00:00:00+00,,Monday to,Premises ,,22.6,260720,667841,906700312307,,Unit B Springburn Shopping Centre 230 Springburn Way Glasgow G21 1TS ,,Springburn,24,17,Springburn/Robroyston,S02001922
267317,665956,388,Off,GC0807,Iceland Foods Limited Shandwick Square 14 Town Centre Easterhouse Glasgow G34 9DT,Iceland Foods Limited,Jon Dolan,2008/09/08 00:00:00+00,,Monday to,Premises ,,6,267317,665956,906700230320,,The Lochs Shopping Centre 14 Town Centre Glasgow G34 9DT ,,Easterhouse,16,21,North East,S02001907
258670,661486,389,On,GC0820,Sapori D'Italia 1102 Cathcart Road Glasgow G42 9EG  ,Bruno Imbriglia,Bruno Imbriglia,2008/09/08 00:00:00+00,,"Monday, C",Premises ,35,0,258670,661486,906700250228,,1102 Cathcart Road Glasgow G42 9EG ,,King's Park / Mount Florida,8,07,Langside,S02001887
256837.39,666086.460000001,390,On,GC0830,9 Radnor Street Glasgow G3 7UA   ,Lazy Sunday Limited,Kevin Currie,2008/09/08 00:00:00+00,,Monday to,Premises ,86,,256837.39,666086.46,906700085266,,9 Radnor Street Glasgow G3 7UA ,,Yorkhill / Anderston,31,10,Anderston/City/Yorkhill,S02001936
253279.86,662892.300000001,391,Off,GC0836,Nisa Local 27 Ladymuir Crescent Glasgow G53 5UE  ,Khalid Javed,Fatima Hussaina Binte Abdu,2008/09/08 00:00:00+00,,Monday to,Premises ,,7.1,253279.86,662892.3,906700284690,,27 Ladymuir Crescent Glasgow G53 5UE ,,Corkerhill / North Pollok,50,04,Cardonald,S02001849
252966,667680,392,Off,GC0838,1560 Dumbarton Road Glasgow G14 9DB   ,Sukhwinder Kang,Parmjit Kaur Kang,2008/09/08 00:00:00+00,,Monday to,Premises ,,23.5,252966,667680,906700031474,,1560 Dumbarton Road Glasgow G14 9DB ,,Yoker / Scotstoun,15,13,Garscadden/Scotstounhill,S02001963
264126,664039,393,On & Off,GC0860,The Shettleston Bowling Club 53 / 59 Culrain Street Glasgow G32 7AB  ,The Shettleston Bowling Club,,2008/09/08 00:00:00+00,,On Sales ,Premises ,140,3.5,264126,664039,906700155653,,Shetleston Bowling Club 53 Culrain Street Glasgow G32 7AB ,,Tollcross / West Shettleston,56,19,Shettleston,S02001911
262684,663453,394,On & Off,GC0864,Celtic Football Supporters Association Social Club 1524 London Road Glasgow G31 4QA  ,Celtic Football Club Supporters Asso,,2008/09/08 00:00:00+00,,On Sales ,Premises ,300,10,262684,663453,906700362359,,1524 London Road Glasgow G31 4QA ,,Parkhead / Dalmarnock,27,09,Calton,S02001896
258010,662766,395,Off,GC0876,633 Pollokshaws Road Glasgow G41 2QG   ,Lasma Silina,Gurdip Singh Samra,2008/09/08 00:00:00+00,,Monday to,Premises ,,19.43,258010,662766,906700293618,,633 Pollokshaws Road Glasgow G41 2QG ,,Govanhill,4,08,Southside Central,S02001868
262191,666964,396,Off,GC0883,327 Forge Street Glasgow G21 2AH   ,Jasneet Kaur Sangha,Joyati Sharma,2008/09/08 00:00:00+00,,Monday to,Premises ,,14,262191,666964,906700173022,,327 Forge Street Glasgow G21 2AH ,,Sighthill / Roystonhill / Germiston,23,22,Dennistoun,S02001926
263295,666342,397,Off,GC0889,256 Smithycroft Road Glasgow G33 2QZ   ,Sobia Sardar,Sobia Sardar,2008/09/08 00:00:00+00,,Monday to,Premises ,,13.1,263295,666342,906700107331,,256 Smithycroft Road Glasgow G33 2QZ ,,Riddrie / Cranhill,11,18,East Centre,S02001916
264552,664177,398,Off,GC0890,1177 Shettleston Road Glasgow G32 7NB   ,Glen Monarch Limited,Cheenu Vohra,2008/09/08 00:00:00+00,,Monday to,Premises ,,23,264552,664177,906700325837,,1177 Shettleston Road Glasgow G32 7NB ,,Tollcross / West Shettleston,56,19,Shettleston,S02001910
267317,665956,399,Off,GC0897,B & M Stores Shandwick Square 8A Town Centre Easterhouse Glasgow G34 9DT,EV Retail Ltd,Barbara Campbell,2008/09/08 00:00:00+00,,Monday to,Premises ,,31.7,267317,665956,906700228521,,The Lochs Shopping Centre 8A Town Centre Glasgow G34 9DT ,,Easterhouse,16,21,North East,S02001907
255230,663994,400,On & Off,GC0900,House for an Art Lover House For An Art Lover 10 Dumbreck Road Glasgow G41 5BW ,HAL Commercial Company Limited,Garry Paul Sanderson,2008/09/08 00:00:00+00,,On Sales ,Premises ,484,5,255230,663994,906700332803,,House For An Art Lover 10 Dumbreck Road Glasgow G41 5BW ,,Bellahouston / Craigton / Mosspark,52,06,Pollokshields,S02001858
259044,665684,401,On,GC0905,22 Bath Street Glasgow G2 1HB   ,Djamel Benouari,Djamel Benouari,2008/09/08 00:00:00+00,,Monday to,Premises ,48,5.1,259044,665684,906700353284,,22 Bath Street Glasgow G2 1HB ,,City Centre / Merchant City,29,10,Anderston/City/Yorkhill,S02001934
259187,665335,402,On & Off,GC0542,Barburrito 136 Queen Street Glasgow G1 3BX  ,Barburrito Group Ltd,Mark Andrew McEwan,2008/09/12 00:00:00+00,,On Sales ,Premises ,120,0.66,259187,665335,906700084455,,140 Queen Street Glasgow G1 3BX ,,City Centre / Merchant City,29,10,Anderston/City/Yorkhill,S02001932
252396,670598,403,On & Off,GC0546,Olivers 20 Drumchapel Road Glasgow G15 6QE  ,Olivers Lounge Limited,Karen Mullen,2008/09/12 00:00:00+00,,On Sales ,Premises ,450,8,252396,670598,906700034893,,20 Drumchapel Road Glasgow G15 6QE ,,Drumchapel,40,14,Drumchapel/Anniesland,S02001974
258650,665309,404,On,GC0547,The Rhoderick Dhu & The Ruag 21 Waterloo Street Glasgow G2 6BZ  ,Greene King Retailing Ltd,James Alexander Brown,2008/09/12 00:00:00+00,,Monday to,Premises ,358,27,258650,665309,906700109792,,21 Waterloo Street Glasgow G2 6BZ ,,City Centre / Merchant City,29,10,Anderston/City/Yorkhill,S02001934
258809,665610,405,On & Off,GC0583,Pot Still 154 Hope Street Glasgow G2 2TH  ,Iona Pub Partnership (Scotland) Ltd,Julia Fletcher Smith,2008/09/12 00:00:00+00,,On Sales ,Premises ,110,7.4,258809,665610,906700066790,,154 Hope Street Glasgow G2 2TH ,,City Centre / Merchant City,29,10,Anderston/City/Yorkhill,S02001934
251554,669159,406,On & Off,GC0588,Albion Motors Sports and Social club 320A Halley Street Glasgow G13 4DJ  ,Albion Motors Sports and Social Club,,2008/09/12 00:00:00+00,,On Sales ,Premises ,485,57.6,251554,669159,906700066579,,320A Halley Street Glasgow G13 4DJ ,,Knightswood,19,13,Garscadden/Scotstounhill,S02001964
254937,668943,407,Off,GC0609,Morrisons 900 Crow Road Glasgow G13 1JD  ,WM Morrison Supermarkets Plc,Alan James Johnstone,2008/09/12 00:00:00+00,,Monday to,Premises ,,318.06,254937,668943,906700031090,,Morrisons 900 Crow Road Glasgow G13 1JD ,,Temple / Anniesland,18,14,Drumchapel/Anniesland,S02001970
263926,663315,408,Off,GC0621,Shop Local 982 Tollcross Road Glasgow G32 8UP  ,Mr News Convenience Store Limited,Suthakaran Sivapatham,2008/09/12 00:00:00+00,,Monday to,Premises ,,5.1,263926,663315,906700226662,,982 Tollcross Road Glasgow G32 8UP ,,Tollcross / West Shettleston,56,19,Shettleston,S02001896
257508,666836,409,Off,GC0635,Sonny & Vito 52 Park Road Hillhead Glasgow G4 9JG ,Mario Pelosi,Vittorio Pelosi,2008/09/12 00:00:00+00,,Monday to,Premises ,20,2.4,257508,666836,906700089358,,52 Park Road Woodlands Glasgow G4 9JG ,,Hillhead / Woodlands,30,11,Hillhead,S02001937
252315,668099,410,Off,GC0661,839/841 Anniesland Road Glasgow G14 0YB   ,Adeel Iqbal,Adeel Iqbal,2008/09/12 00:00:00+00,,Monday to,Premises ,,25.6,252315,668099,906700004951,,839 Anniesland Road Glasgow G14 0YB ,,Yoker / Scotstoun,15,13,Garscadden/Scotstounhill,S02001963
259395,665281,411,On & Off,GC0687,Singl End 15 John Street Glasgow G1 1HP  ,Paolo Martone,Charles Dickie,2008/09/12 00:00:00+00,,On Sales ,Premises ,135,6.4,259395,665281,906700054044,,15 John Street Glasgow G1 1HP ,,City Centre / Merchant City,29,10,Anderston/City/Yorkhill,S02001932
256489,666866,412,On,GC0694,Maki & Ramen 130 / 132 Byres Road Glasgow G12 8TD  ,Byres Road Property Company Limited,Mehrotra Ishu,2008/09/12 00:00:00+00,,Monday to,Premises ,72,,256489,666866,906700020857,,132 Byres Road Glasgow G12 8TD ,,Hillhead / Woodlands,30,11,Hillhead,S02001952
259054,665187,413,On,GC0695,Zizzi The Terrace Princes Square 48 Buchanan Street Glasgow G1 3JN,Zizzi Restaurants Limited,Mateusz Wacior,2008/09/12 00:00:00+00,,Monday to,Premises ,170,,259054,665187,906700319319,,Basement 1 Princes Square 48 Buchanan Street City Centre Glasgow G1 3JN ,,City Centre / Merchant City,29,10,Anderston/City/Yorkhill,S02001934
254844,666651,414,On & Off,GC0700,Thornwood 724 Dumbarton Road Glasgow G11 6RB  ,Star Pubs Trading Limited,Kenneth Hamilton,2008/09/12 00:00:00+00,,On Sales ,Premises ,138,16.7,254844,666651,906700032539,,724 Dumbarton Road Glasgow G11 6RB ,,Broomhill / Partick West,33,12,Victoria Park,S02001954
257417,665721,415,On & Off,GC0702,Strip Joint - Pizza Place and Drink Monger 956 Argyle Street Glasgow G3 8LU  ,One Finn Leisure Limited,Jess Barbara Thompson,2008/09/12 00:00:00+00,,On Sales ,Premises ,194,20.7,257417,665721,906700007246,,956 Argyle Street Glasgow G3 8LU ,,Yorkhill / Anderston,31,10,Anderston/City/Yorkhill,S02001935
258281,665917,416,On,GC0712,Sichuan House 345 Sauchiehall Street Glasgow G2 3HW  ,Qicheng 2025 Limited,Yuanyuan Xue,2008/09/12 00:00:00+00,,Monday to,Premises ,154,,258281,665917,906700096591,,345 Sauchiehall Street Glasgow G2 3HW ,,City Centre / Merchant City,29,10,Anderston/City/Yorkhill,S02001933
257819,665980,417,On,GC0729,573/581 Sauchiehall Street Glasgow G3 7PQ   ,Amiz Ltd,Alessia Zito,2008/09/12 00:00:00+00,,Monday to,Premises ,150,,257819,665980,906700105343,,573 Sauchiehall Street Glasgow G3 7PQ ,,Yorkhill / Anderston,31,10,Anderston/City/Yorkhill,S02001935
257130,665977,418,On & Off,GC0736,Chimes of India 914 / 916 Sauchiehall Street Glasgow G3 7TF  ,Topaz Foods Limited,Vinod Sharma,2008/09/12 00:00:00+00,,On Sales ,Premises ,36,4.2,257130,665977,906700105358,,916 Sauchiehall Street Glasgow G3 7TF ,,Hillhead / Woodlands,30,10,Anderston/City/Yorkhill,S02001936
256044,666781,419,Off,GC0742,73 / 75 Hyndland Street Glasgow G11 5PS   ,Shabana Chaudhry,Shabana Chaudhry,2008/09/12 00:00:00+00,,Monday to,Premises ,,22.33,256044,666781,906700058205,,75 Hyndland Street Glasgow G11 5PS ,,Hyndland / Dowanhill / Partick East,32,23,Partick East/Kelvindale,S02001953
252939,671238,420,Off,GC0749,6 Rozelle Avenue Glasgow G15 7QR   ,One-O-One Convenience Stores Limited,Tracy-Anne Gough,2008/09/12 00:00:00+00,,Monday to,Premises ,,19.87,252939,671238,906700354530,,6 Rozelle Avenue Glasgow G15 7QR ,,Drumchapel,40,14,Drumchapel/Anniesland,S02001975
252153,669153,421,Off,GC0750,310 Dyke Road Glasgow G13 4QU   ,One-O-One Convenience Stores Limited,Carol McMullen,2008/09/12 00:00:00+00,,Monday to,Premises ,,32.2,252153,669153,906700047209,,310 Dyke Road Glasgow G13 4QU ,,Knightswood,19,13,Garscadden/Scotstounhill,S02001966
259272,665245,422,On,GC0764,Mercure Glasgow City 197 Ingram Street Glasgow G1 1DQ  ,Venus Hotels Limited,Angela Lennox,2008/09/12 00:00:00+00,,Monday to,Premises ,555,,259272,665245,906700054100,,201 Ingram Street Glasgow G1 1DQ ,,City Centre / Merchant City,29,10,Anderston/City/Yorkhill,S02001932
258669,665997,423,On & Off,GC0773,Fazzi Cafe & Deli 65/67 Cambridge Street Glasgow G3 6QX  ,Shuk Yan Ho,Hossein Honarian,2008/09/12 00:00:00+00,,On Sales ,Premises ,56,24,258669,665997,906700021545,,65 Cambridge Street Glasgow G3 6QX ,,City Centre / Merchant City,29,10,Anderston/City/Yorkhill,S02001933
256292,669524,424,On,GC0816,First and Last 1968 Maryhill Road Glasgow G20 0EF  ,LAL (Public House) Limited,Jane Young,2008/09/12 00:00:00+00,,Monday to,Premises ,140,,256292,669524,906700079189,,1972 Maryhill Road Glasgow G20 0EF ,,North Maryhill / Summerston,36,15,Maryhill,S02001946
258929.79,663943.039999999,425,On & Off,GC0852,Brazen Head 1/3 Cathcart Road Glasgow G42 7BE  ,Brazen Head Buying Limited ,Gianfranco Fraioli,2008/09/12 00:00:00+00,,On Sales ,Premises ,234,6.5,258929.79,663943.04,906700257139,,1 Cathcart Road Glasgow G42 7BE ,,Greater Gorbals,3,08,Southside Central,S02001890
258700,665339,426,On,GC0859,95 Hope Street Glasgow G2 6LL   ,Holmeblue Limited,Andrew Cox,2008/09/12 00:00:00+00,,Monday to,Premises ,277,,258700,665339,906700065891,,95 Hope Street Glasgow G2 6LL ,,City Centre / Merchant City,29,10,Anderston/City/Yorkhill,S02001934
252905,667721,427,Off,GC0871,Spar 1598 Dumbarton Road Glasgow G14 9DB  ,CJ Lang & Son Limited,Ankush Bhardwaj,2008/09/12 00:00:00+00,,Monday to,Premises ,,31,252905,667721,906700032368,,1598 Dumbarton Road Glasgow G14 9DB ,,Yoker / Scotstoun,15,13,Garscadden/Scotstounhill,S02001963
258147,665165,428,On,GC0885,Hallmark Hotels - Glasgow Spa Leisure 27 Washington Street Glasgow G3 8AZ  ,S. Glasgow Opco Limited,Barry Gabriel Van den berg,2008/09/12 00:00:00+00,,Monday to,Premises ,540,,258147,665165,906700114238,,Menzies Glasgow Hotel 27 Washington Street Glasgow G3 8AZ ,,City Centre / Merchant City,29,10,Anderston/City/Yorkhill,S02001934
256741,666097,429,Off,GC0887,3 Old Dumbarton Road Glasgow G3 8QY   ,Philip Teji,Jitender Singh Bhatti,2008/09/12 00:00:00+00,,Monday to,Premises ,,23.7,256741,666097,906700082337,,3 Old Dumbarton Road Glasgow G3 8QY ,,Yorkhill / Anderston,31,10,Anderston/City/Yorkhill,S02001936
256169,664537,430,Off,GC0888,64 Ibrox Street Glasgow G51 1SW   ,Rajinder Kaur Benning,Mayuri Loganathan,2008/09/12 00:00:00+00,,Monday to,Premises ,,12.7,256169,664537,906700331634,,64 Ibrox Street Glasgow G51 1SW ,,Ibrox / Kingston,2,05,Govan,S02001860
258104,665966,431,On,GC0552,Nice N Sleazy 421 Sauchiehall Street Glasgow G2 3LG  ,Nice N Sleazy Ltd,Ross Angus Watson,2008/09/15 00:00:00+00,,Monday to,Premises ,310,,258104,665966,906700103452,,421 Sauchiehall Street Glasgow G2 3LG ,,City Centre / Merchant City,29,10,Anderston/City/Yorkhill,S02001933
258048,666026,432,On,GC0568,Campus 528 Sauchiehall Street Glasgow G2 3LW  ,GLR Trading Limited,Andrew Donaghy Hay,2008/09/15 00:00:00+00,,Monday to,Premises ,780,,258048,666026,906700341890,,528 Sauchiehall Street Glasgow G2 3LW ,,City Centre / Merchant City,29,10,Anderston/City/Yorkhill,S02001933
258373,662085,433,On,GC0570,Queen's Park Bowling & Tennis Club 381 Langside Road Glasgow G42 8DA  ,Queen's Park Bowling and Tennis Club,,2008/09/15 00:00:00+00,,Monday to,Premises ,135,,258373,662085,906700280760,,Queen's Park Bowling/Tennis Club 381 Langside Road Glasgow G42 8DA ,,Langside / Battlefield,7,07,Langside,S02001867
259547,665139,434,On,GC0571,Turkiye Efes 97 Candleriggs Glasgow G1 1NP  ,TTC World Limited,Emre Denizli,2008/09/15 00:00:00+00,,Monday to,Premises ,227,,259547,665139,906700022048,,97 Candleriggs Glasgow G1 1NP ,,City Centre / Merchant City,29,10,Anderston/City/Yorkhill,S02001932
258526,661321,435,On,GC0594,Florida Park 318 Battlefield Road Glasgow G42 9JD  ,Hawthorn Leisure Scotco Limited,Elaine Ferrie,2008/09/15 00:00:00+00,,Monday to,Premises ,308,15.3,258526,661321,906700242867,,318 Battlefield Road Glasgow G42 9JD ,,King's Park / Mount Florida,8,07,Langside,S02001887
258591,665924,436,On,GC0598,Glasgow Film Theatre 12 Rose Street Glasgow G3 6QZ  ,Glasgow Film Theatre Limited,Campbell Robertson,2008/09/15 00:00:00+00,,Monday to,Premises ,705,,258591,665924,906700382954,,12 Rose Street Glasgow G3 6RB ,,City Centre / Merchant City,29,10,Anderston/City/Yorkhill,S02001933
258057,665978,437,On,GC0600,Shenanigans 453 Sauchiehall Street Glasgow G2 3LG  ,Mitchells & Butlers Retail Ltd,Allan Loughbridge,2008/09/15 00:00:00+00,,Monday to,Premises ,324,,258057,665978,906700104342,,453 Sauchiehall Street Glasgow G2 3LG ,,City Centre / Merchant City,29,10,Anderston/City/Yorkhill,S02001933
258637,660284,438,On & Off,GC0601,Old Smiddy 131 Old Castle Road Glasgow G44 5TJ  ,Stonegate Pub Company Limited,Michael Patrick Owen O'Don,2008/09/15 00:00:00+00,,On Sales ,Premises ,255,13.6,258637,660284,906700289244,,131 Old Castle Road Glasgow G44 5TJ ,,Cathcart / Simshill,9,01,Linn,S02001879
258668,665738,439,On & Off,GC0608,Abode Hotel 129 Bath Street Glasgow G2 2SZ  ,Arthouse Glasgow Propco Limited,Sonya Pavlova,2008/09/15 00:00:00+00,,On Sales ,Premises ,440,,258668,665738,906700009752,,Abode Hotel 129 Bath Street Glasgow G2 2SZ ,,City Centre / Merchant City,29,10,Anderston/City/Yorkhill,S02001934
259837,665160,440,Off,GC0612,Aldi 132 High Street Glasgow G1 1PQ  ,Aldi Stores Limited ,Fraser Hamilton,2008/09/15 00:00:00+00,,Monday to,Premises ,,31.666716,259837,665160,906700405208,,132 High Street Glasgow G1 1PQ ,,Calton / Bridgeton,28,09,Calton,S02001931
257393,666990,441,Off,GC0630,Valhalla's Goat 449 Great Western Road Glasgow G12 8HH  ,A & M Giovanazzi,Elizabeth Ruth Weller,2008/09/15 00:00:00+00,,Monday to,Premises ,,101.11,257393,666990,906700056076,,449 Great Western Road Glasgow G12 8HH ,,Hillhead / Woodlands,30,11,Hillhead,S02001952
266625,663932,442,On & Off,GC0631,East End Fox 192 Glasgow Road Garrowhill Glasgow G69 6EU ,Greene King Brewing & Retailing Limi,Evelyn Marie McCrossan,2008/09/15 00:00:00+00,,On Sales ,Premises ,315,12,266625,663932,906700123430,,192 Glasgow Road Glasgow G69 6EU ,,Baillieston / Garrowhill,42,20,Baillieston,S02001902
253052,664488,443,Off,GC0671,Scotfresh 54/58 Allanton Drive Glasgow G52 2EU  ,CJ Lang & Son Limited,Stephen McNulty,2008/09/15 00:00:00+00,,Monday to,Premises ,,21.1,253052,664488,906700127207,,58 Allanton Drive Glasgow G52 2EU ,,North Cardonald / Penilee,49,04,Cardonald,S02001851
256262,663503,444,On & Off,GC0719,Sherbrook Castle Hotel 11 Sherbrooke Avenue Glasgow G41 4PG  ,Melfort Holdings Limited,William McLatchie,2008/09/15 00:00:00+00,,On Sales ,Premises ,300,12.3,256262,663503,906700206805,,Sherbrooke Castle Hotel 11 Sherbrooke Avenue Glasgow G41 4PG ,,Pollokshields West,53,06,Pollokshields,S02001863
259271,661140,445,On,GC0728,Kingswood Bowling Club 17 Kingsbrae Avenue Glasgow G44 4PP  ,Kingswood Bowling Club,,2008/09/15 00:00:00+00,,Monday to,Premises ,200,,259271,661140,906700286006,,Kingswood Bowling Club 17 Kingsbrae Avenue Glasgow G44 4PP ,,King's Park / Mount Florida,8,07,Langside,S02001887
259670,665200,446,On,GC0739,Italian Kitchen 64 Ingram Street Glasgow G1 1EX  ,New Globe Properties Ltd,Michelle Harvey,2008/09/15 00:00:00+00,,Monday to,Premises ,84,0,259670,665200,906700066164,,64 Ingram Street Glasgow G1 1EX ,,City Centre / Merchant City,29,10,Anderston/City/Yorkhill,S02001932
259646,665090,447,On & Off,GC0796,Six by Nico Merchant City 84-86 Albion Street City Centre Glasgow G1 1NY ,Windex PT Lic Limited,Laurel Kennedy ,2008/09/15 00:00:00+00,,On Sales ,Premises ,94,2.04,259646,665090,906700371143,,86 Albion Street City Centre Glasgow G1 1NY ,,City Centre / Merchant City,29,10,Anderston/City/Yorkhill,S02001932
259105,665143,448,On & Off,GC0815,Mikaku 45 Queen Street Glasgow G1 3EF  ,Universal Bars Limited,Aiden Sean McCurley McAtea,2008/09/15 00:00:00+00,,On Sales ,Premises ,150,1.6,259105,665143,906700081758,,45 Queen Street Glasgow G1 3EF ,,City Centre / Merchant City,29,10,Anderston/City/Yorkhill,S02001934
257520,660635,449,On & Off,GC0833,Newlands Lawn Tennis Club 18 Mochrum Road Glasgow G43 2QE  ,Newlands Lawn Tennis Club,,2008/09/15 00:00:00+00,,On Sales ,Premises ,120,7.2,257520,660635,906700411741,,Newlands Lawn Tennis Club 18 Mochrum Road Glasgow G43 2QE ,,Newlands / Cathcart,43,02,Newlands/Auldburn,S02001877
268245,664681,450,On,GC0845,Swinton Tavern 236 Swinton Road Glasgow G69 6DP  ,Kelsi Marie Chalmers Coyle,Frances Logan,2008/09/15 00:00:00+00,,Monday to,Premises ,150,22,268245,664681,906700384168,,236A Swinton Road Glasgow G69 6DP ,,Baillieston / Garrowhill,42,20,Baillieston,S02001903
258151,666706,451,On,GC0848,Raunak Raseeli India 8/10 Clarendon Street Glasgow G20 7QP  ,Fabrice Bresulier ,Rohit Sajwan,2008/09/15 00:00:00+00,,Monday to,Premises ,32,,258151,666706,906700024484,,10 Clarendon Street Glasgow G20 7QD ,,Hillhead / Woodlands,30,11,Hillhead,S02001938
262766,667243,452,On,GC0869,Verde 1159 Royston Road Glasgow G33 1EY  ,Gordon's LIC Limited,Joseph Gordon,2008/09/15 00:00:00+00,,Monday to,Premises ,195,,262766,667243,906700081989,,1159 Royston Road Glasgow G33 1EY ,,Blackhill / Hogganfield,22,21,North East,S02001917
258301,665913,453,On,GC0919,Firewater 341 Sauchiehall Street Glasgow G2 3HW  ,Consensus Capital (Property) Holding,Lisa Young MacDonald,2008/09/15 00:00:00+00,,Monday to,Premises ,435,,258301,665913,906700095836,,341 Sauchiehall Street Glasgow G2 3HW ,,City Centre / Merchant City,29,10,Anderston/City/Yorkhill,S02001933
256825,668830,454,On & Off,GC0257,The Punchbowl Tavern 1512 Maryhill Road Glasgow G20 9AD  ,Fiona Boyle,Fiona Boyle,2008/09/19 00:00:00+00,,On Sales ,Premises ,220,16,256825,668830,906700076490,,1512 Maryhill Road Glasgow G20 9AD ,,Maryhill Road Corridor,39,15,Maryhill,S02001948
256476,666848,455,On & Off,GC0297,116-122 Byres Road Glasgow G12 8TB   ,Byres Road Property Company Limited,Stephen James Lyons,2008/09/19 00:00:00+00,,On Sales ,Premises ,274,2.3,256476,666848,906700354660,,122 Byres Road Glasgow G12 8TB ,,Hillhead / Woodlands,30,11,Hillhead,S02001952
264272,664168,456,On & Off,GC0476,Marquis Bar 1082 Shettleston Road Glasgow G32 7PW  ,Punch Partnership Limited,Coleen Fiona Brodie,2008/09/19 00:00:00+00,,On Sales ,Premises ,119,2.9,264272,664168,906700209542,,1082 Shettleston Road Glasgow G32 7PW ,,Tollcross / West Shettleston,56,19,Shettleston,S02001911
258007.31,667019.24,457,On & Off,GC0545,Woodside Inn 239 Maryhill Road Glasgow G20 7YB  ,Shevies Limited,Paul Shevlane,2008/09/19 00:00:00+00,,On Sales ,Premises ,168,13.2,258007.31,667019.24,906700067946,,239 Maryhill Road Glasgow G20 7YB ,,Hillhead / Woodlands,30,11,Hillhead,S02001938
255821,666567,458,On & Off,GC0574,The Tenement 317 Dumbarton Road Glasgow G11 6AL  ,Iona Pub Partnership (Scotland) Ltd,Fiona McHugh,2008/09/19 00:00:00+00,,On Sales ,Premises ,186,7.4,255821,666567,906700028062,,317 Dumbarton Road Glasgow G11 6AL ,,Hyndland / Dowanhill / Partick East,32,23,Partick East/Kelvindale,S02001953
264653,667709,459,On & Off,GC0590,Real MacKay 1749 Cumbernauld Road Glasgow G33 1AA  ,Hawthorn Leisure Scotco Limited,Kelly Downie,2008/09/19 00:00:00+00,,On Sales ,Premises ,146,16.6,264653,667709,906700035445,,1749 Cumbernauld Road Glasgow G33 1AA ,,Blackhill / Hogganfield,22,21,North East,S02001918
257457,662278,460,On,GC0595,"Sweeney's, On The Park 962 Pollokshaws Road Glasgow G41 2ET  ",Brookline (Scotland) Limited,Sandy Kirkpatrick,2008/09/19 00:00:00+00,,Monday to,Premises ,170,,257457,662278,906700299482,,964 Pollokshaws Road Glasgow G41 2ET ,,Shawlands / Strathbungo,6,06,Pollokshields,S02001870
256127,666598,461,On,GC0632,Tofu Asian Fusion 184 Dumbarton Road Glasgow G11 6UN  ,Blenwell Limited,Christopher Johnson,2008/09/19 00:00:00+00,,Monday to,Premises ,80,,256127,666598,906700039256,,184 Dumbarton Road Glasgow G11 6UN ,,Hyndland / Dowanhill / Partick East,32,23,Partick East/Kelvindale,S02001953
256972,665990,462,On,GC0634,Park Bar 1202 Argyle Street Glasgow G3 8TE  ,Trust Inns Limited,Shaun McGinty,2008/09/19 00:00:00+00,,Monday to,Premises ,179,,256972,665990,906700004542,,1202 Argyle Street Glasgow G3 8TE ,,Yorkhill / Anderston,31,10,Anderston/City/Yorkhill,S02001936
257261,665813,463,On & Off,GC0639,The Dirty Duchess 1042 Argyle Street Glasgow G3 8LX  ,Star Pubs Trading Limited ,John Douglas Hannay,2008/09/19 00:00:00+00,,On Sales ,Premises ,110,7.9,257261,665813,906700006171,,1042 Argyle Street Glasgow G3 8LX ,,Yorkhill / Anderston,31,10,Anderston/City/Yorkhill,S02001935
259039,665920,464,On,GC0644,Di Maggio's Theatreland 163 West Nile Street Glasgow G2 2RL  ,Di Maggio's Restaurants Limited,Miquel Escruela Nunez,2008/09/19 00:00:00+00,,Monday to,Premises ,140,,259039,665920,906700358408,,163 West Nile Street Glasgow G1 2RL ,,City Centre / Merchant City,29,10,Anderston/City/Yorkhill,S02001934
258087,665971,465,On,GC0658,Box 431 Sauchiehall Street Glasgow G2 3LG  ,Positive Leisure Limited,Jack Alexander Donnelly,2008/09/19 00:00:00+00,,Monday to,Premises ,288,10.9,258087,665971,906700103562,,431 Sauchiehall Street Glasgow G2 3LG ,,City Centre / Merchant City,29,10,Anderston/City/Yorkhill,S02001933
262586,663973,466,On & Off,GC0676,Parkhead Bowling Club 111 Helenvale Street Glasgow G31 4TF  ,Parkhead Bowling Club,,2008/09/19 00:00:00+00,,On Sales ,Premises ,90,8,262586,663973,906700345682,,111 Helenvale Street Glasgow G31 4TF ,,Parkhead / Dalmarnock,27,09,Calton,S02001894
258176,665987,467,Off,GC0679,Tesco Express 458 Sauchiehall Street Glasgow G2 3JW  ,Tesco Stores Limited,Scott Bell,2008/09/19 00:00:00+00,,Monday to,Premises ,,38.1,258176,665987,906700412008,,458 Sauchiehall Street Glasgow G2 3LW ,,City Centre / Merchant City,29,10,Anderston/City/Yorkhill,S02001933
258876,665601,468,On & Off,GC0686,Maltman 61 Renfield Street Glasgow G2 1LF  ,Greene King Retailing Ltd,Noeleen Toland,2008/09/19 00:00:00+00,,On Sales ,Premises ,424,22.3,258876,665601,906700346636,,61 Renfield Street Glasgow G2 1LF ,,City Centre / Merchant City,29,10,Anderston/City/Yorkhill,S02001934
257916,665972,469,On,GC0701,Chinaski's 239 North Street Glasgow G3 7DL  ,Fergus McVicar,William Tombe,2008/09/19 00:00:00+00,,Monday to,Premises ,124,,257916,665972,906700339413,,239 North Street Glasgow G3 7DL ,,Yorkhill / Anderston,31,10,Anderston/City/Yorkhill,S02001935
251860,670543,470,On & Off,GC0714,Goodyear Sports and Social Club Goodyear Club 307 Duntreath Avenue Glasgow G15 6RU ,Goodyear Sports And Social Club,,2008/09/19 00:00:00+00,,On Sales ,Premises ,620,0,251860,670543,906700044500,,Goodyear Club 307 Duntreath Avenue Glasgow G15 6RU ,,Blairdardie,14,14,Drumchapel/Anniesland,S02001973
251725,670555,471,Off,GC0721,Sainsbury Store 20-22 Allerdyce Drive Great Western Retail Park Glasgow G15 6RY ,Sainsbury's SL Limited,Lynne Lilian Isobel Nimmo,2008/09/19 00:00:00+00,,Monday to,Premises ,,137.25,251725,670555,906700002208,,20 Allerdyce Drive Glasgow G15 6RY ,,Blairdardie,14,14,Drumchapel/Anniesland,S02001973
258901,665396,472,On & Off,GC0730,Trumans 14 Drury Street Glasgow G2 5AA  ,Partnership of Messrs P & R Randev,Poppy Smith,2008/09/19 00:00:00+00,,On Sales ,Premises ,195,5.3,258901,665396,906700035848,,14 Drury Street Glasgow G2 5AA ,,City Centre / Merchant City,29,10,Anderston/City/Yorkhill,S02001934
256872,661444,473,Off,GC0745,254 Kilmarnock Road Glasgow G43 2XS   ,Muhammad Farhan Siddique,Srikrishna Srinivasan,2008/09/19 00:00:00+00,,Monday to,Premises ,,23.7,256872,661444,906700279798,,254 Kilmarnock Road Glasgow G43 2XS ,,Shawlands / Strathbungo,6,06,Pollokshields,S02001873
255578,666828,474,On & Off,GC0759,West of Scotland Cricket Club 40 / 44 Peel Street Glasgow G11 5LU  ,West of Scotland Cricket Club,,2008/09/19 00:00:00+00,,On Sales ,Premises ,120,8.8,255578,666828,906700086812,,44 Peel Street Glasgow G11 5LU ,,Hyndland / Dowanhill / Partick East,32,23,Partick East/Kelvindale,S02001955
254671,667209,475,On & Off,GC0794,29 States 8 Norby Road Glasgow G11 7BN  ,Shri Vaishno Devi Ltd,Neeraj Dhatwalia,2008/09/19 00:00:00+00,,On Sales ,Premises ,60,2.7,254671,667209,906700086528,,8 Norby Road Glasgow G11 7BN ,,Broomhill / Partick West,33,12,Victoria Park,S02001959
266540,663942,476,On & Off,GC0829,Clachan Bar 183 Baillieston Road Glasgow G32 0TN  ,Lauchlan Publicans,Patrick Conroy,2008/09/19 00:00:00+00,,On Sales ,Premises ,280,23.3,266540,663942,906700123914,,Public House 183 Baillieston Road Sandyhills Glasgow G32 0TN ,,Baillieston / Garrowhill,42,20,Baillieston,S02001902
258736,665954,477,On & Off,GC0882,Double Tree by Hilton Glasgow Central 36 Cambridge Street Glasgow G2 3HN  ,DT Glasgow Opco Limited,Andrew James Deighan,2008/09/19 00:00:00+00,,On Sales ,Premises ,2705,73.5,258736,665954,906700021450,,Double Tree By Hilton 36 Cambridge Street Glasgow G2 3HN ,,City Centre / Merchant City,29,10,Anderston/City/Yorkhill,S02001933
258290,665956,478,On,GC0614,Berlinkys 396 Sauchiehall Street Glasgow G2 3JD  ,Stellar Property Group Ltd,Gavin Iain Clark,2008/09/22 00:00:00+00,,Monday to,Premises ,886,,258290,665956,906700096712,,396 Sauchiehall Street Glasgow G2 3JD ,,City Centre / Merchant City,29,10,Anderston/City/Yorkhill,S02001933
258581,665844,479,Off,GC0722,219 Sauchiehall Street Glasgow G2 3EX   ,M.S. Investments (Sauchiehall Street,Umar Rana,2008/09/22 00:00:00+00,,Monday to,Premises ,,18,258581,665844,906700339455,,219 Sauchiehall Street Glasgow G2 3EX ,,City Centre / Merchant City,29,10,Anderston/City/Yorkhill,S02001933
254337,668587,480,On & Off,GC0733,The Glasgow Academical Sports Club 21 Helensburgh Drive Glasgow G13 1RR  ,The Glasgow Academical Sports Club,,2008/09/22 00:00:00+00,,On Sales ,Premises ,250,1.44,254337,668587,906700062273,,The Glasgow Academical Club 45 Helensburgh Drive Glasgow G13 1RR ,,Anniesland / Jordanhill / Whiteinch,34,12,Victoria Park,S02001958
257120,666108,481,On,GC0758,The Polish Social and Educational Society General WL Sikorski's Memorial House 4 / 5 Parkgrove Terrace Gl,The Polish Social and Educational So,Piotr Padzik,2008/09/22 00:00:00+00,,Monday to,Premises ,180,,257120,666108,906700092176,,5 Parkgrove Terrace Glasgow G3 7SD ,,Hillhead / Woodlands,30,10,Anderston/City/Yorkhill,S02001936
259635,665050,482,On & Off,GC0795,Cafe Gandolfi 64 Albion Street City Centre Glasgow G1 1NY ,CG2026LIC,Katherine Heppell,2008/09/22 00:00:00+00,,On Sales ,Premises ,120,15.1,259635,665050,906700001221,,64 Albion Street City Centre Glasgow G1 1NY ,,City Centre / Merchant City,29,10,Anderston/City/Yorkhill,S02001932
255652,667291,483,On & Off,GC0847,The Hyndland Fox 41/43 Clarence Drive Glasgow G12 9QN  ,Merchant Properties Scotland Limited,Brandon Marwaha,2008/09/22 00:00:00+00,,On Sales ,Premises ,98,11.5,255652,667291,906700355741,,43 Clarence Drive Glasgow G12 9QN ,,Hyndland / Dowanhill / Partick East,32,23,Partick East/Kelvindale,S02001956
257539,662185,484,On,GC0513,G.O.A.L.S 941 Pollokshaws Road Glasgow G41 2QR  ,Northwind 5S Limited,Jennifer Ganson,2008/10/06 00:00:00+00,,Monday to,Premises ,87,,257539,662185,906700299466,,Recreation Centre 941 Pollokshaws Road Glasgow G41 2QR ,,Shawlands / Strathbungo,6,08,Southside Central,S02001868
262032,667609,485,Off,GC0514,Broomfield Retail Ltd 562 Broomfield Road Glasgow G21 3HN  ,Sajjanretail Ltd,Harjot Kaur,2008/10/06 00:00:00+00,,Monday to,Premises ,,20,262032,667609,906700143673,,562 Broomfield Road Glasgow G21 3HN ,,Balornock/ Barmulloch,26,17,Springburn/Robroyston,S02001920
259205,661227,486,Off,GC0523,Haddows 1009 Aikenhead Road Glasgow G44 4SF  ,William Raymond Weaver,Muhammad Usman Siddique,2008/10/06 00:00:00+00,,Monday to,Premises ,,17.5,259205,661227,906700378663,,1009 Aikenhead Road Glasgow G44 4SF ,,King's Park / Mount Florida,8,07,Langside,S02001887
258285,666630,487,Off,GC0526,Friendly Stores 332 St Georges Road Glasgow G3 6JR  ,NTM Enterprise Ltd,Maqaddes Nadeem,2008/10/06 00:00:00+00,,Monday to,Premises ,,9.8,258285,666630,906700098570,,332 St Georges Road Glasgow G3 6JR ,,Hillhead / Woodlands,30,11,Hillhead,S02001938
258313,660490,488,On & Off,GC0535,Beechings 34 Clarkston Road Glasgow G44 3QH  ,DLCR Limited,Celine Graham,2008/10/06 00:00:00+00,,On Sales ,Premises ,110,12.6,258313,660490,906700247825,,34 Clarkston Road Glasgow G44 3QH ,,Cathcart / Simshill,9,01,Linn,S02001877
256068,666537,489,On,GC0633,Carlton Bingo 201 Dumbarton Road Glasgow G11 6AA  ,Carlton Clubs Limited,George McTier,2008/10/06 00:00:00+00,,Monday to,Premises ,1205,,256068,666537,906700039372,,201 Dumbarton Road Glasgow G11 6AA ,,Hyndland / Dowanhill / Partick East,32,23,Partick East/Kelvindale,S02001953
258320,662417,490,On & Off,GC0685,The Rose Reilly 58 Albert Road Glasgow G42 8DN  ,Zahoor Ahmed,William Jamieson,2008/10/06 00:00:00+00,,On Sales ,Premises ,75,15.1,258320,662417,906700276500,,58 Albert Road Glasgow G42 8DN ,,Govanhill,4,08,Southside Central,S02001868
255976,667858,491,On,GC0717,Hotel du Vin Glasgow 1-5 Devonshire Gardens Glasgow G12 0UX  ,Hotel Du Vin Trading Limited,David Barkley,2008/10/06 00:00:00+00,,Monday to,Premises ,157,,255976,667858,906700029620,,1 Devonshire Gardens Glasgow G12 0UX ,,Hyndland / Dowanhill / Partick East,32,23,Partick East/Kelvindale,S02001958
257056,667190,492,Off,GC0735,Spar 629 Great Western Road Glasgow G12 8RE  ,Farooq Siddique,Farooq Siddique,2008/10/06 00:00:00+00,,Monday to,Premises ,,14.9,257056,667190,906700057747,,629 Great Western Road Glasgow G12 8RE ,,Hillhead / Woodlands,30,11,Hillhead,S02001952
257317,666845,493,On,GC0761,Tiffneys 61 Otago Street Glasgow G12 8PQ  ,Steak Speciality Limited,Julie Walters,2008/10/06 00:00:00+00,,Monday to,Premises ,60,,257317,666845,906700362620,,61 Otago Street Glasgow G12 8PQ ,,Hillhead / Woodlands,30,11,Hillhead,S02001952
258625,666896,494,On & Off,GC0767,The Tower 8 Possil Road Glasgow G4 9SY  ,Roundtoll Building Ltd,Margo Wilson,2008/10/06 00:00:00+00,,On Sales ,Premises ,68,5.8,258625,666896,906700083479,,8 Possil Road Glasgow G4 9SY ,,Hillhead / Woodlands,30,11,Hillhead,S02001938
259582,665025,495,On,GC0769,Blackfriars Basement & Lower Floor 36 Bell Street Glasgow G1 1LG  ,MPBB Group Limited,Leon Elliot James,2008/10/06 00:00:00+00,,Monday to,Premises ,195,,259582,665025,906700356817,,36 Bell Street Glasgow G1 1LG ,,City Centre / Merchant City,29,10,Anderston/City/Yorkhill,S02001932
256693,666220,496,On & Off,GC0772,Sandro's 1377 Argyle Street Glasgow G3 8AF  ,MVR Leisure Limited,,2008/10/06 00:00:00+00,,On Sales ,Premises ,106,7.5,256693,666220,906700007275,,1377 Argyle Street Glasgow G3 8AF ,,Yorkhill / Anderston,31,10,Anderston/City/Yorkhill,S02001936
258799,665059,497,On,GC0779,Sub Club Storey Basement 22 Jamaica Street Glasgow G1 4QD ,Good Foot Property Ltd,Ross Telford,2008/10/06 00:00:00+00,,Monday to,Premises ,410,,258799,665059,906700053913,,Storey Basement 22 Jamaica Street Glasgow G1 4QD ,,City Centre / Merchant City,29,10,Anderston/City/Yorkhill,S02001934
257699,663725,498,On,GC0825,Malagas Tapas 213 St Andrews Road Glasgow G41 1PD  ,Cristobal Gonzalez,Paul McNab,2008/10/06 00:00:00+00,,Monday to,Premises ,48,,257699,663725,906700207352,,213 St Andrews Road Glasgow G41 1PD ,,Pollokshields East,54,06,Pollokshields,S02001863
256641,666991,499,On & Off,GC0844,Vodka Wodka 31 and 35 Ashton Lane Glasgow G12 8SJ  ,Ghislaine Winning,Robbie McGrory,2008/10/06 00:00:00+00,,On Sales ,Premises ,124,7.2,256641,666991,906700006544,,31 Ashton Lane Glasgow G12 8SJ ,,Hillhead / Woodlands,30,11,Hillhead,S02001952
257870.44,664690.539999999,500,On,GC0853,Mecca Bingo Club 8 Springfield Quay Glasgow G5 8NP  ,Mecca Bingo Limited,Lynne Blair McMillan,2008/10/06 00:00:00+00,,Monday to,Premises ,2050,,257870.44,664690.54,906700206167,,8 Springfield Quay Glasgow G5 8NP ,,Ibrox / Kingston,2,05,Govan,S02001890
257916,665418,501,On,GC0855,Two Fat Ladies at the Buttery 652-654 Argyle Street Glasgow G3 8UF  ,Two Fat Ladies (Buttery) Limited ,Gavin Stuart Cuthbertson,2008/10/06 00:00:00+00,,Monday to,Premises ,152,0,257916,665418,906700006974,,654 Argyle Street Glasgow G3 8UF ,,Yorkhill / Anderston,31,10,Anderston/City/Yorkhill,S02001935
259054,665187,502,On & Off,GC0856,"Cafe Bar 1780 Unit C, Level 2 Princes Square 48 Buchanan Street Glasgow G1 3JX",LSS Licence Holding Limited,Kieran J Conner,2008/10/06 00:00:00+00,,On Sales ,Premises ,190,6.2,259054,665187,906700018409,,Unit C Level 2 Princes Square 48 Buchanan Street City Centre Glasgow G1 3JN ,,City Centre / Merchant City,29,10,Anderston/City/Yorkhill,S02001934
259473,665149,503,On,GC0868,106/108 Brunswick Street Glasgow G1 1TF   ,Alam Investments Scotland Ltd,Jamie Joseph McFadden,2008/10/06 00:00:00+00,,Monday to,Premises ,179,0,259473,665149,906700018498,,Brunswick Merchant City Hotel 108 Brunswick Street Glasgow G1 1TF ,,City Centre / Merchant City,29,10,Anderston/City/Yorkhill,S02001932
251796,670730,504,Off,GC0891,The Edrington Group Limited 2500 Great Western Road Glasgow G15 6RW  ,The Edrington Group Limited,Susan Newall,2008/10/06 00:00:00+00,,"Monday, 1",Premises ,,57.9,251796,670730,906700330468,,2500 Great Western Road Glasgow G15 6RW ,,Drumchapel,40,14,Drumchapel/Anniesland,S02001974
258697,665720,505,On & Off,GC0895,Fratelli Sarti 133 Wellington Street/ 121 Bath Street Glasgow G2 2XD  ,Sarti (Glasgow) Limited,Daniela Sarti Clelland,2008/10/06 00:00:00+00,,On Sales ,Premises ,165,48.3,258697,665720,906700111578,,133 Wellington Street Glasgow G2 2XD ,,City Centre / Merchant City,29,10,Anderston/City/Yorkhill,S02001934
258327,665787,506,On,GC0898,Novotel Glasgow Centre 181 Pitt Street Glasgow G2 4DT  ,Leopard Hotel 12 Limited,Janice Fisher,2008/10/06 00:00:00+00,,Monday to,Premises ,310,,258327,665787,906700367741,,181 Pitt Street Glasgow G2 4DT ,,City Centre / Merchant City,29,10,Anderston/City/Yorkhill,S02001933
259082,665367,507,On & Off,GC0903,Ralph & Finns 23 St Vincent Place Glasgow G1 2DT  ,Lease 23 Ltd,,2008/10/06 00:00:00+00,,On Sales ,Premises ,275,9,259082,665367,906700106647,,25 St Vincent Place Glasgow G1 2DT ,,City Centre / Merchant City,29,10,Anderston/City/Yorkhill,S02001934
257188,665251,508,On,GC0904,Campanile Hotel 10 Tunnel Street Glasgow G3 8HL  ,Forrest Hotels Limited,,2008/10/06 00:00:00+00,,Monday to,Premises ,721,,257188,665251,906700382682,,Campanile Hotel 10 Tunnel Street Glasgow G3 8HL ,,Yorkhill / Anderston,31,10,Anderston/City/Yorkhill,S02001936
258289,665788,509,On,GC0909,Ibis Hotel 214/232 West Regent Street Glasgow G2 4DQ  ,Leopard Hotel 12 Limited,Krzysztof Kaminski,2008/10/06 00:00:00+00,,Monday to,Premises ,310,,258289,665788,906700367743,,220 West Regent Street Glasgow G2 4DQ ,,City Centre / Merchant City,29,10,Anderston/City/Yorkhill,S02001933
257329,667766,510,On,GC0912,The BrewHaus 182 Queen Margaret Drive Glasgow G20 8NX  ,Forth Pubs Ltd,Luca Lo Bianco,2008/10/06 00:00:00+00,,Monday to,Premises ,150,21.6,257329,667766,906700094714,,182 Queen Margaret Drive Glasgow G20 8NX ,,Maryhill Road Corridor,39,11,Hillhead,S02001941
259155,667145,511,Off,GC0913,Booker Limited 154 Craighall Road Glasgow G4 9TD  ,Booker Limited,Brian McLeod,2008/10/06 00:00:00+00,,Monday to,Premises ,,903.84,259155,667145,906700032604,,154 Craighall Road Glasgow G4 9TD ,,Ruchill / Possilpark,38,16,Canal,S02001924
258636,665999,512,On,GC0918,Travelodge Glasgow Central Hotel 5-11 Hill Street Glasgow G3 6RP  ,Travelodge Hotels Limited ,Anna Olga Trymbulak,2008/10/06 00:00:00+00,,Monday to,Premises ,255,,258636,665999,906700054738,,Travelodge Glasgow Central 5 Hill Street Glasgow G3 6RP ,,City Centre / Merchant City,29,10,Anderston/City/Yorkhill,S02001933
255745,664598,513,Off,GC0515,Spar 182A Copland Road Glasgow G51 2UE  ,Sidhu Enterprises,Rasham Singh,2008/10/10 00:00:00+00,,Monday to,Premises ,,27.2,255745,664598,906700150392,,182A Copland Road Glasgow G51 2UN ,,Ibrox / Kingston,2,05,Govan,S02001860
255016,663229,514,On,GC0517,Mosspark Bowling Club 120 Mosspark Drive Glasgow G52 1LJ  ,Mosspark Bowling Club,,2008/10/10 00:00:00+00,,Monday to,Premises ,200,,255016,663229,906700279305,,120 Mosspark Drive Glasgow G52 1LJ ,,Bellahouston / Craigton / Mosspark,52,04,Cardonald,S02001858
254649,664073,515,Off,GC0518,Parkview Supermarket 1278 Paisley Road West Glasgow G52 1DP  ,Abhay Singh,Abhay Singh,2008/10/10 00:00:00+00,,Monday to,Premises ,,13,254649,664073,906700200398,,1278 Paisley Road West Glasgow G52 1DP ,,Bellahouston / Craigton / Mosspark,52,06,Pollokshields,S02001857
252372,664007,516,Off,GC0527,Nisa Local 54 Hillington Road South Glasgow G52 2AA  ,Khalid Javed,Claire Flannery,2008/10/10 00:00:00+00,,Monday to,Premises ,,30,252372,664007,906700165854,,54 Hillington Road South Glasgow G52 2AA ,,North Cardonald / Penilee,49,04,Cardonald,S02001854
256285,660266,517,On,GC0531,Hillpark Bowling & Tennis Club 48 Tinto Road Glasgow G43 2AH  ,Hillpark Bowling & Tennis Club,,2008/10/10 00:00:00+00,,Monday to,Premises ,120,,256285,660266,906700309263,,48 Tinto Road Glasgow G43 2AH ,,Pollokshaws / Mansewood,47,02,Newlands/Auldburn,S02001875
253359,663392,518,Off,GC0534,Nisa Day to Days 824 Mosspark Drive Glasgow G52 3DA  ,Fayzan Rashid,Bilal Aslam Malik,2008/10/10 00:00:00+00,,Monday to,Premises ,,24.2,253359,663392,906700203391,,824 Mosspark Drive Glasgow G52 3DA ,,Crookston /South Cardonald,51,04,Cardonald,S02001850
268138,663996,519,Off,GC0558,Lidl Great Britain Limited 180 Main Street Baillieston Glasgow G69 6AH ,Lidl Great Britain Limited,Rebecca Stirling,2008/10/10 00:00:00+00,,Monday to,Premises ,,60.9,268138,663996,906700318851,,180 Main Street Baillieston Glasgow G69 6AH ,,Baillieston / Garrowhill,42,20,Baillieston,S02001901
255519,664568,520,On,GC0613,"Main Stand, Ibrox Stadium Ibrox Stadium 150 Edmiston Drive Glasgow G51 2XD ",The Rangers Football Club Limited,Taylor Bolger,2008/10/10 00:00:00+00,,Monday to,Premises ,3299,,255519,664568,906700159613,,Ibrox Stadium 150 Edmiston Drive Glasgow G51 2XD ,,Ibrox / Kingston,2,05,Govan,S02001859
255641,664325,521,Off,GC0678,Ibrox Convenience 556 Paisley Road West Glasgow G51 1RF  ,Sanjeev Singh,Naeem Arif,2008/10/10 00:00:00+00,,Monday to,Premises ,,9.9,255641,664325,906700197618,,556 Paisley Road West Glasgow G51 1RF ,,Ibrox / Kingston,2,05,Govan,S02001860
254798,666670,522,On & Off,GC0810,734 Dumbarton Road Glasgow G11 6RD   ,The Glasgow Buttery Limited,Joss McKendrick,2008/10/10 00:00:00+00,,On Sales ,Premises ,44,5.5,254798,666670,906700032542,,734 Dumbarton Road Glasgow G11 6RD ,,Broomhill / Partick West,33,12,Victoria Park,S02001959
258831,665531,523,On,GC0819,Blue Dog Bowring Building 153 West George Street Glasgow G2 2JJ ,Jessiesgw23 Limited,David Charles Johnstone,2008/10/10 00:00:00+00,,Monday to,Premises ,189,,258831,665531,906700384203,,Bowring Building 153 West George Street Glasgow G2 2JJ ,,City Centre / Merchant City,29,10,Anderston/City/Yorkhill,S02001934
258129,665748,524,On,GC0822,Safestay Glasgow 27 Elmbank Street Glasgow G2 4PB  ,Safestay (Edinburgh) Hostel Limited,Tiago Maria Themudo Barata,2008/10/10 00:00:00+00,,Monday to,Premises ,60,,258129,665748,906700052546,,25 Elmbank Street Glasgow G2 4PB ,,City Centre / Merchant City,29,10,Anderston/City/Yorkhill,S02001933
259072,668029,525,On & Off,GC0865,281 Saracen Street Glasgow G22 5JX   ,Qin He,Qin He,2008/10/10 00:00:00+00,,On Sales ,Premises ,250,0,259072,668029,906700106100,,281 Saracen Street Glasgow G22 5JX ,,Ruchill / Possilpark,38,16,Canal,S02001942
256610,666151,526,On & Off,GC0236,67 Old Dumbarton Road Glasgow G3 8RF   ,Finematch Limited,Naomi Hart,2008/10/24 00:00:00+00,,On Sales ,Premises ,143,10.1,256610,666151,906700084135,,67 Old Dumbarton Road Glasgow G3 8RF ,,Yorkhill / Anderston,31,10,Anderston/City/Yorkhill,S02001936
258955,665260,527,On & Off,GC0525,Tabac 10 Mitchell Lane Glasgow G1 3NU  ,Lazzurri Group Ltd,Kirsty Lennon,2008/10/24 00:00:00+00,,On Sales ,Premises ,240,17.28,258955,665260,906700087208,,10 Mitchell Lane Glasgow G1 3NU ,,City Centre / Merchant City,29,10,Anderston/City/Yorkhill,S02001934
263938,663310,528,On & Off,GC0663,Bells Bar 990 Tollcross Road Glasgow G32 8UP  ,Anne Marie Crampshee,Anne Marie Crampshee,2008/10/24 00:00:00+00,,On Sales ,Premises ,60,12,263938,663310,906700228438,,990 Tollcross Road Glasgow G32 8UP ,,Tollcross / West Shettleston,56,19,Shettleston,S02001896
256615,666999,529,On & Off,GC0788,The Grosvenor Grosvenor Cinema 36 Ashton Lane Glasgow G12 8SJ ,Scotsman Group plc,Alanna Beattie,2008/10/24 00:00:00+00,,On Sales ,Premises ,869,15.7,256615,666999,906700006636,,24 Ashton Lane Glasgow G12 8SJ ,,Hillhead / Woodlands,30,11,Hillhead,S02001952
262630,664418,530,On,GC0804,Mecca Bingo Club 1221 Duke Street Glasgow G31 5NZ  ,Mecca Bingo Limited,Paul McGlinchey,2008/10/24 00:00:00+00,,Monday to,Premises ,2336,,262630,664418,906700152296,,Mecca Bingo Hall 1221 Duke Street Glasgow G31 5NZ ,,Tollcross / West Shettleston,56,19,Shettleston,S02001912
258671,664230,531,On,GC0908,O2 Glasgow Academy 121 Eglinton Street Glasgow G5 9NT  ,Academy Music Group Limited,Sean Rory Patrick Flanagan,2008/10/24 00:00:00+00,,Monday to,Premises ,2496,,258671,664230,906700268955,,121 Eglinton Street Glasgow G5 9NT ,,Greater Gorbals,3,08,Southside Central,S02001890
258751,665493,532,On & Off,GC0911,Roberta's 140 St Vincent Street Glasgow G2 5LA  ,Castlebrook Holdings Limited,Angelina McMillan,2008/10/24 00:00:00+00,,On Sales ,Premises ,155,16,258751,665493,906700095474,,140 St Vincent Street Glasgow G2 5LA ,,City Centre / Merchant City,29,10,Anderston/City/Yorkhill,S02001934
257702,664795,533,On,GC0915,Alea Casino 4A Springfield Quay Glasgow G5 8NP  ,London Clubs Glasgow Limited,Andrew James Coutts,2008/10/24 00:00:00+00,,Monday to,Premises ,1144,,257702,664795,906700409839,,4A Springfield Quay Glasgow G5 8NP ,,Ibrox / Kingston,2,05,Govan,S02001890
264148,662995,534,On & Off,GC0528,Elders Bar 72 Causewayside Street Glasgow G32 8LU  ,Robert McIntyre,Mary McNamee,2008/12/12 00:00:00+00,,On Sales ,Premises ,155,1.8,264148,662995,906700149318,,72 Causewayside Street Glasgow G32 8LU ,,Tollcross / West Shettleston,56,19,Shettleston,S02001896
266391,665318,535,Off,GC0529,Newhills Superstore Limited 25 / 27 Newhills Road Glasgow G33 4HH  ,One-O-One Convenience Stores Limited,Helen Farrell,2008/12/12 00:00:00+00,,Monday to,Premises ,,26.1,266391,665318,906700193995,,25 Newhills Road Glasgow G33 4HH ,,Springboig / Barlanark,41,20,Baillieston,S02001907
252103,661254,536,On & Off,GC0738,1357 / 1359 Barrhead Road Glasgow G53 7DA   ,Iceberg Enterprise Limited,Asif Sharif,2008/12/12 00:00:00+00,,On Sales ,Premises ,78,28.8,252103,661254,906700233818,,1359 Barrhead Road Glasgow G53 7DA ,,Priesthill / Househillwood,45,03,Greater Pollok,S02001848
254525,668448,537,On & Off,GC0840,The Glasgow High School Club 637 Crow Road Glasgow G13 1PL  ,The Glasgow High School Club,,2009/01/19 00:00:00+00,,On Sales ,Premises ,270,,254525,668448,906700026712,,Glasgow High School 637 Crow Road Glasgow G13 1PL ,,Anniesland / Jordanhill / Whiteinch,34,12,Victoria Park,S02001958
254386,664813,538,On,GC0930,Fairfield Bowling Club 85 Shieldhall Road Glasgow G52 4XA  ,Fairfield Bowling Club,,2009/01/19 00:00:00+00,,Monday to,Premises ,100,,254386,664813,906700219963,,85 Shieldhall Road Glasgow G51 4XA ,,Greater Govan,1,05,Govan,S02001857
265474,663455,539,On & Off,GC0932,Sandyhills Golf Club 223 Sandyhills Road Glasgow G32 9NA  ,Sandyhills Golf Club,,2009/01/19 00:00:00+00,,On Sales ,Premises ,140,3.67,265474,663455,906700385965,,House Sandyhills Golf Club 223 Sandyhills Road Glasgow G32 9NA ,,Mount Vernon / East Shettleston,55,19,Shettleston,S02001899
258647,669245,540,Off,GC0945,Lambhill Dairy and Newsagent 7/9 Kilfinan Street Glasgow G22 6QR  ,Baljinder Singh Bajwa,Sheikh Abid Yousaf,2009/01/19 00:00:00+00,,Monday to,Premises ,,17.5,258647,669245,906700070415,,7 Kilfinan Street Glasgow G22 6QR ,,Lambhill / Milton,35,16,Canal,S02001943
257138,665973,541,Off,GC0947,Kelvingrove Store 906/908 Sauchiehall Street Glasgow G3 7TE  ,Muhammad Ammaar,Muhammad Ammaar,2009/01/19 00:00:00+00,,Monday to,Premises ,,8.7,257138,665973,906700105355,,910 Sauchiehall Street Glasgow G3 7TF ,,Hillhead / Woodlands,30,10,Anderston/City/Yorkhill,S02001936
263019,663855,542,Off,GC0949,Nisa Express 360 Tollcross Road Glasgow G31 4XR  ,Muhammad Kaleem,Kashif Siraj,2009/01/19 00:00:00+00,,Monday to,Premises ,,16.9,263019,663855,906700218542,,360 Tollcross Road Glasgow G31 4XR ,,Parkhead / Dalmarnock,27,09,Calton,S02001895
259606,659872,543,On,GC0950,Croftfoot Bowling Club 5 Thorncroft Drive Glasgow G44 5HW  ,Croftfoot Bowling Club,,2009/01/19 00:00:00+00,,Monday to,Premises ,200,,259606,659872,906700315700,,3 Thorncroft Drive Glasgow G44 5HW ,,Croftfoot,10,01,Linn,S02001883
255440,667385,544,Off,GC0956,100 Clarence Drive Glasgow G12 9RN   ,The Firm of Singh & Kaur,Daljit Singh,2009/01/19 00:00:00+00,,Monday to,Premises ,,10.2,255440,667385,906700025180,,100 Clarence Drive Glasgow G12 9RN ,,Hyndland / Dowanhill / Partick East,32,23,Partick East/Kelvindale,S02001956
256267,666529,545,On,GC0957,120 Dumbarton Road Glasgow G11 6NY   ,Chao Niu,Yihang Sun,2009/01/19 00:00:00+00,,Monday to,Premises ,50,,256267,666529,906700037578,,120 Dumbarton Road Glasgow G11 6NY ,,Hyndland / Dowanhill / Partick East,32,23,Partick East/Kelvindale,S02001953
254903,669198,546,On,GC0958,I-Chai 1015 Crow Road Glasgow G13 1JP  ,Chia Fay Lee,Tik Hung,2009/01/19 00:00:00+00,,Monday to,Premises ,30,2.1,254903,669198,906700037097,,1015 Crow Road Glasgow G13 1JP ,,Temple / Anniesland,18,14,Drumchapel/Anniesland,S02001970
259006,664874,547,On,GC0961,The 32 Counties 72 Howard Street Glasgow G1 4EE  ,The 32 Counties Limited,Mairi Pauline Currie,2009/01/19 00:00:00+00,,Monday to,Premises ,106,7,259006,664874,906700060018,,72 Howard Street Glasgow G1 4EE ,,City Centre / Merchant City,29,10,Anderston/City/Yorkhill,S02001934
259295,660334,548,On,GC0962,Church of Christ the King Church Hall 220 Carmunnock Road Glasgow G44 5AP ,CTK Hall Limited,Mary Anne Toland,2009/01/19 00:00:00+00,,Monday to,Premises ,210,,259295,660334,906700357993,,Church Of Christ The King 220 Carmunnock Road Glasgow G44 5AP ,,Cathcart / Simshill,9,01,Linn,S02001886
261363,665344,549,Off,GC0975,Armadale Store 97 Armadale Street Glasgow G31 2PS  ,Satwant Kaur Cheema,Ajmer Singh Cheema,2009/01/19 00:00:00+00,,Monday to,Premises ,,19,261363,665344,906700133383,,97 Armadale Street Glasgow G31 2PS ,,Dennistoun,12,22,Dennistoun,S02001930
260558,667714,550,On & Off,GC0981,Shevlane's Bar 151 Springburn Way Glasgow G21 1DT  ,The Firm of Shevlane's Bar,,2009/01/19 00:00:00+00,,On Sales ,Premises ,112,5,260558,667714,906700219124,,151 Springburn Way Glasgow G21 1DT ,,Springburn,24,17,Springburn/Robroyston,S02001922
258990,665868,551,On,GC0982,Little Vietnam 24 Renfrew Street Glasgow G2 3BW  ,Thanh Ngan Ltd,Thi Hoai Houng Nguyen,2009/01/19 00:00:00+00,,Monday to,Premises ,112,,258990,665868,906700388629,,24 Renfrew Street Glasgow G2 3BW ,,City Centre / Merchant City,29,10,Anderston/City/Yorkhill,S02001934
257397,667033,552,Off,GC0984,Co-op 470 Great Western Road Glasgow G12 8EW  ,Co-operative Group Food Limited,Duncan Alastair Rainey ,2009/01/19 00:00:00+00,,Monday to,Premises ,,24.41,257397,667033,906700366589,,470 Great Western Road Glasgow G12 8EW ,,Hillhead / Woodlands,30,11,Hillhead,S02001939
259525.95,664993.060000001,553,On,GC0986,Merchant on Candleriggs 20 Candleriggs Glasgow G1 1LD  ,John Wilson,Paul Robertson,2009/01/19 00:00:00+00,,Monday to,Premises ,189,,259525.95,664993.06,906700021801,,20 Candleriggs Glasgow G1 1LD ,,City Centre / Merchant City,29,10,Anderston/City/Yorkhill,S02001932
262138,664954,554,Off,GC0999,J&C Mini Origin Ltd 953 Duke Street Glasgow G31 1LZ  ,Sayeida Bi,Consalvee Charles,2009/01/19 00:00:00+00,,Monday to,Premises ,,8.1,262138,664954,906700036541,,953 Duke Street Glasgow G31 1LZ ,,Haghill / Carntyne,13,22,Dennistoun,S02001929
257287,662138,555,Off,GC1005,Co-operative Group Limited 1060 Pollokshaws Road Glasgow G41 3EB  ,Co-operative Group Food Limited,Michael Duffin,2009/01/19 00:00:00+00,,Monday to,Premises ,,47.255,257287,662138,906700293662,,1060 Pollokshaws Road Glasgow G41 3EA ,,Shawlands / Strathbungo,6,06,Pollokshields,S02001870
264416,664151,556,Off,GC1008,Greens of Shettleston 1158 Shettleston Road Glasgow G32 7PQ  ,Greens Retail Ltd,Susan Shewan,2009/01/19 00:00:00+00,,Monday to,Premises ,,28.4,264416,664151,906700211320,,1158 Shettleston Road Glasgow G32 7PQ ,,Tollcross / West Shettleston,56,19,Shettleston,S02001910
256995,665933,557,On,GC1009,Thai Siam Ltd 1191 Argyle Street Glasgow G3 8TQ  ,Thai Siam Ltd,Juthamas Phanpeng,2009/01/19 00:00:00+00,,Monday to,Premises ,50,,256995,665933,906700004439,,1191 Argyle Street Glasgow G3 8TQ ,,Yorkhill / Anderston,31,10,Anderston/City/Yorkhill,S02001936
255175,666614,558,Off,GC1024,Costcutter 582 Dumbarton Road Glasgow G11 6RH  ,Parminder Singh,Parminder Singh,2009/01/19 00:00:00+00,,Monday to,Premises ,,12.8,255175,666614,906700028861,,584 Dumbarton Road Glasgow G11 6RH ,,Broomhill / Partick West,33,12,Victoria Park,S02001954
253951,662853,559,Off,GC1031,Samra's All You Need Store 27/29 Corkerhill Place Glasgow G52 1RU  ,Sabi Samra-Kaur ,Sabi Samra-Kaur ,2009/01/19 00:00:00+00,,Monday to,Premises ,,15.2,253951,662853,906700257970,,29 Corkerhill Place Glasgow G52 1RU ,,Corkerhill / North Pollok,50,04,Cardonald,S02001858
253909,669347,560,On,GC1032,Lodge Knightswood Glasgow No.1445 42 Priory Road Glasgow G13 2SZ  ,Lodge Knightswood Glasgow No.1445,,2009/01/19 00:00:00+00,,Monday to,Premises ,70,,253909,669347,906700082599,,40 Priory Road Glasgow G13 2SZ ,,Temple / Anniesland,18,14,Drumchapel/Anniesland,S02001971
258931,665807,561,On & Off,GC1039,Lauders 76 Sauchiehall Street Glasgow G2 3DE  ,Mitchells & Butlers Retail Ltd,Gregory Mathers,2009/01/19 00:00:00+00,,On Sales ,Premises ,334,17.5,258931,665807,906700107006,,76 Sauchiehall Street Glasgow G2 3DE ,,City Centre / Merchant City,29,10,Anderston/City/Yorkhill,S02001934
259277,665018,562,On & Off,GC1042,Marks & Spencer 12 Argyle Street Glasgow G2 8AA  ,Marks and Spencer PLC,Stephen O'Donnell,2009/01/19 00:00:00+00,,On Sales ,Premises ,288,80.28,259277,665018,906700005546,,12 Argyle Street Glasgow G2 8AA ,,City Centre / Merchant City,29,10,Anderston/City/Yorkhill,S02001932
267606,663525,563,Off,GC1048,105 Muirside Road Glasgow G69 7EN   ,Bashir Ahmed,Najma Ahmed,2009/01/19 00:00:00+00,,Monday to,Premises ,,10,267606,663525,906700125139,,105 Muirside Road Glasgow G69 7EN ,,Baillieston / Garrowhill,42,20,Baillieston,S02001900
258379,665880,564,On,GC1050,Romano's Restaurant 192 Pitt Street Glasgow G2 4DY  ,Karsiyakali Limited,Burak Soyusinmez,2009/01/19 00:00:00+00,,Monday to,Premises ,96,0,258379,665880,906700375348,,192 Pitt Street Glasgow G2 4DY ,,City Centre / Merchant City,29,10,Anderston/City/Yorkhill,S02001934
258293,666048,565,On,GC1053,The Rennie MacIntosh Hotel 218/220 Renfrew Street Glasgow G3 6TX  ,Rennie Mackintosh (Renfrew St.) Ltd,Margaret McSherry,2009/01/19 00:00:00+00,,Monday to,Premises ,60,,258293,666048,906700346641,,220 Renfrew Street Glasgow G3 6TX ,,City Centre / Merchant City,29,10,Anderston/City/Yorkhill,S02001933
261856,663929,566,Off,GC1059,The Celtic Superstore 18-20 Davaar Street Celtic Park Glasgow G40 3RE ,Celtic F.C. Limited,Alison Renwick,2009/01/19 00:00:00+00,,Monday to,Premises ,,3.95,261856,663929,906700315004,,Celtic Superstore 18 Davaar Street Glasgow G40 3RB ,,Parkhead / Dalmarnock,27,09,Calton,S02001894
260205,668230,567,Off,GC1061,621 Hawthorn Street Glasgow G22 6AZ   ,Samina Latif,Muhammad Asif Rehman,2009/01/19 00:00:00+00,,Monday to,Premises ,,11.1,260205,668230,906700174446,,621 Hawthorn Street Glasgow G22 6AZ ,,Springburn,24,17,Springburn/Robroyston,S02001923
261483,665003,568,On & Off,GC1062,The Crown Creighton Bar 476-480 Duke Street Glasgow G31 1QF  ,Thomas Bernard Joseph Kieran,Thomas Martin Kieran,2009/01/19 00:00:00+00,,On Sales ,Premises ,184,11,261483,665003,906700156676,,478 Duke Street Glasgow G31 1QF ,,Calton / Bridgeton,28,09,Calton,S02001929
254525,668448,569,On,GC1066,The Jimmie Ireland Stand Glasgow High School 637 Crow Road Glasgow G13 1PB ,The Glasgow High School Club,,2009/01/19 00:00:00+00,,Monday to,Premises ,250,,254525,668448,906700026712,,Glasgow High School 637 Crow Road Glasgow G13 1PL ,,Anniesland / Jordanhill / Whiteinch,34,12,Victoria Park,S02001958
258896,665296,570,On & Off,GC1072,Franco Manca 93 Mitchell Street Glasgow G1 3LN  ,Franco Manca 2 UK Limited,Michelle Louise Limb,2009/01/19 00:00:00+00,,On Sales ,Premises ,100,5.52,258896,665296,906700088109,,93 Mitchell Street Glasgow G1 3LN ,,City Centre / Merchant City,29,10,Anderston/City/Yorkhill,S02001934
253608,667122,571,On & Off,GC1091,Granny Gibbs 1305 Dumbarton Road Glasgow G14 9UY  ,Colin Beattie,Jayne Buckley,2009/01/19 00:00:00+00,,On Sales ,Premises ,120,7.6,253608,667122,906700031675,,1305 Dumbarton Road Glasgow G14 9UY ,,Anniesland / Jordanhill / Whiteinch,34,12,Victoria Park,S02001961
267942,662432,572,On & Off,GC1098,Black Bear Beefeater 2 Calderpark Street Glasgow G71 7SA  ,Alehouse (Lincoln) Limited,Demi Mcgiff,2009/01/19 00:00:00+00,,On Sales ,Premises ,350,5.3,267942,662432,906700494455,,Black Bear Restaurant 601 Hamilton Road Glasgow G71 7SA ,,Baillieston / Garrowhill,42,20,Baillieston,S02001901
256873,667293,573,On,GC1099,Cailbruich West 725 Great Western Road Glasgow G12 8QX  ,Cailbruich Restaurants Limited,Christopher Charalambous,2009/01/19 00:00:00+00,,Monday to,Premises ,52,,256873,667293,906700058530,,725 Great Western Road Glasgow G12 8QX ,,Hillhead / Woodlands,30,11,Hillhead,S02001952
259534,665037,574,On,GC1105,The Dhabba 44 Candleriggs Glasgow G1 1LE  ,Bapu Properties Limited,Kerala Harlharan Narayan,2009/01/23 00:00:00+00,,Monday to,Premises ,124,0,259534,665037,906700382617,,44 Candleriggs Glasgow G1 1LD ,,City Centre / Merchant City,29,10,Anderston/City/Yorkhill,S02001932
258876,665466,575,On,GC1114,La Masa Taco Bar 26A Renfield Street Glasgow G2 1LU  ,Andrew Forrest,Abbie Rose Anderson,2009/01/23 00:00:00+00,,Monday to,Premises ,38,,258876,665466,906700095014,,26A Renfield Street Glasgow G2 1LU ,,City Centre / Merchant City,29,10,Anderston/City/Yorkhill,S02001934
257765,669578,576,Off,GC1119,Cadder Supermarket 58 Skirsa Street Glasgow G23 5BA  ,Rakesh Kumar Dheer,Rakesh Kumar Dheer,2009/01/23 00:00:00+00,,Monday to,Premises ,,9.9,257765,669578,906700107182,,58 Skirsa Street Glasgow G23 5BA ,,Lambhill / Milton,35,16,Canal,S02001945
258982,665504,577,On,GC1130,Yo! Sushi 85 West George Street Glasgow G2 1QG  ,Flat Iron Steak Limited,Scott Andrew Frame,2009/01/23 00:00:00+00,,Monday to,Premises ,100,0,258982,665504,906700109808,,85 West George Street Glasgow G2 1QG ,,City Centre / Merchant City,29,10,Anderston/City/Yorkhill,S02001934
253363,661208,578,On & Off,GC1131,Wagamama Unit 32 Silverburn Shopping Centre 763 Barrhead Road Glasgow G53 6AG,Wagamama Limited,Jane Strang,2009/01/23 00:00:00+00,,On Sales ,Premises ,179,0,253363,661208,906700424826,,Unit 32 Silverburn Shopping Centre 763 Barrhead Road Glasgow G53 6AF ,,Priesthill / Househillwood,45,03,Greater Pollok,S02001845
256603,667039,579,Off,GC1133,Iceland Foods Limited 224/226 Byres Road Hillhead Glasgow G12 8SH ,Iceland Foods Limited,Martin Lafferty,2009/01/23 00:00:00+00,,Monday to,Premises ,,16.6,256603,667039,906700382972,,226 Byres Road Glasgow G12 8SH ,,Hillhead / Woodlands,30,11,Hillhead,S02001957
257534,666910,580,Off,GC1146,The Cave 421 Great Western Road Glasgow G4 9JA  ,The Gillespie Partnership,Adrian Gillespie,2009/01/23 00:00:00+00,,Monday to,Premises ,,28.4,257534,666910,906700055968,,421 Great Western Road Glasgow G4 9JA ,,Hillhead / Woodlands,30,11,Hillhead,S02001937
256755,667240,581,On,GC1159,Six by Nico 360 Byres Road Glasgow G12 8AW  ,Six by Nico (Holdings) Limited ,Jessica Jayne Duncan,2009/01/23 00:00:00+00,,Monday to,Premises ,192,24,256755,667240,906700017921,,360 Byres Road Glasgow G12 8AW ,,Hillhead / Woodlands,30,11,Hillhead,S02001957
260986,664657,582,Off,GC1173,599-601 Gallowgate Glasgow G40 2PF   ,Betta (Scotland) Ltd,Sri Harsha Akula,2009/01/23 00:00:00+00,,Monday to,Premises ,,8,260986,664657,906700169716,,593 Gallowgate Glasgow G40 2PE ,,Calton / Bridgeton,28,09,Calton,S02001894
255867,667592,583,On & Off,GC1182,70 Hyndland Road Glasgow G12 9UT   ,The Partnership of Marco and Angela ,Marco Stevenson,2009/01/23 00:00:00+00,,Monday to,Premises ,120,6,255867,667592,906700059977,,70 Hyndland Road Glasgow G12 9UT ,,Hyndland / Dowanhill / Partick East,32,23,Partick East/Kelvindale,S02001957
256715,667159,584,On,GC1188,Cafe Andaluz 2 Cresswell Lane Glasgow G12 8AA  ,Cafe Andaluz Restaurants Limited,Umberto Chiappe,2009/01/23 00:00:00+00,,Monday to,Premises ,125,0,256715,667159,906700027683,,2 Cresswell Lane Glasgow G12 8AA ,,Hillhead / Woodlands,30,11,Hillhead,S02001952
255296,668757,585,Off,GC1189,164/170 Dorchester Avenue Kelvindale Glasgow G12 0DZ  ,CJ Lang & Son Limited,Dhanwantjot Sidhu,2009/01/23 00:00:00+00,,Monday to,Premises ,,35,255296,668757,906700026966,,170 Dorchester Avenue Glasgow G12 0DZ ,,Kelvindale / Kelvinside,37,23,Partick East/Kelvindale,S02001970
259000,665865,586,On & Off,GC1190,Intermezzo 22 Renfrew Street Glasgow G2 3BW  ,Thistle Taverns Limited,Elizabeth Teresa Logan,2009/01/23 00:00:00+00,,On Sales ,Premises ,75,6,259000,665865,906700088858,,22 Renfrew Street Glasgow G2 3BW ,,City Centre / Merchant City,29,10,Anderston/City/Yorkhill,S02001934
268246,664088,587,On & Off,GC1196,China Palace 224 Main Street Baillieston Glasgow G69 6AG ,Yuk Kam Tai,Lee Hung Liong,2009/01/23 00:00:00+00,,On Sales ,Premises ,175,6.5,268246,664088,906700125115,,224 Main Street Baillieston Glasgow G69 6AG ,,Baillieston / Garrowhill,42,20,Baillieston,S02001901
257402,666993,588,On,GC1200,La Lanterna West End 445 / 447 Great Western Road Glasgow G12 8HH  ,A & M Giovanazzi,Claudia Conreno,2009/01/23 00:00:00+00,,Monday to,Premises ,72,,257402,666993,906700056075,,447 Great Western Road Glasgow G12 8HH ,,Hillhead / Woodlands,30,11,Hillhead,S02001952
253363,661208,589,On & Off,GC1209,The Real Greek Unit X1 Silverburn Shopping Centre 763 Barrhead Road Glasgow G53 6AG,The Real Greek Food Company Limited,John Robert Mulhern,2009/01/23 00:00:00+00,,On Sales ,Premises ,200,0,253363,661208,906700421188,,Unit 1 Silverburn Shopping Centre 763 Barrhead Road Glasgow G53 6AG ,,Priesthill / Househillwood,45,03,Greater Pollok,S02001845
260617,664481,590,Off,GC1210,144 Abercromby Street Glasgow G40 2SA   ,Rajinder Kaur Benning,Ekaterina Golozubtseva,2009/01/23 00:00:00+00,,Monday to,Premises ,,16,260617,664481,906700127993,,144 Abercromby Street Glasgow G40 2SA ,,Calton / Bridgeton,28,09,Calton,S02001894
258409,665169,591,On,GC1212,The Duke's Umbrella 363 Argyle Street Glasgow G2 8LT  ,Great Coffee Limited,Paula Hutchinson,2009/01/23 00:00:00+00,,Monday to,Premises ,137,,258409,665169,906700004747,,363 Argyle Street Glasgow G2 8LT ,,City Centre / Merchant City,29,10,Anderston/City/Yorkhill,S02001934
257232,662070,592,On,GC1219,Linen 1110 Pollokshaws Road Glasgow G41 3XA  ,Linen 1906 Limited,Carmine Capaldi,2009/01/23 00:00:00+00,,Monday to,Premises ,89,,257232,662070,906700299657,,1110 Pollokshaws Road Glasgow G41 3XA ,,Shawlands / Strathbungo,6,06,Pollokshields,S02001870
255960,670280,593,Off,GC1220,120 Acre Road Glasgow G20 0TN   ,Mukesh Bagha,Amreen Nazam,2009/01/23 00:00:00+00,,Monday to,Premises ,,9.4,255960,670280,906700001789,,120 Acre Road Glasgow G20 0TN ,,North Maryhill / Summerston,36,15,Maryhill,S02001946
250936,670941,594,Off,GC1228,309 Drumry Road East Glasgow G15 8PA   ,One-O-One Convenience Stores Limited,Graham Robertson Hodge,2009/01/23 00:00:00+00,,Monday to,Premises ,,21.34,250936,670941,906700035755,,309 Drumry Road East Glasgow G15 8PA ,,Drumchapel,40,14,Drumchapel/Anniesland,S02001977
259466,659741,595,Off,GC1229,365 Carmunnock Road Glasgow G44 5HH   ,One-O-One Convenience Stores Limited,Jacqueline Galt,2009/01/23 00:00:00+00,,Monday to,Premises ,,22.77,259466,659741,906700260782,,365 Carmunnock Road Glasgow G44 5HH ,,Croftfoot,10,01,Linn,S02001883
261139,667755,596,Off,GC1239,4/8 Broomknowes Road Glasgow G21 4YE   ,One-O-One Convenience Stores Limited,Peter Boyle,2009/01/23 00:00:00+00,,Monday to,Premises ,,21.5,261139,667755,906700144558,,6 Broomknowes Road Glasgow G21 4YE ,,Springburn,24,17,Springburn/Robroyston,S02001922
264644,666545,597,Off,GC1240,ONE O ONE 429 Gartloch Road Glasgow G33 3TH  ,One-O-One Convenience Stores Limited,,2009/01/23 00:00:00+00,,Monday to,Premises ,,22.04,264644,666545,906700349790,,429 Gartloch Road Glasgow G33 3TH ,,Ruchazie / Garthamlock,17,21,North East,S02001916
260545,665246,598,Off,GC1245,Tennent Caledonian Breweries Staff Shop 161 Duke Street Glasgow G31 1JD ,Tennent Caledonian Breweries UK Limi,Callum James McCormack,2009/01/23 00:00:00+00,,Monday to,Premises ,,46,260545,665246,906700378791,,161 Duke Street Glasgow G31 1JD ,,Dennistoun,12,22,Dennistoun,S02001932
256907,664482,599,On & Off,GC1269,The Bellrock 4-6 Cornwall Street Kinningpark Glasgow G41 1AQ ,Trust Inns Limited,Diane Daniels,2009/01/23 00:00:00+00,,On Sales ,Premises ,134,7.6,256907,664482,906700155333,,6 Cornwall Street Glasgow G41 1AQ ,,Ibrox / Kingston,2,05,Govan,S02001861
262645,665637,600,On,GC1270,NB Riddrie 722 Cumbernauld Road Glasgow G33 2ES  ,N B Leisure Limited,James O'Neil,2009/01/23 00:00:00+00,,Monday to,Premises ,1102,,262645,665637,906700038127,,722 Cumbernauld Road Glasgow G33 2ES ,,Riddrie / Cranhill,11,18,East Centre,S02001913
255903,666566,601,On,GC1275,Pho 79 Authentic Vietnamese Street Food 279 Dumbarton Road Glasgow G11 6AB  ,Neil Thomas McAteer,Neil Thomas McAteer,2009/01/23 00:00:00+00,,Monday to,Premises ,35,,255903,666566,906700317935,,279 Dumbarton Road Glasgow G11 6AB ,,Hyndland / Dowanhill / Partick East,32,23,Partick East/Kelvindale,S02001953
258925,665268,602,On & Off,GC1280,Ross's Bar 78 Mitchell Street Glasgow G1 3NA  ,Partnership of Messrs P & R Randev,John William Rafferty,2009/01/23 00:00:00+00,,On Sales ,Premises ,135,39.2,258925,665268,906700087322,,78 Mitchell Street Glasgow G1 3NA ,,City Centre / Merchant City,29,10,Anderston/City/Yorkhill,S02001934
258869,666025,603,On,GC1281,MacConnells 335 Hope Street Glasgow G2 3PT  ,Abertaverns Ltd,,2009/01/23 00:00:00+00,,Monday to,Premises ,255,,258869,666025,906700054713,,335 Hope Street Glasgow G2 3PT ,,City Centre / Merchant City,29,10,Anderston/City/Yorkhill,S02001933
259032,665872,604,On & Off,GC1285,The Holiday Inn The Holiday Inn 161 West Nile Street Glasgow G1 2RL ,Chardon Leisure Limited,Lynsey Anne Crawford,2009/01/23 00:00:00+00,,On Sales ,Premises ,375,11.3,259032,665872,906700118671,,161 West Nile Street Glasgow G1 2RL ,,City Centre / Merchant City,29,10,Anderston/City/Yorkhill,S02001934
255768,661171,605,On,GC0941,Pollokshaws Bowling Club 2114 Pollokshaws Road Glasgow G43 1AT  ,Pollokshaws Bowling Club,,2009/01/26 00:00:00+00,,Monday to,Premises ,150,,255768,661171,906700201471,,2114 Pollokshaws Road Glasgow G43 1AT ,,Pollokshaws / Mansewood,47,02,Newlands/Auldburn,S02001873
254388,660183,606,Off,GC0946,The Hut Licensed Grocers 467 Boydstone Road Glasgow G46 8HN  ,Arslan Rashid,Rubbiya Waheed,2009/01/26 00:00:00+00,,Monday to,Premises ,,19.58,254388,660183,906700244338,,467 Boydstone Road Glasgow G46 8HN ,,Arden / Carnwadric,48,02,Newlands/Auldburn,S02001874
259279.17,669839.390000001,607,Off,GC0953,43/45 Skerray Street Glasgow G22 7PY   ,Nasreem Mohammed,Asif Mohammed,2009/01/26 00:00:00+00,,Monday to,Premises ,,15,259279.17,669839.39,906700102952,,43 Skerray Street Glasgow G22 7PY ,,Lambhill / Milton,35,16,Canal,S02001944
263195,666000,608,On,GC0954,Riddrie Bowling Club 90 Smithycroft Road Glasgow G33 2RQ  ,Riddrie Bowling Club,,2009/01/26 00:00:00+00,,Monday to,Premises ,194,,263195,666000,906700380632,,Riddrie Car Sales 90 Smithycroft Road Glasgow G33 2RQ ,,Riddrie / Cranhill,11,18,East Centre,S02001916
258339,665909,609,On,GC0974,Dun Dun Xiang 319/321 Sauchiehall Street Glasgow G2 3HW  ,T. R. Properties Ltd,Kar Shun Chan,2009/01/26 00:00:00+00,,Monday to,Premises ,110,4,258339,665909,906700424066,,Storey Ground 321 Sauchiehall Street Glasgow G2 3HW ,,City Centre / Merchant City,29,10,Anderston/City/Yorkhill,S02001933
256393,661284,610,Off,GC0995,Lidl Great Britain Limited 30 Riverford Road Glasgow G43 1PX  ,Lidl Great Britain Limited,Muhammad Rafique,2009/01/26 00:00:00+00,,Monday to,Premises ,,70.74,256393,661284,906700403062,,32 Riverbank Street Glasgow G43 1QG ,,Pollokshaws / Mansewood,47,02,Newlands/Auldburn,S02001873
260493,660241,611,Off,GC1014,Croft Licensed Grocers 497 Castlemilk Road Glasgow G44 5LX  ,Asim Ali Akhtar,Abdul Shakoor,2009/01/26 00:00:00+00,,Monday to,Premises ,,10.5,260493,660241,906700251758,,497 Castlemilk Road Glasgow G44 5LX ,,Croftfoot,10,01,Linn,S02001884
259233,664756,612,On & Off,GC1017,Scotia Bar 114 Stockwell Street Glasgow G1 4LW  ,Greene King Brewing & Retailing Limi,Victoria Helen Clark,2009/01/26 00:00:00+00,,On Sales ,Premises ,144,10.9,259233,664756,906700098062,,114 Stockwell Street Glasgow G1 4LW ,,City Centre / Merchant City,29,10,Anderston/City/Yorkhill,S02001934
257004,662018,613,On,GC1020,Shawlands Bowling Club 1154 Pollokshaws Road Glasgow G41 3QP  ,Shawlands Bowling Club,,2009/01/26 00:00:00+00,,Monday to,Premises ,130,,257004,662018,906700336301,,1154 Pollokshaws Road Glasgow G41 3QP ,,Shawlands / Strathbungo,6,06,Pollokshields,S02001870
257286,662074,614,On & Off,GC1021,Georgic 1097 Pollokshaws Road Glasgow G41 3YG  ,Greene King Retailing Ltd,Ashley Patricia Wilson McC,2009/01/26 00:00:00+00,,On Sales ,Premises ,135,16.8,257286,662074,906700297881,,1097 Pollokshaws Road Glasgow G41 3YG ,,Langside / Battlefield,7,07,Langside,S02001871
262402,664487,615,Off,GC1022,ASDA Store The Forge 1300 Duke Street Glasgow G31 4EB ,Asda Stores Limited,Richard Robert Barr,2009/01/26 00:00:00+00,,Monday to,Premises ,,179,262402,664487,906700385572,,ASDA Store Cafe The Forge 1221 Gallowgate Glasgow G31 4EB ,,Parkhead / Dalmarnock,27,09,Calton,S02001894
262654,665723,616,Off,GC1043,Spar 743 Cumbernauld Road Glasgow G33 2EP  ,CJ Lang & Son Limited,Megan Cochrane,2009/01/26 00:00:00+00,,Monday to,Premises ,,13.3,262654,665723,906700038247,,743 Cumbernauld Road Glasgow G33 2EP ,,Riddrie / Cranhill,11,18,East Centre,S02001913
257306,666729,617,Off,GC1296,20/22 Gibson Street Glasgow G12 8NX   ,Amardeep Singh Kooner,Amardeep Singh Kooner,2009/01/26 00:00:00+00,,Monday to,Premises ,,12.625,257306,666729,906700044038,,22 Gibson Street Hillhead Glasgow G12 8NX ,,Hillhead / Woodlands,30,11,Hillhead,S02001937
258715,665191,618,On & Off,GC1300,26 Hope Street Glasgow G2 6AA   ,26 Lafferty Group Ltd,William Marshall,2009/01/26 00:00:00+00,,On Sales ,Premises ,105,12,258715,665191,906700064173,,26 Hope Street Glasgow G2 6AA ,,City Centre / Merchant City,29,10,Anderston/City/Yorkhill,S02001934
255215,666612,619,On,GC1301,Liukoushui Hot Pot Noodles 562 Dumbarton Road Glasgow G11 6RH  ,Dumbarton Road Property Limited,Michelle Fergus,2009/01/26 00:00:00+00,,Monday to,Premises ,30,,255215,666612,906700027974,,562 Dumbarton Road Glasgow G11 6RH ,,Broomhill / Partick West,33,12,Victoria Park,S02001954
253748,670345,620,Off,GC1302,Day To Day 137 Rotherwood Avenue Glasgow G13 2AX  ,Iqra Mona Saddiq,Nasser Sadiq,2009/01/26 00:00:00+00,,Monday to,Premises ,,25.7,253748,670345,906700101761,,137 Rotherwood Avenue Glasgow G13 2AX ,,Temple / Anniesland,18,14,Drumchapel/Anniesland,S02001972
259650,665080,621,On,GC1310,Italian Caffe 92 Albion Street City Centre Glasgow G1 1NY ,Eufemio Perella,Franco Costantini,2009/01/26 00:00:00+00,,Monday to,Premises ,70,,259650,665080,906700304579,,92 Albion Street City Centre Glasgow G1 1NY ,,City Centre / Merchant City,29,10,Anderston/City/Yorkhill,S02001932
264222,662437,622,On & Off,GC1317,Glasgow (Cambuslang / M74 J2A) Premier Inn 40 Westhorn Drive Glasgow G32 8YX  ,Whitbread Group Plc,Shelley Townsley,2009/01/26 00:00:00+00,,On Sales ,Premises ,90,2,264222,662437,906700415857,,Flat 1/1 Brewers Fayre 40 Westhorn Drive Glasgow G32 8YX ,,Tollcross / West Shettleston,56,19,Shettleston,S02001897
256982,668218,623,Off,GC1318,Kwik Cut 151/155 Garrioch Road Glasgow G20 8RH  ,Jasvinder Atwal,Rajinder Singh Battu,2009/01/26 00:00:00+00,,Monday to,Premises ,,20,256982,668218,906700049453,,155 Garrioch Road Glasgow G20 8SF ,,Maryhill Road Corridor,39,15,Maryhill,S02001941
251812,671189,624,Off,GC1323,G101 Off Sales 81-83 Kinfauns Drive Glasgow G15 7TG  ,One-O-One Convenience Stores Limited,Kodie Angela Hay,2009/01/26 00:00:00+00,,Monday to,Premises ,,30.8,251812,671189,906700079338,,83 Kinfauns Drive Glasgow G15 7TG ,,Drumchapel,40,14,Drumchapel/Anniesland,S02001976
259735,665191,625,On,GC1324,Amore 6 Shuttle Street Glasgow G1 1QA  ,Ristorante Monte Carlo Limited,Jordan Tam,2009/01/26 00:00:00+00,,Monday to,Premises ,150,0,259735,665191,906700380933,,6 Shuttle Street Glasgow G1 1QA ,,City Centre / Merchant City,29,10,Anderston/City/Yorkhill,S02001931
259975,657592,626,On,GC1325,Carmunnock Village Recreation Club 109 Waterside Road Glasgow G76 9DU  ,Carmunnock Village Recreation Club,,2009/01/26 00:00:00+00,,Monday to,Premises ,135,,259975,657592,906700316509,,109 Waterside Road Glasgow G76 9DU ,,Carmunnock,21,01,Linn,S02001880
257625,662990,627,On,GC1336,Ikafe 138 Nithsdale Road Glasgow G41 5RB  ,Mohammed Rashid,Christopher Boswell,2009/01/26 00:00:00+00,,Monday to,Premises ,46,,257625,662990,906700378630,,138 Nithsdale Road Glasgow G41 5RB ,,Pollokshields East,54,06,Pollokshields,S02001864
257012,665965,628,On,GC1339,El Jefe's 1166/1170 Argyle Street Glasgow G3 8TE  ,Jaspal Singh Matharu,Christopher Linning,2009/01/26 00:00:00+00,,Monday to,Premises ,110,,257012,665965,906700006081,,1170 Argyle Street Glasgow G3 8TE ,,Yorkhill / Anderston,31,10,Anderston/City/Yorkhill,S02001936
258655,665946,629,Off,GC1346,One O One 39 Cambridge Street Glasgow G3 6TH  ,One-O-One Convenience Stores Limited,Irene Loney,2009/01/26 00:00:00+00,,Monday to,Premises ,,66.88,258655,665946,906700021451,,39 Cambridge Street Glasgow G3 6TH ,,City Centre / Merchant City,29,10,Anderston/City/Yorkhill,S02001933
257109,665909,630,On,GC1348,Santorini 1116 Argyle Street Glasgow G3 8TD  ,Vienna Rooms Ltd,Antonio Carbajosa,2009/01/26 00:00:00+00,,Monday to,Premises ,45,,257109,665909,906700005842,,1116 Argyle Street Glasgow G3 8TD ,,Yorkhill / Anderston,31,10,Anderston/City/Yorkhill,S02001936
259644,665075,631,On & Off,GC1352,Bar Home 80 Albion Street City Centre Glasgow G1 1NY ,Stonegate Pub Company Limited,Duncan Bruce Walker Forres,2009/01/26 00:00:00+00,,On Sales ,Premises ,375,10.3,259644,665075,906700001313,,80 Albion Street City Centre Glasgow G1 1NY ,,City Centre / Merchant City,29,10,Anderston/City/Yorkhill,S02001932
255727,666505,632,Off,GC1356,Morrisons 1 Merkland Court Glasgow G11 6BZ  ,WM Morrison Supermarkets Plc,Callan Mark Ackerman ,2009/01/26 00:00:00+00,,Monday to,Premises ,,173.31,255727,666505,906700084687,,Morrisons 1 Merkland Court Glasgow G11 6BZ ,,Hyndland / Dowanhill / Partick East,32,23,Partick East/Kelvindale,S02001953
256619,667068,633,On & Off,GC1359,Curlers Rest 260 Byres Road Glasgow G12 8SH  ,Mitchells & Butlers Retail Ltd,Bradley David Gant,2009/01/26 00:00:00+00,,On Sales ,Premises ,435,31.3,256619,667068,906700019209,,260 Byres Road Glasgow G12 8SH ,,Hillhead / Woodlands,30,11,Hillhead,S02001957
265154,661863,634,Off,GC1360,Keystore 16 Quebec Wynd Glasgow G32 8AH  ,Dhami Properties Ltd,Craig Cooper,2009/01/26 00:00:00+00,,Monday to,Premises ,,20.5,265154,661863,906700135535,,16 Quebec Wynd Glasgow G32 8AH ,,Mount Vernon / East Shettleston,55,19,Shettleston,S02001898
257250,668286,635,Off,GC1363,Liquor Barn 1162 Maryhill Road Glasgow G20 9TA  ,Manju Marwaha,Meena Marwaha,2009/01/26 00:00:00+00,,Monday to,Premises ,,31.5,257250,668286,906700318764,,1162 Maryhill Road Glasgow G20 9TA ,,Maryhill Road Corridor,39,15,Maryhill,S02001941
263984,664239,636,Off,GC1365,Liquor Barn 877 Shettleston Road Glasgow G32 7NT  ,Kamal Marwaha,Manju Marwaha,2009/01/26 00:00:00+00,,Monday to,Premises ,,32,263984,664239,906700205953,,877 Shettleston Road Glasgow G32 7NT ,,Tollcross / West Shettleston,56,19,Shettleston,S02001912
258147,666705,637,Off,GC1366,George's Wee Dairy 12 Clarendon Street Glasgow G20 7QD  ,Inception Horizon Limited,Phaneendra Kumar Gurram,2009/01/26 00:00:00+00,,Monday to,Premises ,,3.1,258147,666705,906700024485,,12 Clarendon Street Glasgow G20 7QD ,,Hillhead / Woodlands,30,11,Hillhead,S02001938
258983,665444,638,On & Off,GC1369,All Bar One 72 St Vincent Street Glasgow G2 5TS  ,Mitchells & Butlers Retail Limited,Ruth Elizabeth Sulley,2009/01/26 00:00:00+00,,On Sales ,Premises ,495,20.6,258983,665444,906700107545,,Scottish Life House 68 St Vincent Street Glasgow G2 5TS ,,City Centre / Merchant City,29,10,Anderston/City/Yorkhill,S02001934
266878.78,665994.630000001,639,Off,GC1371,Morrisons 20 Auchinlea Way Glasgow G34 9JJ  ,WM Morrison Supermarkets Plc,Kieron McGowan,2009/01/26 00:00:00+00,,Monday to,Premises ,,282.27,266878.78,665994.63,906700403040,,Morrisons 20 Auchinlea Way Glasgow G34 9JJ ,,Easterhouse,16,21,North East,S02001906
259612,665083,640,On,GC1379,"The One Under 69 Albion Street, Glasgow G1 1NY  ",CDLH Surveyors Limited,,2009/01/26 00:00:00+00,,Monday to,Premises ,300,,259612,665083,906700358414,,69 Albion Street City Centre Glasgow G1 1NY ,,City Centre / Merchant City,29,10,Anderston/City/Yorkhill,S02001932
258129,661613,641,Off,GC0988,Co-op 104 Battlefield Road Glasgow G42 9JN  ,Co-operative Group Food Limited,John Creighton,2009/01/30 00:00:00+00,,Monday to,Premises ,,15.5,258129,661613,906700235678,,104 Battlefield Road Glasgow G42 9JN ,,Langside / Battlefield,7,07,Langside,S02001867
255410,666688,642,Off,GC1045,Marks & Spencer Simply Food 36 & 40A Crow Road West End Retail Park Glasgow G11 7RY ,Marks and Spencer Simply Foods Limit,,2009/01/30 00:00:00+00,,Monday to,Premises ,,75.6,255410,666688,906700414052,,36 Crow Road Glasgow G11 7RY ,,Broomhill / Partick West,33,12,Victoria Park,S02001955
252186,668047,643,Off,GC1065,1929 Dumbarton Road Glasgow G14 0YT   ,Humera Ahmed,Umakanthan Kandasamy ,2009/01/30 00:00:00+00,,Monday to,Premises ,,8.3,252186,668047,906700036755,,1929 Dumbarton Road Glasgow G14 0YT ,,Yoker / Scotstoun,15,13,Garscadden/Scotstounhill,S02001963
258897,665516,644,On & Off,GC1069,Sun Life Building 42 Renfield Street Glasgow G2 1NF  ,LAL (Public House) Limited,Ross Andrew Jordan,2009/01/30 00:00:00+00,,On Sales ,Premises ,166,12.6,258897,665516,906700095031,,Sun Life Building 42 Renfield Street Glasgow G2 1NF ,,City Centre / Merchant City,29,10,Anderston/City/Yorkhill,S02001934
258939,665452,645,On & Off,GC1076,Mowgli Street Food 78 St Vincent Street Glasgow G2 5TX  ,Mowgli Street Food Ltd,Stuart Philip McBride,2009/01/30 00:00:00+00,,On Sales ,Premises ,114,4.32,258939,665452,906700311495,,Storey Ground Phoenix House 78 St Vincent Street Glasgow G2 5TX ,,City Centre / Merchant City,29,10,Anderston/City/Yorkhill,S02001934
251769,669627,646,Off,GC1081,18 Yoker Mill Road Glasgow G13 4PF   ,Malik Riffat Hayat,Atif Hayat,2009/01/30 00:00:00+00,,Monday to,Premises ,,25.4,251769,669627,906700117282,,18 Yoker Mill Road Glasgow G13 4PF ,,Knightswood,19,13,Garscadden/Scotstounhill,S02001965
254705,668724,647,On & Off,GC1123,Beefcake Cafe 808 Crow Road Glasgow G13 1LY  ,Creevy Darroch Partnership,Justin Rayner Chin Savage,2009/01/30 00:00:00+00,,On Sales ,Premises ,53,0,254705,668724,906700028400,,808 Crow Road Glasgow G13 1LY ,,Anniesland / Jordanhill / Whiteinch,34,12,Victoria Park,S02001958
256232.85,666583.17,648,On,GC1153,17 Byres Road Glasgow G11 5RD   ,Crossdal Limited,Nicole Louise Hendry,2009/01/30 00:00:00+00,,Monday to,Premises ,310,,256232.85,666583.17,906700020260,,17 Byres Road Glasgow G11 5RD ,,Hyndland / Dowanhill / Partick East,32,23,Partick East/Kelvindale,S02001953
258116,666030,649,On,GC1168,The Garage 490 Sauchiehall Street Glasgow G2 3LW  ,Purple Sand Limited,Iain Andrew Alexander,2009/01/30 00:00:00+00,,Monday to,Premises ,1806,,258116,666030,906700104453,,490 Sauchiehall Street Glasgow G2 3LW ,,City Centre / Merchant City,29,10,Anderston/City/Yorkhill,S02001933
256191,661243,650,On & Off,GC1171,Shawsbank Social Club Club 133 Shawbridge Street Glasgow G43 1QQ ,Shaws Bank Social Club,,2009/01/30 00:00:00+00,,On Sales ,Premises ,509,21.2,256191,661243,906700296474,,133 Shawbridge Street Glasgow G43 1QQ ,,Pollokshaws / Mansewood,47,02,Newlands/Auldburn,S02001873
260073,659300,651,Off,GC1185,41 Castlemilk Arcade Glasgow G45 9AA   ,One-O-One Convenience Stores Limited,Susan Boyles,2009/01/30 00:00:00+00,,Monday to,Premises ,,29.35,260073,659300,906700245442,,41 Castlemilk Arcade Glasgow G45 9AA ,,Castlemilk,20,01,Linn,S02001882
252185,660417,652,Off,GC1224,335 Nitshill Road Glasgow G53 7BL   ,One-O-One Convenience Stores Limited,Allison Bainbridge,2009/01/30 00:00:00+00,,Monday to,Premises ,,44,252185,660417,906700300366,,335 Nitshill Road Glasgow G53 7BL ,,Priesthill / Househillwood,45,03,Greater Pollok,S02001845
253053,662067,653,Off,GC1225,112 Levernside Road Glasgow G53 5NH   ,One-O-One Convenience Stores Limited,Pauline McCann,2009/01/30 00:00:00+00,,Monday to,Premises ,,24.2,253053,662067,906700288415,,112 Levernside Road Glasgow G53 5NH ,,Pollok,44,03,Greater Pollok,S02001847
258173,661574,654,Off,GC1243,130-132 Battlefield Road Glasgow G42 9JT   ,One-O-One Convenience Stores Limited,Marie Bernadette Hart,2009/01/30 00:00:00+00,,Monday to,Premises ,,37.77,258173,661574,906700237458,,132 Battlefield Road Glasgow G42 9JT ,,Langside / Battlefield,7,07,Langside,S02001867
258528,665176,655,On,GC1244,Alexander Thomson Hotel 320 Argyle Street Glasgow G2 8LY  ,GDB Hotels Limited,Gagan Uppal,2009/01/30 00:00:00+00,,Monday to,Premises ,301,,258528,665176,906700382861,,Alexander Thomson Hotel 320 Argyle Street Glasgow G2 8LY ,,City Centre / Merchant City,29,10,Anderston/City/Yorkhill,S02001934
255995,666600,656,On & Off,GC1246,Quarter Gill 232 Dumbarton Road Glasgow G11 6TU  ,Suburban Taverns Limited,Jacqueline McGowan,2009/01/30 00:00:00+00,,On Sales ,Premises ,186,12,255995,666600,906700026279,,232 Dumbarton Road Glasgow G11 6TU ,,Hyndland / Dowanhill / Partick East,32,23,Partick East/Kelvindale,S02001953
258594,661661,657,On,GC1256,Buck's Bar Southside 1019 Cathcart Road Glasgow G42 9XJ  ,Sapori D'Italia Glasgow Limited,Murray Barr,2009/01/30 00:00:00+00,,Monday to,Premises ,65,0,258594,661661,906700257161,,1019 Cathcart Road Glasgow G42 9XJ ,,King's Park / Mount Florida,8,07,Langside,S02001887
258483,660847,658,Off,GC1263,261 Holmlea Road Glasgow G44 4DT   ,Sadif Afzal,Zimran Sarwar,2009/01/30 00:00:00+00,,Monday to,Premises ,,14.25,258483,660847,906700278595,,261 Holmlea Road Glasgow G44 4DT ,,Langside / Battlefield,7,07,Langside,S02001886
257237,661983,659,On,GC1268,The Indian on Skirving Street 15 Skirving Street Glasgow G41 3AB  ,Dalbir Lalli,Arjun Vishal Lalli,2009/01/30 00:00:00+00,,Monday to,Premises ,60,,257237,661983,906700290500,,15 Skirving Street Glasgow G41 3AB ,,Langside / Battlefield,7,07,Langside,S02001871
258520,665823,660,On,GC1297,Hummingbird 186 Bath Street Glasgow G2 4HG  ,Scotsman Group plc,Dean Clark,2009/01/30 00:00:00+00,,Monday to,Premises ,481,,258520,665823,906700009901,,186 Bath Street Glasgow G2 4HG ,,City Centre / Merchant City,29,10,Anderston/City/Yorkhill,S02001934
257963,662374,661,On,GC0948,Wellcroft Bowling Club 163 Queens Drive Glasgow G42 8QR  ,Wellcroft Bowling Club,,2009/02/02 00:00:00+00,,Monday to,Premises ,120,,257963,662374,906700308955,,Wellcroft Bowling Club 163 Queens Drive Glasgow G42 8QR ,,Shawlands / Strathbungo,6,08,Southside Central,S02001867
260039,666027,662,On,GC0963,Powerleague Fives Limited 1 Kennedy Street Glasgow G4 0PN  ,Powerleague Fives Limited,Pamela Jane Swanson,2009/02/02 00:00:00+00,,Monday to,Premises ,120,,260039,666027,906700060262,,1 Kennedy Street Glasgow G4 0EB ,,City Centre / Merchant City,29,10,Anderston/City/Yorkhill,S02001932
252972,667673,663,On & Off,GC0971,McNabbs 1552/1556 Dumbarton Road Scotstoun Glasgow G14 9D ,Suburban Taverns Limited,Justine Stuart,2009/02/02 00:00:00+00,,On Sales ,Premises ,166,7.6,252972,667673,906700030720,,1556 Dumbarton Road Glasgow G14 9DB ,,Yoker / Scotstoun,15,13,Garscadden/Scotstounhill,S02001963
262007,665497,664,On,GC0976,Cafe Zecchino 331/333 Cumbernauld Road Glasgow G31 3LP  ,Happy Food and Beverage Ltd,Arun Makan,2009/02/02 00:00:00+00,,Monday to,Premises ,52,,262007,665497,906700158349,,331 Cumbernauld Road Glasgow G31 3LP ,,Haghill / Carntyne,13,22,Dennistoun,S02001928
256370,669300,665,Off,GC0985,Nisa Today 1863-1869 Maryhill Road Glasgow G20 0DE  ,Rizwan Rashid,Shakeel Ahmad,2009/02/02 00:00:00+00,,Monday to,Premises ,,15.9,256370,669300,906700078170,,1857 Maryhill Road Glasgow G20 0DE ,,North Maryhill / Summerston,36,15,Maryhill,S02001948
258862.41,665851.99,666,On & Off,GC1015,Molly Malone's 226 Hope Street Glasgow G2 3PW  ,Greene King Retailing Ltd,Shona Forrest,2009/02/02 00:00:00+00,,On Sales ,Premises ,315,17,258862.41,665851.99,906700054589,,226 Hope Street Glasgow G2 2UG ,,City Centre / Merchant City,29,10,Anderston/City/Yorkhill,S02001934
257522,666689,667,On & Off,GC1023,Old Schoolhouse 287 - 315 Woodlands Road Glasgow G3 6NG  ,Greene King Retailing Ltd,Charly D Atwell,2009/02/02 00:00:00+00,,On Sales ,Premises ,398,41.3,257522,666689,906700320243,,311 Woodlands Road Glasgow G3 6NG ,,Hillhead / Woodlands,30,11,Hillhead,S02001937
259462,665114,668,On,GC1027,Cranberry's 30 Wilson Street Glasgow G1 1SS  ,Cranberrys Merchant City Ltd,Mandy Jacobs,2009/02/02 00:00:00+00,,Monday to,Premises ,60,,259462,665114,906700113558,,30 Wilson Street Glasgow G1 1SS ,,City Centre / Merchant City,29,10,Anderston/City/Yorkhill,S02001932
258695,665347,669,On & Off,GC1044,Toby Jug 97 Hope Street Glasgow G2 6LL  ,The Single End Pub Company Limited,Robert Bowie,2009/02/02 00:00:00+00,,On Sales ,Premises ,242,14.5,258695,665347,906700065986,,97 Hope Street Glasgow G2 6LL ,,City Centre / Merchant City,29,10,Anderston/City/Yorkhill,S02001934
258870,665422,670,On & Off,GC1046,Drum & Monkey 93 St Vincent Street Glasgow G2 5AP  ,Mitchells & Butlers Retail Limited,Peter James Gibson,2009/02/02 00:00:00+00,,On Sales ,Premises ,232,10,258870,665422,906700108438,,93 St Vincent Street Glasgow G2 5TF ,,City Centre / Merchant City,29,10,Anderston/City/Yorkhill,S02001934
258828,665532,671,On & Off,GC1078,The Society Rooms Unit 2 151 West George Street Glasgow G2 2JJ ,J D Wetherspoon (Scot) Limited,Jennifer McCrone,2009/02/02 00:00:00+00,,On Sales ,Premises ,743,27.3,258828,665532,906700384201,,149 West George Street Glasgow G2 2JJ ,,City Centre / Merchant City,29,10,Anderston/City/Yorkhill,S02001934
258104,665966,672,On & Off,GC1086,1990 427 Sauchiehall Street Glasgow G3 7UD  ,Colinton Properties Limited,Ben Gregg,2009/02/02 00:00:00+00,,On Sales ,Premises ,315,0,258104,665966,906700103560,,427 Sauchiehall Street Glasgow G2 3LG ,,City Centre / Merchant City,29,10,Anderston/City/Yorkhill,S02001933
258739,665506,673,On & Off,GC1088,Saint Vincent's 142B St Vincent Street Glasgow G2 5LA  ,SA St Vincent Hold Co Limited,Elizabeth Wambui Ndungu,2009/02/02 00:00:00+00,,On Sales ,Premises ,255,3.1,258739,665506,906700324327,,142B St Vincent Street Glasgow G2 5LQ ,,City Centre / Merchant City,29,10,Anderston/City/Yorkhill,S02001934
258870,665568,674,On & Off,GC1093,The Merchant 134/136 West George Street Glasgow G2 2HG  ,Stonegate Pub Company Limited,Jamie Marshall,2009/02/02 00:00:00+00,,On Sales ,Premises ,560,31,258870,665568,906700110697,,134 West George Street Glasgow G2 2HG ,,City Centre / Merchant City,29,10,Anderston/City/Yorkhill,S02001934
259381,661920,675,Off,GC1101,Asda Store 555 Prospecthill Road Glasgow G42 0AE  ,Asda Stores Limited,Colin Andrew McCabe,2009/02/02 00:00:00+00,,Monday to,Premises ,,187,259381,661920,906700313794,,Asda 555 Prospecthill Road Glasgow G42 0AE ,,Toryglen,5,07,Langside,S02001888
267951,663889,676,On & Off,GC1102,Argyle Tavern 92 Main Street Baillieston Glasgow G69 6SL ,Gunclow Limited,Isabella McIntosh,2009/02/02 00:00:00+00,,On Sales ,Premises ,182,14,267951,663889,906700110468,,92 Main Street Baillieston Glasgow G69 6SL ,,Baillieston / Garrowhill,42,20,Baillieston,S02001901
258799,665058,677,On,GC1103,The Classic Grand 18 Jamaica Street Glasgow G1 4QD  ,Schumi Limited,Pauline Cameron,2009/02/02 00:00:00+00,,Monday to,Premises ,622,,258799,665058,906700053911,,18 Jamaica Street Glasgow G1 4QD ,,City Centre / Merchant City,29,10,Anderston/City/Yorkhill,S02001934
263304,666352,678,On,GC1120,Riddrie Masonic Association 262 Smithycroft Road Glasgow G33 2QZ  ,Riddrie Masonic Association,,2009/02/02 00:00:00+00,,Monday to,Premises ,75,,263304,666352,906700107332,,262 Smithycroft Road Glasgow G33 2QZ ,,Riddrie / Cranhill,11,18,East Centre,S02001916
258121,665962,679,On,GC1134,Loon Fung 417/419 Sauchiehall Street Glasgow G2 3LG  ,Purewal Enterprises Limited,Zhong Zhou,2009/02/02 00:00:00+00,,Monday to,Premises ,195,,258121,665962,906700103442,,417 - 419 Sauchiehall Street Glasgow G2 3LG ,,City Centre / Merchant City,29,10,Anderston/City/Yorkhill,S02001933
258280,665971,680,On & Off,GC1148,Kilts and Kocktails 408 Sauchiehall Street Glasgow G2 3JD  ,Stellar Property Group Ltd,Mercedes McDermott,2009/02/02 00:00:00+00,,On Sales ,Premises ,548,7.8,258280,665971,906700360531,,Storey 0 408 Sauchiehall Street Glasgow G2 3JD ,,City Centre / Merchant City,29,10,Anderston/City/Yorkhill,S02001933
258715,665191,681,On & Off,GC1151,No 16 16/20 Hope Street Glasgow G2 6AA  ,Laffertys 16 Ltd,Jacqueline Morgan,2009/02/02 00:00:00+00,,On Sales ,Premises ,75,4,258715,665191,906700064173,,26 Hope Street Glasgow G2 6AA ,,City Centre / Merchant City,29,10,Anderston/City/Yorkhill,S02001934
257271,667111,682,On,GC1155,Casa 526 Great Western Road Glasgow G12 8EL  ,CLGM LIC Ltd,Jonathan Arash Lessani,2009/02/02 00:00:00+00,,Monday to,Premises ,36,,257271,667111,906700056963,,526 Great Western Road Glasgow G12 8EL ,,Hillhead / Woodlands,30,11,Hillhead,S02001952
258662,662041,683,On & Off,GC1176,No. 10 Hotel 12 Queens Drive Glasgow G42 8BS  ,Partnership of Christopher Hanlon & ,Nicola Rossi,2009/02/02 00:00:00+00,,On Sales ,Premises ,355,1.2,258662,662041,906700299129,,12 Queens Drive Glasgow G42 8BS ,,Govanhill,4,08,Southside Central,S02001867
258317,662693,684,Off,GC1197,The Offi 155 Allison Street Glasgow G42 8RY  ,Swarn Singh Rakhra,Rashid Mohammed,2009/02/02 00:00:00+00,,Monday to,Premises ,,23.4,258317,662693,906700235987,,155 Allison Street Glasgow G42 8RY ,,Govanhill,4,08,Southside Central,S02001865
266445,666156,685,On,GC1213,Pizza Hut 735 Provan Walk (Units D5 & D6) Glasgow Fort Glasgow G33 5AL ,Lemon Pepper Holdings Limited,,2009/02/02 00:00:00+00,,Monday to,Premises ,126,,266445,666156,906700401164,,735 Provan Walk Glasgow G34 9DY ,,Easterhouse,16,21,North East,S02001906
267998,663911,686,On,GC1237,The Baillie 108 Main Street Baillieston Glasgow G69 6AE ,Rhinsdale LIC Limited,Steven McGowan,2009/02/02 00:00:00+00,,Monday to,Premises ,60,8.4,267998,663911,906700110570,,108 Main Street Baillieston Glasgow G69 6AE ,,Baillieston / Garrowhill,42,20,Baillieston,S02001901
258120,663174,687,On,GC1241,The Tramway 25 Albert Drive Glasgow G41 2PE  ,Glasgow City Council,Esther May Steed,2009/02/02 00:00:00+00,,Monday to,Premises ,1875,,258120,663174,906700133135,,The Tramway 25 Albert Drive Glasgow G41 2PE ,,Pollokshields East,54,06,Pollokshields,S02001864
259550,665150,688,On & Off,GC1248,Koolba Restaurant 109-113 Candleriggs Glasgow G1 1NP  ,Koolba LIC Limited,Fattah Haddad,2009/02/02 00:00:00+00,,On Sales ,Premises ,170,13.2,259550,665150,906700022142,,109 Candleriggs Glasgow G1 1NP ,,City Centre / Merchant City,29,10,Anderston/City/Yorkhill,S02001932
257167,666792,689,Off,GC1295,56 Bank Street Glasgow G12 8LZ   ,Raju Mahindru,Rajeshwar Kumar Mahindru,2009/02/02 00:00:00+00,,Monday to,Premises ,,7.7,257167,666792,906700010978,,56 Bank Street Glasgow G12 8LZ ,,Hillhead / Woodlands,30,11,Hillhead,S02001937
260107,664745,690,On & Off,GC1307,The Gate 251 Gallowgate Glasgow G4 0TP  ,The Gallowgate Group Limited,Andrew Peter Gemmell,2009/02/02 00:00:00+00,,On Sales ,Premises ,75,8.4,260107,664745,906700167128,,251 Gallowgate Glasgow G4 0TP ,,Calton / Bridgeton,28,09,Calton,S02001891
258468,665186,691,Off,GC1335,Tesco Express 346 Argyle Street Glasgow G2 8LX  ,Tesco Stores Limited,Jamal Haibe,2009/02/02 00:00:00+00,,Monday to,Premises ,,28.498,258468,665186,906700382897,,346 Argyle Street Glasgow G2 8LX ,,City Centre / Merchant City,29,10,Anderston/City/Yorkhill,S02001934
259875,663289,692,On,GC1358,Hutchesontown Bowling Club 9 Oatlands Gate Glasgow G5 0AL  ,Hutchesontown Bowling Club,,2009/02/02 00:00:00+00,,Monday to,Premises ,180,,259875,663289,906700299954,,9 Oatlands Gate Glasgow G5 0AL ,,Greater Gorbals,3,08,Southside Central,S02001889
258294,662974,693,Off,GC1367,Lidl 300 Victoria Road Glasgow G42 7RW  ,Lidl Great Britain Limited,Darragh O'Hanrahan,2009/02/02 00:00:00+00,,Monday to,Premises ,,75.82,258294,662974,906700340564,,300 Victoria Road Glasgow G42 7RP ,,Govanhill,4,08,Southside Central,S02001865
257365,662125,694,On,GC1378,The Marlborough 26 Langside Avenue Glasgow G41 2QS  ,Schumi Limited,Mark Calder,2009/02/02 00:00:00+00,,Monday to,Premises ,775,,257365,662125,906700280693,,26 Langside Avenue Glasgow G41 2QS ,,Langside / Battlefield,7,07,Langside,S02001868
258734,664599,695,Off,GC1386,Spar Unit 4/5 27 Bridge Street/156 Oxford Street Glasgow G5 9JB ,Malika Begum,Nade Ali,2009/02/02 00:00:00+00,,Monday to,Premises ,,13.78,258734,664599,906700356771,,27 Bridge Street Glasgow G5 9JB ,,Greater Gorbals,3,08,Southside Central,S02001890
260493,667618,696,On,GC0943,Kenburn Social Club 43 Vulcan Street Glasgow G21 4BP  ,Kenburn Social Club,,2009/02/06 00:00:00+00,,Monday to,Premises ,120,,260493,667618,906700227007,,43 Vulcan Street Glasgow G21 4BP ,,Springburn,24,17,Springburn/Robroyston,S02001921
259370.49,665214.109999999,697,On,GC0972,90 Glassford Street Glasgow G1 1UR   ,Forthwell (Pub Group) Limited,Greig David McKay,2009/02/06 00:00:00+00,,Monday to,Premises ,629,,259370.49,665214.11,906700043345,,90 Glassford Street Glasgow G1 1UR ,,City Centre / Merchant City,29,10,Anderston/City/Yorkhill,S02001932
259643,664842,698,On & Off,GC0989,Tolbooth Bar 11 Saltmarket Glasgow G1 5NA  ,Jackeline Marie Hudson,Edward Devine,2009/02/06 00:00:00+00,,On Sales ,Premises ,120,12.5,259643,664842,906700216286,,11 Saltmarket Glasgow G1 5NA ,,Calton / Bridgeton,28,09,Calton,S02001891
254039,665855,699,Off,GC0993,Lidl Great Britain Limited 19 Moss Road Glasgow G51 4QL  ,Lidl Great Britain Limited,Kenneth Patrick,2009/02/06 00:00:00+00,,Monday to,Premises ,,48.16,254039,665855,906700388230,,19 Moss Road Glasgow G51 4JT ,,Greater Govan,1,05,Govan,S02001855
263608,663298,700,Off,GC0994,Lidl Great Britain Limited 850 Tollcross Road Glasgow G32 8UB  ,Lidl Great Britain Limited,Ross McClure,2009/02/06 00:00:00+00,,Monday to,Premises ,,62,263608,663298,906700370141,,850 Tollcross Road Glasgow G32 8UB ,,Tollcross / West Shettleston,56,19,Shettleston,S02001896
252733,670719,701,Off,GC1010,Nisa Glenkirk 41-43 Glenkirk Drive Glasgow G15 6BS  ,Maqbool Ahmed,Maqbool Ahmed,2009/02/06 00:00:00+00,,Monday to,Premises ,,17.3,252733,670719,906700380207,,43 Glenkirk Drive Glasgow G15 6BS ,,Drumchapel,40,14,Drumchapel/Anniesland,S02001974
262967,667595,702,Off,GC1040,Robroyston Licensed Grocers 121 Robroyston Road Glasgow G33 1HT  ,Gurpreet Singh,Gurpreet Singh,2009/02/06 00:00:00+00,,Monday to,Premises ,,21.1,262967,667595,906700093172,,121 Robroyston Road Glasgow G33 1HT ,,Balornock/ Barmulloch,26,17,Springburn/Robroyston,S02001917
265143,664089,703,On,GC1070,Eastmuir Masonic Social Club 1543 Shettleston Road Glasgow G32 9AS  ,Eastmuir Masonic Social Club,,2009/02/06 00:00:00+00,,Monday to,Premises ,350,,265143,664089,906700209568,,1543 Shettleston Road Glasgow G32 9AS ,,Mount Vernon / East Shettleston,55,19,Shettleston,S02001910
259575,668290,704,On,GC1071,Hawthorn Bowling Club 15 Cypress Street Glasgow G22 6ER  ,Hawthorn Bowling Club,,2009/02/06 00:00:00+00,,Monday to,Premises ,200,,259575,668290,906700036395,,15 Cypress Street Glasgow G22 6ER ,,Ruchill / Possilpark,38,16,Canal,S02001942
257920,666668,705,On & Off,GC1073,The Hug and Pint 171/175 Great Western Road Glasgow G4 9AW  ,Cross Step Limited,Eric Daponte,2009/02/06 00:00:00+00,,On Sales ,Premises ,204,5.6,257920,666668,906700052160,,171 Great Western Road Glasgow G4 9AW ,,Hillhead / Woodlands,30,11,Hillhead,S02001937
258174,662427,706,On & Off,GC1080,Queens Park Cafe 530 Victoria Road Glasgow G42 8BG  ,Hawthorn Leisure Scotco Limited,Jordan Robert Wilson,2009/02/06 00:00:00+00,,On Sales ,Premises ,242,18.2,258174,662427,906700314678,,530 Victoria Road Glasgow G42 8BG ,,Shawlands / Strathbungo,6,08,Southside Central,S02001868
257309,667095,707,On & Off,GC1083,French Horn 510 Great Western Road Glasgow G12 8EL  ,Greene King Brewing & Retailing Limi,Kelly Louise Kyle,2009/02/06 00:00:00+00,,On Sales ,Premises ,281,17,257309,667095,906700056861,,510 Great Western Road Glasgow G12 8EL ,,Hillhead / Woodlands,30,11,Hillhead,S02001952
260462,664157,708,On & Off,GC1087,The Londoner Bar 515 London Road Glasgow G40 1NQ  ,Alison Marie Mitchell,Alison Marie Mitchell,2009/02/06 00:00:00+00,,On Sales ,Premises ,60,8.5,260462,664157,906700355965,,513A London Road Glasgow G40 1NQ ,,Calton / Bridgeton,28,09,Calton,S02001892
258670,665161,709,On & Off,GC1104,The Sir John Moore 260/292 Argyle Street Glasgow G2 8QW  ,J D Wetherspoon (Scot) Limited,Ross Henderson,2009/02/06 00:00:00+00,,On Sales ,Premises ,964,30,258670,665161,906700064049,,Westergate Chambers 11 Hope Street Glasgow G2 6AB ,,City Centre / Merchant City,29,10,Anderston/City/Yorkhill,S02001934
259542,665123,710,On,GC1118,The Dakhin 89 Candleriggs Glasgow G1 1NP  ,Bapu Properties Limited,Parpeet Basi,2009/02/06 00:00:00+00,,Monday to,Premises ,200,0,259542,665123,906700346159,,89 Candleriggs Glasgow G1 1NP ,,City Centre / Merchant City,29,10,Anderston/City/Yorkhill,S02001932
258872,665644,711,On,GC1122,The Amber Regent 50 West Regent Street Glasgow G2 2RA  ,Christina Wager,Angelina Hogg,2009/02/06 00:00:00+00,,Monday to,Premises ,80,,258872,665644,906700118583,,50 West Regent Street Glasgow G2 2RA ,,City Centre / Merchant City,29,10,Anderston/City/Yorkhill,S02001934
260564,663785,712,On,GC1139,Bridgeton Loyal Social Club 50 Tullis Street Glasgow G40 1HW  ,Bridgeton Loyal Social Club,,2009/02/06 00:00:00+00,,Monday to,Premises ,135,,260564,663785,906700215070,,50 Tullis Street Glasgow G40 1HW ,,Calton / Bridgeton,28,09,Calton,S02001892
262338,663712,713,On & Off,GC1175,Belvidere Bowling Club 25 Silverdale Street Glasgow G31 4LE  ,Belvidere Bowling Club,,2009/02/06 00:00:00+00,,On Sales ,Premises ,135,4.4,262338,663712,906700211265,,Belvidere Bowling Club 23 Silverdale Street Glasgow G31 4LE ,,Parkhead / Dalmarnock,27,09,Calton,S02001896
252314,669951,714,Off,GC1180,2267 Great Western Road Glasgow G15 6UZ   ,Keystore Sunnyside Limited,Sukhbir Lalli,2009/02/06 00:00:00+00,,Monday to,Premises ,,21.7,252314,669951,906700053045,,2267 Great Western Road Glasgow G15 6LU ,,Blairdardie,14,14,Drumchapel/Anniesland,S02001973
258076,666038,715,On,GC1181,Mint Casino 506/516 Sauchiehall Street Glasgow G2 3LW  ,Genting Casinos UK Limited,Mark Mallon,2009/02/06 00:00:00+00,,Monday to,Premises ,600,,258076,666038,906700104457,,518 Sauchiehall Street Glasgow G2 3LW ,,City Centre / Merchant City,29,10,Anderston/City/Yorkhill,S02001933
254089,665912,716,Off,GC1186,1215 Govan Road Glasgow G51 4PL   ,G81 Traders Limited,Rupinder Kaur,2009/02/06 00:00:00+00,,Monday to,Premises ,,12,254089,665912,906700168982,,1215 Govan Road Glasgow G51 4PL ,,Greater Govan,1,05,Govan,S02001856
259024,665464,717,On,GC1214,69 Below 69 Nelson Mandela Place Glasgow G2 1QY  ,Carlsberg UK Limited,Bethany Cook,2009/02/06 00:00:00+00,,Monday to,Premises ,436,,259024,665464,906700091651,,69 Nelson Mandela Place Glasgow G2 1QY ,,City Centre / Merchant City,29,10,Anderston/City/Yorkhill,S02001934
254739,665425,718,Off,GC1222,One O One Convenience Store 170 Crossloan Road Glasgow G51 3QG  ,One-O-One Convenience Stores Limited,Cameron Birrell,2009/02/06 00:00:00+00,,Monday to,Premises ,,22,254739,665425,906700152903,,Flat 0/1 174 Crossloan Road Glasgow G51 3QG ,,Greater Govan,1,05,Govan,S02001856
260213,665449,719,On & Off,GC1232,Cathedral House Hotel 28 - 32 Cathedral Square Glasgow G4 0XA  ,SECA Consulting Ltd,,2009/02/06 00:00:00+00,,On Sales ,Premises ,195,13,260213,665449,906700148423,,Cathedral House 32 Cathedral Square Glasgow G4 0XA ,,City Centre / Merchant City,29,22,Dennistoun,S02001932
257595,664653,720,On,GC1238,Ibis Budget Hotel Glasgow 2A Springfield Quay Glasgow G5 8NP  ,Essendi UK Hotels 2 Limited,Jason Craig McKerrell,2009/02/06 00:00:00+00,,Monday to,Premises ,45,,257595,664653,906700420870,,2A Springfield Quay Glasgow G5 8NP ,,Ibrox / Kingston,2,05,Govan,S02001890
258359,663180,721,On & Off,GC1265,Vini 80 Victoria Road Glasgow G42 7AA  ,G42 Catering Ltd,Stephanie Frances Curtin,2009/02/06 00:00:00+00,,On Sales ,Premises ,90,1.7,258359,663180,906700307959,,80 Victoria Road Glasgow G42 7AA ,,Govanhill,4,08,Southside Central,S02001864
262861,664221,722,On & Off,GC1272,O'Kanes 174 Westmuir Street Glasgow G31 5BS  ,Manor Gate 2 Limited,Denise Hagan,2009/02/06 00:00:00+00,,On Sales ,Premises ,104,16.2,262861,664221,906700221236,,174 Westmuir Street Glasgow G31 5BS ,,Tollcross / West Shettleston,56,19,Shettleston,S02001894
254664,667569,723,On,GC1278,Broomhill Lawn Tennis & Squash Club 399 Crow Road Glasgow G11 7DZ  ,Broomhill Lawn Tennis & Squash Club,,2009/02/06 00:00:00+00,,Monday to,Premises ,70,,254664,667569,906700088884,,399 Crow Road Glasgow G11 7DZ ,,Broomhill / Partick West,33,12,Victoria Park,S02001959
255850,666598,724,Off,GC1279,300 Dumbarton Road Glasgow G11 6TD   ,Mahmood Waisi,Mohsen Waysi,2009/02/06 00:00:00+00,,Monday to,Premises ,,12.2,255850,666598,906700034011,,300 Dumbarton Road Glasgow G11 6TD ,,Hyndland / Dowanhill / Partick East,32,23,Partick East/Kelvindale,S02001953
257700,665000,725,Off,GC1284,Nisa 72 Lancefield Quay Glasgow G3 8JJ  ,Ian McDermott,Ali Abid Shah,2009/02/06 00:00:00+00,,Monday to,Premises ,,15.5,257700,665000,906700400655,,70 Lancefield Quay Glasgow G3 8JF ,,Yorkhill / Anderston,31,10,Anderston/City/Yorkhill,S02001935
260311,664741,726,On & Off,GC0931,Hielan Jessie 374 Gallowgate Glasgow   ,AJRB Property Limited,Leslie Ann Hollywood,2009/02/09 00:00:00+00,,On Sales ,Premises ,102,2,260311,664741,906700168039,,378 Gallowgate Glasgow G4 0TX ,,Calton / Bridgeton,28,09,Calton,S02001891
260611,664471,727,Off,GC0935,150 Abercromby Street Glasgow G40 2SA   ,The Firm of Daljit Singh and Jaswant,Jaswant Kaur Jhakra,2009/02/09 00:00:00+00,,Monday to,Premises ,,18.01,260611,664471,906700127994,,150 Abercromby Street Glasgow G40 2SA ,,Calton / Bridgeton,28,09,Calton,S02001894
255624,664324,728,On,GC0944,Punjabi 560 Paisley Road West Glasgow G51 1RF  ,Ram Singh,Simran Kaur,2009/02/09 00:00:00+00,,Monday to,Premises ,38,,255624,664324,906700197620,,560 Paisley Road West Glasgow G51 1RF ,,Ibrox / Kingston,2,05,Govan,S02001860
260512,660248,729,On & Off,GC0987,The Croft 22 Lugar Place Glasgow G44 5HB  ,Lisini Pub Company Limited,Joanna Spencer,2009/02/09 00:00:00+00,,On Sales ,Premises ,230,23.2,260512,660248,906700283784,,22 Lugar Place Glasgow G44 5HB ,,Croftfoot,10,01,Linn,S02001884
258857,668157,730,Off,GC0991,Lidl Great Britain Limited 109 Balmore Road Glasgow G22 6RL  ,Lidl Great Britain Limited,Jaganathan Narayanasamy,2009/02/09 00:00:00+00,,Monday to,Premises ,,56.6,258857,668157,906700408595,,10 Stronend Street Glasgow G22 6AR ,,Ruchill / Possilpark,38,16,Canal,S02001940
267600,663785,731,Off,GC1049,Bobby's 4 Muirside Road Glasgow G69 7AD  ,Bashir Ahmed,Bashir Ahmed,2009/02/09 00:00:00+00,,Monday to,Premises ,,28.3,267600,663785,906700110618,,4 Muirside Road Glasgow G69 7AD ,,Baillieston / Garrowhill,42,20,Baillieston,S02001900
254888,668575,732,On & Off,GC1116,Esquire House 1487 Great Western Road Glasgow G12 0AU  ,J D Wetherspoon (Scot) Limited,Philip Andrew Charles Broa,2009/02/09 00:00:00+00,,On Sales ,Premises ,414,30,254888,668575,906700040139,,Esquire House 1487 Great Western Road Glasgow G12 0AU ,,Hyndland / Dowanhill / Partick East,32,23,Partick East/Kelvindale,S02001958
258858,665609,733,On & Off,GC1126,Cova 57 West Regent Street Glasgow G2 2AE  ,Saltire LIC Limited,Ammar Reda,2009/02/09 00:00:00+00,,On Sales ,Premises ,60,0.6,258858,665609,906700344363,,57 West Regent Street Glasgow G2 2AE ,,City Centre / Merchant City,29,10,Anderston/City/Yorkhill,S02001934
263176,666460,734,On,GC1164,Blackhill Bowling Club 20 Tay Crescent Glasgow G33 2BQ  ,Blackhill Bowling Club,,2009/02/09 00:00:00+00,,Monday to,Premises ,165,,263176,666460,906700101497,,20 Tay Crescent Glasgow G33 2BQ ,,Riddrie / Cranhill,11,18,East Centre,S02001916
257797,659771,735,On & Off,GC1191,The Bank 443 Clarkston Road Glasgow G44 3LL  ,Pub Co Glasgow Ltd,Gvidas Jurys,2009/02/09 00:00:00+00,,On Sales ,Premises ,209,19.2,257797,659771,906700254566,,443 Clarkston Road Glasgow G44 3LL ,,Cathcart / Simshill,9,01,Linn,S02001878
251246,671325,736,Off,GC1217,Drumchapel Local 55 Inchfad Drive Glasgow G15 8AX  ,Liquor City (Glasgow) Limited,Ahmed Faiaq,2009/02/09 00:00:00+00,,Monday to,Premises ,,9.5,251246,671325,906700346013,,55 Inchfad Drive Glasgow G15 8BE ,,Drumchapel,40,14,Drumchapel/Anniesland,S02001977
261549,665541,737,Off,GC1221,ONE O ONE 590A - 592 Alexandra Parade Glasgow G31 3BS  ,Glen Monarch Limited,,2009/02/09 00:00:00+00,,Monday to,Premises ,,29,261549,665541,906700134060,,592 Alexandra Parade Glasgow G31 3BS ,,Dennistoun,12,22,Dennistoun,S02001928
259354,668265,738,On,GC1223,Buzz Bingo 167 Hawthorn Street Glasgow G22 6DB  ,Buzz Holdings Limited,Mary Sheridan Muir,2009/02/09 00:00:00+00,,Monday to,Premises ,868,,259354,668265,906700346568,,167 Hawthorn Street Glasgow G22 6HY ,,Ruchill / Possilpark,38,16,Canal,S02001942
260087,665439,739,On,GC1233,Barony Hall Barony Hall 6 Rottenrow East Glasgow G4 0NQ ,The University Of Strathclyde,David Kerr,2009/02/09 00:00:00+00,,Monday to,Premises ,615,,260087,665439,906700098314,,Barony Hall 6 Rottenrow East Glasgow G4 0NQ ,,City Centre / Merchant City,29,10,Anderston/City/Yorkhill,S02001932
257590,664712,740,On,GC1236,Odeon Cinemas Limited 3 Springfield Quay Glasgow G5 8NP  ,Odeon Cinemas Limited,Kevlyn McCormack,2009/02/09 00:00:00+00,,Monday to,Premises ,2142,,257590,664712,906700356026,,3 Springfield Quay Glasgow G5 8NP ,,Ibrox / Kingston,2,05,Govan,S02001890
262080,665456,741,Off,GC1242,ONE O ONE 362-364 Cumbernauld Road Glasgow G31 3NQ  ,One-O-One Convenience Stores Limited,Lynne Hannaway,2009/02/09 00:00:00+00,,Monday to,Premises ,,35,262080,665456,906700372375,,362 Cumbernauld Road Glasgow G31 3NQ ,,Haghill / Carntyne,13,22,Dennistoun,S02001928
255864,664263,742,On & Off,GC1259,GoGlasgow Hotel 517 Paisley Road West Glasgow G51 1RW  ,Buxani Glasgow Hotel Limited,Joanne Duncan,2009/02/09 00:00:00+00,,On Sales ,Premises ,783,0,255864,664263,906700195957,,Go Glasgow Urban Hotel 517 Paisley Road West Glasgow G51 1RW ,,Ibrox / Kingston,2,05,Govan,S02001862
257493,667968,743,On,GC1267,Wongs 918 Maryhill Road Glasgow G20 7TA  ,Siu Chi Wong,Mee Fong Lai,2009/02/09 00:00:00+00,,Monday to,Premises ,60,,257493,667968,906700079937,,920 Maryhill Road Glasgow G20 7TA ,,Maryhill Road Corridor,39,11,Hillhead,S02001941
256591,667015,744,On & Off,GC1287,Masala Twist 194 Byres Road Glasgow G12 8SN  ,Scotsman Group plc,Manish Ranjan Kaushik,2009/02/09 00:00:00+00,,On Sales ,Premises ,195,3.9,256591,667015,906700019679,,194 Byres Road Glasgow G12 8SN ,,Hillhead / Woodlands,30,11,Hillhead,S02001957
257121,665985,745,On,GC1313,Ox and Finch 922 Sauchiehall Street Glasgow G3 7TF  ,Ox and Finch Ltd,Jonathan Christopher MacDo,2009/02/09 00:00:00+00,,On Sales ,Premises ,124,,257121,665985,906700105359,,922 Sauchiehall Street Glasgow G3 7TF ,,Hillhead / Woodlands,30,10,Anderston/City/Yorkhill,S02001936
258085,667683,746,On,GC1341,Partick Thistle Football Club Alan Rough Lounge East Stand Partick Thistle Football Club 80 Firhill Road ,The Partick Thistle Football Club Li,Tessa Jayne Keaney,2009/02/09 00:00:00+00,,Monday to,Premises ,255,0,258085,667683,906700345316,,Firhill Stadium 90 Firhill Road Glasgow G20 7AL ,,Maryhill Road Corridor,39,16,Canal,S02001940
259378,665494,747,On & Off,GC1354,The Ark 46 North Frederick Street Glasgow G1 2BS  ,Stonegate Pub Company Limited,Lora-Louise Kate Kettles,2009/02/09 00:00:00+00,,On Sales ,Premises ,402,14.7,259378,665494,906700354510,,46 North Frederick Street Glasgow G1 2BS ,,City Centre / Merchant City,29,10,Anderston/City/Yorkhill,S02001932
255617,667470,748,On,GC1362,Hyndland Bowling Club Queensborough Gardens Glasgow G12 9QR  ,Hyndland Bowling Club,,2009/02/09 00:00:00+00,,Monday to,Premises ,100,,255617,667470,906700354471,,Hyndland Bowling Club 56 Lauderdale Gardens Glasgow G12 9QR ,,Hyndland / Dowanhill / Partick East,32,23,Partick East/Kelvindale,S02001956
257906,666669,749,Off,GC1364,Day Today 177 Great Western Road Glasgow G4 9AW  ,Nasir Ghaus,Nazia Alam,2009/02/09 00:00:00+00,,Monday to,Premises ,,18.8,257906,666669,906700052266,,177 Great Western Road Glasgow G4 9AW ,,Hillhead / Woodlands,30,11,Hillhead,S02001937
257832,662641,750,On,GC1382,Stag & Thistle 778 Pollokshaws Road Glasgow G41 2AE  ,Mulberry Street Limited,Allana Jane Bonner,2009/02/09 00:00:00+00,,Monday to,Premises ,100,,257832,662641,906700293470,,778 Pollokshaws Road Glasgow G41 2AE ,,Shawlands / Strathbungo,6,06,Pollokshields,S02001868
264357,664190,751,On & Off,GC0925,Drum Bar 1073 Shettleston Road Glasgow G32 7PF  ,Star Pubs Trading Limited ,Wojciech Malik,2009/02/13 00:00:00+00,,On Sales ,Premises ,267,9.8,264357,664190,906700209524,,1073 Shettleston Road Glasgow G32 7PE ,,Tollcross / West Shettleston,56,19,Shettleston,S02001910
259140,664266,752,On,GC0951,Sharkey's Bar 51 Old Rutherglen Road Glasgow G5 9DT  ,Elizabeth Sharkey,Elizabeth Sharkey,2009/02/13 00:00:00+00,,Monday to,Premises ,350,,259140,664266,906700293485,,51 Old Rutherglen Road Glasgow G5 9DT ,,Greater Gorbals,3,08,Southside Central,S02001890
261057,668091,753,Off,GC0979,Drumbottie Superstore 28 Drumbottie Road Glasgow G21 4JE  ,The Firm of Singh & Kaur,Jaspal Singh Sondh,2009/02/13 00:00:00+00,,Monday to,Premises ,,14.9,261057,668091,906700155797,,30 Drumbottie Road Glasgow G21 4JE ,,Springburn,24,17,Springburn/Robroyston,S02001922
260813,665090,754,Off,GC0992,Lidl Great Britain Limited 285 Duke Street Dennistoun Glasgow G31 1HX ,Lidl Great Britain Limited,Allan Cowan,2009/02/13 00:00:00+00,,Monday to,Premises ,,62,260813,665090,906700369456,,263 Duke Street Glasgow G31 1HX ,,Dennistoun,12,22,Dennistoun,S02001931
259054,665187,755,On,GC1006,Il Pavone Basement 14 Princes Square 48 Buchanan Street City Centre Glasgow,Gianvira Foods Limited,Giancarlo De Marco,2009/02/13 00:00:00+00,,Monday to,Premises ,125,,259054,665187,906700319329,,Basement 14 Princes Square 48 Buchanan Street City Centre Glasgow G1 3JN ,,City Centre / Merchant City,29,10,Anderston/City/Yorkhill,S02001934
257854,667620,756,On & Off,GC1085,Munns Vaults 610 Maryhill Road Glasgow G20 7ED  ,John Colhoun,Phyllis Curran,2009/02/13 00:00:00+00,,On Sales ,Premises ,248,11.3,257854,667620,906700079917,,610 Maryhill Road Glasgow G20 7ED ,,Maryhill Road Corridor,39,16,Canal,S02001940
259177,665620,757,On,GC1110,Mosob Bar & Restaurant 48-56 Dundas Street Glasgow G1 2AQ  ,GHE Enterprise Ltd,Elen Mehari,2009/02/13 00:00:00+00,,Monday to,Premises ,288,,259177,665620,906700355781,,56 Dundas Street Glasgow G1 2AQ ,,City Centre / Merchant City,29,10,Anderston/City/Yorkhill,S02001932
259275,662464,758,On & Off,GC1121,International Bar 467 Aitkenhead Road Glasgow G42 0PR  ,BLR Properties Limited,Suzanne Buckley,2009/02/13 00:00:00+00,,On Sales ,Premises ,255,4,259275,662464,906700291892,,2 Polmadie Street Glasgow G42 0PQ ,,Toryglen,5,07,Langside,S02001866
256651,667009,759,On & Off,GC1144,Jinty McGinty's 21 Ashton Lane Glasgow G12 8SJ  ,Jinty's Ltd,Nicholas Lynch,2009/02/13 00:00:00+00,,On Sales ,Premises ,195,6,256651,667009,906700006543,,21 Ashton Lane Glasgow G12 8SJ ,,Hillhead / Woodlands,30,11,Hillhead,S02001952
254165,664850,760,Off,GC1160,Unit 2 250 Drumoyne Road Glasgow G51 4BH  ,Swinton LIC Limited,James Mark Wilson,2009/02/13 00:00:00+00,,Monday to,Premises ,,35,254165,664850,906700422055,,Unit 2 250 Drumoyne Road Glasgow G51 4BH ,,Greater Govan,1,05,Govan,S02001855
258806,662448,761,Off,GC1192,DAY-TODAY 647 Cathcart Road Glasgow G42 8AE  ,Nasim Malik,Sareena Alam,2009/02/13 00:00:00+00,,Monday to,Premises ,,19.5,258806,662448,906700234132,,647 Cathcart Road Glasgow G42 8AE ,,Govanhill,4,08,Southside Central,S02001866
258792.67,665681.59,762,On & Off,GC1274,Rufus T Firefly's 201 Hope Street Glasgow G2 2UW  ,Northset Limited,Robert Alexander,2009/02/13 00:00:00+00,,On Sales ,Premises ,120,20.5,258792.67,665681.59,906700053824,,201 Hope Street Glasgow G2 2UW ,,City Centre / Merchant City,29,10,Anderston/City/Yorkhill,S02001934
253565,665190,763,On,GC1282,Lodge The Royal Stuart 366 Shieldhall Road Glasgow G51 4JH  ,The Masonic Social Club,,2009/02/13 00:00:00+00,,Monday to,Premises ,100,,253565,665190,906700351757,,366 Shieldhall Road Glasgow G51 4JH ,,Greater Govan,1,05,Govan,S02001855
258584,666327,764,On & Off,GC1299,China Town Restaurant 42 / 46 New City Road Glasgow G4 9JT  ,Quinnan Desmond Lee,Chotirot Limkeatcherdchoo,2009/02/13 00:00:00+00,,On Sales ,Premises ,156,14,258584,666327,906700089302,,Restaurant 44 New City Road Glasgow G4 9JT ,,City Centre / Merchant City,29,10,Anderston/City/Yorkhill,S02001933
255469,666613,765,On,GC1305,Roastit Bubbly Jocks 450 Dumbarton Road Glasgow G11 6SE  ,Scullery Holdings Limited,Jamie Allan,2009/02/13 00:00:00+00,,Monday to,Premises ,60,,255469,666613,906700032414,,450 Dumbarton Road Glasgow G11 6SE ,,Broomhill / Partick West,33,12,Victoria Park,S02001954
255206,665848,766,Off,GC1306,922 Govan Road Glasgow G51 3AF   ,Sahira Choudhry,Mohammed Imran,2009/02/13 00:00:00+00,,Monday to,Premises ,,17.4,255206,665848,906700164609,,920 Govan Road Glasgow G51 3AF ,,Greater Govan,1,05,Govan,S02001856
258942,665478,767,On & Off,GC1315,Vroni's 47 West Nile Street Glasgow G1 2PT  ,New 47 Pongo Ltd,Evan Rodriguez,2009/02/13 00:00:00+00,,On Sales ,Premises ,155,9.8,258942,665478,906700122035,,47 West Nile Street Glasgow G1 2PT ,,City Centre / Merchant City,29,10,Anderston/City/Yorkhill,S02001934
268264,666145,768,Off,GC1321,One O One Convenience Store 81-85 Lochend Road Easterhouse Glasgow G34 0JZ ,One-O-One Convenience Stores Limited,Shelby Paton,2009/02/13 00:00:00+00,,Monday to,Premises ,,26.4,268264,666145,906700188789,,81 Lochend Road Glasgow G34 0JZ ,,Easterhouse,16,21,North East,S02001905
253318,663875,769,Off,GC1322,G101 Off Sales 1838-1840 Paisley Road West Glasgow G52 3TW  ,One-O-One Convenience Stores Limited,Anne Wilson,2009/02/13 00:00:00+00,,Monday to,Premises ,,29.48,253318,663875,906700197638,,1840 Paisley Road West Glasgow G52 3TW ,,North Cardonald / Penilee,49,04,Cardonald,S02001850
255275,666611,770,Off,GC1333,Dumbarton Convenience Store 534 Dumbarton Road Glasgow G11 6SW  ,Partick Retail Ltd,Mohit Krishna Goud Appari,2009/02/13 00:00:00+00,,Monday to,Premises ,,12.28,255275,666611,906700027180,,534 Dumbarton Road Glasgow G11 6SW ,,Broomhill / Partick West,33,12,Victoria Park,S02001954
256088,666955,771,On & Off,GC1334,Cottier Theatre 93 Hyndland Street Glasgow G11 5PX  ,Fact Five Limited,Bianca Boni,2009/02/13 00:00:00+00,,On Sales ,Premises ,735,31.2,256088,666955,906700058979,,93 Hyndland Street Glasgow G11 5PU ,,Hyndland / Dowanhill / Partick East,32,23,Partick East/Kelvindale,S02001952
256748,667290,772,Off,GC1340,Waitrose 367 Byres Road Glasgow G12 8AU  ,Waitrose Limited,Kevin Sharkey,2009/02/13 00:00:00+00,,Monday to,Premises ,,102.8,256748,667290,906700017944,,367 - 373 Byres Road Glasgow G12 8AU ,,Hyndland / Dowanhill / Partick East,32,23,Partick East/Kelvindale,S02001957
259600,665117,773,On,GC1343,Table Twenty Eight Unit 4 71 Albion Street City Centre Glasgow G1 1NY,CDLH Surveyors Limited,Madhav Kharwar,2009/02/13 00:00:00+00,,Monday to,Premises ,106,,259600,665117,906700363152,,Unit 4 71 Albion Street City Centre Glasgow G1 1NY ,,City Centre / Merchant City,29,10,Anderston/City/Yorkhill,S02001932
262008,667607,774,Off,GC1350,Star Grocers 564 Broomfield Road Glasgow G21 3HN  ,Rafi Mohammed,Aamir Sattar,2009/02/13 00:00:00+00,,Monday to,Premises ,,29,262008,667607,906700219906,,564 Broomfield Road Glasgow G21 3HN ,,Balornock/ Barmulloch,26,17,Springburn/Robroyston,S02001920
258905,665555,775,On & Off,GC1357,Slug & Lettuce and Popworld 112-114 West George Street Glasgow G2 1NF  ,Stonegate Pub Company Limited,Hollie McKenzie,2009/02/13 00:00:00+00,,On Sales ,Premises ,770,48.88,258905,665555,906700109939,,114 West George Street Glasgow G2 1PS ,,City Centre / Merchant City,29,10,Anderston/City/Yorkhill,S02001934
254627.79,667994.189999999,776,On,GC1361,The Prancing Stag Upper Floor 1A Ashwood Gardens Glasgow G13 1NU ,Iolair Ltd,Rory Cox,2009/02/13 00:00:00+00,,Monday to,Premises ,75,,254627.79,667994.19,906700377785,,1A Ashwood Gardens Glasgow G13 1NX ,,Anniesland / Jordanhill / Whiteinch,34,12,Victoria Park,S02001958
260041,659265,777,Off,GC1368,B & M Castlemilk 42 Castlemilk Arcade Glasgow G45 9AA  ,EV Retail Ltd,Lorraine Brown,2009/02/13 00:00:00+00,,Monday to,Premises ,,56.6,260041,659265,906700344662,,42 Castlemilk Arcade Glasgow G45 9AA ,,Castlemilk,20,01,Linn,S02001882
257359.01,662138.23,778,On & Off,GC0924,The Corona 1039 Pollokshaws Road Glasgow G41 3YF  ,Greene King Brewing & Retailing Limi,Gerard Tartaglia,2009/02/16 00:00:00+00,,On Sales ,Premises ,474,35.7,257359.01,662138.23,906700291857,,1039 Pollokshaws Road Glasgow G41 3YF ,,Langside / Battlefield,7,07,Langside,S02001871
257515,667817,779,On & Off,GC0927,795 Maryhill Road Glasgow G20 7TL   ,Cafe Ibiza Limited,Jack William Ross Quirk,2009/02/16 00:00:00+00,,On Sales ,Premises ,148,1.1,257515,667817,906700079929,,795 Maryhill Road Glasgow G20 7TL ,,Maryhill Road Corridor,39,11,Hillhead,S02001941
258135,666702,780,Off,GC0928,Spar Maryhill 98 Maryhill Road Glasgow G20 7QB  ,Sadco Enterprise Limited,Iqbal Sadiq,2009/02/16 00:00:00+00,,Monday to,Premises ,,14.84,258135,666702,906700411786,,98 Maryhill Road Glasgow G20 7QB ,,Hillhead / Woodlands,30,11,Hillhead,S02001938
252587,660117,781,Off,GC0996,Lidl Great Britain Limited 585 Nitshill Road Glasgow G53 7RZ  ,Lidl Great Britain Limited,Hayley Beattie,2009/02/16 00:00:00+00,,Monday to,Premises ,,58.46,252587,660117,906700349621,,585 Nitshill Road Glasgow G53 7RZ ,,South Nitshill / Darnley,46,03,Greater Pollok,S02001844
257461,664660,782,On,GC1000,Grand Ole Opry 2 / 4 Govan Road Glasgow G51 1HS  ,Grand Ole Opry (Glasgow) Limited,Mary Hill,2009/02/16 00:00:00+00,,Monday to,Premises ,600,,257461,664660,906700167271,,4 Govan Road Glasgow G51 1HS ,,Ibrox / Kingston,2,05,Govan,S02001861
258888,664965,783,On & Off,GC1004,Times Square 40-48 St Enoch Square Glasgow G1 4DH  ,Spirit Pub Company (Leased) Limited,Charlene Wilkie,2009/02/16 00:00:00+00,,On Sales ,Premises ,401,33,258888,664965,906700102134,,48 St Enoch Square Glasgow G1 4DH ,,City Centre / Merchant City,29,10,Anderston/City/Yorkhill,S02001934
258698,668936,784,On,GC1034,Mamma Mia 16 Kings Place Glasgow G22 6LL  ,Kingsacre Investments Limited,Giuseppina Rossi,2009/02/16 00:00:00+00,,Monday to,Premises ,60,,258698,668936,906700078380,,16 Kings Place Glasgow G22 6LL ,,Lambhill / Milton,35,16,Canal,S02001943
258822,665213,785,On,GC1052,Rennie Mackintosh Hotel 59 Union Street Glasgow G1 3RB  ,Rennie Mackintosh Limited,Anendra Pratap Singh,2009/02/16 00:00:00+00,,Monday to,Premises ,52,,258822,665213,906700114936,,59 Union Street Glasgow G1 3RB ,,City Centre / Merchant City,29,10,Anderston/City/Yorkhill,S02001934
259054,665187,786,On,GC1166,Sugar Dumplin Unit 53 Level 2 Princes Square 48 Buchanan Street City Centre Glasgow,LSS Licence Holding Limited,Calum Brett Clark,2009/02/16 00:00:00+00,,Monday to,Premises ,195,0,259054,665187,906700319314,,Unit 53 Level 2 Princes Square 48 Buchanan Street City Centre Glasgow G1 3JN ,,City Centre / Merchant City,29,10,Anderston/City/Yorkhill,S02001934
258824,665128,787,On,GC1167,The Cathouse 15 Union Street Glasgow G1 3RB  ,Rockhouse 666 Limited,Hazel Faith Neilson,2009/02/16 00:00:00+00,,Monday to,Premises ,752,,258824,665128,906700114152,,15 Union Street Glasgow G1 3RB ,,City Centre / Merchant City,29,10,Anderston/City/Yorkhill,S02001934
259556,665101,788,On & Off,GC1198,The Metropolitan 72 Candleriggs Glasgow G1 1LE  ,CDLH Surveyors Limited,Iain Reid,2009/02/16 00:00:00+00,,On Sales ,Premises ,497,8,259556,665101,906700358410,,72 Candleriggs Glasgow G1 1LE ,,City Centre / Merchant City,29,10,Anderston/City/Yorkhill,S02001932
257687,666855,789,On & Off,GC1249,372 Great Western Road Glasgow G4 9HT   ,LAL (Public House) Limited,Carly McDonnell,2009/02/16 00:00:00+00,,On Sales ,Premises ,195,11,257687,666855,906700040988,,372 Great Western Road Glasgow G4 9HT ,,Hillhead / Woodlands,30,11,Hillhead,S02001937
258137,661650,790,On,GC1251,Battlefield Rest 55 Battlefield Road Glasgow G42 9JL  ,San Marco (Scotland) Limited,Marco Giannasi,2009/02/16 00:00:00+00,,Monday to,Premises ,75,0,258137,661650,906700235661,,55 Battlefield Road Glasgow G42 9JL ,,Langside / Battlefield,7,07,Langside,S02001867
259054,665187,791,On & Off,GC1254,Maison by Glaschu Unit D1 Princes Square 48 Buchanan Street City Centre Glasgow,LSS Licence Holding Limited,Joanne Leslie,2009/02/16 00:00:00+00,,On Sales ,Premises ,375,9.8,259054,665187,906700321076,,Unit D Level 2 Princes Square 48 Buchanan Street City Centre Glasgow G1 3JN ,,City Centre / Merchant City,29,10,Anderston/City/Yorkhill,S02001934
259600,665117,792,On,GC1370,City Halls/Old Fruitmarket Candleriggs Glasgow G1 1NQ  ,Glasgow City Council,Caitlin Anderson,2009/02/16 00:00:00+00,,Monday to,Premises ,3075,,259600,665117,906700022047,,City Halls/Old Fruitmarket 96 Candleriggs Glasgow G1 1NQ ,,City Centre / Merchant City,29,10,Anderston/City/Yorkhill,S02001932
259103,665789,793,On & Off,GC1374,The Glasgow Royal Concert Hall 2 Sauchiehall Street Glasgow G2 3NY  ,Glasgow City Council,Gordon Andrew McAleer,2009/02/16 00:00:00+00,,On Sales ,Premises ,4495,0,259103,665789,906700106982,,Glasgow Royal Concert Hall 2 Sauchiehall Street Glasgow G2 3NY ,,City Centre / Merchant City,29,10,Anderston/City/Yorkhill,S02001934
257370,666336,794,On,GC1375,Scottish Youth Hostel 7/8 Park Terrace Glasgow G3 6BY  ,SYHA (Trading) Ltd,Martin Dinnen,2009/02/16 00:00:00+00,,Monday to,Premises ,300,,257370,666336,906700091157,,Glasgow Youth Hostels 8 Park Terrace Glasgow G3 6BY ,,Hillhead / Woodlands,30,11,Hillhead,S02001953
263922,664248,795,On & Off,GC0929,Town Tavern 843 Shettleston Road Glasgow G32 7NR  ,Punch Partnership Limited,Lyn McShane,2009/02/20 00:00:00+00,,On Sales ,Premises ,248,13,263922,664248,906700212194,,843 Shettleston Road Glasgow G32 7NR ,,Tollcross / West Shettleston,56,19,Shettleston,S02001912
261930,665512,796,On & Off,GC0970,Lea Rig 701/703 Alexandra Parade Glasgow G31 3LN  ,Suburban Taverns Limited,Margaret Collins ,2009/02/20 00:00:00+00,,On Sales ,Premises ,147,8,261930,665512,906700136661,,701 Alexandra Parade Glasgow G31 3LN ,,Haghill / Carntyne,13,22,Dennistoun,S02001928
257584,666580,797,On,GC0980,Burnbank Glasgow Bowling Club 235 Woodlands Road Glasgow G3 6NN  ,Burnbank Glasgow Bowling Club,,2009/02/20 00:00:00+00,,Monday to,Premises ,75,,257584,666580,906700122419,,Burnbank Bowling Club 235 Woodlands Road Glasgow G3 6NN ,,Hillhead / Woodlands,30,11,Hillhead,S02001937
259223,661215,798,On & Off,GC0997,Beechwood 164 Ardmay Crescent Glasgow G44 4PP  ,Greene King Brewing & Retailing Limi,Jamie Byars,2009/02/20 00:00:00+00,,On Sales ,Premises ,675,24.7,259223,661215,906700244682,,164 Ardmay Crescent Glasgow G44 4PP ,,King's Park / Mount Florida,8,07,Langside,S02001887
256260,666571,799,On,GC0998,No Sixteen 16 Byres Road Glasgow G11 5JY  ,Number Sixteen West End Limiited,Emma Wilkie,2009/02/20 00:00:00+00,,Monday to,Premises ,40,,256260,666571,906700020259,,16 Byres Road Glasgow G11 5JY ,,Hyndland / Dowanhill / Partick East,32,23,Partick East/Kelvindale,S02001953
251639,670268,800,On,GC1051,Mecca Bingo Club 3 Allerdyce Court Glasgow G15 6SA  ,Mecca Bingo Limited,Alistair William Steel,2009/02/20 00:00:00+00,,Monday to,Premises ,2199,,251639,670268,906700344320,,Mecca Bingo 3 Allerdyce Court Glasgow G15 6SA ,,Blairdardie,14,14,Drumchapel/Anniesland,S02001973
259196,664237,801,On & Off,GC1082,Premier Inn 80 Ballater Street Glasgow G5 0TW  ,Whitbread Group Plc,Jennifer Louise Mitchell,2009/02/20 00:00:00+00,,On Sales ,Premises ,480,7.8,259196,664237,906700361163,,Premier Inn 80 Ballater Street Glasgow G5 0TW ,,Greater Gorbals,3,08,Southside Central,S02001890
254700,669601,802,On,GC1140,David Lloyd Glasgow 242 Netherton Road Anniesland Glasgow G13 1BJ ,David Lloyd Leisure Limited,Claire Louise McNicol,2009/02/20 00:00:00+00,,Monday to,Premises ,750,,254700,669601,906700369170,,Bowling Club 236 Netherton Road Glasgow G13 1BJ ,,Temple / Anniesland,18,14,Drumchapel/Anniesland,S02001971
256907,665768,803,On,GC1142,University of Glasgow Staff Bowling Club (and external area) 39A St Vincent Crescent Glasgow G3 8NG  ,University of Glasgow Staff Bowling ,,2009/02/20 00:00:00+00,,Monday to,Premises ,80,,256907,665768,906700103987,,39A St Vincent Crescent Glasgow G3 8NG ,,Yorkhill / Anderston,31,10,Anderston/City/Yorkhill,S02001936
255517,670022,804,On & Off,GC1149,Kelvin Conference Centre 2317 Maryhill Road Glasgow G20 0TH  ,University Of Glasgow,Kenneth Gough,2009/02/20 00:00:00+00,,On Sales ,Premises ,148,0,255517,670022,906700303479,,CONFERENCE West Of Scotland Science Park Kelvin Campus 2317 Maryhill Road Glasgow G20 0SP ,,North Maryhill / Summerston,36,15,Maryhill,S02001946
260558,667714,805,Off,GC1203,Springway Stores 159 Springburn Way Glasgow G21 1DT  ,PAN5R Properties Limited,Parvaneh Rahmani,2009/02/20 00:00:00+00,,Monday to,Premises ,,29.5,260558,667714,906700219126,,159 Springburn Way Glasgow G21 1DT ,,Springburn,24,17,Springburn/Robroyston,S02001922
259527,664884,806,On & Off,GC1257,Tron Theatre The Tron Theatre 38 Parnie Street Glasgow G1 5LS ,Tron Theatre Limited,Khaliq Ahmed,2009/02/20 00:00:00+00,,On Sales ,Premises ,604,15.9,259527,664884,906700094646,,The Tron Theatre 38 Parnie Street Glasgow G1 5HB ,,City Centre / Merchant City,29,10,Anderston/City/Yorkhill,S02001932
260181,664744,807,On,GC1273,The Hoops Bar 283 Gallowgate Glasgow G4 0TR  ,A1 Westend Limited,Neil John O'Donnell,2009/02/20 00:00:00+00,,Monday to,Premises ,174,,260181,664744,906700167908,,283 Gallowgate Glasgow G4 0TR ,,Calton / Bridgeton,28,09,Calton,S02001891
259687,664803,808,On,GC1293,Vinyl Bar 42/44 London Road Glasgow G1 5NB  ,Vinyl Cafe Limited,John Irvine,2009/02/20 00:00:00+00,,Monday to,Premises ,60,,259687,664803,906700183661,,42 London Road Glasgow G1 5NB ,,Calton / Bridgeton,28,09,Calton,S02001891
259942,657606,809,On,GC1308,Mitchells 107 Waterside Road Glasgow G76 9DU  ,Veronica Dundas,Lorna Sangster,2009/02/20 00:00:00+00,,Monday to,Premises ,110,,259942,657606,906700316507,,107 Waterside Road Glasgow G76 9DU ,,Carmunnock,21,01,Linn,S02001880
255560,668116,810,On,GC1372,Leonardo Inn Glasgow West End 4 Shelley Road Glasgow G12 0XP  ,Leonardo Portland Operation Limited,,2009/02/20 00:00:00+00,,Monday to,Premises ,315,,255560,668116,906700102801,,4 Shelley Road Glasgow G12 0ZD ,,Hyndland / Dowanhill / Partick East,32,23,Partick East/Kelvindale,S02001958
257251.04,672735.789999999,811,On & Off,GC1376,Dobbies Garden Centre 846 Boclair Road Glasgow G62 6EP  ,Dobbies Gardens Centres plc,Annemarie Burns,2009/02/20 00:00:00+00,,On Sales ,Premises ,390,16.47,257251.04,672735.79,906700013239,,846 Boclair Road Glasgow G62 6EP ,,Lambhill / Milton,35,16,Canal,S02001945
264740,667701,812,On & Off,GC0926,Dug 'n' Duck 3-7 Avenue End Road Millerston Glasgow G33 6ND ,Star Pubs Trading Limited ,,2009/03/02 00:00:00+00,,On Sales ,Premises ,255,13.5,264740,667701,906700128948,,3 Avenue End Road Glasgow G33 6ND ,,Ruchazie / Garthamlock,17,21,North East,S02001918
258921.94,665650.970000001,813,On,GC1057,Drummonds 70 Renfield Street Glasgow G2 1NQ  ,Hawthorn Leisure Scotco Limited,Rosemary Crossan,2009/03/02 00:00:00+00,,Monday to,Premises ,558,,258921.94,665650.97,906700087957,,70 Renfield Street Glasgow G2 1NQ ,,City Centre / Merchant City,29,10,Anderston/City/Yorkhill,S02001934
262352,663934,814,On & Off,GC1068,The Oak Bar 770-774 Springfield Road Glasgow G31 4HL  ,Catherine Kennedy,Catherine Kennedy,2009/03/02 00:00:00+00,,On Sales ,Premises ,240,12,262352,663934,906700215689,,774 Springfield Road Glasgow G31 4HL ,,Parkhead / Dalmarnock,27,09,Calton,S02001894
258520,665823,815,On & Off,GC1089,St Judes 190 Bath Street Glasgow G2 4HG  ,AJRB Property Limited,Joseph Francis Lilley,2009/03/02 00:00:00+00,,On Sales ,Premises ,435,32.5,258520,665823,906700009901,,186 Bath Street Glasgow G2 4HG ,,City Centre / Merchant City,29,10,Anderston/City/Yorkhill,S02001934
257882,666690,816,On & Off,GC1096,The Scallion 185 Great Western Road Glasgow G4 9EB  ,Signature Pubs Limited,Paul Lorraine,2009/03/02 00:00:00+00,,On Sales ,Premises ,206,2.7,257882,666690,906700052267,,185 Great Western Road Glasgow G4 9EB ,,Hillhead / Woodlands,30,11,Hillhead,S02001937
259242,665474,817,On & Off,GC1179,Millennium Hotel 40/42 George Square Glasgow G2 1DS  ,Archyield Limited,Patricia Fitzsimons,2009/03/02 00:00:00+00,,On Sales ,Premises ,1296,106,259242,665474,906700050282,,Millennium Hotel 40 George Square Glasgow G2 1DS ,,City Centre / Merchant City,29,10,Anderston/City/Yorkhill,S02001932
253004,670350,818,Off,GC1202,475 Blairdardie Road Glasgow G15 6JP   ,Keystore Blairdardie Limited,Paul Toland,2009/03/02 00:00:00+00,,Monday to,Premises ,,15.3,253004,670350,906700013679,,475 Blairdardie Road Glasgow G15 6JP ,,Blairdardie,14,14,Drumchapel/Anniesland,S02001973
258668,665187,819,On,GC1211,Solid Rock Cafe 19 Hope Street Glasgow G2 6AB  ,Parepark Limited,Robert Tindall Alexander,2009/03/02 00:00:00+00,,Monday to,Premises ,435,,258668,665187,906700064061,,19 Hope Street Glasgow G2 6AB ,,City Centre / Merchant City,29,10,Anderston/City/Yorkhill,S02001934
256845,666105,820,On & Off,GC1286,Drawing Room 1055 Sauchiehall Street Glasgow G3 7UD  ,McDonald Realty Limited,Lauren Mary Kelly,2009/03/02 00:00:00+00,,On Sales ,Premises ,221,4.5,256845,666105,906700107808,,1055 Sauchiehall Street Glasgow G3 7UD ,,Yorkhill / Anderston,31,10,Anderston/City/Yorkhill,S02001936
252329,670549,821,On & Off,GC1288,Peel Bar 110 Garscadden Road Glasgow G15 6QG  ,The United Bar CIC,William Norman MacLeod Chi,2009/03/02 00:00:00+00,,On Sales ,Premises ,255,38.5,252329,670549,906700379955,,Public House 120 Garscadden Road Glasgow G15 6QG ,,Drumchapel,40,14,Drumchapel/Anniesland,S02001974
268269,663906,822,On & Off,GC1290,The Log Cabin 32-38 Bredisholm Road Baillieston Glasgow G69 7HL ,DMR (Investments) Limited,Raymond Milliken,2009/03/02 00:00:00+00,,On Sales ,Premises ,250,5.6,268269,663906,906700115535,,32 Bredisholm Road Glasgow G69 7HL ,,Baillieston / Garrowhill,42,20,Baillieston,S02001901
259054,665187,823,On,GC1320,Cuvée Courtyard Princes Square Glasgow G1 3JN ,LSS Licence Holding Limited,Cadhla Boyle,2009/03/02 00:00:00+00,,Monday to,Premises ,128,4.56,259054,665187,906700319319,,Basement 1 Princes Square 48 Buchanan Street City Centre Glasgow G1 3JN ,,City Centre / Merchant City,29,10,Anderston/City/Yorkhill,S02001934
256188,666508,824,On & Off,GC1383,Sizzle Korean BBQ 2 Partick Bridge Street Glasgow G11 6PL  ,Partick Bridge Street Limited,Qing He,2009/03/02 00:00:00+00,,On Sales ,Premises ,451,16,256188,666508,906700371944,,2 Partick Bridge Street Glasgow G11 6PL ,,Hyndland / Dowanhill / Partick East,32,23,Partick East/Kelvindale,S02001953
256299,661755,825,On & Off,GC0922,Eala Bhan 1534 Pollokshaws Road Glasgow G43 1RF  ,Star Pubs Trading Limited ,,2009/03/09 00:00:00+00,,On Sales ,Premises ,315,22,256299,661755,906700297707,,1534 Pollokshaws Road Glasgow G43 1RF ,,Shawlands / Strathbungo,6,06,Pollokshields,S02001873
256851,667307,826,On,GC1092,Oran Mor 731 Great Western Road Glasgow G12 8QX  ,Skerryvore Limited,David John Ogston,2009/03/09 00:00:00+00,,Monday to,Premises ,1815,0,256851,667307,906700382980,,731 Great Western Road Glasgow G12 8QX ,,Hillhead / Woodlands,30,11,Hillhead,S02001952
258795,665020,827,On & Off,GC1150,The Crystal Palace 36 Jamaica Street Glasgow G1 4QD  ,J D Wetherspoon (Scot) Limited,Graeme Alexander Goodwin,2009/03/09 00:00:00+00,,On Sales ,Premises ,843,56.7,258795,665020,906700054027,,36 Jamaica Street Glasgow G1 4QD ,,City Centre / Merchant City,29,10,Anderston/City/Yorkhill,S02001934
264967,661578,828,On,GC1195,Carmyle Bowling Club 1 River Road Glasgow G32 8EG  ,Carmyle Bowling Club,,2009/03/09 00:00:00+00,,Monday to,Premises ,100,,264967,661578,906700135537,,1 River Road Glasgow G32 8EG ,,Mount Vernon / East Shettleston,55,19,Shettleston,S02001897
257127,666731,829,On & Off,GC1216,Glasgow University Union 32 University Avenue Glasgow G12 8LX  ,Glasgow University Union,,2009/03/09 00:00:00+00,,On Sales ,Premises ,2083,8.2,257127,666731,906700328483,,Students Union 42 University Avenue Glasgow G12 8LX ,,Hillhead / Woodlands,30,11,Hillhead,S02001952
258701,665733,830,On & Off,GC1231,Bar Bloc 117 Bath Street Glasgow G2 2SZ  ,Balkan Proof Lic Ltd,James Robert Atkinson,2009/03/09 00:00:00+00,,On Sales ,Premises ,170,11,258701,665733,906700009652,,117 Bath Street Glasgow G2 2SZ ,,City Centre / Merchant City,29,10,Anderston/City/Yorkhill,S02001934
256732,666884,831,On,GC1235,Queen Margaret Union 22 University Gardens Glasgow G12 8QH  ,Queen Margaret Union,,2009/03/09 00:00:00+00,,Monday to,Premises ,1250,,256732,666884,906700116740,,20 University Gardens Glasgow G12 8QH ,,Hillhead / Woodlands,30,11,Hillhead,S02001952
256027,664393,832,Off,GC1262,504 Paisley Road West Glasgow G51 1PY   ,Arif Anwer,Ali Riaz,2009/03/09 00:00:00+00,,Monday to,Premises ,,14.97,256027,664393,906700196719,,504 Paisley Road West Glasgow G51 1PY ,,Ibrox / Kingston,2,05,Govan,S02001860
257169.61,665923.74,833,On,GC1277,Mother India 28 Westminster Terrace Glasgow G3 7RU  ,Mrs Kays Ltd,Monir Mohammed,2009/03/09 00:00:00+00,,Monday to,Premises ,204,,257169.61,665923.74,906700382354,,28 Westminster Terrace Glasgow G3 7RU ,,Yorkhill / Anderston,31,10,Anderston/City/Yorkhill,S02001935
255956,659959,834,Off,GC1326,Mansewood Mini Market 82 Parkneuk Road Glasgow G43 2AF  ,Shafqat Sharif,Mohammed Jawaid,2009/03/09 00:00:00+00,,Monday to,Premises ,,6.5,255956,659959,906700295176,,82 Parkneuk Road Glasgow G43 2AF ,,Pollokshaws / Mansewood,47,02,Newlands/Auldburn,S02001875
256696,665115,835,On & Off,GC1327,BBC Scotland Headquarters Pacific Quay 40 Pacific Drive Glasgow G51 1DA ,BaxterStorey Limited,Lynne Clarke,2009/03/09 00:00:00+00,,On Sales ,Premises ,1400,0.8,256696,665115,906700399768,,40 Pacific Quay Glasgow G51 1DA ,,Ibrox / Kingston,2,05,Govan,S02001860
258260,662606,836,On,GC1381,Adrian's Bar 441 Victoria Road Glasgow G42 8RW  ,Queens Park (Gargaro)Property Co Ltd,Thomas Abraham Nicholls,2009/03/13 00:00:00+00,,"Monday, C",Premises ,75,0,258260,662606,906700306894,,441 Victoria Road Glasgow G42 8RW ,,Govanhill,4,08,Southside Central,S02001868
253756,669904,837,Off,GC0002,Keystore 104/108 Baldwin Avenue Knightswood Glasgow G13 2QU ,Ayden Limited,Ranjit Singh,2009/04/27 00:00:00+00,,Monday to,Premises ,,21.7,253756,669904,906700008651,,108 Baldwin Avenue Glasgow G13 2QU ,,Temple / Anniesland,18,14,Drumchapel/Anniesland,S02001972
264878,664120,838,On & Off,GC0006,The Railway Tavern 1410/1416 Shettleston Road Glasgow G32 9AL  ,Derek Greenhorn Limited,Derek Greenhorn,2009/04/27 00:00:00+00,,On Sales ,Premises ,128,11.4,264878,664120,906700206994,,1416 Shettleston Road Glasgow G32 9AL ,,Mount Vernon / East Shettleston,55,19,Shettleston,S02001910
254337,665444,839,On,GC0020,Linthouse Bowling Club 15 Drumoyne Avenue Glasgow G51 4AP  ,Linthouse Bowling Club ,,2009/04/27 00:00:00+00,,Monday to,Premises ,100,,254337,665444,906700152445,,15 Drumoyne Avenue Glasgow G51 4AP ,,Greater Govan,1,05,Govan,S02001855
256364,664460,840,Off,GC0030,Co-operative Group Food Limited 390/400 Paisley Road West Glasgow G51 1BG  ,Co-operative Group Food Limited,Megan Hawkins,2009/04/27 00:00:00+00,,Monday to,Premises ,,23.2985,256364,664460,906700201138,,400 Paisley Road West Glasgow G51 1BG ,,Ibrox / Kingston,2,05,Govan,S02001861
252585,668904,841,Off,GC0033,Co-op 269 Alderman Road Glasgow G13 3AY  ,Co-operative Group Food Limited,Gayle Ann Gallacher,2009/04/27 00:00:00+00,,Monday to,Premises ,,32.43,252585,668904,906700383597,,269 Alderman Road Glasgow G13 3AY ,,Knightswood,19,13,Garscadden/Scotstounhill,S02001968
257474,664607,842,On & Off,GC0044,The Union Bar 473 Paisley Road Glasgow G5 8RJ  ,Rosemount Taverns Limited,Donna Gorrell,2009/04/27 00:00:00+00,,On Sales ,Premises ,135,2.5,257474,664607,906700193376,,471 Paisley Road Glasgow G5 8RJ ,,Ibrox / Kingston,2,05,Govan,S02001861
255139,665860,843,On & Off,GC0045,Ouania 954 Govan Road Glasgow G51 3AJ  ,Rosemount Taverns Limited,Stephanie McDermott,2009/04/27 00:00:00+00,,On Sales ,Premises ,60,8,255139,665860,906700164734,,954 Govan Road Glasgow G51 3AJ ,,Greater Govan,1,05,Govan,S02001856
258224.13,667304.66,844,On & Off,GC0046,Star & Garter 687 Garscube Road Glasgow G20 7JX  ,Oakmont Holdings Limited,Gary Love,2009/04/27 00:00:00+00,,On Sales ,Premises ,60,2.4,258224.13,667304.66,906700049483,,687 Garscube Road Glasgow G20 7JX ,,Hillhead / Woodlands,30,11,Hillhead,S02001939
257479,664647,845,On & Off,GC0047,3 Cheers 488 Paisley Road Glasgow G5 8RE  ,Rosemount Taverns Limited,Darren Tait,2009/04/27 00:00:00+00,,On Sales ,Premises ,135,6,257479,664647,906700194055,,488 Paisley Road Glasgow G5 8RE ,,Ibrox / Kingston,2,05,Govan,S02001890
262351,664291,846,On & Off,GC0048,The Old Black Bull 1316 Gallowgate Glasgow G31 4DR  ,Rosemount Taverns Limited,Nicola Elizabeth Gibson,2009/04/27 00:00:00+00,,On Sales ,Premises ,60,6.8,262351,664291,906700176554,,1318 Gallowgate Glasgow G31 4DR ,,Parkhead / Dalmarnock,27,09,Calton,S02001894
252312,670613,847,Off,GC0049,10 O'Clock Shop 135 Garscadden Road Glasgow G15 6UQ  ,Mahmood Rahman,Usama Mehboob,2009/04/27 00:00:00+00,,Monday to,Premises ,,31.4,252312,670613,906700047552,,135 Garscadden Road Glasgow G15 6UQ ,,Drumchapel,40,14,Drumchapel/Anniesland,S02001974
255427,666576,848,On & Off,GC0070,The Rosevale 483 Dumbarton Road Glasgow G11 6EJ  ,Rosemount Bars Limited,Joanne Thorburn,2009/04/27 00:00:00+00,,On Sales ,Premises ,192,18.5,255427,666576,906700033314,,483 Dumbarton Road Glasgow G11 6EJ ,,Broomhill / Partick West,33,12,Victoria Park,S02001954
256781,664584,849,On & Off,GC0074,The Louden 22 Harvie Street Glasgow G51 1BW  ,Rosemount Taverns Limited,Natalie Flynn,2009/04/27 00:00:00+00,,On Sales ,Premises ,188,5.4,256781,664584,906700172667,,22 Harvie Street Glasgow G51 1BW ,,Ibrox / Kingston,2,05,Govan,S02001861
261513,665587,850,Off,GC0094,581 Alexandra Parade Glasgow G31 3DB   ,Baljit Kaur,Harman Kaur,2009/04/27 00:00:00+00,,Monday to,Premises ,,22.99,261513,665587,906700315781,,581 Alexandra Parade Glasgow G31 3DB ,,Dennistoun,12,22,Dennistoun,S02001927
257239,667654,851,Off,GC0105,Hippo Beers 128 Queen Margaret Drive Glasgow G20 8NY  ,Narinder Singh Gill,Kishan Singh Gill,2009/04/27 00:00:00+00,,Monday to,Premises ,,40.5,257239,667654,906700087116,,128 Queen Margaret Drive Glasgow G20 8NY ,,Maryhill Road Corridor,39,11,Hillhead,S02001941
265184,664013,852,On & Off,GC0109,Gartocher Bar 1622 Shettleston Road Glasgow G32 9AN  ,FB Rattler Limited,Stephen Murray,2009/04/27 00:00:00+00,,On Sales ,Premises ,284,13.9,265184,664013,906700325839,,1622 Shettleston Road Glasgow G32 9AN ,,Mount Vernon / East Shettleston,55,19,Shettleston,S02001910
254126,665905,853,On & Off,GC0111,The Amethyst 1209 Govan Road Glasgow G51 4PW  ,IP Partnership Limited,Caitlin Whitten,2009/04/27 00:00:00+00,,On Sales ,Premises ,114,5.1,254126,665905,906700168215,,1209 Govan Road Glasgow G51 4PW ,,Greater Govan,1,05,Govan,S02001855
263597,664310,854,On & Off,GC0132,Sheddens 641 Shettleston Road Glasgow G32 7EL  ,RB Property (Scotland) Ltd,Andrea Hyndman,2009/04/27 00:00:00+00,,On Sales ,Premises ,100,14,263597,664310,906700210394,,641 Shettleston Road Glasgow G32 7EL ,,Tollcross / West Shettleston,56,19,Shettleston,S02001911
259959,665694,855,On & Off,GC0142,The Howgait 100 St James Road Glasgow G4 0PS  ,Stonegate Pub Company Limited,Fiona Catherine Wallace,2009/04/27 00:00:00+00,,On Sales ,Premises ,435,29.1,259959,665694,906700343899,,100 St James Road Glasgow G4 0PS ,,City Centre / Merchant City,29,10,Anderston/City/Yorkhill,S02001932
256214,666518,856,On & Off,GC0143,The Three Judges 141 Dumbarton Road Glasgow G11 6PR  ,TJ Lease Ltd,Lynne Scambler,2009/04/27 00:00:00+00,,On Sales ,Premises ,89,26.3,256214,666518,906700038460,,141 Dumbarton Road Glasgow G11 6PR ,,Hyndland / Dowanhill / Partick East,32,23,Partick East/Kelvindale,S02001953
257980,660350,857,On,GC0162,Cathcart Bowling Club 74 Ashmore Road Glasgow G44 3DD  ,Cathcart Bowling Club,,2009/04/27 00:00:00+00,,Monday to,Premises ,135,,257980,660350,906700239409,,74 Ashmore Road Glasgow G44 3DD ,,Newlands / Cathcart,43,02,Newlands/Auldburn,S02001877
258710,666944,858,Off,GC0163,Chan's Ltd 37-39 Farnell Street Glasgow G4 9SE  ,Chan's Ltd,Aileen Chan,2009/04/27 00:00:00+00,,Monday to,Premises ,,25,258710,666944,906700044808,,37 Farnell Street Glasgow G4 9SE ,,Hillhead / Woodlands,30,11,Hillhead,S02001938
264741,662602,859,On,GC0228,Foxley Bowling Club 30 Carmyle Avenue Carmyle Glasgow G32 8HU ,Foxley Bowling Club,,2009/04/27 00:00:00+00,,Monday to,Premises ,135,,264741,662602,906700126775,,Foxley Bowling Club 30 Carmyle Avenue Glasgow G32 8HU ,,Tollcross / West Shettleston,56,19,Shettleston,S02001898
255726.7,666626.369999999,860,On & Off,GC0230,The Burgh Bar 10 Fortrose Street Glasgow G11 5NS  ,Eilean Properties Ltd,Grant McArthur,2009/04/27 00:00:00+00,,On Sales ,Premises ,52,11.5,255726.7,666626.37,906700052684,,10 Fortrose Street Glasgow G11 5NS ,,Hyndland / Dowanhill / Partick East,32,23,Partick East/Kelvindale,S02001955
264136,663248,861,On & Off,GC0264,Strathspey Bar 1106 Tollcross Road Glasgow G32 8UN  ,FB Rattler Limited,Jamie Lee McKay,2009/04/27 00:00:00+00,,On Sales ,Premises ,60,12.6,264136,663248,906700223334,,1106 Tollcross Road Glasgow G32 8UN ,,Tollcross / West Shettleston,56,19,Shettleston,S02001896
251350,668676,862,On & Off,GC0292,Keystore 2368 Dumbarton Road Glasgow G14 0QL  ,Rajwinder Kaur Lalli,Rajwinder Kaur,2009/04/27 00:00:00+00,,On Sales ,Premises ,,19.8,251350,668676,906700027308,,2368 Dumbarton Road Glasgow G14 0QL ,,Yoker / Scotstoun,15,13,Garscadden/Scotstounhill,S02001964
250919,669006,863,On & Off,GC0294,Lovat Arms 2560 - 2562 Dumbarton Road Glasgow G14 0PT  ,Star Pubs Trading Limited ,Catherine Waddell,2009/04/27 00:00:00+00,,On Sales ,Premises ,120,1.1,250919,669006,906700035159,,Lovat Arms 2562 Dumbarton Road Glasgow G14 0PT ,,Yoker / Scotstoun,15,13,Garscadden/Scotstounhill,S02001964
263730,664683,864,On & Off,GC0296,Westburn 110 Carntynehall Road Glasgow G32 6AS  ,Adam Target Properties Limited,Jai Irvin,2009/04/27 00:00:00+00,,On Sales ,Premises ,183,1.1,263730,664683,906700141587,,Workshop 1 110 Carntynehall Road Glasgow G32 6AS ,,Haghill / Carntyne,13,18,East Centre,S02001909
259733,665066,865,On & Off,GC0347,Strathduie Bar 5 Blackfriars Street Glasgow G1 1PG  ,Polamco Properties Ltd,Ryan Ford,2009/04/27 00:00:00+00,,On Sales ,Premises ,60,1.2,259733,665066,906700013277,,Public House 3A Blackfriars Street Glasgow G1 1PG ,,City Centre / Merchant City,29,10,Anderston/City/Yorkhill,S02001932
257774.86,662789.710000001,866,On & Off,GC0369,Bossa 69 Nithsdale Road Glasgow G41 2PZ  ,Spirit Pub Company (Leased) Limited,James Aitken,2009/04/27 00:00:00+00,,On Sales ,Premises ,120,1.1,257774.86,662789.71,906700292595,,69 Nithsdale Road Glasgow G41 2AJ ,,Shawlands / Strathbungo,6,06,Pollokshields,S02001868
261556,665608,867,On,GC0427,La Cala 230-232 Meadowpark Street Glasgow G31 3DJ  ,Hawthorn Leisure Scotco Limited,Clare Carvill,2009/04/27 00:00:00+00,,Monday to,Premises ,250,0,261556,665608,906700185486,,232 Meadowpark Street Glasgow G31 3DJ ,,Dennistoun,12,22,Dennistoun,S02001927
255795,660758,868,On & Off,GC0439,Shaws 5 Westwood Road Glasgow G43 1DU  ,SK and B Inns Ltd,Doreen Sinclair,2009/04/27 00:00:00+00,,On Sales ,Premises ,120,6,255795,660758,906700311224,,9 Westwood Road Glasgow G43 1DU ,,Pollokshaws / Mansewood,47,02,Newlands/Auldburn,S02001873
260340,662767,869,Off,GC0462,Booker Limited 926 Rutherglen Road Shawfield Glasgow G5 0AW ,Booker Limited,Nicola Maureen Mctaggart,2009/04/27 00:00:00+00,,Monday to,Premises ,,271.88,260340,662767,906700313302,,Booker Cash And Carry 926 Rutherglen Road Glasgow G5 0AW ,,Greater Gorbals,3,08,Southside Central,S02001888
262715,664229,870,On & Off,GC0477,Prince Charlie 89-97 Westmuir Street Glasgow G31 5EU  ,Star Pubs Trading Limited ,James Lindsay Wilson,2009/04/27 00:00:00+00,,On Sales ,Premises ,354,2.1,262715,664229,906700229017,,91 Westmuir Street Glasgow G31 5EU ,,Tollcross / West Shettleston,56,19,Shettleston,S02001894
254334,669419,871,On & Off,GC0485,The Signal Bar 176 Fulton Street Glasgow G13 1AN  ,A to B Construction Limited,Eryn Hood,2009/04/27 00:00:00+00,,On Sales ,Premises ,348,7.6,254334,669419,906700041464,,179A Fulton Street Glasgow G13 1AN ,,Temple / Anniesland,18,14,Drumchapel/Anniesland,S02001971
257546,666898,872,On,GC0488,Saffron by Paradise Restaurant 411-413 Great Western Road Glasgow G4 9JA  ,Ahmad Fakouri,Amir Hossein Fakouri,2009/04/27 00:00:00+00,,Monday to,Premises ,40,,257546,666898,906700055957,,411 Great Western Road Glasgow G4 9JA ,,Hillhead / Woodlands,30,11,Hillhead,S02001937
265930,665008,873,Off,GC0532,Calvay Super Store 24 / 26 Calvay Road Glasgow G33 4RE  ,SKM Enterprise Ltd,Makhan Singh,2009/04/27 00:00:00+00,,Monday to,Premises ,,20.9,265930,665008,906700141324,,26 Calvay Road Glasgow G33 4RE ,,Springboig / Barlanark,41,18,East Centre,S02001908
251605,671888,874,On & Off,GC0693,Hill View Club 31 Lochgoin Avenue Glasgow G15 8QY  ,Wright Mitchell Partnership,Claire Nicholson,2009/04/27 00:00:00+00,,On Sales ,Premises ,200,4.2,251605,671888,906700071126,,31 Lochgoin Avenue Glasgow G15 8QY ,,Drumchapel,40,14,Drumchapel/Anniesland,S02001976
261613.45,664991.189999999,875,On & Off,GC0707,The Louden Tavern 532 / 536 Duke Street Glagow G31 1NG  ,Rosemount Taverns Limited,Kirsty Lee Logue,2009/04/27 00:00:00+00,,On Sales ,Premises ,156,3.4,261613.45,664991.19,906700157680,,536 Duke Street Glasgow G31 1NG ,,Parkhead / Dalmarnock,27,09,Calton,S02001929
259526,668733,876,Off,GC0718,Londis 109 Crowhill Street Glasgow G22 6DW  ,Manoj Bhardwaj,Manoj Bhardwaj,2009/04/27 00:00:00+00,,Monday to,Premises ,,27.5,259526,668733,906700380590,,109 Crowhill Street Glasgow G22 6DW ,,Lambhill / Milton,35,16,Canal,S02001942
257613,665962,877,On & Off,GC0768,Gael & Grain 23 Sandyford Place Glasgow G3 7NG  ,Star Pubs Trading Limited ,Neil Lorne MacGillivray,2009/04/27 00:00:00+00,,On Sales ,Premises ,216,9,257613,665962,906700108772,,23 Sandyford Place Glasgow G3 7NG ,,Yorkhill / Anderston,31,10,Anderston/City/Yorkhill,S02001935
259754,665010,878,On & Off,GC0805,McChuills 80 High Street Glasgow G1 1NL  ,Nicholas B Stewart,Nicholas B Stewart,2009/04/27 00:00:00+00,,On Sales ,Premises ,195,4.5,259754,665010,906700168375,,80 High Street Glasgow G1 1NL ,,Calton / Bridgeton,28,09,Calton,S02001931
257640,665947,879,On,GC1018,Nuudel 141 Elderslie Street Glasgow G3 7AW  ,Samson Holdings Limited,Ralph Gragasin,2009/04/27 00:00:00+00,,Monday to,Premises ,40,,257640,665947,906700052410,,141 Elderslie Street Glasgow G3 7AW ,,Yorkhill / Anderston,31,10,Anderston/City/Yorkhill,S02001935
256442,666806,880,On,GC1258,Chow 98 Byres Road Glasgow G12 8TB  ,Xiaomei Wang,Xiaomei Wang,2009/04/27 00:00:00+00,,Monday to,Premises ,40,,256442,666806,906700020621,,98 Byres Road Glasgow G12 8TB ,,Hillhead / Woodlands,30,11,Hillhead,S02001952
259525.95,664993.060000001,881,On,GC1399,26 Candleriggs Glasgow G1 1LD   ,Candleriggs Portfolio Ltd,Jamie Wilson,2009/04/27 00:00:00+00,,Monday to,Premises ,130,7.3,259525.95,664993.06,906700021801,,20 Candleriggs Glasgow G1 1LD ,,City Centre / Merchant City,29,10,Anderston/City/Yorkhill,S02001932
252786,664209,882,Off,GC1400,124 Tweedsmuir Road Glasgow G52 2RY   ,Betta (Scotland) Ltd,Mohammad Asif,2009/04/27 00:00:00+00,,Monday to,Premises ,,8.4,252786,664209,906700218673,,124 Tweedsmuir Road Glasgow G52 2RY ,,North Cardonald / Penilee,49,04,Cardonald,S02001852
259656,665293,883,On & Off,GC1407,The Press Bar 199 Albion Street Glasgow G1 1RU  ,Sky Blue Scotland Limited,Graham Wright,2009/04/27 00:00:00+00,,Monday to,Premises ,104,0,259656,665293,906700001318,,Public House 199 Albion Street City Centre Glasgow G1 1RU ,,City Centre / Merchant City,29,10,Anderston/City/Yorkhill,S02001932
253392,667317,884,Off,GC1410,1407 Dumbarton Road Glasgow G14 9XS   ,Nasir Ghaus,Muhammad Imad Alam,2009/04/27 00:00:00+00,,Monday to,Premises ,,17.88,253392,667317,906700033372,,1407 Dumbarton Road Glasgow G14 9XS ,,Anniesland / Jordanhill / Whiteinch,34,13,Garscadden/Scotstounhill,S02001961
254190,666623,885,On,GC1413,Whiteinch Indoor Bowling Club 30 Ferryden Street Glasgow G14 0SW  ,Whiteinch Indoor Bowling Club,,2009/04/27 00:00:00+00,,Monday to,Premises ,315,,254190,666623,906700095068,,30 Ferryden Street Glasgow G14 0SW ,,Anniesland / Jordanhill / Whiteinch,34,12,Victoria Park,S02001961
258318,665910,886,On,GC1426,Torres Restaurant 327 Sauchiehall Street Glasgow G2 3HW  ,ML Property Partnership,Susan Gonzalez,2009/04/27 00:00:00+00,,Monday to,Premises ,50,,258318,665910,906700095816,,327 Sauchiehall Street Glasgow G2 3HW ,,City Centre / Merchant City,29,10,Anderston/City/Yorkhill,S02001933
265323,664064,887,On,GC1434,St Paul's Church Hall Church Hall 1649 Shettleston Road Glasgow G32 9AR ,Danny Grieve,John Cumming,2009/04/27 00:00:00+00,,Monday to,Premises ,332,,265323,664064,906700328998,,Church Hall 1649 Shettleston Road Glasgow G32 9AR ,,Mount Vernon / East Shettleston,55,19,Shettleston,S02001909
259237,665212,888,On,GC1435,El-Santo Storey Ground 84 Miller Street Glasgow G1 1DT ,Richard Shing Loong Lee,Dener Norris,2009/04/27 00:00:00+00,,Monday to,Premises ,120,,259237,665212,906700382399,,Storey Ground 84 Miller Street City Centre Glasgow G1 1DT ,,City Centre / Merchant City,29,10,Anderston/City/Yorkhill,S02001932
260551,666273,889,Off,GC1439,Royston Store 100 Royston Road Glasgow G21 2NT  ,Barzan Rasool,Muhammad Amir Azam,2009/04/27 00:00:00+00,,Monday to,Premises ,,10.3,260551,666273,906700206650,,100 Royston Road Glasgow G21 2NT ,,Sighthill / Roystonhill / Germiston,23,22,Dennistoun,S02001926
259104,667813,890,Off,GC1440,198 Saracen Street Glasgow G22 5EP   ,Saracen Licence Grocers Ltd,Nasir Ghaus,2009/04/27 00:00:00+00,,Monday to,Premises ,,15.7,259104,667813,906700096706,,198 Saracen Street Glasgow G22 5EP ,,Ruchill / Possilpark,38,16,Canal,S02001924
259078,665509,891,On & Off,GC1451,Carlton George Hotel 44 West George Street Glasgow G1 2AJ  ,Glendola Leisure (Holdings) Limited,Gabriella Maltesics,2009/04/27 00:00:00+00,,On Sales ,Premises ,1445,41.7,259078,665509,906700109802,,Storey 1/1 48 West George Street Glasgow G2 1BP ,,City Centre / Merchant City,29,10,Anderston/City/Yorkhill,S02001932
258498.64,665184.300000001,892,On & Off,GC1453,Piccolo Mondo 344 Argyle Street Glasgow G2 8LY  ,Piccolo Mondo Limited,Andrea Grasso,2009/04/27 00:00:00+00,,On Sales ,Premises ,80,0,258498.64,665184.3,906700004512,,344 Argyle Street Glasgow G2 8LY ,,City Centre / Merchant City,29,10,Anderston/City/Yorkhill,S02001934
259128,665678,893,Off,GC1465,Sainsbury Store 236-240 Buchanan Galleries Glasgow G1 2GF  ,Sainsbury's SL Limited,Steven Alexander Steel,2009/04/27 00:00:00+00,,Monday to,Premises ,,30.15,259128,665678,906700322950,,Sainsburys 240 Buchanan Street City Centre Glasgow G1 2GF ,,City Centre / Merchant City,29,10,Anderston/City/Yorkhill,S02001933
253111,659476,894,Off,GC1468,Sainsbury's Store 10 Darnley Mains Road Glasgow G53 7RH  ,Sainsbury's SL Limited,Craig William McFarlane,2009/04/27 00:00:00+00,,Monday to,Premises ,,153,253111,659476,906700258478,,Sainsburys 10 Darnley Mains Road Glasgow G53 7RH ,,South Nitshill / Darnley,46,03,Greater Pollok,S02001843
259525.95,664993.060000001,895,On & Off,GC1473,Green Gates Cafe 24 Candleriggs Glasgow G1 1LD  ,Candleriggs Portfolio Ltd,Shaktisinh G Gohil ,2009/04/27 00:00:00+00,,On Sales ,Premises ,100,10.6,259525.95,664993.06,906700021801,,20 Candleriggs Glasgow G1 1LD ,,City Centre / Merchant City,29,10,Anderston/City/Yorkhill,S02001932
258809,665121,896,On & Off,GC1474,Grant Arms 188 Argyle Street Glasgow G2 8HA  ,Grant Arms (Glasgow) Ltd,Brian William Carnochan,2009/04/27 00:00:00+00,,On Sales ,Premises ,135,10.6,258809,665121,906700005917,,188 Argyle Street Glasgow G2 8HA ,,City Centre / Merchant City,29,10,Anderston/City/Yorkhill,S02001934
259733,665149,897,On,GC1479,Swadish 33 Ingram Street Glasgow G1 1HA  ,Sita Devi Limited,Ajay Kumar,2009/04/27 00:00:00+00,,Monday to,Premises ,135,0,259733,665149,906700330099,,33 Ingram Street Glasgow G1 1HA ,,City Centre / Merchant City,29,10,Anderston/City/Yorkhill,S02001932
255411,666847,898,Off,GC1481,Sainsbury Store 80 Crow Road Glasgow G11 7RY  ,Sainsbury's SL Limited,Nicholas Wood,2009/04/27 00:00:00+00,,Monday to,Premises ,,73.125,255411,666847,906700323585,,80 Crow Road Glasgow G11 7RY ,,Broomhill / Partick West,33,12,Victoria Park,S02001955
257997,667101,899,Off,GC1493,Tesco Express 297/301 Maryhill Road Glasgow G20 7YA  ,Tesco Stores Limited,Christine Stewart,2009/04/27 00:00:00+00,,Monday to,Premises ,,24.1,257997,667101,906700068746,,297 Maryhill Road Glasgow G20 7YA ,,Hillhead / Woodlands,30,11,Hillhead,S02001939
267451,664309,900,Off,GC1497,55 Thornbridge Road Glasgow G69 6RR   ,Amer Wasim,Amer Wasim,2009/04/27 00:00:00+00,,Monday to,Premises ,,14,267451,664309,906700365926,,55 Thornbridge Road Glasgow G69 6RR ,,Baillieston / Garrowhill,42,20,Baillieston,S02001901
256168,666640,901,On & Off,GC1504,Dowanhill 16 Dowanhill Street Glasgow G11 5QS  ,Hawthorn Leisure Scotco Limited,Sarah Birnie,2009/04/27 00:00:00+00,,On Sales ,Premises ,200,14.8,256168,666640,906700028688,,16 Dowanhill Street Glasgow G11 5QS ,,Hyndland / Dowanhill / Partick East,32,23,Partick East/Kelvindale,S02001953
253891,663865,902,On & Off,GC1506,Parkway Bar 1593 Paisley Road West Glasgow G52 3QX  ,Hawthorn Leisure Scotco Limited,,2009/04/27 00:00:00+00,,On Sales ,Premises ,350,23,253891,663865,906700300462,,1597 Paisley Road West Glasgow G52 3QX ,,Crookston /South Cardonald,51,04,Cardonald,S02001850
266432,664853,903,On & Off,GC1514,McGuires 215 Barlanark Road Glasgow G33 4PF  ,L & W Holdings Limited,Patrick McGuire,2009/04/27 00:00:00+00,,On Sales ,Premises ,315,21,266432,664853,906700390320,,215 Barlanark Road Glasgow G33 4PF ,,Springboig / Barlanark,41,18,East Centre,S02001908
259463,659805,904,Off,GC1515,Co-op 351 Carmunnock Road Glasgow G44 5HH  ,Co-operative Group Food Limited,Michael James Mongan,2009/04/27 00:00:00+00,,Monday to,Premises ,,49.8,259463,659805,906700260770,,351 Carmunnock Road Glasgow G44 5HH ,,Croftfoot,10,01,Linn,S02001883
256259,666620,905,On & Off,GC1517,Little Curry House 41 Byres Road Glasgow G11 5RG  ,Kulwant Singh,Jasdeep Singh,2009/04/27 00:00:00+00,,Monday to,Premises ,58,0,256259,666620,906700352896,,41 Byres Road Glasgow G11 5RG ,,Hyndland / Dowanhill / Partick East,32,23,Partick East/Kelvindale,S02001953
258677,666048,906,On,GC1518,Curry Cottage 91 Cambridge Street Glasgow G3 6RU  ,Kavita Negi,Kavita Negi,2009/04/27 00:00:00+00,,Monday to,Premises ,38,,258677,666048,906700021550,,91 Cambridge Street Glasgow G3 6RU ,,City Centre / Merchant City,29,10,Anderston/City/Yorkhill,S02001933
253363,661208,907,On,GC1525,Nando's and external area Unit X3 Silverburn Shopping Centre 763 Barrhead Road Glasgow G53 6AG,Nando's Chickenland Ltd,Eleanor Beaver,2009/04/27 00:00:00+00,,Monday to,Premises ,195,,253363,661208,906700421215,,Management Suite Silverburn Shopping Centre 763 Barrhead Road Glasgow G53 6AG ,,Priesthill / Househillwood,45,03,Greater Pollok,S02001845
258925,665508,908,On,GC1536,Wagamama 97 West George Street Glasgow G2 1PB  ,Wagamama Limited,Dominic MacKay,2009/04/27 00:00:00+00,,Monday to,Premises ,148,,258925,665508,906700109819,,97 West George Street Glasgow G2 1PB ,,City Centre / Merchant City,29,10,Anderston/City/Yorkhill,S02001934
258854,665326,909,Off,GC1547,The Co-operative Food 132 Union Street Glasgow G1 3QQ  ,PTLL Limited,Declan Kiely,2009/04/27 00:00:00+00,,Monday to,Premises ,,38.955,258854,665326,906700115838,,132 Union Street Glasgow G1 3QQ ,,City Centre / Merchant City,29,10,Anderston/City/Yorkhill,S02001934
256085,666811,910,On,GC1567,Ziques 66 Hyndland Street Glasgow G11 5PT  ,Delizique Limited,Ryan MacLean,2009/04/27 00:00:00+00,,Monday to,Premises ,60,,256085,666811,906700058096,,66 Hyndland Street Glasgow G11 5PT ,,Hyndland / Dowanhill / Partick East,32,23,Partick East/Kelvindale,S02001953
259403,668472,911,Off,GC1569,139 Ashfield Street Glasgow G22 6HH   ,Betta (Scotland) Ltd,Venkata Siva Rama Krishna ,2009/04/27 00:00:00+00,,Monday to,Premises ,,11.2,259403,668472,906700006018,,139 Ashfield Street Glasgow G22 6HH ,,Ruchill / Possilpark,38,16,Canal,S02001942
256006,666646,912,Off,GC1572,Polish Taste 19-21 Hyndland Street Glasgow   ,J & B Korzeniowscy,Jacek Pawel Korzeniowski,2009/04/27 00:00:00+00,,Monday to,Premises ,,2.5,256006,666646,906700057304,,19 Hyndland Street Glasgow G11 5QE ,,Hyndland / Dowanhill / Partick East,32,23,Partick East/Kelvindale,S02001953
257680,665877,913,On,GC1578,108 Elderslie Street Glasgow G3 7AR   ,Samson Holdings Limited,Igne Stasytyte,2009/04/27 00:00:00+00,,Monday to,Premises ,195,,257680,665877,906700052388,,108 Elderslie Street Glasgow G3 7AR ,,Yorkhill / Anderston,31,10,Anderston/City/Yorkhill,S02001935
256890,668699,914,Off,GC1585,One O One Convenience Store 1407 Maryhill Road Glasgow G20 9AA  ,One-O-One Convenience Stores Limited,,2009/04/27 00:00:00+00,,Monday to,Premises ,,33.65,256890,668699,906700076359,,1407 Maryhill Road Glasgow G20 9AA ,,Maryhill Road Corridor,39,15,Maryhill,S02001949
257633,665963,915,On,GC1590,Mr Singh's 149 Elderslie Street Glasgow G3 7AW  ,Malkeet Singh,Chandan Singh,2009/04/27 00:00:00+00,,Monday to,Premises ,90,7.6,257633,665963,906700052507,,149 Elderslie Street Glasgow G3 7AW ,,Yorkhill / Anderston,31,10,Anderston/City/Yorkhill,S02001935
258608,665753,916,On,GC1612,Red Onion 257 West Campbell Street Glasgow G2 4SQ  ,Doughball (Scotland) Limited,Gillian Kate Quigley,2009/04/27 00:00:00+00,,Monday to,Premises ,81,,258608,665753,906700112484,,257 West Campbell Street Glasgow G2 4TT ,,City Centre / Merchant City,29,10,Anderston/City/Yorkhill,S02001934
255900,665413,917,Off,GC1704,Burndyke Off Sales 593 Govan Road Glasgow G51 2AS  ,Alpac Limited,Jasvinder Nahar,2009/04/27 00:00:00+00,,Monday to,Premises ,,14.8,255900,665413,906700168185,,593 Govan Road Glasgow G51 2AS ,,Ibrox / Kingston,2,05,Govan,S02001859
254884,666636,918,Off,GC1417,Londis Partick 696 Dumbarton Road Glasgow G11 6RB  ,JP (Glasgow) Limited,Daoud Intizar,2009/05/01 00:00:00+00,,Monday to,Premises ,,25.7,254884,666636,906700031662,,696 Dumbarton Road Glasgow G11 6RB ,,Broomhill / Partick West,33,12,Victoria Park,S02001954
259005,666083,919,On & Off,GC1429,Station Bar 55 Port Dundas Road & 2 McPhater Street Glasgow G4 0HF  ,CCask Investments Limited,Michael Alan McHugh,2009/05/01 00:00:00+00,,On Sales ,Premises ,110,11.8,259005,666083,906700340367,,55 Port Dundas Road Glasgow G4 0HF ,,City Centre / Merchant City,29,10,Anderston/City/Yorkhill,S02001933
257267,666718,920,On,GC1431,The Left Bank 33/35 Gibson Street Glasgow G12 8NU  ,The Left Bank (Scotland) Limited,Callum David Littlejohn,2009/05/01 00:00:00+00,,Monday to,Premises ,164,,257267,666718,906700044153,,35 Gibson Street Hillhead Glasgow G12 8NU ,,Hillhead / Woodlands,30,11,Hillhead,S02001937
260712,668240,921,On,GC1446,Springburn Private Bowling Club 17 Broomfield Place Glasgow G21 3UP  ,Springburn Private Bowling Club,,2009/05/01 00:00:00+00,,Monday to,Premises ,195,,260712,668240,906700140299,,Springburn Bowling Club 17 Broomfield Place Glasgow G21 3UP ,,Springburn,24,17,Springburn/Robroyston,S02001922
258516,665177,922,On,GC1462,The Thai Orchid 336 Argyle Street Glasgow G2 8LY  ,Danny Tsang,Danny Tsang,2009/05/01 00:00:00+00,,Monday to,Premises ,60,,258516,665177,906700004409,,336 Argyle Street Glasgow G2 8LY ,,City Centre / Merchant City,29,10,Anderston/City/Yorkhill,S02001934
254886,669163,923,On & Off,GC1492,Bawarchi Indian Restaurant 991 Crow Road Glasgow G13 1JP  ,Yoganarasimha Sathyanarayana,Yoganarasimha Sathyanaraya,2009/05/01 00:00:00+00,,On Sales ,Premises ,34,2.4,254886,669163,906700031114,,991 Crow Road Glasgow G13 1JP ,,Temple / Anniesland,18,14,Drumchapel/Anniesland,S02001970
258189,666574,924,On & Off,GC1501,Castle Vaults 12 Clarendon Place Glasgow G20 7PZ  ,Debbie Templeton,Eileen McSwiggan,2009/05/01 00:00:00+00,,On Sales ,Premises ,56,4.2,258189,666574,906700403872,,12 Clarendon Place Glasgow G20 7PZ ,,Hillhead / Woodlands,30,11,Hillhead,S02001938
256319,666509,925,On,GC1509,88 88 Dumbarton Road Glasgow G11 6NX  ,St Vincent Street (497) Limited,Angus Stewart,2009/05/01 00:00:00+00,,Monday to,Premises ,56,12,256319,666509,906700036664,,88 Dumbarton Road Glasgow G11 6NX ,,Hyndland / Dowanhill / Partick East,32,23,Partick East/Kelvindale,S02001953
256718,666177,926,On,GC1513,Indian Street Foods (Glasgow) Ltd 1355 Argyle Street Glasgow G3 8AD  ,Indian Street Foods Limited,Asif Ali,2009/05/01 00:00:00+00,,Monday to,Premises ,91,,256718,666177,906700322089,,1355 Argyle Street Glasgow G3 8AD ,,Yorkhill / Anderston,31,10,Anderston/City/Yorkhill,S02001936
261611,665606,927,On,GC1519,1282 Social Club 15 Wood Street Glasgow G31 3BZ  ,1282 Social Club,,2009/05/01 00:00:00+00,,Monday to,Premises ,220,,261611,665606,906700227946,,15 Wood Street Glasgow G31 3BZ ,,Dennistoun,12,22,Dennistoun,S02001928
257679,666816,928,On,GC1520,The Loveable Rogue 327 Great Western Road Glasgow G4 9HS  ,VVS Investments Limited,Charles Dickie,2009/05/01 00:00:00+00,,Monday to,Premises ,135,8,257679,666816,906700040220,,327 Great Western Road Glasgow G4 9HS ,,Hillhead / Woodlands,30,11,Hillhead,S02001937
255768,666730,929,On,GC1534,Partick Bowling Club 30 Fortrose Street Glasgow G11 5NS  ,Partick Bowling Club,,2009/05/01 00:00:00+00,,Monday to,Premises ,100,,255768,666730,906700053601,,30 Fortrose Street Glasgow G11 5NS ,,Hyndland / Dowanhill / Partick East,32,23,Partick East/Kelvindale,S02001955
253546,667239,930,On,GC1551,Victoria Park Bowling Club 1284 Dumbarton Road Glasgow G14 9EU  ,Victoria Park Bowling Club,,2009/05/01 00:00:00+00,,Monday to,Premises ,135,,253546,667239,906700031579,,1284 Dumbarton Road Glasgow G14 9EU ,,Anniesland / Jordanhill / Whiteinch,34,12,Victoria Park,S02001961
257201,667610,931,Off,GC1571,88 Queen Margaret Drive Glasgow G20 8NZ   ,Ravindran Kanagarajan,Ravindran Kanagarajan,2009/05/01 00:00:00+00,,Monday to,Premises ,,9.4,257201,667610,906700086219,,88 Queen Margaret Drive Glasgow G20 8NZ ,,Maryhill Road Corridor,39,11,Hillhead,S02001941
259139,665143,932,On,GC1622,Marble Global Buffet 44 Queen Street Glasgow G1 3DS  ,Great Coffee Limited,Yiming Wei,2009/05/01 00:00:00+00,,Monday to,Premises ,214,,259139,665143,906700081757,,44 Queen Street Glasgow G1 3DS ,,City Centre / Merchant City,29,10,Anderston/City/Yorkhill,S02001932
267873,665628,933,On,GC1631,Blairtummock Housing Hall 45 Boyndie Street Glasgow G34 9JL  ,Blairtummock Community Hall,Margaret Hume McFarlane Pi,2009/05/01 00:00:00+00,,Monday to,Premises ,91,,267873,665628,906700398264,,45 Boyndie Street Glasgow G34 9JL ,,Easterhouse,16,21,North East,S02001905
251509,669527,934,Off,GC1637,3 Duntreath Avenue Glasgow G13 4JG   ,Muhammad Akram,Jaspal Bassi,2009/05/01 00:00:00+00,,Monday to,Premises ,,23.5,251509,669527,906700043723,,3 Duntreath Avenue Glasgow G13 4JG ,,Knightswood,19,13,Garscadden/Scotstounhill,S02001965
253786,669050,935,Off,GC1640,55 Saxon Road Glasgow G13 2YQ   ,Shahid Ghulam,Aroosa Shahid,2009/05/01 00:00:00+00,,Monday to,Premises ,,15.7,253786,669050,906700354956,,55 Saxon Road Glasgow G13 2YQ ,,Temple / Anniesland,18,14,Drumchapel/Anniesland,S02001971
257908,665958,936,On,GC1652,The Koh - I - Noor 225 North Street Glasgow G3 7DL  ,K2 Restaurants Limited,Mark Andrew Jamieson,2009/05/01 00:00:00+00,,Monday to,Premises ,150,,257908,665958,906700091804,,225 North Street Glasgow G3 7DL ,,Yorkhill / Anderston,31,10,Anderston/City/Yorkhill,S02001935
254847,663104,937,Off,GC1658,Spar Mosspark 188 Mosspark Drive Glasgow G52 1JS  ,The Partnership of Param jit Singh B,Gurwinder Kaur,2009/05/01 00:00:00+00,,Monday to,Premises ,,16.76,254847,663104,906700279324,,188 Mosspark Drive Glasgow G52 1JS ,,Bellahouston / Craigton / Mosspark,52,04,Cardonald,S02001858
255752,666575,938,On,GC1663,Down to Earth 351 Dumbarton Road Glasgow G11 6AL  ,DTE Juice Limited,Donna Marie Devenney Farre,2009/05/01 00:00:00+00,,Monday to,Premises ,36,,255752,666575,906700317948,,351 Dumbarton Road Glasgow G11 6AL ,,Hyndland / Dowanhill / Partick East,32,23,Partick East/Kelvindale,S02001953
256990,668187,939,Off,GC1666,Sangha General Stores 157 Garrioch Road Glasgow G20 8RJ  ,Jasvinder Atwal,Harvinder Battu,2009/05/01 00:00:00+00,,Monday to,Premises ,,9.3,256990,668187,906700049462,,157 Garrioch Road Glasgow G20 8RJ ,,Maryhill Road Corridor,39,15,Maryhill,S02001941
251063,668869,940,Off,GC1667,2483/2485 Dumbarton Road Glasgow G14 0PR   ,Tahir Iqbal,Tahir Iqbal,2009/05/01 00:00:00+00,,Monday to,Premises ,,10.4,251063,668869,906700035033,,2483 Dumbarton Road Glasgow G14 0PR ,,Yoker / Scotstoun,15,13,Garscadden/Scotstounhill,S02001964
257590,665678,941,On & Off,GC1671,Pickled Ginger 512 St Vincent Street Glasgow G3 8XZ  ,Rosemount Taverns Limited,Stephanos Kontos,2009/05/01 00:00:00+00,,On Sales ,Premises ,78,7.8,257590,665678,906700095270,,512 St Vincent Street Glasgow G3 8XZ ,,Yorkhill / Anderston,31,10,Anderston/City/Yorkhill,S02001935
254700,665008,942,Off,GC1672,Craigton Grocers 96 Craigton Road Glasgow G51 3RQ  ,Craigton Grocers Ltd,Patrick Nassar Mohammed Ak,2009/05/01 00:00:00+00,,Monday to,Premises ,,29.6,254700,665008,906700161507,,96 Craigton Road Glasgow G51 3RQ ,,Greater Govan,1,05,Govan,S02001856
262001,667612,943,Off,GC1673,Star 5 in 1 Takeaway 560A Broomfield Road Glasgow G21 3HN  ,Naseem Hussain,Rafi Mohammed,2009/05/01 00:00:00+00,,Monday to,Premises ,,14,262001,667612,906700143671,,560A Broomfield Road Glasgow G21 3HN ,,Balornock/ Barmulloch,26,17,Springburn/Robroyston,S02001920
259003,665844,944,On,GC1676,Glee Club Unit 4 UGC Developments 11 Renfrew Street Glasgow G2 3AL ,Comic Enterprises Limited,Steven Mowatt,2009/05/01 00:00:00+00,,Monday to,Premises ,894,,259003,665844,906700381703,,11 Renfrew Street Glasgow G2 3AB ,,City Centre / Merchant City,29,10,Anderston/City/Yorkhill,S02001934
260060,659299,945,Off,GC1678,Iceland Foods Limited 37 Castlemilk Arcade Glasgow G45 9AA  ,Iceland Foods Limited,Marcello Petrucci,2009/05/01 00:00:00+00,,Monday to,Premises ,,9.95,260060,659299,906700245441,,37 Castlemilk Arcade Glasgow G45 9AA ,,Castlemilk,20,01,Linn,S02001882
260551,668406,946,Off,GC1681,143 Balgrayhill Road Glasgow G21 3AF   ,Yasir Mirza,Yasir Mirza,2009/05/01 00:00:00+00,,Monday to,Premises ,,47,260551,668406,906700335431,,Unit 3 145 Balgrayhill Road Glasgow G21 3AF ,,Springburn,24,17,Springburn/Robroyston,S02001923
255101,666581,947,On,GC1688,Bibi's 599 Dumbarton Road Glasgow G11 6HY  ,Dumbarton Road Properties Limited,,2009/05/01 00:00:00+00,,Monday to,Premises ,40,0,255101,666581,906700028991,,599 Dumbarton Road Glasgow G11 6HY ,,Broomhill / Partick West,33,12,Victoria Park,S02001954
259173,660571,948,Off,GC1698,Scotmid 1125-1133 Aitkenhead Road Kingspark Glasgow G44 5SL ,Scottish Midland Co-operative Societ,Caroline O'Donnell,2009/05/01 00:00:00+00,,Monday to,Premises ,,48.3,259173,660571,906700372861,,1127 Aikenhead Road Glasgow G44 5SL ,,Croftfoot,10,01,Linn,S02001884
264072,662668,949,On,GC1711,Tollcross Bowling Club 153 Causewayside Street Glasgow G32 8LP  ,Tollcross Bowling Club,,2009/05/01 00:00:00+00,,Monday to,Premises ,65,,264072,662668,906700150188,,153 Causewayside Street Glasgow G32 8LP ,,Tollcross / West Shettleston,56,19,Shettleston,S02001897
254255,666875,950,Off,GC1713,Lifestyle Express 1014 Dumbarton Road Glasgow G14 9UJ  ,Five Star Retail Ltd,Aqil Jaffri,2009/05/01 00:00:00+00,,Monday to,Premises ,,7.6,254255,666875,906700027986,,1014 Dumbarton Road Glasgow G14 9UJ ,,Anniesland / Jordanhill / Whiteinch,34,12,Victoria Park,S02001961
259582,665025,951,On,GC1721,Mharsanta 26 Bell Street Glasgow G1 1LG  ,Mharsanta Limited,Mae MacInnes,2009/05/01 00:00:00+00,,Monday to,Premises ,175,,259582,665025,906700356816,,26 Bell Street Glasgow G1 1LG ,,City Centre / Merchant City,29,10,Anderston/City/Yorkhill,S02001932
256661,667075,952,Off,GC1397,Sainsbury's 169 Great George Street Glasgow G12 8AQ  ,Sainsbury's SL Limited,Justine Myles,2009/05/08 00:00:00+00,,Monday to,Premises ,,13.4,256661,667075,906700409653,,169 Great George Street Glasgow G12 8AQ ,,Hillhead / Woodlands,30,11,Hillhead,S02001952
265201,664853,953,Off,GC1402,Premier Springboig 60 Springboig Road Glasgow G32 0UJ  ,Jasbinder Kooner,Jasbinder Kooner,2009/05/08 00:00:00+00,,Monday to,Premises ,,24.7,265201,664853,906700240672,,62 Springboig Road Glasgow G32 0JU ,,Springboig / Barlanark,41,18,East Centre,S02001914
256633,666140,954,On & Off,GC1425,Grunting Growler 51 Old Dumbarton Road Glasgow G3 8RF  ,Jahad Hatu,Nicole Walker,2009/05/08 00:00:00+00,,Monday to,Premises ,20,16.71,256633,666140,906700083346,,51 Old Dumbarton Road Glasgow G3 8RF ,,Yorkhill / Anderston,31,10,Anderston/City/Yorkhill,S02001936
259417,665127,955,On,GC1432,Citation 40 Wilson Street Glasgow G1 1HD  ,Bathsheba (Properties) Limited,Kimberley Toland,2009/05/08 00:00:00+00,,Monday to,Premises ,675,12,259417,665127,906700404413,,40 Wilson Street Glasgow G1 1HD ,,City Centre / Merchant City,29,10,Anderston/City/Yorkhill,S02001932
257194,665860,956,On,GC1457,Villa Toscana 1080 Argyle Street Glasgow G3 8LY  ,Antonio Maloku,Antonio Maloku,2009/05/08 00:00:00+00,,Monday to,Premises ,49,,257194,665860,906700005709,,1080 Argyle Street Glasgow G3 8LY ,,Yorkhill / Anderston,31,10,Anderston/City/Yorkhill,S02001936
256670,661285,957,Off,GC1470,Morrisons 117 Riverford Road Glasgow G43 1PU  ,WM Morrison Supermarkets Plc,David John Marr,2009/05/08 00:00:00+00,,Monday to,Premises ,,257.33,256670,661285,906700344140,,Morrisons 117 Riverford Road Glasgow G43 1PU ,,Pollokshaws / Mansewood,47,02,Newlands/Auldburn,S02001873
258046,660629,958,Off,GC1471,Value Convenience Store 132 Newlands Road Glasgow G44 4ER  ,Mohammad Iqbal Akrami,Mohammed Akram Ghaffar ,2009/05/08 00:00:00+00,,Monday to,Premises ,,12.9,258046,660629,906700278339,,132 Newlands Road Glasgow G44 4ER ,,Newlands / Cathcart,43,07,Langside,S02001877
260716,665384,959,Off,GC1482,Lifestyle Express 152 Ark Lane Glasgow G31 2JS  ,Partnership of Meenakshi & Sanjay Ma,Raja Shabir,2009/05/08 00:00:00+00,,Monday to,Premises ,,12.9,260716,665384,906700132549,,152 Ark Lane Glasgow G31 2JS ,,Dennistoun,12,22,Dennistoun,S02001927
264060,664193,960,Off,GC1496,Kraken Grocers Limited 936-942 Shettleston Road Glasgow G32 7XW  ,Bhupinder Singh Sahota,Zeeshan Farooq,2009/05/08 00:00:00+00,,Monday to,Premises ,,10.7,264060,664193,906700207733,,936 Shettleston Road Glasgow G32 7XW ,,Tollcross / West Shettleston,56,19,Shettleston,S02001911
256315,666686,961,On & Off,GC1502,Thunderdog Pub and Diner 71-77 Byres Road Glasgow G11 5HN  ,Iona Pub Partnership (Scotland) Ltd,Demi Louise Doogan,2009/05/08 00:00:00+00,,On Sales ,Premises ,232,8.6,256315,666686,906700352899,,71 Byres Road Glasgow G11 5HN ,,Hyndland / Dowanhill / Partick East,32,23,Partick East/Kelvindale,S02001953
253373,659766,962,On,GC1503,Darnley Bowling Club 124 Glen Moriston Road Glasgow G53 7HN  ,Darnley Bowling Club,,2009/05/08 00:00:00+00,,Monday to,Premises ,60,,253373,659766,906700380237,,120 Glen Moriston Road Glasgow G53 7HT ,,South Nitshill / Darnley,46,03,Greater Pollok,S02001843
258685,665658,963,On & Off,GC1512,Buck's Bar 111 West Regent Street Glasgow G2 2RU  ,Buck's Bar Limited,Jamie Gold,2009/05/08 00:00:00+00,,On Sales ,Premises ,210,0,258685,665658,906700411881,,111 West Regent Street Glasgow G2 2RU ,,City Centre / Merchant City,29,10,Anderston/City/Yorkhill,S02001934
264042,663305,964,Off,GC1531,Liquor Barn 1043 Tollcross Road Glasgow G32 8UQ  ,Meena Marwaha,Kamal Marwaha,2009/05/08 00:00:00+00,,Monday to,Premises ,,31.5,264042,663305,906700377592,,1043 Tollcross Road Glasgow G32 8UQ ,,Tollcross / West Shettleston,56,19,Shettleston,S02001896
258753,665384,965,On,GC1538,Rumi Bar and Restaurant 96/98 Hope Street Glasgow G2 6PH  ,LAL (Public House) Limited,Zafer Bayrakci,2009/05/08 00:00:00+00,,Monday to,Premises ,135,,258753,665384,906700065985,,Standard Buildings 96 Hope Street Glasgow G2 6PH ,,City Centre / Merchant City,29,10,Anderston/City/Yorkhill,S02001934
258065,665975,966,On,GC1541,Nanakusa 441 Sauchiehall Street Glasgow G2 3LG  ,Nanakusa Catering,Neil Fergusson,2009/05/08 00:00:00+00,,Monday to,Premises ,120,,258065,665975,906700104332,,441 Sauchiehall Street Glasgow G2 3LG ,,City Centre / Merchant City,29,10,Anderston/City/Yorkhill,S02001933
255832,668513,967,Off,GC1599,103 Cleveden Road Glasgow G12 0JU   ,CJ Lang & Son Limited,Brian Thomas Watson,2009/05/08 00:00:00+00,,Monday to,Premises ,,29.63,255832,668513,906700323963,,103 Cleveden Road Glasgow G12 0JU ,,Kelvindale / Kelvinside,37,23,Partick East/Kelvindale,S02001950
256246,666550,968,On & Off,GC1601,Santa Lucia 10 Byres Road Glasgow G11 5JY  ,New Globe Investments Ltd,Mariano Angelo Strazzullo,2009/05/08 00:00:00+00,,On Sales ,Premises ,150,15,256246,666550,906700020246,,10 Byres Road Glasgow G11 5JY ,,Hyndland / Dowanhill / Partick East,32,23,Partick East/Kelvindale,S02001953
263449,665725,969,Off,GC1628,USAVE 77 Gartcraig Road Glasgow G33 2NW  ,Anshu Chandra,Abhinav Dhamija,2009/05/08 00:00:00+00,,Monday to,Premises ,,29.4,263449,665725,906700414148,,77 Gartcraig Road Glasgow G33 2NW ,,Riddrie / Cranhill,11,18,East Centre,S02001913
256007,666630,970,On,GC1629,Mr India's Balti & Dosa House 11/13 Hyndland Street Glasgow G11 5QE  ,Partnership of Zhiyao Zhao and Ting ,Kushbier Singh Sumal,2009/05/08 00:00:00+00,,Monday to,Premises ,40,,256007,666630,906700057295,,11 Hyndland Street Glasgow G11 5QE ,,Hyndland / Dowanhill / Partick East,32,23,Partick East/Kelvindale,S02001953
259140,665158,971,On,GC1662,Ichiban 1st & 2nd Floor 50 Queen Street Glasgow G1 3DS ,Ichiban Scotland Limited,Steven Tsang,2009/05/08 00:00:00+00,,Monday to,Premises ,80,,259140,665158,906700377913,,Storey 1 50 Queen Street Glasgow G1 3DS ,,City Centre / Merchant City,29,10,Anderston/City/Yorkhill,S02001932
259219,664697,972,On,GC1675,Holiday Inn Express 122 Stockwell Street Glasgow G1 4LW  ,Atlas Hotels (Trading) Limited,Craig Renfrew,2009/05/08 00:00:00+00,,Monday to,Premises ,130,,259219,664697,906700340619,,122 Stockwell Street Glasgow G1 4LW ,,City Centre / Merchant City,29,10,Anderston/City/Yorkhill,S02001934
256141,666551,973,On & Off,GC1690,Bag O'Nails 165 Dumbarton Road Glasgow G11 6AA  ,One Leisure Partick Limited,Syd Vervaeke ,2009/05/08 00:00:00+00,,On Sales ,Premises ,416,12,256141,666551,906700038480,,163 Dumbarton Road Glasgow G11 6AA ,,Hyndland / Dowanhill / Partick East,32,23,Partick East/Kelvindale,S02001953
256636,666983,974,On,GC1696,Ramen Dayo 31 Ashton Lane Glasgow G12 8SJ  ,Waribashi Ltd,Paul Elder Beveridge,2009/05/08 00:00:00+00,,Monday to,Premises ,28,,256636,666983,906700006545,,35 Ashton Lane Glasgow G12 8SJ ,,Hillhead / Woodlands,30,11,Hillhead,S02001952
257081,661911,975,Off,GC1700,Iceland Foods Limited 62/70 Kilmarnock Road Glasgow G41 3NN  ,Iceland Foods Limited,Kenneth McGlynn,2009/05/08 00:00:00+00,,Monday to,Premises ,,8.15,257081,661911,906700366215,,Storey Ground 70 Kilmarnock Road Glasgow G41 3NN ,,Shawlands / Strathbungo,6,06,Pollokshields,S02001870
256337,666505,976,On & Off,GC0125,Gallus 80 Dumbarton Road Glasgow G11 6NX  ,Greene King Brewing & Retailing Limi,Claire Hughes,2009/05/11 00:00:00+00,,On Sales ,Premises ,195,13.5,256337,666505,906700036561,,80 Dumbarton Road Glasgow G11 6NX ,,Hyndland / Dowanhill / Partick East,32,23,Partick East/Kelvindale,S02001953
256584,666193,977,On & Off,GC0133,Elena's Spanish Bar & Restaurant 90 Old Dumbarton Road Glasgow G3 8PZ  ,Reyess Ltd,Neil Ross Murray McEwan,2009/05/11 00:00:00+00,,On Sales ,Premises ,135,11.3,256584,666193,906700084239,,92 Old Dumbarton Road Glasgow G3 8PZ ,,Yorkhill / Anderston,31,10,Anderston/City/Yorkhill,S02001936
257889,666740,978,On & Off,GC0134,Wintersgills 226 Great Western Road Glasgow G4 9EJ  ,Greene King Retailing Ltd,,2009/05/11 00:00:00+00,,On Sales ,Premises ,216,22.5,257889,666740,906700045211,,228 Great Western Road Glasgow G4 9EJ ,,Hillhead / Woodlands,30,11,Hillhead,S02001938
257879,665818,979,On & Off,GC0340,The Maverick 25 Kent Road Glasgow G3 7EH  ,Sharaabi Limited,Yogesh Tewari,2009/05/11 00:00:00+00,,On Sales ,Premises ,120,12.3,257879,665818,906700066415,,21A Kent Road Glasgow G3 7EH ,,Yorkhill / Anderston,31,10,Anderston/City/Yorkhill,S02001935
255574,666610,980,On & Off,GC0343,Stumps 7 Peel Street Glasgow G11 5LL  ,Greene King Retailing Ltd,Victoria MacLean,2009/05/11 00:00:00+00,,On Sales ,Premises ,60,15.5,255574,666610,906700093900,,7 Peel Street Glasgow G11 5LL ,,Hyndland / Dowanhill / Partick East,32,23,Partick East/Kelvindale,S02001954
268109,664044,981,On & Off,GC0641,Rhindsdale 155 Main Street Baillieston Glasgow G69 6AF ,Star Pubs Trading Limited ,Donna McKellar,2009/05/11 00:00:00+00,,On Sales ,Premises ,198,8,268109,664044,906700359363,,155 Main Street Baillieston Glasgow G69 6AF ,,Baillieston / Garrowhill,42,20,Baillieston,S02001901
252004,668115,982,Off,GC0817,2013 Dumbarton Road Glasgow G14 0HY   ,Harvinder Banga,Kunathilingam Mohanathas,2009/05/11 00:00:00+00,,Monday to,Premises ,,13,252004,668115,906700038668,,2013 Dumbarton Road Glasgow G14 0HY ,,Yoker / Scotstoun,15,13,Garscadden/Scotstounhill,S02001964
258885,665612,983,On,GC1420,Revolution Bar 67 Renfield Street Glasgow G2 1LF  ,Inventive Service Company Limited,Rachel Olivant,2009/05/11 00:00:00+00,,Monday to,Premises ,220,,258885,665612,906700087955,,69 Renfield Street Glasgow G2 1LF ,,City Centre / Merchant City,29,10,Anderston/City/Yorkhill,S02001934
259637,665201,984,On,GC1424,Santa Lucia Restaurant 68 Ingram Street Glasgow G1 1EX  ,Santa Lucia Enterprises Limited,Marcello Montahar,2009/05/11 00:00:00+00,,Monday to,Premises ,114,,259637,665201,906700349619,,68 Ingram Street Glasgow G1 1EX ,,City Centre / Merchant City,29,10,Anderston/City/Yorkhill,S02001932
258855,665694,985,On,GC1444,61 Bath Street Glasgow G2 2DG   ,Mantel Corp Properties Limited,Poornachandran Santhanakri,2009/05/11 00:00:00+00,,Monday to,Premises ,128,,258855,665694,906700009506,,61 Bath Street Glasgow G2 2DG ,,City Centre / Merchant City,29,10,Anderston/City/Yorkhill,S02001934
259620,665104,986,On & Off,GC1458,Katie O'Briens 79 Albion Street Merchant City Glasgow G1 1NY ,St Jude's Licensing Limited,,2009/05/11 00:00:00+00,,On Sales ,Premises ,282,17.7,259620,665104,906700324705,,79 Albion Street City Centre Glasgow G1 1NY ,,City Centre / Merchant City,29,10,Anderston/City/Yorkhill,S02001932
259386,665167,987,On & Off,GC1527,Rab Ha's 79 Hutcheson Street Glasgow G1 1SH  ,Merchant City Hotels Limited,Angela Mullen,2009/05/11 00:00:00+00,,On Sales ,Premises ,135,6.6,259386,665167,906700056371,,79 Hutcheson Street Glasgow G1 1SH ,,City Centre / Merchant City,29,10,Anderston/City/Yorkhill,S02001932
254362,666737,988,On,GC1532,Caledonia RAOB Institute Club 937 Dumbarton Road Glasgow G14 9UF ,Caledonia RAOB ,,2009/05/11 00:00:00+00,,Monday to,Premises ,65,,254362,666737,906700379954,,Club 937 Dumbarton Road Glasgow G14 9UF ,,Broomhill / Partick West,33,12,Victoria Park,S02001954
256520,666982,989,On & Off,GC1533,Little Italy 205 Byres Road Glasgow G12 8TN  ,Remo Crolla,Remo Crolla,2009/05/11 00:00:00+00,,On Sales ,Premises ,80,6.9,256520,666982,906700383163,,205 Byres Road Glasgow G12 8TN ,,Hyndland / Dowanhill / Partick East,32,23,Partick East/Kelvindale,S02001957
256392,666463,990,On,GC1539,Wunderbar West End 53 Dumbarton Road Glasgow G11 6PD  ,CLGM LIC Ltd,William Cooper McIntosh,2009/05/11 00:00:00+00,,Monday to,Premises ,392,,256392,666463,906700036552,,53 Dumbarton Road Glasgow G11 6PD ,,Hyndland / Dowanhill / Partick East,32,23,Partick East/Kelvindale,S02001953
259559,665189,991,On & Off,GC1543,Thomson's Coffee 127 Candleriggs Glasgow G1 1NP  ,Molly Dolly Enterprises Ltd,Russell Christopher Jenkin,2009/05/11 00:00:00+00,,On Sales ,Premises ,28,4.5,259559,665189,906700022167,,127 Candleriggs Glasgow G1 1NP ,,City Centre / Merchant City,29,10,Anderston/City/Yorkhill,S02001932
258646,661600,992,On,GC1553,Minnesota Fats 1055 Cathcart Road Glasgow G42 9AF  ,Alexandra Johnston,Alexandra Johnston,2009/05/11 00:00:00+00,,Monday to,Premises ,144,,258646,661600,906700259607,,1055 Cathcart Road Glasgow G42 9AF ,,King's Park / Mount Florida,8,07,Langside,S02001887
262508,667787,993,Off,GC1554,Bestbuy Foods 8-16 Quarrywood Avenue Glasgow G21 3ES  ,GT-Bestone Limited,Girish Jeeva,2009/05/11 00:00:00+00,,Monday to,Premises ,,23,262508,667787,906700193739,,14 Quarrywood Avenue Glasgow G21 3ES ,,Balornock/ Barmulloch,26,17,Springburn/Robroyston,S02001917
256385,669270,994,Off,GC1561,1831 Maryhill Road Glasgow G20 0DF   ,Bilqees Akhtar Ali,Safdar Ali,2009/05/11 00:00:00+00,,Monday to,Premises ,,14.4,256385,669270,906700078154,,1831 Maryhill Road Glasgow G20 0DF ,,North Maryhill / Summerston,36,15,Maryhill,S02001948
258879,664617,995,On,GC1565,Salsa 63 Carlton Place Glasgow G5 9TW  ,Geohob Limited,John Quinn,2009/05/11 00:00:00+00,,Monday to,Premises ,204,,258879,664617,906700385529,,Public House 63 Carlton Place Glasgow G5 9TW ,,Greater Gorbals,3,08,Southside Central,S02001890
258909,665409,996,On & Off,GC1584,Chaakoo 79 St Vincent Street Glasgow G2 5TF  ,Chaakoo (St Vincent Street) Limited,Jaimie Kerr,2009/05/11 00:00:00+00,,On Sales ,Premises ,200,11.9,258909,665409,906700108318,,79 St Vincent Street Glasgow G2 5TF ,,City Centre / Merchant City,29,10,Anderston/City/Yorkhill,S02001934
255826,668525,997,On,GC1618,111 by Modou 109 Cleveden Road Glasgow G12 0JU  ,Nico Carlo Simeone,Bonnie Davison,2009/05/11 00:00:00+00,,Monday to,Premises ,48,,255826,668525,906700024527,,109 Cleveden Road Glasgow G12 0JU ,,Kelvindale / Kelvinside,37,23,Partick East/Kelvindale,S02001950
258820,665375,998,On,GC1659,Tropicana & Vogue 7 Renfield Street Glasgow G2 5EZ  ,Fouquets Limited,James Patrick Kelly,2009/05/11 00:00:00+00,,Monday to,Premises ,684,,258820,665375,906700094122,,7 Renfield Street Glasgow G2 5EZ ,,City Centre / Merchant City,29,10,Anderston/City/Yorkhill,S02001934
257137,661900,999,On & Off,GC1660,Surf Dogs 49 Kilmarnock Road Glasgow G41 3YN  ,Iqbal Uddin,Martin Capaldi,2009/05/11 00:00:00+00,,On Sales ,Premises ,58,4.08,257137,661900,906700341618,,49 Kilmarnock Road Glasgow G41 3YN ,,Langside / Battlefield,7,07,Langside,S02001870
255700,667277,1000,Off,GC1689,The Good Spirits Co. 21 Clarence Drive Glasgow G12 9QN  ,Good Drink Limited,,2009/05/11 00:00:00+00,,Monday to,Premises ,,69.58,255700,667277,906700021233,,21 Clarence Drive Glasgow G12 9QN ,,Hyndland / Dowanhill / Partick East,32,23,Partick East/Kelvindale,S02001956
258966,665834,1001,On,GC1703,Walkabout 128 Renfield Street Glasgow G2 3AL  ,Intertain Limited,Niall Menzies,2009/05/11 00:00:00+00,,Monday to,Premises ,1150,,258966,665834,906700381704,,128 Renfield Street Glasgow G2 3AL ,,City Centre / Merchant City,29,10,Anderston/City/Yorkhill,S02001934
257873,664591,1002,On & Off,GC1708,Red Hot World Cuisine 251 Paisley Road Glasgow G5 8RA  ,Red Hot World Buffet Limited,Sajid Riaz,2009/05/11 00:00:00+00,,On Sales ,Premises ,375,5.5,257873,664591,906700193257,,251 Paisley Road Glasgow G5 8RA ,,Ibrox / Kingston,2,05,Govan,S02001890
258377.13,665103.0,1003,Off,GC1714,"Store Unit 2065, Second Floor G.T.W Storage Ltd 27 James Watt Street Glasgow G2 8NF ",Angel Fine Wines Ltd,David Miller,2009/05/11 00:00:00+00,,Monday to,Premises ,,9.5,258377.13,665103,906700054805,,59 James Watt Street Glasgow G2 8NF ,,City Centre / Merchant City,29,10,Anderston/City/Yorkhill,S02001934
258876,665612,1004,On,GC1717,Klub 51 West Regent Street Glasgow G2 2AE  ,Dawncrest Ltd,Stephanie Boyd,2009/05/11 00:00:00+00,,Monday to,Premises ,377,,258876,665612,906700414146,,51 West Regent Street Glasgow G2 2AE ,,City Centre / Merchant City,29,10,Anderston/City/Yorkhill,S02001934
257113,661864,1005,On & Off,GC1720,The James Tassie 63 Kilmarnock Road Glasgow G41 3YR  ,Stonegate Pub Company Limited,Christopher Dean Leigh Tay,2009/05/11 00:00:00+00,,On Sales ,Premises ,355,32.9,257113,661864,906700380935,,63 Kilmarnock Road Glasgow G41 3YR ,,Langside / Battlefield,7,07,Langside,S02001871
258390,665898,1006,On,GC1723,Anti Pasti 305 Sauchiehall Street Glasgow G2 3HQ  ,Glasdough Ltd,Margaret Gulline,2009/05/11 00:00:00+00,,Monday to,Premises ,95,,258390,665898,906700095715,,305 Sauchiehall Street Glasgow G2 3HQ ,,City Centre / Merchant City,29,10,Anderston/City/Yorkhill,S02001933
253864,663072,1007,Off,GC1389,Harry's Corkerhill 288 Corkerhill Road Glasgow G52 1TQ  ,Harinder Singh,Harinder Singh,2009/05/15 00:00:00+00,,Monday to,Premises ,,12.97,253864,663072,906700255093,,288 Corkerhill Road Glasgow G52 1TQ ,,Crookston /South Cardonald,51,04,Cardonald,S02001858
259561,665112,1008,On & Off,GC1390,Vodka Wodka 78 Candleriggs Glasgow G1 1LF  ,CDLH Surveyors Limited,Adam Strang,2009/05/15 00:00:00+00,,On Sales ,Premises ,212,29.6,259561,665112,906700346157,,82 Candleriggs Glasgow G1 1LE ,,City Centre / Merchant City,29,10,Anderston/City/Yorkhill,S02001932
258347,660573,1009,Off,GC1394,18/20 Clarkston Road Glasgow G44 4EH   ,PK (Glasgow) Limited,Povinder Singh Oujla,2009/05/15 00:00:00+00,,Monday to,Premises ,,24.4,258347,660573,906700259896,,14 Clarkston Road Glasgow G44 4EH ,,Newlands / Cathcart,43,07,Langside,S02001886
259539,664743,1010,Off,GC1395,116 Saltmarket Glasgow G1 5LB   ,Omid Farajolahi ,John Carrigg,2009/05/15 00:00:00+00,,Monday to,Premises ,,47,259539,664743,906700099942,,116 Saltmarket Glasgow G1 5LB ,,City Centre / Merchant City,29,10,Anderston/City/Yorkhill,S02001891
252023.54,663862.130000001,1011,On,GC1416,Shanghai Nights Storey 0/1 Restaurant 2377 Paisley Road West Glasgow G52 3QH,Richard Shing Loong Lee,Lin Zhang,2009/05/15 00:00:00+00,,Monday to,Premises ,80,,252023.54,663862.13,906700323578,,2379 Paisley Road West Glasgow G52 3QH ,,Crookston /South Cardonald,51,04,Cardonald,S02001852
258745,662891,1012,Off,GC1418,SPAR 432 Cathcart Road Glasgow G42 7BZ  ,Mohammed Arshad,Khurram Arshad,2009/05/15 00:00:00+00,,Monday to,Premises ,,17.4,258745,662891,906700260700,,432 Cathcart Road Glasgow G42 7BZ ,,Govanhill,4,08,Southside Central,S02001865
256439,661818,1013,Off,GC1419,1454 Pollokshaws Road Glasgow G43 1RN   ,Shazad Shafiq,Shazad Shafiq,2009/05/15 00:00:00+00,,Monday to,Premises ,,9,256439,661818,906700385791,,1454 Pollokshaws Road Glasgow G43 1RN ,,Shawlands / Strathbungo,6,06,Pollokshields,S02001873
258475,661783,1014,On,GC1422,Glasgow Indoor Bowling Club 177 Prospecthill Road Glasgow G42 9LQ  ,Glasgow Indoor Bowling Club,,2009/05/15 00:00:00+00,,Monday to,Premises ,500,,258475,661783,906700289086,,177 Prospecthill Road Glasgow G42 9LQ ,,Langside / Battlefield,7,07,Langside,S02001867
255820,664997,1015,Off,GC1423,21 / 23 Clynder Street Glasgow G51 2EW   ,Sarbjit Panesar,Sarbjit Panesar,2009/05/15 00:00:00+00,,Monday to,Premises ,,8.2,255820,664997,906700142440,,21 Clynder Street Glasgow G51 2EW ,,Ibrox / Kingston,2,05,Govan,S02001859
256558,667064,1016,On,GC1455,Kochchi Glasgow 8 Ruthven Lane Glasgow G12 9BG  ,Hamilton House Investments Limited,Sandun Madara Jayaratne,2009/05/15 00:00:00+00,,Monday to,Premises ,120,0,256558,667064,906700102724,,8 Ruthven Lane Glasgow G12 9BG ,,Hyndland / Dowanhill / Partick East,32,23,Partick East/Kelvindale,S02001957
258023,665855,1017,On & Off,GC1459,Baby Grand (and external area) 1-3 Elmbank Gardens Glasgow G2 4NQ  ,Newhaven 2007 Limited,Aija Ozola,2009/05/15 00:00:00+00,,On Sales ,Premises ,137,8.7,258023,665855,906700052438,,3 Elmbank Gardens Glasgow G2 4NQ ,,City Centre / Merchant City,29,10,Anderston/City/Yorkhill,S02001933
259395,665281,1018,On & Off,GC1460,Osteria del Tempo Perso Ground Floor (and External Area) 17 John Street Glasgow  ,Caledonian Heritable Limited,Arshia Alimi,2009/05/15 00:00:00+00,,On Sales ,Premises ,193,3.5,259395,665281,906700054046,,Storey Ground 17 John Street Glasgow G1 1HP ,,City Centre / Merchant City,29,10,Anderston/City/Yorkhill,S02001932
258598,665407,1019,Off,GC1466,Sainsbury Store 53 Bothwell Street Glasgow G2 6TS  ,UKRO Property Holdings I Limited,Connor Gibbons,2009/05/15 00:00:00+00,,Monday to,Premises ,,18.07,258598,665407,906700015436,,Mercantile Chambers 39 Bothwell Street Glasgow G2 6TS ,,City Centre / Merchant City,29,10,Anderston/City/Yorkhill,S02001934
256939,662445,1020,Off,GC1467,Morrisons 115 Titwood Road Glasgow G41 4DA  ,WM Morrison Supermarkets Plc,Richard Liddell,2009/05/15 00:00:00+00,,Monday to,Premises ,,130.13,256939,662445,906700210671,,Morrisons 115 Titwood Road Glasgow G41 4DA ,,Pollokshields West,53,06,Pollokshields,S02001869
258682,665219,1021,On,GC1480,La Lanterna 35 Hope Street Glasgow G2 6AE  ,Christopher Martinolli,Christopher Martinolli,2009/05/15 00:00:00+00,,Monday to,Premises ,75,0,258682,665219,906700064182,,Artto Hotel 37 Hope Street Glasgow G2 6AE ,,City Centre / Merchant City,29,10,Anderston/City/Yorkhill,S02001934
256790,667274,1022,On & Off,GC1485,The Parlour 28 Vinicombe Street Glasgow G12 8BE  ,Lazy Joe's Glasgow Limited,Beth Twigg,2009/05/15 00:00:00+00,,On Sales ,Premises ,131,11.1,256790,667274,906700117688,,28 Vinicombe Street Glasgow G12 8BE ,,Hillhead / Woodlands,30,11,Hillhead,S02001952
256631,666972,1023,On & Off,GC1486,Brel 37 Ashton Lane Glasgow G12 8SJ  ,Ashton Properties (Glasgow) Limited,Morag McLean,2009/05/15 00:00:00+00,,On Sales ,Premises ,255,12.7,256631,666972,906700006637,,37 Ashton Lane Glasgow G12 8SJ ,,Hillhead / Woodlands,30,11,Hillhead,S02001952
257705,666848,1024,On & Off,GC1505,Bananamoon 360 Great Western Road Glasgow G4 9HT  ,Bar Banana Limited,Douglas Connell,2009/05/15 00:00:00+00,,On Sales ,Premises ,50,1.1,257705,666848,906700040229,,360 Great Western Road Glasgow G4 9HT ,,Hillhead / Woodlands,30,11,Hillhead,S02001939
258353,665903,1025,On & Off,GC1507,201 Pitt Street Glasgow G2 4DT   ,Dingsheng Trading Ltd,Wei Li,2009/05/15 00:00:00+00,,On Sales ,Premises ,195,9.1,258353,665903,906700310595,,201A Pitt Street Glasgow G2 4DT ,,City Centre / Merchant City,29,10,Anderston/City/Yorkhill,S02001933
260250,664221,1026,On & Off,GC1537,West Brewery 15 Binnie Place Glasgow G40 1AW  ,Noah Beers Limited,Paul Laurie ,2009/05/15 00:00:00+00,,On Sales ,Premises ,679,3.4,260250,664221,906700409832,,West Brewery 15 Binnie Place Glasgow G40 1AW ,,Calton / Bridgeton,28,09,Calton,S02001891
258213,665936,1027,On & Off,GC1542,Nico's 379 Sauchiehall Street Glasgow G2 3HU  ,Morris Amusements Limited,Adam James Coakley,2009/05/15 00:00:00+00,,On Sales ,Premises ,135,11.2,258213,665936,906700096609,,379 Sauchiehall Street Glasgow G2 3HU ,,City Centre / Merchant City,29,10,Anderston/City/Yorkhill,S02001933
257139,661990,1028,On & Off,GC1580,Phillies of Shawlands 1179 Pollokshaws Road Glasgow G41 3NG  ,Scotsman Group plc,Laura Havlin Hughes,2009/05/15 00:00:00+00,,On Sales ,Premises ,428,16.1,257139,661990,906700289345,,1179 Pollokshaws Road Glasgow G41 3NG ,,Shawlands / Strathbungo,6,06,Pollokshields,S02001870
259049,665537,1029,On,GC1632,Amarone Storey Basement 4 Nelson Mandela Place Glasgow G2 1BT ,Amarone Restaurants Limited,Ewan Smith,2009/05/15 00:00:00+00,,Monday to,Premises ,188,,259049,665537,906700418254,,Storey Basement 4 Nelson Mandela Place Glasgow G2 1BT ,,City Centre / Merchant City,29,10,Anderston/City/Yorkhill,S02001934
264736,665296,1030,On,GC1408,Anderston McMillan Masonic Social Club 17 Tynecastle Street Glasgow G32 0AY  ,Anderston McMillan Social Club,,2009/05/18 00:00:00+00,,Monday to,Premises ,120,,264736,665296,906700220958,,17 Tynecastle Street Glasgow G32 0AY ,,Springboig / Barlanark,41,18,East Centre,S02001914
255839,667232,1031,Off,GC1414,Epicures of Hyndland and External Areas 159 Hyndland Road Glasgow G12 9JA  ,Westend Entertainment Limited,Anocha Watcharakun,2009/05/18 00:00:00+00,,Monday to,Premises ,110,1.5,255839,667232,906700062695,,159 Hyndland Road Glasgow G12 9JA ,,Hyndland / Dowanhill / Partick East,32,23,Partick East/Kelvindale,S02001956
258351,665955,1032,On,GC1437,Centre for Contemporary Arts 350 Sauchiehall Street Glasgow G2 3JD  ,Centre for Contemporary Arts,Alison Eubha Kendrick,2009/05/18 00:00:00+00,,Monday to,Premises ,462,,258351,665955,906700385912,,350 Sauchiehall Street Glasgow G2 3JD ,,City Centre / Merchant City,29,10,Anderston/City/Yorkhill,S02001933
264975,664472,1033,Off,GC1443,Scotmid 1 Budhill Avenue Glasgow G32 0PW  ,Scottish Midland Co-operative Societ,Sharon McLellan Cameron,2009/05/18 00:00:00+00,,Monday to,Premises ,,32.4,264975,664472,906700222105,,1 Budhill Avenue Glasgow G32 0PW ,,Springboig / Barlanark,41,18,East Centre,S02001910
258076,666038,1034,On,GC1510,Club 520 520 Sauchiehall Street Glasgow G2 3LW  ,NM Property Development Limited,,2009/05/18 00:00:00+00,,Monday to,Premises ,860,,258076,666038,906700104457,,518 Sauchiehall Street Glasgow G2 3LW ,,City Centre / Merchant City,29,10,Anderston/City/Yorkhill,S02001933
257679,663728,1035,Off,GC1523,Costcutters 227 St Andrews Road Glasgow G41 1PD  ,Parminder Singh,Rehana Qaiser,2009/05/18 00:00:00+00,,Monday to,Premises ,,34.6,257679,663728,906700207359,,227 St Andrews Road Glasgow G41 1PD ,,Pollokshields East,54,06,Pollokshields,S02001863
258052,661560,1036,On,GC1526,Sinclair's Cafe and Wine Bar 34 Sinclair Drive Glasgow G42 9QE  ,Frosoulla Kyriacou,Andrew Haughey,2009/05/18 00:00:00+00,,Monday to,Premises ,24,,258052,661560,906700365626,,34 Sinclair Drive Glasgow G42 9QE ,,Langside / Battlefield,7,07,Langside,S02001867
256225,669729,1037,On,GC1560,Killermont Polo Club 2022 Maryhill Road Glasgow G20 0AB  ,Hardeep Singh Chall,Mandip Singh,2009/05/18 00:00:00+00,,Monday to,Premises ,75,,256225,669729,906700079962,,2022 Maryhill Road Glasgow G20 0AB ,,North Maryhill / Summerston,36,15,Maryhill,S02001946
259112,667909,1038,On & Off,GC1574,Saracen Bar 248 Saracen Street Glasgow G22 5ER  ,L&K Scotland Limited,Lesley Ann Lyon,2009/05/18 00:00:00+00,,On Sales ,Premises ,120,6,259112,667909,906700105203,,248 Saracen Street Glasgow G22 5ER ,,Ruchill / Possilpark,38,16,Canal,S02001924
257310,665104,1039,On,GC1575,India Quay 181 Finnieston Street Glasgow G3 8HE  ,The Partnership of Hardev Singh Pure,Alexander Farnham,2009/05/18 00:00:00+00,,Monday to,Premises ,180,0,257310,665104,906700379806,,181 Finnieston Street Glasgow G3 8HE ,,Yorkhill / Anderston,31,10,Anderston/City/Yorkhill,S02001935
264238,663105,1040,On,GC1579,Fullarton Halls 25 Causewayside Street Glasgow G32 8LT  ,Fullarton Halls Limited,Susan Cameron,2009/05/18 00:00:00+00,,Monday to,Premises ,222,,264238,663105,906700382107,,25 Causewayside Street Glasgow G32 8LT ,,Tollcross / West Shettleston,56,19,Shettleston,S02001896
258934.94,665255.43,1041,On & Off,GC1581,Soba 56/76 Mitchell Lane Glasgow   ,Partnership of Messrs P & R Randev,Leigh Brash,2009/05/18 00:00:00+00,,On Sales ,Premises ,439,25.1,258934.94,665255.43,906700388322,,11A Mitchell Lane Glasgow G1 3NU ,,City Centre / Merchant City,29,10,Anderston/City/Yorkhill,S02001934
256548,667072,1042,On,GC1587,The Bothy 11 Ruthven Lane Glasgow G12 9BG  ,Scotsman Group plc,Jaimi Alan Mullen,2009/05/18 00:00:00+00,,Monday to,Premises ,140,,256548,667072,906700102725,,11 Ruthven Lane Glasgow G12 9BG ,,Hyndland / Dowanhill / Partick East,32,23,Partick East/Kelvindale,S02001957
258820,665285,1043,On,GC1595,Viet Pho 91 Union Street Glasgow G1 3TA  ,Viet Pho Limited,Thao Hoang Dang,2009/05/18 00:00:00+00,,Monday to,Premises ,80,,258820,665285,906700115051,,91 Union Street Glasgow G1 3TA ,,City Centre / Merchant City,29,10,Anderston/City/Yorkhill,S02001934
256787,668945,1044,On,GC1623,Sandbank Social Club 26 Sandbank Street Glasgow G20 0PJ  ,Sandbank Social Club,,2009/05/18 00:00:00+00,,Monday to,Premises ,180,,256787,668945,906700356337,,26 Sandbank Street Glasgow G20 0PJ ,,North Maryhill / Summerston,36,15,Maryhill,S02001948
259427,665267,1045,On,GC1625,Underground Glasgow Limited 6A John Street Glasgow G1 1JQ  ,CTC0525 Limited,Julie Docherty,2009/05/18 00:00:00+00,,Monday to,Premises ,135,,259427,665267,906700053937,,6A John Street Glasgow G1 1JQ ,,City Centre / Merchant City,29,10,Anderston/City/Yorkhill,S02001932
256556,667031,1046,On & Off,GC1653,Mozza 225 Byres Road Glasgow G12 9DA  ,Omoa Limited,Marco Di Chio,2009/05/18 00:00:00+00,,On Sales ,Premises ,315,0,256556,667031,906700019092,,225 Byres Road Glasgow G12 8UD ,,Hyndland / Dowanhill / Partick East,32,23,Partick East/Kelvindale,S02001957
257172,662125,1047,On,GC1661,18 Moss Side Road Glasgow G41 3TN   ,Antonio Vezza,Dilaver Mete,2009/05/18 00:00:00+00,,Monday to,Premises ,680,52.4,257172,662125,906700287840,,18 Moss Side Road Glasgow G41 3TN ,,Shawlands / Strathbungo,6,06,Pollokshields,S02001870
264206,663253,1048,On & Off,GC1682,Kimberley Tavern 1137 Tollcross Road Glasgow G32 8HB  ,FB Rattler Limited,Joseph Gallagher,2009/05/18 00:00:00+00,,On Sales ,Premises ,140,2.5,264206,663253,906700207135,,1137 Tollcross Road Glasgow G32 8HB ,,Tollcross / West Shettleston,56,19,Shettleston,S02001896
268035,663935,1049,Off,GC1701,Solo Convenience 126 Main Street Baillieston Glasgow G69 6AE ,Natalie Greggain,Natalie Greggain,2009/05/18 00:00:00+00,,Monday to,Premises ,,15,268035,663935,906700110585,,126 Main Street Baillieston Glasgow G69 6AE ,,Baillieston / Garrowhill,42,20,Baillieston,S02001901
258773,665298,1050,Off,GC1707,M&S Unit 14 Central Station 79 Gordon Street Glasgow G1 3SQ,Select Service Partner Limited,Alan Mathieson McDougall,2009/05/18 00:00:00+00,,Monday to,Premises ,,20.2,258773,665298,906700326207,,Unit 14 Central Station 79 Gordon Street Glasgow G1 3SQ ,,City Centre / Merchant City,29,10,Anderston/City/Yorkhill,S02001934
262251,663825,1051,On,GC1709,The Springfield Vaults 1293 London Road Glasgow G31 4JY  ,The Firm of Thomas and Mary Mitchell,Elizabeth Downie,2009/05/18 00:00:00+00,,Monday to,Premises ,120,,262251,663825,906700182653,,1287 London Road Glasgow G31 4JY ,,Parkhead / Dalmarnock,27,09,Calton,S02001894
259106,667826,1052,On & Off,GC1728,The Standard Inn 206 Saracen Street Glasgow G22 5EP  ,Bromley Inns Limited,Caroline Halligan,2009/05/18 00:00:00+00,,On Sales ,Premises ,195,4,259106,667826,906700103537,,206 Saracen Street Glasgow G22 5EP ,,Ruchill / Possilpark,38,16,Canal,S02001924
255832,666568,1053,On,GC1740,Indian Orchard Restaurant 315 Dumbarton Road Glasgow G11 6AL  ,Tarlok Singh Sandhu,Sandip Sandhu,2009/05/18 00:00:00+00,,Monday to,Premises ,50,,255832,666568,906700028061,,315 Dumbarton Road Glasgow G11 6AL ,,Hyndland / Dowanhill / Partick East,32,23,Partick East/Kelvindale,S02001953
257586,663031,1054,Off,GC0103,166 / 168 Nithsdale Road Glasgow G41 5RB   ,Made From Grapes Limited,Liam Edward Hanlon,2009/05/29 00:00:00+00,,Monday to,Premises ,35,26.5,257586,663031,906700193287,,168 Nithsdale Road Glasgow G41 5RB ,,Pollokshields East,54,06,Pollokshields,S02001864
259640,665036,1055,On,GC1074,Murphy's Irish Bar 49 Bell Street Glasgow G1 1NX  ,Punav Ltd,Joseph Foy,2009/05/29 00:00:00+00,,Monday to,Premises ,300,,259640,665036,906700330760,,49 Bell Street Glasgow G1 1NX ,,City Centre / Merchant City,29,10,Anderston/City/Yorkhill,S02001932
257961,662706,1056,On,GC1403,Panda House 665 Pollokshaws Road Glasgow G41 2AB  ,Tang Shing Mak,Teresa Yuk Yin Chau,2009/05/29 00:00:00+00,,Monday to,Premises ,28,0,257961,662706,906700295409,,665 Pollokshaws Road Glasgow G41 2AB ,,Shawlands / Strathbungo,6,08,Southside Central,S02001868
259694,665910,1057,Off,GC1409,Price Right 5/7 Kennedy Path Glasgow G4 0PP  ,Mohammed Ramzan,Mohammed Ramzan,2009/05/29 00:00:00+00,,Monday to,Premises ,,13.8,259694,665910,906700352558,,7 Kennedy Path Glasgow G4 0PP ,,City Centre / Merchant City,29,10,Anderston/City/Yorkhill,S02001932
259117.46,665608.34,1058,Off,GC1456,The Whisky Shop Level 2/SU2 Buchanan Galleries 220 Buchanan Street City Centre Glasgow,Glenkeir Whiskies Limited,,2009/05/29 00:00:00+00,,Monday to,Premises ,,36.71,259117.46,665608.34,906700321895,,Level 2/SU2 Buchanan Galleries 220 Buchanan Street City Centre Glasgow G1 2GF ,,City Centre / Merchant City,29,10,Anderston/City/Yorkhill,S02001932
257085,661812,1059,On & Off,GC1475,G41 87 Kilmarnock Road Glasgow G41 3YR  ,LC Holdings Ltd,,2009/05/29 00:00:00+00,,On Sales ,Premises ,181,9,257085,661812,906700341620,,87 Kilmarnock Road Glasgow G41 3YR ,,Langside / Battlefield,7,07,Langside,S02001871
257019.68,661720.02,1060,On & Off,GC1476,Millwood 137 Kilmarnock Road Glasgow G41 3YT  ,Hawthorn Leisure Scotco Limited,Euan Strachan,2009/05/29 00:00:00+00,,On Sales ,Premises ,153,10.8,257019.68,661720.02,906700286992,,137 Kilmarnock Road Glasgow G41 3YT ,,Langside / Battlefield,7,07,Langside,S02001871
263222,666190,1061,Off,GC1489,Compare Store 180 Smithycroft Road Glasgow G33 2RF  ,Mohammed Ramzan,Mohammed Ramzan,2009/05/29 00:00:00+00,,Monday to,Premises ,,9.3,263222,666190,906700107213,,180 Smithycroft Road Glasgow G33 2RF ,,Riddrie / Cranhill,11,18,East Centre,S02001916
259722,664887,1062,On & Off,GC1490,Chrystal Bell 31 Gallowgate Glasgow G1 5AA  ,Hawthorn Leisure Scotco Limited,Angela McKean,2009/05/29 00:00:00+00,,On Sales ,Premises ,135,6,259722,664887,906700166109,,31 Gallowgate Glasgow G1 5AA ,,Calton / Bridgeton,28,09,Calton,S02001891
259146,665363,1063,On,GC1499,La Vita 161 Queen Street Glasgow G1 3BJ  ,La Vita George Square Limited,Steven Mathieson,2009/05/29 00:00:00+00,,Monday to,Premises ,130,0,259146,665363,906700085335,,161 Queen Street Glasgow G1 3BJ ,,City Centre / Merchant City,29,10,Anderston/City/Yorkhill,S02001934
258661,665305,1064,On,GC1546,Kitty O'Shea's 17 Waterloo Street Glasgow G2 6AY  ,CLGM LIC LIMITED,Jamie Anderson,2009/05/29 00:00:00+00,,Monday to,Premises ,237,,258661,665305,906700121991,,17 Waterloo Street Glasgow G2 6AY ,,City Centre / Merchant City,29,10,Anderston/City/Yorkhill,S02001934
258756,665760,1065,On & Off,GC1555,Apex City of Glasgow 114 Bath Street Glasgow G2 2EN  ,Apex Hotels Limited,Maureen Rodger,2009/05/29 00:00:00+00,,On Sales ,Premises ,234,5.2,258756,665760,906700009650,,110 Bath Street Glasgow G2 2EN ,,City Centre / Merchant City,29,10,Anderston/City/Yorkhill,S02001934
256612,666974,1066,On & Off,GC1588,Innis & Gunn Brewery Taproom Upper Floor 46 Ashton Lane Glasgow G12 8SJ ,Scotsman Group plc,Gillies O'Hanlon,2009/05/29 00:00:00+00,,On Sales ,Premises ,306,16.2,256612,666974,906700006640,,46 Ashton Lane Glasgow G12 8SJ ,,Hillhead / Woodlands,30,11,Hillhead,S02001952
256806,668998,1067,Off,GC1604,Kelly's General Store 25 Sandbank Street Glasgow G20 0PQ  ,The Partnership of Parviz Akhtar and,Kayenat Akhtar,2009/05/29 00:00:00+00,,Monday to,Premises ,,29.442,256806,668998,906700104391,,25 Sandbank Street Glasgow G20 0PQ ,,North Maryhill / Summerston,36,15,Maryhill,S02001948
258662,665440,1068,On & Off,GC1608,30 Bothwell Street Glasgow G2 6NU   ,BBH Scotland Limited,Bryan James Wilson,2009/05/29 00:00:00+00,,On Sales ,Premises ,344,26.1,258662,665440,906700015340,,30 Bothwell Street Glasgow G2 6NU ,,City Centre / Merchant City,29,10,Anderston/City/Yorkhill,S02001934
258670,665061,1069,On,GC1626,Ivory Black's 56 Oswald Street Glasgow G1 4PL  ,Kelvin Cook,Kelvin Cook,2009/05/29 00:00:00+00,,Monday to,Premises ,293,,258670,665061,906700084156,,56 Oswald Street Glasgow G1 4PL ,,City Centre / Merchant City,29,10,Anderston/City/Yorkhill,S02001934
261915,664956,1070,On & Off,GC1636,Calvay Social Club 678 Duke Street Glasgow G31 1JZ  ,Calvay Social Club,,2009/05/29 00:00:00+00,,On Sales ,Premises ,220,3.66,261915,664956,906700152281,,678 Duke Street Glasgow G31 1JZ ,,Parkhead / Dalmarnock,27,09,Calton,S02001929
258738,665125,1071,On,GC1645,Corner Bar 240 Argyle Street Glasgow G2 8HA  ,AR Pub Limited,Callum Dickson,2009/05/29 00:00:00+00,,Monday to,Premises ,20,,258738,665125,906700006029,,240 Argyle Street Glasgow G2 8HA ,,City Centre / Merchant City,29,10,Anderston/City/Yorkhill,S02001934
259669,664937,1072,On,GC1677,Zorba Mediterania Taverna 25 High Street Glasgow G1 1LX  ,SBK Food Ltd,,2009/05/29 00:00:00+00,,Monday to,Premises ,55,,259669,664937,906700060636,,25 High Street Glasgow G1 1LX ,,City Centre / Merchant City,29,10,Anderston/City/Yorkhill,S02001932
252452,670131,1073,Off,GC1712,The Small Shops 2 Moraine Drive Glasgow G15 6HB  ,Tasawar Hussain,Waqas Hussain,2009/05/29 00:00:00+00,,Monday to,Premises ,,11,252452,670131,906700092563,,2 Moraine Drive Glasgow G15 6HB ,,Blairdardie,14,14,Drumchapel/Anniesland,S02001973
256499,665199,1074,On & Off,GC1715,Glasgow Science Centre 50 Pacific Quay Glasgow G51 1EA  ,Glasgow Science Centre (Trading) Ltd,Steven Owens,2009/05/29 00:00:00+00,,Monday to,Premises ,5165,0,256499,665199,906700330810,,Glasgow Science Centre 50 Pacific Quay Glasgow G51 1EA ,,Ibrox / Kingston,2,05,Govan,S02001860
252789,668225,1075,On,GC0269,Scotstounhill Bowling Club 633 Anniesland Road Glasgow G14 9YP  ,Scotstounhill Bowling Club,,2009/06/01 00:00:00+00,,Monday to,Premises ,190,,252789,668225,906700003279,,633 Anniesland Road Glasgow G14 0XY ,,Yoker / Scotstoun,15,13,Garscadden/Scotstounhill,S02001962
252530,664473,1076,Off,GC0339,123/133 Thurston Road Hillington Glasgow G52 2AZ  ,Co-operative Group Food Limited,Samantha Bryce,2009/06/01 00:00:00+00,,Monday to,Premises ,,1736,252530,664473,906700218507,,125 Thurston Road Glasgow G52 2AZ ,,North Cardonald / Penilee,49,04,Cardonald,S02001854
259957,664646,1077,On & Off,GC1392,The Old Burnt Barns 179/183 London Road Glasgow G40 1PA  ,Derg Inns Limited,Bridget Gobey,2009/06/01 00:00:00+00,,On Sales ,Premises ,151,14.3,259957,664646,906700184546,,179 London Road Glasgow G40 1PA ,,Calton / Bridgeton,28,09,Calton,S02001891
268221,664276,1078,On,GC1433,Baillieston Bowling Club The Faulds Baillieston Glasgow G69 6DR ,Baillieston Bowling Club,,2009/06/01 00:00:00+00,,Monday to,Premises ,110,,268221,664276,906700364073,,Baillieston Bowling Club 10 Faulds Glasgow G69 6DR ,,Baillieston / Garrowhill,42,20,Baillieston,S02001903
256862,668801,1079,On & Off,GC1442,Harveys Bar 1488 Maryhill Road Glasgow G20 9AD  ,Z Cars Taxis Limited,Linda Holmes,2009/06/01 00:00:00+00,,On Sales ,Premises ,120,7.3,256862,668801,906700076483,,1482 Maryhill Road Glasgow G20 9AD ,,Maryhill Road Corridor,39,15,Maryhill,S02001948
255538,661191,1080,On & Off,GC1478,Pollok Golf Club 100 Barrhead Road Glasgow G43 1BG  ,Pollok Golf Club,,2009/06/01 00:00:00+00,,On Sales ,Premises ,293,14.5,255538,661191,906700135511,,Pollok Golf Club 90 Barrhead Road Glasgow G43 1BG ,,Pollokshaws / Mansewood,47,02,Newlands/Auldburn,S02001873
258680,665910,1081,On,GC1549,0086 26 Cambridge Street Glasgow G2 3DZ  ,Trygort (Number 2) Limited,Gerrard McLaughlin,2009/06/01 00:00:00+00,,Monday to,Premises ,435,,258680,665910,906700021448,,26 Cambridge Street Glasgow G2 3DZ ,,City Centre / Merchant City,29,10,Anderston/City/Yorkhill,S02001933
261164,665530,1082,On & Off,GC1556,Whitevale Bowling Club 235 Whitehill Street Glasgow G31 2EH  ,Whitevale Bowling Club,,2009/06/01 00:00:00+00,,On Sales ,Premises ,226,1.48,261164,665530,906700340612,,Whitehill Bowling Club 235 Whitehill Street Glasgow G31 2EH ,,Dennistoun,12,22,Dennistoun,S02001927
254700,669601,1083,On & Off,GC1562,Barr & Stroud Bowling Club 236 Netherton Road Glasgow G13 1BJ  ,Barr & Stroud Bowling Club,,2009/06/01 00:00:00+00,,On Sales ,Premises ,186,6.11,254700,669601,906700369170,,Bowling Club 236 Netherton Road Glasgow G13 1BJ ,,Temple / Anniesland,18,14,Drumchapel/Anniesland,S02001971
257083,661825,1084,On & Off,GC1563,Oro 85 Kilmarnock Road Glasgow G41 3YR  ,Crolpia Limited,Domenico Crolla,2009/06/01 00:00:00+00,,On Sales ,Premises ,130,6,257083,661825,906700283385,,85 Kilmarnock Road Glasgow G41 3YR ,,Langside / Battlefield,7,07,Langside,S02001871
263433,665708,1085,On & Off,GC1573,Gartcraig Inn 69 Gartcraig Road Glasgow G33 2NW  ,Trust Inns Limited,Frank Cogan,2009/06/01 00:00:00+00,,On Sales ,Premises ,315,12,263433,665708,906700044115,,69 Gartcraig Road Glasgow G33 2NW ,,Riddrie / Cranhill,11,18,East Centre,S02001913
258400,665800,1086,On & Off,GC1597,Bath Street Palomino 207 Bath Street Glasgow G2 4HZ  ,M2C UK Limited,Hitesh Singh,2009/06/01 00:00:00+00,,On Sales ,Premises ,260,14.8,258400,665800,906700418615,,Storey Ground 207 Bath Street Glasgow G2 4HZ ,,City Centre / Merchant City,29,10,Anderston/City/Yorkhill,S02001934
264340,663058,1087,On,GC1603,St Joseph's Church Hall St Josephs Church 14 Fullarton Avenue Glasgow G32 8NJ ,Church of St Joseph,John McGregor,2009/06/01 00:00:00+00,,Monday to,Premises ,255,,264340,663058,906700167887,,St Josephs Church 14 Fullarton Avenue Glasgow G32 8NJ ,,Tollcross / West Shettleston,56,19,Shettleston,S02001896
261165,665328,1088,On,GC1611,Whitehill Social Club 133 Whitehill Street Glasgow G31 2LS  ,Whitehill Social Club,,2009/06/01 00:00:00+00,,Monday to,Premises ,120,,261165,665328,906700232116,,133 Whitehill Street Glasgow G31 2LS ,,Dennistoun,12,22,Dennistoun,S02001930
258089,664891,1089,On,GC1655,The Ferry 25 Anderston Quay Glasgow G3 8BX  ,The Ferry Ltd,Johanna Barbour,2009/06/01 00:00:00+00,,Monday to,Premises ,687,,258089,664891,906700354844,,The Ferry 25 Anderston Quay Glasgow G3 8BX ,,City Centre / Merchant City,29,10,Anderston/City/Yorkhill,
258306,665868,1090,On & Off,GC1684,244 Bath Street Glasgow G2 4JW   ,Two Four Four Bath Street Ltd,Samantha J Lee,2009/06/01 00:00:00+00,,On Sales ,Premises ,135,16,258306,665868,906700007762,,244A Bath Street Glasgow G2 4JW ,,City Centre / Merchant City,29,10,Anderston/City/Yorkhill,S02001933
256039,665025,1091,Off,GC0183,12 Summertown Road Glasgow G51 2LY   ,Sajid Hameed Chohan,Arslan Hameed,2009/06/12 00:00:00+00,,Monday to,Premises ,,15.5,256039,665025,906700207437,,12 Summertown Road Glasgow G51 2LY ,,Ibrox / Kingston,2,05,Govan,S02001860
267040,664168,1092,On,GC0229,Garrowhill Bowling Club 30 Douglas Drive Glasgow G69 6NJ  ,Garrowhill Bowling Club,,2009/06/12 00:00:00+00,,"Monday, 1",Premises ,281,,267040,664168,906700372393,,Garrowhill Bowling Club 30 Douglas Drive Garrowhill Glasgow G69 6NJ ,,Baillieston / Garrowhill,42,20,Baillieston,S02001902
257351,665761,1093,Off,GC0709,Supersave 1000 Argyle Street Glasgow G3 8LU  ,Chapati Fast Foods,Dippal Gill,2009/06/12 00:00:00+00,,Monday to,Premises ,,7.35,257351,665761,906700007464,,1000 Argyle Street Glasgow G3 8LU ,,Yorkhill / Anderston,31,10,Anderston/City/Yorkhill,S02001935
259544,665131,1094,On & Off,GC0771,Bar 91 91 Candleriggs Glasgow G1 1NP  ,C D L H Surveyors Ltd,Danielle Amy Donald,2009/06/12 00:00:00+00,,On Sales ,Premises ,134,7.78,259544,665131,906700022037,,91 Candleriggs Glasgow G1 1NP ,,City Centre / Merchant City,29,10,Anderston/City/Yorkhill,S02001932
254724,669244,1095,Off,GC1421,58 Fulton Street Glasgow G13 1ED   ,Keystore Temple Limited,Jaswinder Singh Lalli,2009/06/12 00:00:00+00,,Monday to,Premises ,,30.7,254724,669244,906700040558,,60 Fulton Street Glasgow G13 1ED ,,Temple / Anniesland,18,14,Drumchapel/Anniesland,S02001971
259557,664940,1096,On,GC1436,Maggie's Rock 'N' Rodeo 60 Trongate Glasgow G1 5EP  ,Ashton Properties (Glasgow) Limited,Jessica Harvey Black,2009/06/12 00:00:00+00,,Monday to,Premises ,670,0,259557,664940,906700106807,,60 Trongate Glasgow G1 5EP ,,City Centre / Merchant City,29,10,Anderston/City/Yorkhill,S02001932
262579.05,664139.98,1097,On,GC1438,Snooka Scene 22-24 Tollcross Road Glasgow G31 4XD  ,D & PM Ltd,Christopher Mackie,2009/06/12 00:00:00+00,,Monday to,Premises ,140,,262579.05,664139.98,906700224147,,24 Tollcross Road Glasgow G31 4XD ,,Parkhead / Dalmarnock,27,09,Calton,S02001894
258704,665382,1098,On,GC1461,Bizarron 111 Hope Street Glasgow G2 6LL  ,El Bizarron Lease Limited,Ruby Maria Dawn Munkley,2009/06/12 00:00:00+00,,Monday to,Premises ,105,,258704,665382,906700066770,,111 Hope Street Glasgow G2 6LL ,,City Centre / Merchant City,29,10,Anderston/City/Yorkhill,S02001934
259126,665213,1099,On & Off,GC1491,Max's Bar / La Cheetah Club 73 Queen Street Glasgow G1 3BZ  ,Universal Bars Limited,Ivelina Danielova Ruseva,2009/06/12 00:00:00+00,,Monday to,Premises ,307,0,259126,665213,906700083540,,73 Queen Street Glasgow G1 3BZ ,,City Centre / Merchant City,29,10,Anderston/City/Yorkhill,S02001934
259126,665213,1100,On & Off,GC1491,Max's Bar / La Cheetah Club 73 Queen Street Glasgow G1 3BZ  ,Universal Bars Limited,Ivelina Danielova Ruseva,2009/06/12 00:00:00+00,,X,X,307,0,259126,665213,906700083540,,73 Queen Street Glasgow G1 3BZ ,,City Centre / Merchant City,29,10,Anderston/City/Yorkhill,S02001934
258098,665468,1101,On,GC1566,Hilton Glasgow Hotel 1 William Street Glasgow G3 8XA  ,HLT Stakis Operator Limited,Stuart Minty Cran,2009/06/12 00:00:00+00,,Monday to,Premises ,1500,,258098,665468,906700116365,,The Hilton Hotel 1 William Street Glasgow G3 8HT ,,City Centre / Merchant City,29,10,Anderston/City/Yorkhill,S02001934
259719,665098,1102,On,GC1615,Babbity Bowster 16/18 Blackfriars Street Glasgow G1 1PE  ,Caledonian Heritable Limited,Graeme Sands,2009/06/12 00:00:00+00,,Monday to,Premises ,202,,259719,665098,906700013278,,18 Blackfriars Street Glasgow G1 1PE ,,City Centre / Merchant City,29,10,Anderston/City/Yorkhill,S02001932
258426,665889,1103,On,GC1665,Green Gates 285 Sauchiehall Street Glasgow G2 3HQ  ,Balram Bhatia,Kiran Bhatia,2009/06/12 00:00:00+00,,Monday to,Premises ,75,4.9,258426,665889,906700108802,,285 Sauchiehall Street Glasgow G2 3HQ ,,City Centre / Merchant City,29,10,Anderston/City/Yorkhill,S02001933
256793,667236,1104,On & Off,GC1669,Hillhead Book Club 17 Vinicombe Street Glasgow G12 8BE  ,Scotsman Group plc,Molly Jane Hughes,2009/06/12 00:00:00+00,,On Sales ,Premises ,572,9.9,256793,667236,906700117686,,17 Vinicombe Street Glasgow G12 8BH ,,Hillhead / Woodlands,30,11,Hillhead,S02001952
259040,665276,1105,On & Off,GC1693,Rogano and External Areas 11 Exchange Place Glasgow G1 3AN  ,Forthwell Limited,Dorothy Ann Patterson,2009/06/12 00:00:00+00,,On Sales ,Premises ,255,4.6,259040,665276,906700043984,,11 Exchange Place Glasgow G1 3AN ,,City Centre / Merchant City,29,10,Anderston/City/Yorkhill,S02001934
266016,666397,1106,On & Off,GC1699,Greater Easterhouse Supporting Hands 1 Redcastle Square Glasgow G33 5EG  ,Greater Easterhouse Supporting Hands,,2009/06/12 00:00:00+00,,On Sales ,Premises ,250,1.21,266016,666397,906700212570,,1 Redcastle Square Glasgow G33 5EG ,,Ruchazie / Garthamlock,17,21,North East,S02001915
258561,665729,1107,On & Off,GC1726,176 West Regent Street Glasgow G2 4RL   ,Grove Group Hotel Limited,Christina Jandhu,2009/06/12 00:00:00+00,,On Sales ,Premises ,250,,258561,665729,906700121271,,176 West Regent Street Glasgow G2 4RL ,,City Centre / Merchant City,29,10,Anderston/City/Yorkhill,S02001934
256760.98,667341.85,1108,On,GC0452,Glasgow Grosvenor Hotel Grosvenor Hotel 1/10 Grosvenor Terrace Glasgow G12 0TA ,Nicol's Worsteds Limited,Michael Balman,2009/06/19 00:00:00+00,,Monday to,Premises ,890,,256760.98,667341.85,906700053178,,Grosvenor Hotel 1 Grosvenor Terrace Glasgow G12 0TA ,,Hyndland / Dowanhill / Partick East,32,23,Partick East/Kelvindale,S02001951
262132,663843,1109,On & Off,GC1600,1888 1245 London Road Glasgow G40 3HW  ,Alexander Edward Butler,Alexander Edward Butler,2009/06/19 00:00:00+00,,On Sales ,Premises ,171,13.7,262132,663843,906700362343,,1245 London Road Glasgow G40 3HW ,,Parkhead / Dalmarnock,27,09,Calton,S02001894
258378,665165,1110,On & Off,GC1627,Clyde Hotel 377 Argyle Street Glasgow G2 8LX  ,Alam Investments Scotland Ltd,Amer Alam,2009/06/19 00:00:00+00,,On Sales ,Premises ,468,4.7,258378,665165,906700004750,,377 Argyle Street Glasgow G2 8LL ,,City Centre / Merchant City,29,10,Anderston/City/Yorkhill,S02001934
259212.07,665760.109999999,1111,On & Off,GC1651,John Lewis Buchanan Galleries Glasgow G1 2GF  ,John Lewis plc,Brendan McMonagle,2009/06/19 00:00:00+00,,On Sales ,Premises ,1477,48.7,259212.07,665760.11,906700304587,,John Lewis Buchanan Galleries 220 Buchanan Street City Centre Glasgow G1 2GF ,,City Centre / Merchant City,29,10,Anderston/City/Yorkhill,S02001933
264924,661767,1112,Off,GC1739,Foodmarket 168 Carmyle Avenue Glasgow G32 8EE  ,Sukhwinder Kaur,Sandeep Singh Dhesi ,2009/06/19 00:00:00+00,,Monday to,Premises ,,12.3,264924,661767,906700127677,,168 Carmyle Avenue Glasgow G32 8EE ,,Mount Vernon / East Shettleston,55,19,Shettleston,S02001897
262613,664214,1113,Off,GC1754,Drinks Express 33 Westmuir Street Glasgow G31 5EL  ,Manzooran Saleem,Imran Mohammed,2009/06/19 00:00:00+00,,Monday to,Premises ,,58,262613,664214,906700223589,,33 Westmuir Street Glasgow G31 5EL ,,Tollcross / West Shettleston,56,19,Shettleston,S02001894
258201,661521,1114,Off,GC1759,160-162 Battlefield Road Glasgow G42 9JT   ,Sainsbury's SL Limited,Benjamin John Hinchliffe,2009/06/19 00:00:00+00,,Monday to,Premises ,,20.83,258201,661521,906700237478,,162 Battlefield Road Glasgow G42 9JT ,,Langside / Battlefield,7,07,Langside,S02001867
254810,667430,1115,On,GC1401,The Marlborough 340 Crow Road Glasgow G11 7HT  ,Swilken Properties,Ryan Scott Cumming,2009/06/26 00:00:00+00,,Monday to,Premises ,50,9.1,254810,667430,906700037877,,340 Crow Road Glasgow G11 7HT ,,Broomhill / Partick West,33,12,Victoria Park,S02001959
261958,663982,1116,On,GC1535,Celtic Park 95 Kerrydale Street Glasgow G40 3RE  ,Celtic F.C. Limited,Steven Falls,2009/06/26 00:00:00+00,,Monday to,Premises ,4640,,261958,663982,906700191127,,Celtic Park 95 Kerrydale Street Glasgow G40 3RE ,,Parkhead / Dalmarnock,27,09,Calton,S02001894
255519,664568,1117,On,GC1576,Argyle House Restaurant & Function Suites Ibrox Stadium Glasgow G51 2XD  ,The Rangers Football Club Limited,Scott McLean,2009/06/26 00:00:00+00,,Monday to,Premises ,1250,,255519,664568,906700159613,,Ibrox Stadium 150 Edmiston Drive Glasgow G51 2XD ,,Ibrox / Kingston,2,05,Govan,S02001859
258617,665123,1118,On & Off,GC1577,Radisson Hotel 301 Argyle Street Glasgow G2 8DP  ,Pandox Highlander Opco Limited,Andrew Robert Michael McDo,2009/06/26 00:00:00+00,,On Sales ,Premises ,1095,,258617,665123,906700379054,,Radisson Blu Hotel 301 Argyle Street Glasgow G2 8DP ,,City Centre / Merchant City,29,10,Anderston/City/Yorkhill,S02001934
261626.66,668099.34,1119,On & Off,GC1614,Balornock Bowling Club 52 Wallacewell Road Glasgow G21 3NH  ,Balornock Bowling Club ,,2009/06/26 00:00:00+00,,On Sales ,Premises ,135,10.9,261626.66,668099.34,906700227086,,52 Wallacewell Road Glasgow G21 3NH ,,Balornock/ Barmulloch,26,17,Springburn/Robroyston,S02001920
259002,664841,1120,On,GC1621,Legs & Co 96 Maxwell Street Glasgow G1 4AU  ,100 Maxwell Limited,Mikolaj Michal Szatko,2009/06/26 00:00:00+00,,Monday to,Premises ,403,,259002,664841,906700075609,,96 Maxwell Street City Centre Glasgow G1 4EQ ,,City Centre / Merchant City,29,10,Anderston/City/Yorkhill,S02001934
258772,664918,1121,On & Off,GC1634,Leonardo Royal Hotel Glasgow 80 Jamaica Street Glasgow G1 4QG  ,Leonardo Hotel Management (UK) Limit,David Samuel Shannon,2009/06/26 00:00:00+00,,On Sales ,Premises ,846,16.7,258772,664918,906700383062,,80 Jamaica Street Glasgow G1 4QG ,,City Centre / Merchant City,29,10,Anderston/City/Yorkhill,S02001934
259030.0,665831.029999999,1122,On,GC1646,Cineworld 7 Renfrew Street Glasgow G2 3AB  ,Glasbridge Limited,Karl McMullan,2009/06/26 00:00:00+00,,Monday to,Premises ,4262,,259030,665831.03,906700378926,,7 Renfrew Street Glasgow G2 3AB ,,City Centre / Merchant City,29,10,Anderston/City/Yorkhill,S02001934
255519,664568,1123,On,GC1683,Ibrox Suite Ibrox Stadium 150 Edmiston Drive Glasgow G51 2XD ,The Rangers Football Club Limited,Sarah Burnside,2009/06/26 00:00:00+00,,Monday to,Premises ,255,,255519,664568,906700159613,,Ibrox Stadium 150 Edmiston Drive Glasgow G51 2XD ,,Ibrox / Kingston,2,05,Govan,S02001859
258819,665931,1124,On,GC1710,The Royal Conservatoire of Scotland 100 Renfrew Street Glasgow G2 3DB  ,The Royal Scottish Academy of Music ,James McQuade,2009/06/26 00:00:00+00,,Monday to,Premises ,615,,258819,665931,906700088871,,Royal Conservatoire Of Scotland 100 Renfrew Street Glasgow G2 3DB ,,City Centre / Merchant City,29,10,Anderston/City/Yorkhill,S02001933
256502,666880,1125,On,GC1731,Cafe Francoise 138 Byres Road Glasgow G12 8TD  ,Patisserie Francoise,Anthony Cocozza,2009/06/26 00:00:00+00,,Monday to,Premises ,36,,256502,666880,906700382971,,138 Byres Road Glasgow G12 8TD ,,Hillhead / Woodlands,30,11,Hillhead,S02001952
257484,666789,1126,On & Off,GC0004,The Doublet Bar 74 Park Road Hillhead Glasgow G4 9JF ,Wild Radish Limited,Shona Ann Collins,2009/08/07 00:00:00+00,,On Sales ,Premises ,120,13.5,257484,666789,906700089465,,74 Park Road Woodlands Glasgow G4 9JF ,,Hillhead / Woodlands,30,11,Hillhead,S02001937
254059,663906,1127,Off,GC0027,Co-op 1517 Paisley Road West Glasgow G52 1SH  ,Co-operative Group Food Limited,Steven Martin,2009/08/07 00:00:00+00,,Monday to,Premises ,,35.91,254059,663906,906700298680,,1515 Paisley Road West Glasgow G52 1SH ,,Crookston /South Cardonald,51,04,Cardonald,S02001850
263961,663341,1128,Off,GC0029,Co-op 997 Tollcross Road Glasgow G32 8UU  ,Co-operative Group Food Limited,Scott Burns,2009/08/07 00:00:00+00,,Monday to,Premises ,,27.082,263961,663341,906700228444,,997 Tollcross Road Glasgow G32 8UU ,,Tollcross / West Shettleston,56,19,Shettleston,S02001896
253593,662272,1129,Off,GC0032,Co-op 20-24 Braidcraft Terrace Pollok Glasgow G53 5EB ,Co-operative Group Food Limited,Paul Hedley,2009/08/07 00:00:00+00,,Monday to,Premises ,,21.03,253593,662272,906700240789,,24 Braidcraft Terrace Glasgow G53 5EB ,,Pollok,44,03,Greater Pollok,S02001849
258675,665172,1130,On & Off,GC0258,Denholms 17 Hope Street Glasgow G2 6AB  ,Star Pubs Trading Limited ,Celeste Sara McGinn,2009/08/07 00:00:00+00,,On Sales ,Premises ,60,0.9,258675,665172,906700064060,,17 Hope Street Glasgow G2 6AB ,,City Centre / Merchant City,29,10,Anderston/City/Yorkhill,S02001934
258867,666015,1131,On & Off,GC0317,Ardnamurchan 325 Hope street Glasgow G2 3PT  ,Nova Scotia 2020 Limited,Matthew Ducasse,2009/08/07 00:00:00+00,,On Sales ,Premises ,195,11.1,258867,666015,906700054615,,325 Hope Street Glasgow G2 3PT ,,City Centre / Merchant City,29,10,Anderston/City/Yorkhill,S02001933
251454,668812,1132,On & Off,GC0332,Jarvies 45/49 Kelso Street Glasgow G14 0LF  ,LAL (Public House) Limited,Nicole Kean,2009/08/07 00:00:00+00,,On Sales ,Premises ,478,21.5,251454,668812,906700061986,,45 Kelso Street Glasgow G14 0LF ,,Yoker / Scotstoun,15,13,Garscadden/Scotstounhill,S02001964
258658,661526,1133,On,GC0436,1096 Cathcart Road Glasgow G42 9XW   ,TC House Limited,Corrine Elizabeth Marshall,2009/08/07 00:00:00+00,,Monday to,Premises ,60,,258658,661526,906700250226,,1098 Cathcart Road Glasgow G42 9XW ,,King's Park / Mount Florida,8,07,Langside,S02001887
258591,665757,1134,On,GC0689,The Butterfly & Pig 151 Bath Street Glasgow G2 4SQ  ,Schumi Limited,Massimo Verrecchia,2009/08/07 00:00:00+00,,Monday to,Premises ,675,6.3,258591,665757,906700009771,,151 Bath Street Glasgow G2 4SQ ,,City Centre / Merchant City,29,10,Anderston/City/Yorkhill,S02001934
254860,661851,1135,On & Off,GC0731,Pollok House Pollok Country Park 2060 Pollokshaws Road Glasgow G43 1AT ,The National Trust for Scotland Ente,Fiona Robertson,2009/08/07 00:00:00+00,,On Sales ,Premises ,290,1.44,254860,661851,906700434248,,Pollok House Flat 3/1 Pollok Country Park 2060 Pollokshaws Road Glasgow G43 1AT ,,Pollokshaws / Mansewood,47,02,Newlands/Auldburn,S02001873
267137,666347,1136,Off,GC0934,Provanhall Ltd 35 Conisborough Road Glasgow G34 9QN  ,Dhami Properties Ltd,Kiran Dhami,2009/08/07 00:00:00+00,,Monday to,Premises ,,21,267137,666347,906700338739,,35 Conisborough Road Glasgow G34 9QN ,,Easterhouse,16,21,North East,S02001906
268232,664103,1137,Off,GC1038,Danny's Convenience Store 220 Main Street Baillieston Glasgow G69 6AG ,Sachinkumar Patel,Rukhsana Razzaq,2009/08/07 00:00:00+00,,Monday to,Premises ,,22,268232,664103,906700125114,,222 Main Street Baillieston Glasgow G69 6AG ,,Baillieston / Garrowhill,42,20,Baillieston,S02001901
256664,666129,1138,On & Off,GC1041,Dukes Bar 41 Old Dumbarton Road Glasgow G3 8RD  ,A B Leisure Limited,Jacob Beveridge,2009/08/07 00:00:00+00,,On Sales ,Premises ,80,11.3,256664,666129,906700083217,,41 Old Dumbarton Road Glasgow G3 8RD ,,Yorkhill / Anderston,31,10,Anderston/City/Yorkhill,S02001936
258439,665959,1139,On,GC1064,Glasgow School of Art Students Association 20 Scott Street Glasgow G3 6PE  ,Glasgow School of Art Students Assoc,,2009/08/07 00:00:00+00,,Monday to,Premises ,906,8,258439,665959,906700089649,,Mackintosh Building 167 Renfrew Street Glasgow G3 6RQ ,,City Centre / Merchant City,29,10,Anderston/City/Yorkhill,S02001933
259545,664945,1140,On & Off,GC1097,Boteco do Brasil 62 Trongate Glasgow G1 5EP  ,Rumba Kazz Limited,Marcia Regina Copertino ,2009/08/07 00:00:00+00,,On Sales ,Premises ,314,0,259545,664945,906700379055,,62 Trongate Glasgow G1 5EP ,,City Centre / Merchant City,29,10,Anderston/City/Yorkhill,S02001932
255794,666569,1141,On,GC1141,Canton Lane 337 Dumbarton Road Glasgow G11 6AL  ,The Life Insider Ltd,Chunli Zhang,2009/08/07 00:00:00+00,,Monday to,Premises ,60,,255794,666569,906700028954,,337 Dumbarton Road Glasgow G11 6AL ,,Hyndland / Dowanhill / Partick East,32,23,Partick East/Kelvindale,S02001953
257594,664818,1142,On,GC1143,Panda Chinese Cuisine Unit D3 3A Springfield Quay Glasgow G5 8NP ,Kaziaa Limited,Hung Minh Tran,2009/08/07 00:00:00+00,,Monday to,Premises ,255,,257594,664818,906700413804,,Unit D3 3A Springfield Quay Glasgow G5 8NP ,,Ibrox / Kingston,2,05,Govan,S02001890
254860,669053,1143,On & Off,GC1156,I-Chai Express 944 Crow Road Glasgow G13 1JD  ,Cheng Ping Huang,Cheng Ping Huang,2009/08/07 00:00:00+00,,On Sales ,Premises ,54,0,254860,669053,906700031094,,944 Crow Road Glasgow G13 1JD ,,Temple / Anniesland,18,14,Drumchapel/Anniesland,S02001970
258558,661642,1144,Off,GC1398,Londis 3 McLennan Street Glasgow G42 9DH  ,Jasbir Singh Athwal,Jasbir Singh Athwal ,2009/08/07 00:00:00+00,,Monday to,Premises ,,8.8,258558,661642,906700295759,,3 Mclennan Street Glasgow G42 9DH ,,King's Park / Mount Florida,8,07,Langside,S02001887
260668,664013,1145,Off,GC1530,Liquor Barn 28 Bridgeton Cross Glasgow G40 1BW  ,Meena Marwaha,Manoj Marwaha,2009/08/07 00:00:00+00,,Monday to,Premises ,,19.1,260668,664013,906700340521,,28 Bridgeton Cross Glasgow G40 1BW ,,Calton / Bridgeton,28,09,Calton,S02001892
267251,663552,1146,Off,GC1540,Springway Store 74/78 Old Wood Road Glasgow G69 7AG  ,Nadeem Ghaffar,Nadeem Ghaffar,2009/08/07 00:00:00+00,,Monday to,Premises ,,16.4,267251,663552,906700120991,,74 Old Wood Road Glasgow G69 7AG ,,Baillieston / Garrowhill,42,20,Baillieston,S02001900
260034,659366,1147,On & Off,GC1550,Bonnie Brae 41 Dougrie Drive Glasgow G45 9AD  ,Scotsman Group plc,Linda Lamont,2009/08/07 00:00:00+00,,On Sales ,Premises ,375,0,260034,659366,906700255656,,39 Dougrie Drive Glasgow G45 9AD ,,Castlemilk,20,01,Linn,S02001882
254703,667225,1148,Off,GC1557,Co-op 14 Norby Road Glasgow G11 7BN  ,Co-operative Group Food Limited,Derek Christie,2009/08/07 00:00:00+00,,Monday to,Premises ,,51.5,254703,667225,906700086617,,14 Norby Road Glasgow G11 7BN ,,Broomhill / Partick West,33,12,Victoria Park,S02001959
260034,659366,1149,On & Off,GC1650,Oasis Sands 41 Dougrie Drive Glasgow G45 9AD  ,Scotsman Group plc,Yvonne McLaren,2009/08/07 00:00:00+00,,On Sales ,Premises ,435,10.9,260034,659366,906700255656,,39 Dougrie Drive Glasgow G45 9AD ,,Castlemilk,20,01,Linn,S02001882
258794,664989,1150,On & Off,GC1656,MacSorleys 42 Jamaica Street Glasgow G1 4QG  ,Star Pubs Trading Limited ,Brandon Doherty,2009/08/07 00:00:00+00,,On Sales ,Premises ,211,2.9,258794,664989,906700346467,,42 Jamaica Street Glasgow G1 4QG ,,City Centre / Merchant City,29,10,Anderston/City/Yorkhill,S02001934
256377,667669,1151,Off,GC1734,Cuku 1 Kirklee Road Glasgow G12 0RL  ,Newhaven 2007 Limited,Erin Catherine McGeough,2009/08/07 00:00:00+00,,Monday to,Premises ,20,19.4,256377,667669,906700377096,,1 Kirklee Road Glasgow G12 0RL ,,Kelvindale / Kelvinside,37,23,Partick East/Kelvindale,S02001950
259040,664270,1152,On,GC1766,Citizens Theatre 119 Gorbals Street Gorbals Glasgow G5 9DS ,Citizen's Theatre Ltd,Stephanie Leach,2009/08/07 00:00:00+00,,Monday to,Premises ,1492,0,259040,664270,906700271461,,Citizens Theatre 119 Gorbals Street Glasgow G5 9DS ,,Greater Gorbals,3,08,Southside Central,S02001890
261065,665708,1153,Off,GC0041,Craigpark Licensed Grocers 423 Alexandra Parade Glasgow G31 3AD  ,Muhammad Zeeshan,Muhammad Zeeshan,2009/08/14 00:00:00+00,,Monday to,Premises ,,27.3,261065,665708,906700315775,,423 Alexandra Parade Glasgow G31 3AD ,,Dennistoun,12,22,Dennistoun,S02001927
256038,668695,1154,On & Off,GC0140,Kelvindale Bowling & Lawn Tennis Club 91A Baronald Drive Kelvindale Glasgow G12 0HP ,Kelvindale Bowling & Lawn Tennis Clu,,2009/08/14 00:00:00+00,,On Sales ,Premises ,150,7.5,256038,668695,906700009867,,91 Baronald Drive Glasgow G12 0HP ,,Kelvindale / Kelvinside,37,23,Partick East/Kelvindale,S02001950
257851,666513,1155,On,GC0216,Arlington Baths Club 61 Arlington Street Glasgow G3 6DT  ,Arlington Baths Club,,2009/08/14 00:00:00+00,,Monday to,Premises ,180,,257851,666513,906700005739,,61 Arlington Street Glasgow G3 6DT ,,Hillhead / Woodlands,30,11,Hillhead,S02001937
267738,663888,1156,Off,GC0355,Iceland Foods Limited 4 Main Street Baillieston Glasgow G69 6SJ ,Iceland Foods Limited,Thomas Raeburn,2009/08/14 00:00:00+00,,Monday to,Premises ,,6.35,267738,663888,906700109562,,4 Main Street Baillieston Glasgow G69 6SJ ,,Baillieston / Garrowhill,42,20,Baillieston,S02001902
252677,659949,1157,On & Off,GC0358,Nia Roo 597-599 Nitshill Road Glasgow G53 7RS  ,Oxford Hotels & Inns Management Limi,Joan Crews,2009/08/14 00:00:00+00,,On Sales ,Premises ,120,12.6,252677,659949,906700290962,,597 Nitshill Road Glasgow G53 7RZ ,,South Nitshill / Darnley,46,03,Greater Pollok,S02001844
257648,662894,1158,On,GC0619,Moyra Jane's 20 Kildrostan Street Glasgow G41 4LU  ,Moyra Janes Ltd,Craig McIsaac,2009/08/14 00:00:00+00,,Monday to,Premises ,57,,257648,662894,906700189244,,20 Kildrostan Street Glasgow G41 4LU ,,Pollokshields West,53,06,Pollokshields,S02001869
256224,666572,1159,On & Off,GC0857,The Two Figs 5/9 Byres Road Glasgow G11 5RD  ,LAL (Public House) Limited,Chow Yong Wong,2009/08/14 00:00:00+00,,On Sales ,Premises ,138,8.2,256224,666572,906700020136,,5 Byres Road Glasgow G11 5RD ,,Hyndland / Dowanhill / Partick East,32,23,Partick East/Kelvindale,S02001953
258779,665761,1160,On & Off,GC0973,Howlin' Wolf 98/100 Bath Street Glasgow G2 4DT  ,One Leisure (Property) Limited,Oliver John McLean,2009/08/14 00:00:00+00,,On Sales ,Premises ,300,5.3,258779,665761,906700009635,,Storey 0/1 98 Bath Street Glasgow G2 2EN ,,City Centre / Merchant City,29,10,Anderston/City/Yorkhill,S02001934
255974,666566,1161,On & Off,GC1036,Storm Queen 243 Dumbarton Road Glasgow G11 6AB  ,Iona Pub Partnership (Scotland) Ltd,Tracy Murphy,2009/08/14 00:00:00+00,,On Sales ,Premises ,195,11.8,255974,666566,906700385688,,243 Dumbarton Road Glasgow G11 6AB ,,Hyndland / Dowanhill / Partick East,32,23,Partick East/Kelvindale,S02001953
256779,665324,1162,On & Off,GC1247,The Crowne Plaza Crowne Plaza Hotel 1 Congress Road Glasgow G3 8QT ,PCC Hospitality (UK) Company Limited,Barry William Miller,2009/08/14 00:00:00+00,,On Sales ,Premises ,1680,,256779,665324,906700030863,,Crowne Plaza Hotel 1 Congress Road Glasgow G3 8QT ,,Yorkhill / Anderston,31,10,Anderston/City/Yorkhill,S02001936
257939,665775,1163,On & Off,GC1289,Punjabi Charing Cross 157 North Street Glasgow G3 7DA  ,Z1 Properties Ltd,Sardar Hari Singh,2009/08/14 00:00:00+00,,On Sales ,Premises ,212,11.5,257939,665775,906700091797,,157 North Street Glasgow G3 7DA ,,Yorkhill / Anderston,31,10,Anderston/City/Yorkhill,S02001935
255088,665830,1164,On & Off,GC1483,Old Govan Arms 907 Govan Road Glasgow G51 3DN  ,FB Rattler Limited,Margaret Simm,2009/08/14 00:00:00+00,,On Sales ,Premises ,195,7.4,255088,665830,906700164607,,907 Govan Road Glasgow G51 3DN ,,Greater Govan,1,05,Govan,S02001856
255827,667286,1165,Off,GC1668,129 Hyndland Road Glasgow G12 9JA   ,Jaspal Singh,Jaspal Singh,2009/08/14 00:00:00+00,,Monday to,Premises ,,9.3,255827,667286,906700326532,,129 Hyndland Road Glasgow G12 9JA ,,Hyndland / Dowanhill / Partick East,32,23,Partick East/Kelvindale,S02001956
258098,666394,1166,On,GC1730,Asia Style 185 St Georges Road Glasgow G3 6JD  ,Yat Sang Chan,Yat Sang Chan,2009/08/14 00:00:00+00,,Monday to,Premises ,50,,258098,666394,906700103924,,185 St Georges Road Glasgow G3 6JD ,,Hillhead / Woodlands,30,11,Hillhead,S02001937
258452,667948,1167,Off,GC1755,Day-Today 1 Wester Common Drive Glasgow G22 5PG  ,WCStore Limited,Usman Bashir,2009/08/14 00:00:00+00,,Monday to,Premises ,,14.3,258452,667948,906700383862,,1 Wester Common Drive Glasgow G22 5PG ,,Ruchill / Possilpark,38,16,Canal,S02001940
260604,667250,1168,On,GC1765,Petershill Park Leisure Centre 1 Southloch Street Glasgow G21 4AN  ,ML Hospitality & Events Ltd,Carroll Kelly,2009/08/14 00:00:00+00,,Monday to,Premises ,261,,260604,667250,906700420407,,Leisure Centre 30 Adamswell Street Glasgow G21 4DD ,,Springburn,24,17,Springburn/Robroyston,S02001921
268271,663988,1169,Off,GC0182,Morrisons 3 Ravenswood Road Glasgow G69 7HU  ,WM Morrison Supermarkets Plc,Alister Gray,2009/08/21 00:00:00+00,,Monday to,Premises ,,232.22m2,268271,663988,906700110646,,3 Ravenswood Road Glasgow G69 7HU ,,Baillieston / Garrowhill,42,20,Baillieston,S02001901
258013,666030,1170,On & Off,GC0259,Driftwood 2 St Georges Road Glasgow G3 6UJ  ,Star Pubs Trading Limited ,Kirsty McNeil,2009/08/21 00:00:00+00,,On Sales ,Premises ,195,9.7,258013,666030,906700102247,,Charing Cross Mansions 4 St Georges Road Glasgow G3 6UJ ,,City Centre / Merchant City,29,10,Anderston/City/Yorkhill,S02001933
261316,665016,1171,On & Off,GC0263,The Snug 402 Duke Street Glasgow G31 1PX  ,Mary Alice McMenamin,Mary Alice McMenamin,2009/08/21 00:00:00+00,,On Sales ,Premises ,60,8.1,261316,665016,906700154978,,402 Duke Street Glasgow G31 1PX ,,Calton / Bridgeton,28,09,Calton,S02001929
257298,665792,1172,On & Off,GC0293,Lebowski's 1008 Argyle Street Glasgow G3 8LX  ,Star Pubs Trading Limited ,Hope Catherine Lawson,2009/08/21 00:00:00+00,,On Sales ,Premises ,152,1,257298,665792,906700007480,,1008 Argyle Street Glasgow G3 8LX ,,Yorkhill / Anderston,31,10,Anderston/City/Yorkhill,S02001935
253247,663871,1173,On & Off,GC0460,Quo Vadis 1860 Paisley Road West Glasgow G52 3TN  ,Greene King Brewing & Retailing Limi,Diane Tossnie,2009/08/21 00:00:00+00,,On Sales ,Premises ,384,22.4,253247,663871,906700197648,,1860 Paisley Road West Glasgow G52 3TN ,,North Cardonald / Penilee,49,04,Cardonald,S02001850
257280,667048,1174,On & Off,GC0681,Coopers 499 Great Western Road Glasgow G12 8HN  ,Greene King Retailing Ltd,Cameron McWilliam,2009/08/21 00:00:00+00,,On Sales ,Premises ,422,26.2,257280,667048,906700056856,,499 Great Western Road Glasgow G12 8HN ,,Hillhead / Woodlands,30,11,Hillhead,S02001952
259446,664828,1175,On & Off,GC1309,13th Note Cafe Bar 50-60 King Street Glasgow G1 5QT  ,MPBB Group Limited,,2009/08/21 00:00:00+00,,On Sales ,Premises ,255,12,259446,664828,906700077499,,60 King Street Glasgow G1 5QT ,,City Centre / Merchant City,29,10,Anderston/City/Yorkhill,S02001932
258779,665759,1176,On,GC1391,SUPERCUBE 104 Bath Street Glasgow G2 2EN  ,IHTF Properties Limited,Morgan Coll-Fry,2009/08/21 00:00:00+00,,Monday to,Premises ,165,,258779,665759,906700325476,,104 Bath Street Glasgow G2 2EN ,,City Centre / Merchant City,29,10,Anderston/City/Yorkhill,S02001934
257327,662178,1177,Off,GC1548,Weavers Wines 13 Minard Road Glasgow G41 2HR  ,Sandra Dorothy Weaver,Maria Gnaulati,2009/08/21 00:00:00+00,,Monday to,Premises ,,27.2,257327,662178,906700295819,,13 Minard Road Glasgow G41 2HR ,,Shawlands / Strathbungo,6,06,Pollokshields,S02001870
259502,664778,1178,On & Off,GC1745,Mono and external area 12 Kings Court King Street G1 5RB  ,GL Glasgow Limited,Noel O'Donnell,2009/08/21 00:00:00+00,,On Sales ,Premises ,435,18,259502,664778,906700082359,,17 Osborne Street Glasgow G1 5QN ,,City Centre / Merchant City,29,10,Anderston/City/Yorkhill,S02001932
259742,668268,1179,Off,GC1764,Hawthorn Off Sales 409 Hawthorn Street Glasgow G22 6EN  ,Nazir Mohammed,Shazad Ali Mohammed,2009/08/21 00:00:00+00,,Monday to,Premises ,,12.1,259742,668268,906700055405,,409 Hawthorn Street Glasgow G22 6EN ,,Ruchill / Possilpark,38,16,Canal,S02001942
257977,667881,1180,Off,GC1767,189/191 Firhill Road Glasgow G20 7SD   ,Sujeenthiran Sri Paramathma,Sujeenthiran Sri Paramathm,2009/08/21 00:00:00+00,,Monday to,Premises ,,15.2,257977,667881,906700050155,,189 Firhill Road Glasgow G20 7SD ,,Ruchill / Possilpark,38,16,Canal,S02001940
258465,665831,1181,On,GC0387,Moskito 200 Bath Street Glasgow G2 4HG  ,NM Property Development Limited,Akos Lokai,2009/08/24 00:00:00+00,,Monday to,Premises ,578,,258465,665831,906700319471,,Storey Basement 200 Bath Street Glasgow G2 4HG ,,City Centre / Merchant City,29,10,Anderston/City/Yorkhill,S02001934
258419,665804,1182,On,GC0405,Slouch 203A Bath Street Glasgow G2 4HZ  ,Maxi Group Limited,Mackenzie Durning,2009/08/24 00:00:00+00,,Monday to,Premises ,315,,258419,665804,906700010014,,203A Bath Street Glasgow G2 4HZ ,,City Centre / Merchant City,29,10,Anderston/City/Yorkhill,S02001934
257970,662714,1183,On & Off,GC1163,The Rumshack 657 Pollokshaws Road Glasgow G41 2AB  ,Om Par Limited,Lewis MacAulay,2009/08/24 00:00:00+00,,On Sales ,Premises ,413,11.2,257970,662714,906700389967,,657 Pollokshaws Road Glasgow G41 2AB ,,Shawlands / Strathbungo,6,08,Southside Central,S02001868
258279,665869,1184,On,GC1172,Shanghai Shuffle 256 Bath Street Glasgow G2 4JW  ,SS Glasgow Ltd,Kwan Tsang,2009/08/24 00:00:00+00,,Monday to,Premises ,130,,258279,665869,906700007777,,256 Bath Street Glasgow G2 4JW ,,City Centre / Merchant City,29,10,Anderston/City/Yorkhill,S02001933
258987,661562,1185,On & Off,GC1332,The National Stadium Hampden Park Letherby Drive Glasgow G42 9AY ,Sodexo Limited,Steven Alexander Johnston,2009/08/24 00:00:00+00,,On Sales ,Premises ,6864,2.9,258987,661562,906700291206,,Hampden Park Letherby Drive Glasgow G42 9BA ,,King's Park / Mount Florida,8,07,Langside,S02001887
259122,665522,1186,On & Off,GC1657,Dows Bar 9 Dundas Street Glasgow G1 2AH  ,Greene King Brewing & Retailing Limi,Paul McLaughlin,2009/08/24 00:00:00+00,,On Sales ,Premises ,190,8,259122,665522,906700039393,,9 Dundas Street Glasgow G1 2AH ,,City Centre / Merchant City,29,10,Anderston/City/Yorkhill,S02001932
255215,666612,1187,On & Off,GC1729,Gaga 566 Dumbarton Road Glasgow G11 6RH  ,Kenneth Hamilton,Marc Ferrier,2009/08/28 00:00:00+00,,On Sales ,Premises ,195,0,255215,666612,906700028078,,566 Dumbarton Road Glasgow G11 6RH ,,Broomhill / Partick West,33,12,Victoria Park,S02001954
264194.2,664356.65,1188,On,GC1749,401 Old Shettleston Road Glasgow G32 7JN   ,International Sports Academy Limited,Paul Money,2009/08/28 00:00:00+00,,Monday to,Premises ,315,,264194.2,664356.65,906700204392,,Club Football Ground 401 Old Shettleston Road Glasgow G32 7HN ,,Tollcross / West Shettleston,56,19,Shettleston,S02001912
265685,663892,1189,On & Off,GC0124,Gables 6/8 Baillieston Road Glasgow G32 0QQ  ,Fiona Brown,Danielle Bourke,2009/08/31 00:00:00+00,,On Sales ,Premises ,195,15.7,265685,663892,906700220221,,8 Baillieston Road Sandyhills Glasgow G32 0QQ ,,Mount Vernon / East Shettleston,55,19,Shettleston,S02001899
262496.13,664230.109999999,1190,On & Off,GC0260,Five Ways 1409-1411 Gallowgate Glasgow G31 4EU  ,Hawthorn Leisure Scotco Limited,John Gerard O'Malley,2009/08/31 00:00:00+00,,On Sales ,Premises ,242,1.9,262496.13,664230.11,906700165231,,1409 Gallowgate Glasgow G31 4EU ,,Parkhead / Dalmarnock,27,09,Calton,S02001894
256226,664437,1191,On & Off,GC0262,Park Bar 442 Paisley Road West Glasgow G51 1BE  ,Star Pubs Trading Limited ,Nicole Durkin,2009/08/31 00:00:00+00,,On Sales ,Premises ,145,0.6,256226,664437,906700195825,,Park Bar 442 Paisley Road West Glasgow G51 1BE ,,Ibrox / Kingston,2,05,Govan,S02001860
262809,663997,1192,On & Off,GC0265,The Tavern Bar 194-198 Tollcross Road Glasgow G31 4UZ  ,M&R Property Group Ltd,Mark Ralston,2009/08/31 00:00:00+00,,On Sales ,Premises ,120,9.5,262809,663997,906700220816,,198 Tollcross Road Glasgow G31 4UZ ,,Parkhead / Dalmarnock,27,09,Calton,S02001895
260120,664710,1193,On & Off,GC0304,The Cabin Bar 258 Gallowgate Glasgow G4 0TU  ,Donna Johnstone,Evan John Fitzsimmons,2009/08/31 00:00:00+00,,On Sales ,Premises ,30,2.3,260120,664710,906700167130,,258 Gallowgate Glasgow G4 0TU ,,Calton / Bridgeton,28,09,Calton,S02001891
258992,665543,1194,On & Off,GC0473,Cul Cuil 84-86 West Nile Street Glasgow G1 2QH  ,Troon 73 Limited,Deborah Walker,2009/08/31 00:00:00+00,,On Sales ,Premises ,120,0.7,258992,665543,906700117006,,86 West Nile Street Glasgow G1 2QH ,,City Centre / Merchant City,29,10,Anderston/City/Yorkhill,S02001932
259655,665058,1195,On,GC0726,Arta 13/19 Walls Street Glasgow G1 1PA  ,Scotsman Group plc,Bulent Dilaver,2009/08/31 00:00:00+00,,Monday to,Premises ,1677,,259655,665058,906700368623,,13 Walls Street Glasgow G1 1PA ,,City Centre / Merchant City,29,10,Anderston/City/Yorkhill,S02001932
255949,667686,1196,On,GC0814,Western Lawn Tennis and Squash Club 30 Hyndland Road Glasgow G12 9UR  ,Western Lawn Tennis and Squash Club,,2009/08/31 00:00:00+00,,Monday to,Premises ,60,,255949,667686,906700059857,,Flat Ground 43 Hyndland Road Glasgow G12 9UX ,,Hyndland / Dowanhill / Partick East,32,23,Partick East/Kelvindale,S02001957
257796,661716,1197,On & Off,GC0824,Church on the Hill 16 Algie Street Glasgow G41 3DJ  ,Signature Pubs Limited,Christopher Simon Ellis,2009/08/31 00:00:00+00,,On Sales ,Premises ,510,11.2,257796,661716,906700235374,,16 Algie Street Glasgow G41 3DJ ,,Langside / Battlefield,7,07,Langside,S02001867
258085,667683,1198,On,GC0834,The Aitken Suite Partick Thistle Football Club Firhill Stadium 90 Firhill Road Glasgow Glasgow City,Partick Thistle Football Club Limite,Carolyn Ann Etherson,2009/08/31 00:00:00+00,,Monday to,Premises ,200,,258085,667683,906700345316,,Firhill Stadium 90 Firhill Road Glasgow G20 7AL ,,Maryhill Road Corridor,39,16,Canal,S02001940
258751,665542,1199,On,GC0906,Cosmopol 165 Hope Street Glasgow G2 2UQ  ,Burntide Limited,David Graham,2009/08/31 00:00:00+00,,Monday to,Premises ,274,,258751,665542,906700053694,,165 Hope Street Glasgow G2 2UQ ,,City Centre / Merchant City,29,10,Anderston/City/Yorkhill,S02001934
258660,665393,1200,On & Off,GC1056,The Grill on the Corner 23 Bothwell Street Glasgow G2 6NL  ,Kappadean Ltd,Jennifer Barlow,2009/08/31 00:00:00+00,,On Sales ,Premises ,310,0,258660,665393,906700314495,,21 Bothwell Street Glasgow G2 6NL ,,City Centre / Merchant City,29,10,Anderston/City/Yorkhill,S02001934
258791,665766,1201,On & Off,GC1292,Malones 57/59 Sauchiehall Lane Glasgow G2 4JD  ,Keasim Limited,Simon Paul Keane,2009/08/31 00:00:00+00,,On Sales ,Premises ,118,24.5,258791,665766,906700106219,,57 Sauchiehall Lane Glasgow G2 4AB ,,City Centre / Merchant City,29,10,Anderston/City/Yorkhill,S02001934
258150,665995,1202,On & Off,GC1312,Saravanaa Bhavan 468 Sauchiehall Street Glasgow G2 3LW  ,Scotsman Group plc,Rajesh Kuppusamy,2009/08/31 00:00:00+00,,On Sales ,Premises ,625,16.7,258150,665995,906700356353,,468 Sauchiehall Street Glasgow G2 3LW ,,City Centre / Merchant City,29,10,Anderston/City/Yorkhill,S02001933
259054,665187,1203,On,GC1377,Jo Jo Kitchen Unit 52 Level 2 Princes Square 48 Buchanan Street Glasgow G1 3JN,LSS Licence Holding Limited,Danielle Fleming,2009/08/31 00:00:00+00,,Monday to,Premises ,120,,259054,665187,906700018404,,Unit 51 Level 2 Princes Square 48 Buchanan Street City Centre Glasgow G1 3JN ,,City Centre / Merchant City,29,10,Anderston/City/Yorkhill,S02001934
268237,664664,1204,Off,GC1498,Premier Express 232 Swinton Road Glasgow G69 6DP  ,Shahzad Nazir,Mohammed Nazir,2009/08/31 00:00:00+00,,Monday to,Premises ,,22.1,268237,664664,906700127789,,232 Swinton Road Glasgow G69 6DP ,,Baillieston / Garrowhill,42,20,Baillieston,S02001903
258791,665766,1205,On & Off,GC1582,Malones' Club 57-59 Sauchiehall Lane Glasgow G2 4JD  ,Keasim Limited,Jordan Grierson,2009/08/31 00:00:00+00,,On Sales ,Premises ,231,10.2,258791,665766,906700106219,,57 Sauchiehall Lane Glasgow G2 4AB ,,City Centre / Merchant City,29,10,Anderston/City/Yorkhill,S02001934
255179,664695,1206,On,GC1594,The Wee Rangers Club 250 Edmiston Drive Glasgow G51 2YU  ,Deadwood Entertainments Limited,Audrey McCutcheon,2009/08/31 00:00:00+00,,Monday to,Premises ,615,,255179,664695,906700160385,,250 Edmiston Drive Glasgow G51 2YU ,,Ibrox / Kingston,2,05,Govan,S02001859
259337,664966,1207,Off,GC1654,Tesco Express 175 Trongate Glasgow G1 4RZ  ,Tesco Stores Limited,Stacey Millar,2009/08/31 00:00:00+00,,Monday to,Premises ,,35.2,259337,664966,906700115804,,175 Trongate Glasgow G1 5HF ,,City Centre / Merchant City,29,10,Anderston/City/Yorkhill,S02001932
259054,665187,1208,On,GC1744,Cranachan Unit 51 Level 2 Princes Square 48 Buchanan Street City Centre Glasgow,Cranachan Limited,Ryan Scott McGougan,2009/08/31 00:00:00+00,,Monday to,Premises ,50,,259054,665187,906700018404,,Unit 51 Level 2 Princes Square 48 Buchanan Street City Centre Glasgow G1 3JN ,,City Centre / Merchant City,29,10,Anderston/City/Yorkhill,S02001934
257231,665836,1209,On & Off,GC1761,Taphouse Bar and Kitchen 1046 Argyle Street Glasgow G3 8LY  ,Neighbourhood Glasgow Limited,Giovanna Elisabeth McDonal,2009/08/31 00:00:00+00,,On Sales ,Premises ,92,3.4,257231,665836,906700006172,,1046 Argyle Street Glasgow G3 8LY ,,Yorkhill / Anderston,31,10,Anderston/City/Yorkhill,S02001936
257540,665679,1210,Off,GC0967,One O One Convenience Store 544 St Vincent Street Glasgow G3 8XZ  ,One-O-One Convenience Stores Limited,Tracy McDowell,2009/09/07 00:00:00+00,,Monday to,Premises ,,23.71,257540,665679,906700095396,,544 St Vincent Street Glasgow G3 8XZ ,,Yorkhill / Anderston,31,10,Anderston/City/Yorkhill,S02001935
258318,660435,1211,Off,GC1746,Londis 67 Clarkston Road Glasgow G44 3BQ  ,New Muirgate Properties Limited,Banujan Ruban,2009/09/07 00:00:00+00,,Monday to,Premises ,,21,258318,660435,906700246291,,67 Clarkston Road Glasgow G44 3BQ ,,Cathcart / Simshill,9,01,Linn,S02001878
258841.02,665030.029999999,1212,Off,GC0939,Lidl Great Britain Limited 37 Jamaica Street Glasgow G2 8BU  ,Lidl Great Britain Limited,Amanda Hall,2009/09/16 00:00:00+00,,Monday to,Premises ,,62.26,258841.02,665030.03,906700415480,,31 Jamaica Street Glasgow G1 4NN ,,City Centre / Merchant City,29,10,Anderston/City/Yorkhill,S02001934
258898,665670,1213,On & Off,GC1635,81-85 Renfield Street Glasgow G2 1LP   ,Signature Pubs Limited,Stuart Edward Harrison,2009/09/17 00:00:00+00,,On Sales ,Premises ,484,36.2,258898,665670,906700087967,,81 Renfield Street Glasgow G2 1LP ,,City Centre / Merchant City,29,10,Anderston/City/Yorkhill,S02001934
252455,663926,1214,On & Off,GC0659,Argosy 2202 Paisley Road West Glasgow G52 3SJ  ,Greene King Brewing & Retailing Limi,Tracy Biggins,2009/09/21 00:00:00+00,,On Sales ,Premises ,578,26.9,252455,663926,906700200304,,2204 Paisley Road West Glasgow G52 3SJ ,,North Cardonald / Penilee,49,04,Cardonald,S02001852
258928,665284,1215,On,GC1207,84 Mitchell Street Glasgow G1 3NA   ,NEOS 99 Limited,Ethian Lloyd Woodford,2009/09/21 00:00:00+00,,Monday to,Premises ,902,,258928,665284,906700088004,,84 Mitchell Street Glasgow G1 3NA ,,City Centre / Merchant City,29,10,Anderston/City/Yorkhill,S02001934
265457,664888,1216,On,GC1227,Springboig Bowling Club 52 Springboig Avenue Glasgow G32 0JJ  ,Springboig Bowling Club,,2009/09/21 00:00:00+00,,Monday to,Premises ,170,,265457,664888,906700356016,,52 Springboig Avenue Glasgow G32 0JJ ,,Springboig / Barlanark,41,18,East Centre,S02001908
257513.41,662100.039999999,1217,On,GC1330,Camphill Bowling Club Bowling Club 5 Langside Avenue Glasgow G41 2QR ,Camphill Bowling Club,,2009/09/21 00:00:00+00,,Monday to,Premises ,70,,257513.41,662100.04,906700280692,,Bowling Club 5 Langside Avenue Glasgow G41 2QR ,,Shawlands / Strathbungo,6,08,Southside Central,S02001868
258890,665204,1218,On,GC1583,Diamond Dolls 39 Mitchell Street Glasgow G1 3LN  ,Kaago Holding Limited,James Loudon,2009/09/21 00:00:00+00,,Monday to,Premises ,542,,258890,665204,906700087223,,39 Mitchell Street Glasgow G1 3LN ,,City Centre / Merchant City,29,10,Anderston/City/Yorkhill,S02001934
256516,666968,1219,On & Off,GC0656,La Vita 199/201 Byres Road Glasgow G12 8TN  ,La Vita West End Limited,Luca Staiano,2009/09/22 00:00:00+00,,On Sales ,Premises ,138,0,256516,666968,906700381216,,201 Byres Road Glasgow G12 8TN ,,Hyndland / Dowanhill / Partick East,32,23,Partick East/Kelvindale,S02001957
253907,663877,1220,Off,GC0940,G101 Off Sales 1587 Paisley Road West Glasgow G52 3QY  ,One-O-One Convenience Stores Limited,Anne Wilson,2009/09/22 00:00:00+00,,Monday to,Premises ,,15.6,253907,663877,906700298700,,1587 Paisley Road West Glasgow G52 3QY ,,Crookston /South Cardonald,51,04,Cardonald,S02001857
259796,665163,1221,On & Off,GC0968,Sapporo Teppanyaki 6 Ingram Street Glasgow G1 1EZ  ,Sapporo Teppan Limited,Andreas Fili,2009/09/22 00:00:00+00,,On Sales ,Premises ,192,20,259796,665163,906700406675,,6 Ingram Street Glasgow G1 1EZ ,,City Centre / Merchant City,29,10,Anderston/City/Yorkhill,S02001931
256308,666474,1222,Off,GC1385,Majestic Wine Warehouse 89 Dumbarton Road Glasgow G11 6PW  ,Majestic Wine Warehouses Limited,William Stanley George Jef,2009/09/30 00:00:00+00,,Monday to,Premises ,,313,256308,666474,906700417998,,Storey 1 89 Dumbarton Road Glasgow G11 6PW ,,Hyndland / Dowanhill / Partick East,32,23,Partick East/Kelvindale,S02001953
261640,665526,1223,On & Off,GC0391,Celino's Deli 620-624 Alexandra Parade Glasgow G31 3BT  ,Claudio Celino,Joanne Celino,2009/10/07 00:00:00+00,,On Sales ,Premises ,24,6.8,261640,665526,906700127944,,622 Alexandra Parade Glasgow G31 3BT ,,Dennistoun,12,22,Dennistoun,S02001928
256902,665307,1224,On & Off,GC0916,SEC Armadillo Glasgow G3 8YW   ,Scottish Event Campus Limited,James William Cameron,2009/10/09 00:00:00+00,,On Sales ,Premises ,3740,0,256902,665307,906700310546,,SEC Armadillo Congress Road Glasgow G3 8YW ,,Yorkhill / Anderston,31,10,Anderston/City/Yorkhill,S02001936
257125,665900,1225,On & Off,GC1564,1114 Argyle Street Glasgow G3 8TD   ,Crabshakk Limited,Clare Nancy Simpson,2009/10/09 00:00:00+00,,On Sales ,Premises ,70,0.54,257125,665900,906700005841,,1114 Argyle Street Glasgow G3 8TD ,,Yorkhill / Anderston,31,10,Anderston/City/Yorkhill,S02001936
259050,665267,1226,On,GC1725,29 Royal Exchange Square Glasgow G1 3AJ   ,Glenerrol Limited,Gavin Boyle ,2009/10/09 00:00:00+00,,Monday to,Premises ,1377,,259050,665267,906700102585,,29 Royal Exchange Square Glasgow G1 3AJ ,,City Centre / Merchant City,29,10,Anderston/City/Yorkhill,S02001934
259395,665281,1227,On,GC1742,Katie's 17 John Street Glasgow G1 1HP  ,Caledonian Heritable Limited,Philip Charles Smith,2009/10/09 00:00:00+00,,Monday to,Premises ,460,,259395,665281,906700437049,,Storey Basement 17 John Street Glasgow G1 1HP ,,City Centre / Merchant City,29,10,Anderston/City/Yorkhill,S02001932
263899,665307,1228,Off,GC1776,Carntyne Mini Market 806 Carntyne Road Glasgow G32 6NQ  ,Mohammad Mohsin,Mohammad Mohsin,2009/10/09 00:00:00+00,,Monday to,Premises ,,14.3,263899,665307,906700327994,,806 Carntyne Road Glasgow G32 6NQ ,,Haghill / Carntyne,13,18,East Centre,S02001914
254205,669222,1229,Off,GC0455,Aldi 4 Knightscliffe Avenue Glasgow G13 2TG  ,Aldi Stores Limited ,Arnas Lukosevicius,2009/10/21 00:00:00+00,,Monday to,Premises ,,30.26051,254205,669222,906700428506,,4 Knightscliffe Avenue Glasgow G13 2TG ,,Temple / Anniesland,18,14,Drumchapel/Anniesland,S02001971
264138,665490,1230,Off,GC0978,Scotmid 981 Edinburgh Road Glasgow G33 3QE  ,Scottish Midland Co-operative Societ,Margaret  Ann Buchan Shevl,2009/10/21 00:00:00+00,,Monday to,Premises ,,23.9,264138,665490,906700427142,,981 Edinburgh Road Glasgow G33 3QE ,,Riddrie / Cranhill,11,18,East Centre,S02001914
261138,667706,1231,On,GC1161,Chef's World Buffet 361 Edgefauld Road Glasgow G21 4JY  ,Milltrout Limited,Kulbinder Singh,2009/10/21 00:00:00+00,,Monday to,Premises ,350,,261138,667706,906700373419,,10 Littlehill Street Glasgow G21 4JY ,,Springburn,24,17,Springburn/Robroyston,S02001922
259600,665117,1232,On & Off,GC1250,Monterey Jack's Units 1/3 Merchant Square Glasgow G1 1NY  ,Licensed Support Services Ltd,Patricia Robertson,2009/10/21 00:00:00+00,,On Sales ,Premises ,194,16.3,259600,665117,906700363152,,Unit 4 71 Albion Street City Centre Glasgow G1 1NY ,,City Centre / Merchant City,29,10,Anderston/City/Yorkhill,S02001932
256021,666692,1233,On,GC1276,Pescado 39 Hyndland Street Glasgow G11 5QF  ,Peter & Gillian Pang,Josh Fletcher,2009/10/21 00:00:00+00,,Monday to,Premises ,60,,256021,666692,906700057418,,39 Hyndland Street Glasgow G11 5QF ,,Hyndland / Dowanhill / Partick East,32,23,Partick East/Kelvindale,S02001953
258743,665327,1234,On,GC1111,voco Grand Central 99 Gordon Street Glasgow G1 3SQ  ,Grand Central Glasgow Hotel Opco Lim,Alaina Broadley,2009/10/30 00:00:00+00,,Monday to,Premises ,1951,49.4,258743,665327,906700350716,,Grand Central Hotel 99 Gordon Street Glasgow G1 3SL ,,City Centre / Merchant City,29,10,Anderston/City/Yorkhill,S02001934
259365.18,665193.539999999,1235,On,GC1737,Bacchus 80 Glassford Street Glasgow G1 1UR  ,Tinks Taverns Ltd,Sarah Liddell,2009/10/30 00:00:00+00,,Monday to,Premises ,200,,259365.18,665193.54,906700043343,,80 Glassford Street Glasgow G1 1UR ,,City Centre / Merchant City,29,10,Anderston/City/Yorkhill,S02001932
257659,666073,1236,On & Off,GC1769,The Scaramouche 140 Elderslie Street Glasgow G3 7AW  ,Lamal Ltd,Gordon Reilly,2009/10/30 00:00:00+00,,On Sales ,Premises ,175,4.2,257659,666073,906700052409,,140 Elderslie Street Glasgow G3 7JR ,,Hillhead / Woodlands,30,10,Anderston/City/Yorkhill,S02001937
257942.82,666198.699999999,1237,Off,GC1783,20 Woodlands Road Glasgow G3 6UR   ,Jaspal Singh Matharu,Annie May-Lin Wan,2009/10/30 00:00:00+00,,Monday to,Premises ,126,12.6,257942.82,666198.7,906700402545,,20 Woodlands Road Glasgow G3 6UR ,,Hillhead / Woodlands,30,11,Hillhead,S02001937
263406,664315,1238,Off,GC1784,Burndyke Licensed Grocers 576 Shettleston Road Glasgow G31 5JX  ,Shamshad Zeeshan,Shamshad Zeeshan,2009/10/30 00:00:00+00,,Monday to,Premises ,,15,263406,664315,906700207833,,576 Shettleston Road Glasgow G31 5JX ,,Tollcross / West Shettleston,56,19,Shettleston,S02001895
261760,664976,1239,On & Off,GC1785,The Bristol Bar 600 Duke Street Glasgow G31 1JX  ,Greg Wylie,Helen Wylie,2009/10/30 00:00:00+00,,On Sales ,Premises ,197,5,261760,664976,906700379243,,600 Duke Street Glasgow G31 1JX ,,Parkhead / Dalmarnock,27,09,Calton,S02001929
255812,667188,1240,On & Off,GC1738,Shucks 168 Hyndland Road Glasgow G12 9HZ  ,Westend Entertainment Limited,Martin Johnston,2009/11/06 00:00:00+00,,On Sales ,Premises ,156,0,255812,667188,906700063466,,168 Hyndland Road Glasgow G12 9HZ ,,Hyndland / Dowanhill / Partick East,32,23,Partick East/Kelvindale,S02001956
259426,665292,1241,On,GC0914,Committee Room No 9 18 John Street Glasgow G1 1JQ  ,Scotsman Group plc,Matthew Thomas Collins,2009/11/20 00:00:00+00,,Monday to,Premises ,417,,259426,665292,906700054047,,18 John Street Glasgow G1 1JQ ,,City Centre / Merchant City,29,10,Anderston/City/Yorkhill,S02001932
256623,667013,1242,On & Off,GC1165,Ubiquitous Chip 26 Ashton Lane Glasgow G12 8SJ  ,Greene King Brewing & Retailing Limi,William Robert Allen,2009/11/23 00:00:00+00,,On Sales ,Premises ,398,39.4,256623,667013,906700346141,,12 Ashton Lane Glasgow G12 8SJ ,,Hillhead / Woodlands,30,11,Hillhead,S02001952
260276,667617,1243,On & Off,GC1768,Millarbank Social Club 63 Millarbank Street Glasgow G21 1BT  ,Millarbank Social Club,,2009/11/23 00:00:00+00,,On Sales ,Premises ,300,5.1,260276,667617,906700198202,,63 Millarbank Street Glasgow G21 1BT ,,Springburn,24,17,Springburn/Robroyston,S02001924
257656,662964,1244,On & Off,GC1773,The Loveable Rogue 122-124 Nithsdale Road Glasgow G41 5RB  ,TLR South Ltd,Amalia Lazzerini,2009/11/23 00:00:00+00,,On and Of,Premises ,48,3.4,257656,662964,906700192403,,124 Nithsdale Road Glasgow G41 5RB ,,Pollokshields East,54,06,Pollokshields,S02001864
257984,668424,1245,Off,GC1778,339 Bilsland Drive Glasgow G20 9LT   ,Sagheer Ahmad,Sagheer Ahmad,2009/11/23 00:00:00+00,,Monday to,Premises ,,24,257984,668424,906700014216,,339 Bilsland Drive Glasgow G20 9LT ,,Ruchill / Possilpark,38,16,Canal,S02001942
259479,664918,1246,On,GC1757,Cafe Cossachok 10 King Street Glasgow G1 5QP  ,Eurodon Cuisine Limited,Anna Julia Cherner-Atlas,2009/11/27 00:00:00+00,,Monday to,Premises ,60,,259479,664918,906700076604,,10 King Street Glasgow G1 5QP ,,City Centre / Merchant City,29,10,Anderston/City/Yorkhill,S02001932
259384,665226,1247,On & Off,GC1786,Mediterraneo 159 Ingram Street Glasgow G1 1DW  ,Pinamar Limited,Richard Graham,2009/11/27 00:00:00+00,,On Sales ,Premises ,195,0,259384,665226,906700420035,,159 Ingram Street Glasgow G1 1DW ,,City Centre / Merchant City,29,10,Anderston/City/Yorkhill,S02001932
257998,667087,1248,Off,GC1787,Premier 291 Maryhill Road Glasgow G20 7YA  ,Khalid Javed,Nasima Javid,2009/12/04 00:00:00+00,,Monday to,Premises ,,18.4,257998,667087,906700068745,,291 Maryhill Road Glasgow G20 7YA ,,Hillhead / Woodlands,30,11,Hillhead,S02001938
259686,665198,1249,On,GC1644,The Merchant Steakhouse 58 Ingram Street Glasgow G1 1EX  ,AJRB Property Limited,James Myles,2009/12/09 00:00:00+00,,Monday to,Premises ,149,4.8,259686,665198,906700066053,,58 Ingram Street Glasgow G1 1EX ,,City Centre / Merchant City,29,10,Anderston/City/Yorkhill,S02001932
267627,663890,1250,Off,GC1780,Tesco Express 15 Glasgow Road Baillieston Glasgow G69 6JT ,Tesco Stores Limited,Brian Hawkes,2009/12/10 00:00:00+00,,Monday to,Premises ,,27.5,267627,663890,906700433718,,15 Glasgow Road Glasgow G69 6JT ,,Baillieston / Garrowhill,42,20,Baillieston,S02001902
260297,664314,1251,On,GC0511,Calton Bar 415 London Road Glasgow G40 1AG  ,Future Star Planet Ltd,Scott James O'Rourke,2009/12/14 00:00:00+00,,Monday to,Premises ,136,,260297,664314,906700359915,,415 London Road Glasgow G40 1AG ,,Calton / Bridgeton,28,09,Calton,S02001892
252698,660848,1252,Off,GC1789,Morrisons Daily 195-201 Househillwood Road Glasgow G51 6BX  ,Alliance Property Holdings Ltd,Stuart MacLellan,2009/12/21 00:00:00+00,,Monday to,Premises ,,33.23,252698,660848,906700267028,,195 Househillwood Road Glasgow G53 6BX ,,Priesthill / Househillwood,45,03,Greater Pollok,S02001846
262142,665443,1253,Off,GC0625,Nisa Extra 386 Cumbernauld Road Glasgow G31 3NN  ,Irfan Ameen,Irfan Ameen,2009/12/24 00:00:00+00,,Monday to,Premises ,,34.8,262142,665443,906700425249,,386 Cumbernauld Road Glasgow G31 3NN ,,Haghill / Carntyne,13,22,Dennistoun,S02001929
259255,664663,1254,On & Off,GC1750,Clutha Vaults/Victoria Bar 167/169 Stockwell Street and 157/159 Bridgegate Glasgow G1 4SP ,Firthport Limited,Saverio Giovanni Petri,2009/12/24 00:00:00+00,,On Sales ,Premises ,375,10.1,259255,664663,906700015639,,159 Bridgegate Glasgow G1 5HZ ,,City Centre / Merchant City,29,10,Anderston/City/Yorkhill,S02001932
257239,667087,1255,On,GC1756,Sushi Noodle Bar 535 Great Western Road Glasgow G12 8HN  ,Anna Wu,Ka Fai Woo,2009/12/24 00:00:00+00,,Monday to,Premises ,55,,257239,667087,906700419631,,537 Great Western Road Glasgow G12 8HN ,,Hillhead / Woodlands,30,11,Hillhead,S02001952
257821,662789,1256,On & Off,GC1805,71 Nithsdale Street & 72 Nithsdale Road Glasgow G41 2AN   ,Kittochside Investments Limited,Jahad Hatu,2010/02/01 00:00:00+00,,On Sales ,Premises ,84,6.3,257821,662789,906700292597,,72 Nithsdale Road Glasgow G41 2AN ,,Shawlands / Strathbungo,6,06,Pollokshields,S02001868
252805,670468,1257,Off,GC1772,537 Blairdardie Road Glasgow G15 6JQ   ,Daveed Malik,John Jones Lowe,2010/02/03 00:00:00+00,,Monday to,Premises ,,9.8,252805,670468,906700013771,,Shop 537 Blairdardie Road Glasgow G15 6JQ ,,Blairdardie,14,14,Drumchapel/Anniesland,S02001973
256671,667143,1258,Off,GC1791,Tesco Store 304 Byres Road Glasgow G12 8AW  ,Tesco Stores Limited,Derek Hanson,2010/02/12 00:00:00+00,,Monday to,Premises ,,52.5,256671,667143,906700017688,,304 Byres Road Glasgow G12 8AW ,,Hillhead / Woodlands,30,11,Hillhead,S02001957
258780,665627,1259,On & Off,GC1774,Sinky's Bar Club 183 Hope Street Glasgow G2 2UL  ,Gary Property Investments Ltd,Pauline Ward,2010/02/22 00:00:00+00,,On Sales ,Premises ,160,17.9,258780,665627,906700053815,,183 Hope Street Glasgow G2 2UL ,,City Centre / Merchant City,29,10,Anderston/City/Yorkhill,S02001934
264607,664141,1260,On,GC1807,China House Restaurant 1280 Shettleston Road Glasgow G32 7YR  ,Albert Chun Wai Yuen,Sam Soong,2010/02/22 00:00:00+00,,Monday to,Premises ,50,,264607,664141,906700411994,,1280 Shettleston Road Glasgow G32 7YR ,,Tollcross / West Shettleston,56,19,Shettleston,S02001910
253951,663856,1261,On & Off,GC1810,Bella Vita 597 Mosspark Boulevard Glasgow G52 1SB  ,Domenico Rossi,Domenico Rossi,2010/02/22 00:00:00+00,,On Sales ,Premises ,85,7.2,253951,663856,906700372682,,597 Mosspark Boulevard Glasgow G52 1SB ,,Crookston /South Cardonald,51,04,Cardonald,S02001850
264702.42,666119.26,1262,On,GC1694,Soccer World 20 Croftcroighn Road Glasgow G33 3SL  ,Northwind Leisure (Soccer) Limited,Ian Jeremy McDermott,2010/02/24 00:00:00+00,,Monday to,Premises ,123,,264702.42,666119.26,906700431555,,20 Croftcroighn Road Glasgow G33 3SL ,,Ruchazie / Garthamlock,17,21,North East,S02001915
257194,665860,1263,On,GC1803,Fanny Trollopes Bistro 1066 Argyle Street Glasgow G3 8LY  ,Gary Patrick Paul Bayless,Leo Graham Robb,2010/03/08 00:00:00+00,,Monday to,Premises ,40,,257194,665860,906700006194,,1072 Argyle Street Glasgow G3 8LY ,,Yorkhill / Anderston,31,10,Anderston/City/Yorkhill,S02001936
259608,664990,1264,On,GC1814,Madha 42 Albion Street City Centre Glasgow G1 1LH ,J & J (Scotland) Limited,Joseph Kidangayil Joseph,2010/03/22 00:00:00+00,,Monday to,Premises ,65,,259608,664990,906700001213,,42 Albion Street City Centre Glasgow G1 1LH ,,City Centre / Merchant City,29,10,Anderston/City/Yorkhill,S02001932
254619,667994,1265,On,GC1815,Little SoHo Jordanhill 512/518 Crow Road Glasgow G13 1NU  ,Holme Properties Limited,Nicola Thomson,2010/03/22 00:00:00+00,,Monday to,Premises ,120,,254619,667994,906700038879,,512 Crow Road Glasgow G13 1NU ,,Anniesland / Jordanhill / Whiteinch,34,12,Victoria Park,S02001958
259166,665419,1266,On,GC1695,Elia Storey Ground 24 George Square Glasgow G2 1EG ,Pandaree Limited,George Ieronimidis,2010/03/26 00:00:00+00,,Monday to,Premises ,100,,259166,665419,906700050172,,Storey 2-5 24 George Square Glasgow G2 1EG ,,City Centre / Merchant City,29,10,Anderston/City/Yorkhill,S02001932
257719,666794,1267,On & Off,GC0746,BRETT 315 / 321 Great Western Road Glasgow G4 9HR  ,GWR Kitchens Ltd,Gavin Suttie,2010/04/09 00:00:00+00,,On Sales ,Premises ,30,11.4,257719,666794,906700040218,,321 Great Western Road Glasgow G4 9HR ,,Hillhead / Woodlands,30,11,Hillhead,S02001937
257937,665829,1268,Off,GC1822,Tesco Stores 165 North Street Glasgow G3 7DA  ,Tesco Stores Limited,Aaron James Stewart,2010/05/27 00:00:00+00,,Monday to,Premises ,,32.142,257937,665829,906700434939,,165 North Street Glasgow G3 7DA ,,Yorkhill / Anderston,31,10,Anderston/City/Yorkhill,S02001935
258830,665840,1269,On & Off,GC1353,Masala Twist 261 Hope Street Glasgow G2 3PS  ,DK Amit Ltd,Davender Sharma,2010/06/17 00:00:00+00,,On Sales ,Premises ,200,6.72,258830,665840,906700371207,,Storey Ground 261 Hope Street Glasgow G2 3PS ,,City Centre / Merchant City,29,10,Anderston/City/Yorkhill,S02001933
257974,666232,1270,On,GC1777,Mimi's Kitchen 97 St Georges Road Glasgow G3 6JA  ,AJD Studios(Licensed Trade Nominees),Mark Desmond Allan,2010/06/18 00:00:00+00,,Monday to,Premises ,47,,257974,666232,906700103050,,97 St Georges Road Glasgow G3 6JA ,,Hillhead / Woodlands,30,11,Hillhead,S02001937
260022,664645,1271,On,GC1832,Traders Tavern 35 Kent Street and 1 Stevenson Street West Glasgow G40 2SR  ,C Hutton Limited,Carolyn Kilcoyne,2010/06/21 00:00:00+00,,Monday to,Premises ,120,,260022,664645,906700326891,,35 Kent Street Glasgow G40 2SR ,,Calton / Bridgeton,28,09,Calton,S02001891
263180,664120,1272,On,GC1797,Whiterose Community Hall Community Centre 112 Caroline Street Glasgow G31 5LP ,Whiterose Community Hall Management ,Lisa Adair,2010/06/29 00:00:00+00,,Monday to,Premises ,170,,263180,664120,906700150162,,Community Centre 112 Caroline Street Glasgow G31 5LP ,,Tollcross / West Shettleston,56,19,Shettleston,S02001895
259298,665232,1273,On,GC0823,The Corinthian Club 191 Ingram Street Glasgow G1 1DA  ,Scotsman Group plc,Josef Leon Tatarowicz,2010/07/23 00:00:00+00,,Monday to,Premises ,1818,,259298,665232,906700054007,,Lanarkshire House 191 Ingram Street Glasgow G1 1DA ,,City Centre / Merchant City,29,10,Anderston/City/Yorkhill,S02001932
258893,665902,1274,On & Off,GC1826,Citizen M Hotel 60 Renfrew Street Glasgow G2 3BW  ,OSIB Glasgow Operations B.V,Lucy Latta,2010/08/10 00:00:00+00,,On Sales ,Premises ,320,6,258893,665902,906700435477,,60 Renfrew Street Glasgow G2 3BW ,,City Centre / Merchant City,29,10,Anderston/City/Yorkhill,S02001934
257067,665977,1275,On,GC0596,Devoncove Hotel 931 Sauchiehall Street Glasgow G3 7TQ  ,Drimvargie Limited,Lorraine Stevenson,2010/08/16 00:00:00+00,,Monday to,Premises ,240,,257067,665977,906700341891,,Devoncove Hotel 931 Sauchiehall Street Glasgow G3 7TQ ,,Yorkhill / Anderston,31,10,Anderston/City/Yorkhill,S02001936
258859,666643,1276,On & Off,GC1852,Ocho 8 Speirs Wharf Glasgow G4 9TB  ,Jennifer Curran,Grant Anderson,2010/08/16 00:00:00+00,,On Sales ,Premises ,20,2.4,258859,666643,906700108053,,10 Speirs Wharf Glasgow G4 9TB ,,Ruchill / Possilpark,38,16,Canal,S02001924
251060,669052,1277,On,GC1851,Yoker Bowling Club 21 Hawick Street Glasgow G13 4EL  ,Yoker Bowling Club,,2010/08/30 00:00:00+00,,Monday to,Premises ,100,,251060,669052,906700059630,,21 Hawick Street Glasgow G13 4EL ,,Yoker / Scotstoun,15,13,Garscadden/Scotstounhill,S02001964
259045,665714,1278,Off,GC1853,High Spirit Drinks 144 West Nile Street Glasgow G1 2RQ  ,Lujo Properties Limited,Saqib Imtiaz,2010/08/30 00:00:00+00,,Monday to,Premises ,,18.6,259045,665714,906700117919,,144 West Nile Street Glasgow G1 2RQ ,,City Centre / Merchant City,29,10,Anderston/City/Yorkhill,S02001934
260151,664740,1279,On & Off,GC1837,Van Winkle 267/269 Gallowgate Glasgow G4 0TR  ,Van Winkle Limited,Melissa Campbell,2010/09/07 00:00:00+00,,On Sales ,Premises ,174,6.3,260151,664740,906700167133,,267 Gallowgate Glasgow G4 0TR ,,Calton / Bridgeton,28,09,Calton,S02001891
258534,665671,1280,On & Off,GC1664,Kimpton Blythswood Square 8-13 Blythswood Square Glasgow G2 4AD  ,Blythswood Square Glasgow Hotel Opco,Mafalda Albuquerque,2010/09/10 00:00:00+00,,On Sales ,Premises ,982,32,258534,665671,906700013098,,Kimpton Blythswood Square Hotel 11 Blythswood Square Glasgow G2 4AD ,,City Centre / Merchant City,29,10,Anderston/City/Yorkhill,S02001934
259064,664926,1281,Off,GC1823,Tesco Store Unit G0205 St Enoch Centre Glasgow G1 4BW ,Tesco Stores Limited,,2010/09/10 00:00:00+00,,Monday to,Premises ,,57,259064,664926,906700326153,,Management Suite St Enoch Shopping Centre 55 St Enoch Square Glasgow G1 4BW ,,City Centre / Merchant City,29,10,Anderston/City/Yorkhill,S02001934
262834,664218,1282,Off,GC1856,154-156 Westmuir Street Glasgow G31 5BW   ,Abdul Rasheed Nadeem,Simran Singh,2010/09/20 00:00:00+00,,Monday to,Premises ,,24.024,262834,664218,906700233294,,156 Westmuir Street Glasgow G31 5BW ,,Tollcross / West Shettleston,56,19,Shettleston,S02001894
258628,665315,1283,On & Off,GC1692,The Woods 29 Waterloo Street Glasgow G2 6BZ  ,Star Pubs & Bars Limited,David Ross,2010/09/23 00:00:00+00,,On Sales ,Premises ,460,6,258628,665315,906700429672,,31 Waterloo Street Glasgow G2 6BZ ,,City Centre / Merchant City,29,10,Anderston/City/Yorkhill,S02001934
257289,666736,1284,On & Off,GC1511,Stravaigin 30 Gibson Street Hillhead Glasgow G12 8NX ,Greene King Brewing & Retailing Limi,Marquis Lynden Smith,2010/09/28 00:00:00+00,,On Sales ,Premises ,178,27.6,257289,666736,906700044144,,30 Gibson Street Hillhead Glasgow G12 8NX ,,Hillhead / Woodlands,30,11,Hillhead,S02001937
252670,663893,1285,Off,GC1847,Coho Convenient 2127 Paisley Road West Glasgow G52 3JL  ,PRW 2127 Limited,Jennifer Meikle,2010/10/07 00:00:00+00,,Monday to,Premises ,,22.5,252670,663893,906700199534,,2127 Paisley Road West Glasgow G52 3JL ,,Crookston /South Cardonald,51,04,Cardonald,S02001852
259551,665082,1286,On & Off,GC1843,Marmalade Skies Unit E Merchant Square 60 Candleriggs Glasgow G1 1LE,Licensed Support Services Ltd,Nicholas Meldrum Hay,2010/10/22 00:00:00+00,,On Sales ,Premises ,99,7.45,259551,665082,906700358411,,60 Candleriggs Glasgow G1 1LE ,,City Centre / Merchant City,29,10,Anderston/City/Yorkhill,S02001932
257090,668364,1287,Off,GC1834,Tesco Extra Unit 9 1201 Maryhill Road Glasgow G20 9SH ,Tesco Stores Limited,Steven Dunn,2010/10/29 00:00:00+00,,Monday to,Premises ,,330.496,257090,668364,906700362988,,Tesco Store Unit 9 1201 Maryhill Road Glasgow G20 9SH ,,Maryhill Road Corridor,39,15,Maryhill,S02001941
258393,665843,1288,On & Off,GC1857,214 Bath Street Glasgow G2 4HW   ,Mayfly Ventures Limited,Ian David McColm,2010/11/01 00:00:00+00,,On Sales ,Premises ,198,9,258393,665843,906700418612,,Flat Ground 214 Bath Street Glasgow G2 4HW ,,City Centre / Merchant City,29,10,Anderston/City/Yorkhill,S02001934
258684,665231,1289,On,GC1845,Bombay Blues 41 Hope Street Glasgow G2 6AE  ,Manjit Singh,Harcharan Sekhon,2010/11/15 00:00:00+00,,Monday to,Premises ,123,,258684,665231,906700064197,,41 Hope Street Glasgow G2 6AE ,,City Centre / Merchant City,29,10,Anderston/City/Yorkhill,S02001934
258931,665845,1290,On,GC1862,Pavilion Theatre 121 Renfield Street Glasgow G2 3AX  ,Trafalgar UK Theatres Glasgow Limite,Jamie Gordon,2010/11/15 00:00:00+00,,Monday to,Premises ,1449,,258931,665845,906700088733,,The Pavilion Theatre 121 Renfield Street Glasgow G2 3AX ,,City Centre / Merchant City,29,10,Anderston/City/Yorkhill,S02001934
258851,668105,1291,Off,GC1846,Home Bargains 20 Stronend Street Glasgow G22 6AR  ,T.J. Morris (Scot) Limited,James Stuart Todd,2010/11/25 00:00:00+00,,Monday to,Premises ,,24.6,258851,668105,906700434863,,20 Stronend Street Glasgow G22 6AR ,,Ruchill / Possilpark,38,16,Canal,S02001940
258955,665718,1292,On,GC1870,Unit 2 Tara House 46 Bath Street Glasgow G2 1HG ,Hakan Dumen,Hakan Dumen,2010/11/26 00:00:00+00,,Monday to,Premises ,120,,258955,665718,906700322495,,Storey 0/1 Tara House 46 Bath Street Glasgow G2 1HG ,,City Centre / Merchant City,29,10,Anderston/City/Yorkhill,S02001934
254193,669263,1293,Off,GC1867,Marks & Spencer Simply Food Unit 1-3 1900 Great Western Road Anniesland Glasgow G13 2TN,Marks and Spencer Simply Foods Limit,Clare Gibson,2010/12/01 00:00:00+00,,Monday to,Premises ,,67.5,254193,669263,906700428505,,8 Knightscliffe Avenue Glasgow G13 2TG ,,Temple / Anniesland,18,14,Drumchapel/Anniesland,S02001971
258648,666749,1294,Off,GC1840,"Matthew's Foods (Scotland) Limited Unit 1, Barratt Trading Estate 230/260 Garscube Road Glasgow G4 9RR ",Matthew's Foods (Scotland) Limited,Raymond Yuk Chiu Cheng,2010/12/13 00:00:00+00,,Monday to,Premises ,,3.6,258648,666749,906700048569,,260 Garscube Road Glasgow G4 9RR ,,Hillhead / Woodlands,30,11,Hillhead,S02001938
251388,668648,1295,Off,GC1864,2356 Dumbarton Road Glasgow G14 0JX   ,Karolyi's Off Licence Limited,Nicola Karolyi,2010/12/13 00:00:00+00,,Monday to,Premises ,,13.5,251388,668648,906700027305,,2356 Dumbarton Road Glasgow G14 0JX ,,Yoker / Scotstoun,15,13,Garscadden/Scotstounhill,S02001964
257787,667614,1296,Off,GC1876,585/591 Maryhill Road Glasgow G20 7UH   ,Mohammed Azhir Sharif,Manoj Kumar Bagha,2010/12/13 00:00:00+00,,Monday to,Premises ,,23.1,257787,667614,906700079149,,585 Maryhill Road Glasgow G20 7UH ,,Maryhill Road Corridor,39,11,Hillhead,S02001951
257870,662668,1297,Off,GC1855,754 Pollokshaws Road Glasgow G41 2AE   ,Sadif Afzal,Sadif Afzal,2010/12/16 00:00:00+00,,Monday to,Premises ,,17.5,257870,662668,906700336296,,754 Pollokshaws Road Glasgow G41 2AE ,,Shawlands / Strathbungo,6,06,Pollokshields,S02001868
257523,664599,1298,Off,GC1868,Tesco Express 455 Paisley Road Glasgow G5 8RJ  ,Tesco Stores Limited,,2010/12/16 00:00:00+00,,Monday to,Premises ,,33,257523,664599,906700193265,,447 Paisley Road Glasgow G5 8RJ ,,Ibrox / Kingston,2,05,Govan,S02001890
257882,662630,1299,On & Off,GC1872,Seven21 721 Pollokshaws Road Glasgow G41 2AA  ,Gladsmuir Limited,Sara Louise Jastrzebski,2010/12/17 00:00:00+00,,On Sales ,Premises ,75,2.2,257882,662630,906700289308,,721 Pollokshaws Road Glasgow G41 2AA ,,Shawlands / Strathbungo,6,08,Southside Central,S02001868
259233,664756,1300,On,GC1861,204 Howard Street Glasgow G1 4LW   ,Devlin Leisure LIC Limted,Paul Stirrat,2011/01/20 00:00:00+00,,Monday to,Premises ,75,,259233,664756,906700098062,,114 Stockwell Street Glasgow G1 4LW ,,City Centre / Merchant City,29,10,Anderston/City/Yorkhill,S02001934
256726,666165,1301,On & Off,GC1875,Dining In 1347 Argyle Street Glasgow G3 8AD  ,Mrs Kays Ltd,James MacSween,2011/01/24 00:00:00+00,,On Sales ,Premises ,20,2.1,256726,666165,906700007250,,1347 Argyle Street Glasgow G3 8AD ,,Yorkhill / Anderston,31,10,Anderston/City/Yorkhill,S02001936
261279,665011,1302,Off,GC1881,400 Duke Street Glasgow G31 1DN   ,Liquor City (Glasgow) Limited,Paul McLaughlin,2011/01/24 00:00:00+00,,Monday to,Premises ,,38.1,261279,665011,906700154977,,400 Duke Street Glasgow G31 1DN ,,Calton / Bridgeton,28,09,Calton,S02001931
259663,665334,1303,Off,GC1824,Sainsbury Store 135 George Street Glasgow G1 1RD  ,Sainsbury's SL Limited,Kayleigh Davidson,2011/02/03 00:00:00+00,,Monday to,Premises ,,15.2,259663,665334,906700412205,,135 George Street City Centre Glasgow G1 1RD ,,City Centre / Merchant City,29,10,Anderston/City/Yorkhill,S02001932
253363,661208,1304,On & Off,GC1869,"Stack & Still Unit X4, Ground and First Floors Silverburn Shopping Centre Barrhead Road Glasgow G53 6AG",Stack and Still Limited,Stuart James Cameron,2011/02/23 00:00:00+00,,On Sales ,Premises ,135,4.62,253363,661208,906700421215,,Management Suite Silverburn Shopping Centre 763 Barrhead Road Glasgow G53 6AG ,,Priesthill / Househillwood,45,03,Greater Pollok,S02001845
257086,665926,1305,On,GC1849,Shilla 1138 Argyle Street Glasgow G3 8TD  ,Bakjae Limited,Hye-Min Kwon,2011/03/14 00:00:00+00,,Monday to,Premises ,39,,257086,665926,906700319646,,1138 Argyle Street Glasgow G3 8TD ,,Yorkhill / Anderston,31,10,Anderston/City/Yorkhill,S02001936
259330,665179,1306,On,GC1877,The Trades Hall of Glasgow 85 Glassford Street Glasgow G1 1UH  ,The Trades House of Glasgow,Margaret Elaine Gilchrist,2011/03/14 00:00:00+00,,Monday to,Premises ,600,,259330,665179,906700432245,,81 Glassford Street Glasgow G1 1UH ,,City Centre / Merchant City,29,10,Anderston/City/Yorkhill,S02001932
262639,664141,1307,Off,GC1885,51 Tollcross Road Glasgow G31 4UG   ,Surinder Singh Saigal,Manavmeet Singh Sehgal,2011/03/14 00:00:00+00,,Monday to,Premises ,,39.6,262639,664141,906700226609,,51 Tollcross Road Glasgow G31 4UG ,,Tollcross / West Shettleston,56,19,Shettleston,S02001894
258196,662548,1308,Off,GC1858,Sainsbury Store 478/482 Victoria Road Glasgow G42 8RL  ,Sainsbury's SL Limited,Gary Samuel Heeps,2011/03/16 00:00:00+00,,Monday to,Premises ,,21.2,258196,662548,906700311117,,482 Victoria Road Glasgow G42 8YJ ,,Govanhill,4,08,Southside Central,S02001868
259305,665325,1309,On & Off,GC1871,Browns G1 Building 1 George Square Glasgow G2 1DY ,Mitchells & Butlers Retail Ltd,Charlotte Gallagher,2011/04/01 00:00:00+00,,On Sales ,Premises ,375,35,259305,665325,906700050165,,1 George Square Glasgow G2 1DY ,,City Centre / Merchant City,29,10,Anderston/City/Yorkhill,S02001932
259714,664947,1310,Off,GC1880,Tesco Express Units 6/7 Merchant Buildiing High Street Glasgow G1 1NL,Tesco Stores Limited,Grant Gillan,2011/05/05 00:00:00+00,,Monday to,Premises ,,29.7,259714,664947,906700419582,,40 High Street Glasgow G1 1NL ,,Calton / Bridgeton,28,09,Calton,S02001891
258451,665340,1311,On & Off,GC1819,Hotel Indigo 75 Waterloo Street Glasgow G2 7BP  ,Glasgow Waterloo Limited,Colm Gregory ,2011/05/18 00:00:00+00,,On Sales ,Premises ,246,5,258451,665340,906700110688,,Hotel Indigo 75 Waterloo Street Glasgow G2 7BW ,,City Centre / Merchant City,29,10,Anderston/City/Yorkhill,S02001934
258981,665661,1312,On & Off,GC1890,The Good Spirits Company Limited 23 Bath Street Glasgow G2 1HW  ,The Good Spirits Company (Scotland) ,Shane Marcus Goodbody,2011/05/31 00:00:00+00,,On Sales ,Premises ,30,70.2,258981,665661,906700010819,,23 Bath Street Glasgow G2 1HW ,,City Centre / Merchant City,29,10,Anderston/City/Yorkhill,S02001934
265065,661590,1313,On & Off,GC1886,The Auld Boat Hoose 21 River Road Carmyle Glasgow G32 8EG ,The Bottom Shop Limited,Carolann McMullan,2011/06/02 00:00:00+00,,On Sales ,Premises ,135,2.4,265065,661590,906700135539,,Auld Boat House 21 River Road Glasgow G32 8EG ,,Mount Vernon / East Shettleston,55,19,Shettleston,S02001897
255400,665704,1314,Off,GC1896,Iceland Unit 1 Govan Cross Shopping Centre 795 Govan Road Glasgow G51 3UL,Iceland Foods Limited,Martin Lafferty,2011/08/22 00:00:00+00,,Monday to,Premises ,,6.35,255400,665704,906700169089,,Unit 1 Govan Cross Shopping Centre 795 Govan Road Glasgow G51 3JW ,,Greater Govan,1,05,Govan,S02001859
258776,665387,1315,On & Off,GC0789,The Old Hairdressers 23 Renfield Lane Glasgow G2 5AR  ,Hoperoot Limited,Derek Brennan,2011/09/01 00:00:00+00,,On Sales ,Premises ,280,9.5,258776,665387,906700094020,,23 Renfield Lane Glasgow G2 5AR ,,City Centre / Merchant City,29,10,Anderston/City/Yorkhill,S02001934
258977,665397,1316,On & Off,GC1860,Five Guys Restaurant 57-61 St Vincent Street Glasgow G2 5TS  ,Five Guys JV Limited,Andrei-Ionut Vieru,2011/09/16 00:00:00+00,,On Sales ,Premises ,300,0.54,258977,665397,906700107540,,57 St Vincent Street Glasgow G2 5QX ,,City Centre / Merchant City,29,10,Anderston/City/Yorkhill,S02001934
257916,665972,1317,On,GC1873,The Berkley Suite 235 North Street Glasgow G3 7DR  ,Fergus McVicar,John Long,2011/09/28 00:00:00+00,,Monday to,Premises ,208,,257916,665972,906700339413,,239 North Street Glasgow G3 7DL ,,Yorkhill / Anderston,31,10,Anderston/City/Yorkhill,S02001935
257310,667746,1318,Off,GC1884,Tesco Express 170 Queen Margaret Drive Glasgow G20 8NX  ,Tesco Stores Limited,John James Crocket,2011/10/05 00:00:00+00,,Monday to,Premises ,,24.07,257310,667746,906700435683,,170 Queen Margaret Drive Glasgow G20 8NX ,,Maryhill Road Corridor,39,11,Hillhead,S02001941
255768,667854,1319,On,GC1906,Hillhead Sports Club 32 Hughenden Road Glasgow G12 9XP  ,Hillhead High School War Memorial Tr,Jacqueline Laurie,2011/10/05 00:00:00+00,,Monday to,Premises ,652,,255768,667854,906700059941,,Hillhead Sports Club 32 Hughenden Road Glasgow G12 9XP ,,Hyndland / Dowanhill / Partick East,32,23,Partick East/Kelvindale,S02001958
258653,661366,1320,Off,GC1897,Tesco Express Unit 1 1158 Cathcart Road Glasgow G42 ,Tesco Stores Limited,Martin Leslie Smith,2011/10/13 00:00:00+00,,Monday to,Premises ,,27.85,258653,661366,906700493749,,1158 Cathcart Road Glasgow G42 9EG ,,King's Park / Mount Florida,8,07,Langside,S02001887
259837,664691,1321,Off,GC1888,129 London Road Glasgow G1 5BS   ,Polish Taste Plus Ltd,Jacek Pawel Korzeniowski,2011/11/10 00:00:00+00,,Monday to,Premises ,,1.1,259837,664691,906700184438,,129 London Road Glasgow G1 5BS ,,Calton / Bridgeton,28,09,Calton,S02001891
258916,665371,1322,On & Off,GC1909,Gaucho 7 West Nile Street Glasgow G1 2PR  ,Gioma (UK) Limited,Sean Dinesh Weeraratna,2011/11/10 00:00:00+00,,On Sales ,Premises ,135,10.2,258916,665371,906700493745,,Storey Ground 7 West Nile Street Glasgow G1 2PR ,,City Centre / Merchant City,29,10,Anderston/City/Yorkhill,S02001934
251679,664598,1323,Off,GC1865,20 Gleddoch Road Glasgow G52 4BD   ,One-O-One Convenience Stores Limited,Davina Jeanette McGillivra,2011/11/11 00:00:00+00,,Monday to,Premises ,,33.38,251679,664598,906700177686,,Penilee Community Centre 10 Gleddoch Road Glasgow G52 4BD ,,North Cardonald / Penilee,49,04,Cardonald,S02001853
259803,663888,1324,Off,GC1900,Nisa 121 Moffat Street Glasgow G5 0NG  ,Adnaan Ameen,Mohammed Tariq,2011/11/16 00:00:00+00,,Monday to,Premises ,,34.6,259803,663888,906700494564,,490 Ballater Street Glasgow G5 0QJ ,,Greater Gorbals,3,08,Southside Central,S02001889
255777,665961,1325,On & Off,GC1916,The Tall Ship: SV Glenlee The Clyde Maritime Centre Ltd Riverside Museum 100 Pointhouse Place Glasgow G3 ,Clyde Maritime Centre Ltd,Lauren Macrae,2011/11/21 00:00:00+00,,On Sales ,Premises ,226,0.64,255777,665961,906700436854,,Riverside Museum 100 Pointhouse Place Glasgow G3 8RS ,,Yorkhill / Anderston,31,10,Anderston/City/Yorkhill,S02001953
255517,668171,1326,Off,GC0657,BP M&S Simply Food West End 1057 Great Western Road Glasgow G12 0XP  ,BP Oil UK Limited,Craig Glen Shimmons,2011/11/28 00:00:00+00,,Monday to,Premises ,,13.755,255517,668171,906700059405,,1057 Great Western Road Glasgow G12 0XP ,,Hyndland / Dowanhill / Partick East,32,23,Partick East/Kelvindale,S02001958
257549,662392,1327,Off,GC1019,BP M&S Simply Food 890 Pollokshaws Road Glasgow G41 2ET  ,BP Oil UK Limited,Liann Diggines,2011/11/28 00:00:00+00,,Monday to,Premises ,,14.2,257549,662392,906700297679,,890 Pollokshaws Road Glasgow G41 2ET ,,Shawlands / Strathbungo,6,06,Pollokshields,S02001870
265757,663925,1328,Off,GC1441,Sandymount Service Station 23 Baillieston Road Mount Vernon Glasgow G32 0QJ ,Motor Fuel Limited,Shoby Kuriakose,2011/11/28 00:00:00+00,,Monday to,Premises ,,10.3,265757,663925,906700222010,,23 Baillieston Road Sandyhills Glasgow G32 0QJ ,,Mount Vernon / East Shettleston,55,19,Shettleston,S02001909
258886,665401,1329,On,GC1616,Platinum Lace 24 Drury Street Glasgow G2 5AA  ,Brightcrew (Management) Limited,Anthony Henderson,2011/11/28 00:00:00+00,,Monday to,Premises ,283,,258886,665401,906700035858,,24 Drury Street Glasgow G2 5AA ,,City Centre / Merchant City,29,10,Anderston/City/Yorkhill,S02001934
258822,665215,1330,On,GC1926,57 Union Street Glasgow G1 3RB   ,African Restaurant LIC Ltd,Nyakio Ndungu,2011/12/12 00:00:00+00,,Monday to,Premises ,169,,258822,665215,906700415553,,57 Union Street Glasgow G1 3RB ,,City Centre / Merchant City,29,10,Anderston/City/Yorkhill,S02001934
258946,665728,1331,On,GC1806,China Blue 98 Renfield Street Glasgow G2 1NH  ,Morayness Limited,Jing Lin,2011/12/23 00:00:00+00,,Monday to,Premises ,60,,258946,665728,906700346638,,94 Renfield Street Glasgow G2 1NH ,,City Centre / Merchant City,29,10,Anderston/City/Yorkhill,S02001934
257866.22,666325.470000001,1332,Off,GC1839,Sainsbury Store 88 Woodlands Road Glasgow G3 6HA  ,Sainsbury's SL Limited,Alistair William Donald Br,2012/01/23 00:00:00+00,,Monday to,Premises ,,14.3,257866.22,666325.47,906700120744,,88 Woodlands Road Glasgow G3 6HA ,,Hillhead / Woodlands,30,11,Hillhead,S02001937
258820,665661,1333,On & Off,GC1931,Verona 88 West Regent Street Glasgow G2 2QZ  ,Verona LIC Ltd,Ozturk Dinler,2012/01/23 00:00:00+00,,On Sales ,Premises ,40,,258820,665661,906700119488,,88 West Regent Street Glasgow G2 2QZ ,,City Centre / Merchant City,29,10,Anderston/City/Yorkhill,S02001934
261396,664984,1334,On,GC1605,Reidvale Neighbourhood Centre 13 Whitevale Street Glasgow G31 1QW  ,The Reidvale Neighbourhood Centre Li,Richard Kayiranga,2012/02/06 00:00:00+00,,Monday to,Premises ,110,,261396,664984,906700231539,,Reidvale Neighbourhood Centre 13 Whitevale Street Glasgow G31 1QW ,,Calton / Bridgeton,28,09,Calton,S02001929
259077,665867,1335,On & Off,GC1920,Ask 3 Port Dundas Place Glasgow G2 3LD  ,Ask Italian Restaurants Limited,Nadeem Mohammed,2012/02/06 00:00:00+00,,On Sales ,Premises ,185,7.7,259077,665867,906700495573,,3 Port Dundas Place Glasgow G2 3LD ,,City Centre / Merchant City,29,10,Anderston/City/Yorkhill,S02001934
259907,657513,1336,On,GC1899,Laura's Coffee Shop 15 Busby Road Carmunnock Glasgow G76 9BP ,Neil Grimshaw,Neil Grimshaw,2012/02/17 00:00:00+00,,Monday to,Premises ,50,,259907,657513,906700244544,,15 Busby Road Glasgow G76 9BP ,,Carmunnock,21,01,Linn,S02001880
258751,665542,1337,On,GC1943,Halloumi 161 Hope Street Glasgow G2 2UQ  ,Kelvingrove 11 Limited,Konstantinos Papalampopulo,2012/02/20 00:00:00+00,,Monday to,Premises ,95,2.4,258751,665542,906700053689,,161 Hope Street Glasgow G2 2UQ ,,City Centre / Merchant City,29,10,Anderston/City/Yorkhill,S02001934
260503,660129,1338,Off,GC1454,Shop Croftfoot Filling Station 556 Castlemilk Road Glasgow G44 5LZ  ,Certas Energy UK limited,Gerald McGeachy,2012/03/19 00:00:00+00,,Monday to,Premises ,,5.2,260503,660129,906700253555,,556 Castlemilk Road Glasgow G44 5LZ ,,Croftfoot,10,01,Linn,S02001884
255777,665961,1339,On,GC1929,Riverside Museum 100 Pointhouse Place Glasgow G3 8RS  ,Glasgow City Council,Craig McCarthy,2012/03/19 00:00:00+00,,"Monday, 1",Premises ,1400,,255777,665961,906700436854,,Riverside Museum 100 Pointhouse Place Glasgow G3 8RS ,,Yorkhill / Anderston,31,10,Anderston/City/Yorkhill,S02001953
254573,667932,1340,Off,GC1898,Victoria Park Service Station 507 Crow Road Glasgow G11 7DN  ,Sood Enterprises Ltd,William David Thompson,2012/03/20 00:00:00+00,,Monday to,Premises ,,19.2,254573,667932,906700038786,,507 Crow Road Glasgow G11 7DN ,,Anniesland / Jordanhill / Whiteinch,34,12,Victoria Park,S02001959
255454,666320,1341,Off,GC1905,Castlebank Service Station 210 Castlebank Street Glasgow Glasgow City G11 6DU ,Sood Enterprises Ltd,Kate MacIntyre,2012/03/20 00:00:00+00,,Monday to,Premises ,,9.8,255454,666320,906700019733,,210 Castlebank Street Glasgow G11 6DU ,,Broomhill / Partick West,33,12,Victoria Park,S02001954
257096,665916,1342,On,GC1912,Six by Nico 1132 / 1134 Argyle Street Glasgow G3 8TD  ,Crabshakk Limited,Stephen Robert Alexander C,2012/04/04 00:00:00+00,,Monday to,Premises ,40,,257096,665916,906700005954,,1132 Argyle Street Glasgow G3 8TD ,,Yorkhill / Anderston,31,10,Anderston/City/Yorkhill,S02001936
252162,660314,1343,On & Off,GC1894,Hazlewood 380 Nitshill Road Glasgow G53 7BW  ,IP Partnership Limited,Rita Hayes,2012/04/26 00:00:00+00,,On Sales ,Premises ,255,15.5,252162,660314,906700382855,,380 Nitshill Road Glasgow G53 7BW ,,Priesthill / Househillwood,45,03,Greater Pollok,S02001845
258885,665640,1344,On & Off,GC1915,DQ Lounge by Gin 71 48A West Regent Street Glasgow G2 2RA  ,C R Properties,Greig Thompson,2012/05/11 00:00:00+00,,On Sales ,Premises ,100,2.7,258885,665640,906700495575,,48A West Regent Street Glasgow G2 2RA ,,City Centre / Merchant City,29,10,Anderston/City/Yorkhill,S02001934
257027.05,661808.960000001,1345,Off,GC1935,Sainsbury Store Shawlands Arcade Shopping Centre 102-108 Kilmarnock Road Glasgow G41 3NN ,Sainsbury's SL Limited,Gary Holt,2012/05/11 00:00:00+00,,Monday to,Premises ,,28.2,257027.05,661808.96,906700283399,,102 Kilmarnock Road Glasgow G41 3NN ,,Shawlands / Strathbungo,6,06,Pollokshields,S02001870
255829,667270,1346,On & Off,GC1944,139 Hyndland Road Glasgow G12 9QN   ,Saltire LIC Limited,Murray Swanson Hannah,2012/05/11 00:00:00+00,,On Sales ,Premises ,20,49.4,255829,667270,906700062554,,139 Hyndland Road Glasgow G12 9JA ,,Hyndland / Dowanhill / Partick East,32,23,Partick East/Kelvindale,S02001956
253984,664697,1347,On & Off,GC1933,McTears Meiklewood Gate 31 Meiklewood Road Glasgow G51 4GB ,McTears Gallery 1842 Ltd,Michelle Henderson,2012/05/25 00:00:00+00,,On Sales ,Premises ,100,97,253984,664697,906700403359,,31 Meiklewood Road Glasgow G51 4GB ,,Greater Govan,1,05,Govan,S02001855
259106,665857,1348,Off,GC1936,Sainsbury Store 1 Port Dundas Place Glasgow G2 3LD  ,Sainsbury's SL Limited,Shirley Anne Linskey,2012/05/25 00:00:00+00,,Monday to,Premises ,,15.9,259106,665857,906700495572,,1 Port Dundas Place Glasgow G2 3LD ,,City Centre / Merchant City,29,10,Anderston/City/Yorkhill,S02001934
255400,665704,1349,Off,GC1938,Home Bargains Unit S2 Govan Cross Shopping Centre Glasgow G51 3JP ,T.J. Morris (Scot) Limited,Brian Green,2012/05/25 00:00:00+00,,Monday to,Premises ,,21.2,255400,665704,906700169092,,Unit 2 Govan Cross Shopping Centre 795 Govan Road Glasgow G51 3JW ,,Greater Govan,1,05,Govan,S02001859
259286,664974,1350,Off,GC1955,Sainsbury Store 9 Argyle Street Glasgow G2 8AH  ,Sainsbury's SL Limited,Alan Robinson ,2012/05/25 00:00:00+00,,Monday to,Premises ,,18.775,259286,664974,906700005544,,9 Argyle Street Glasgow G2 8AH ,,City Centre / Merchant City,29,10,Anderston/City/Yorkhill,S02001934
252133,669114,1351,Off,GC1959,Day-Today Express 284 Dyke Road Glasgow G13 4QU  ,Tanzeela Mohammed,Mohammed Osman Tahir,2012/06/26 00:00:00+00,,Monday to,Premises ,,8.1,252133,669114,906700047197,,284 Dyke Road Glasgow G13 4QU ,,Knightswood,19,13,Garscadden/Scotstounhill,S02001966
256186,665904,1352,On & Off,GC1892,SWG3 100 Eastvale Place Glasgow G3 8GQ  ,Clydeside Initiative for Arts Limite,Michael Donnelly,2012/07/03 00:00:00+00,,On Sales ,Premises ,2081,0,256186,665904,906700041994,,100 Eastvale Place Glasgow G3 8QG ,,Yorkhill / Anderston,31,10,Anderston/City/Yorkhill,S02001936
255430,666751,1353,Off,GC1927,Home Bargains Unit 4B West End Retail Park 56 Crow Road Glasgow G11 7RY,T.J. Morris (Scot) Limited,Helen McFarlane,2012/07/03 00:00:00+00,,Monday to,Premises ,,25.5,255430,666751,906700323581,,56 Crow Road Glasgow G11 7RY ,,Broomhill / Partick West,33,12,Victoria Park,S02001955
258885,665648,1354,On & Off,GC1914,71 Renfield Street Glasgow G2 1LP   ,C R Properties,Claire McCallum,2012/07/10 00:00:00+00,,On Sales ,Premises ,75,2.1,258885,665648,906700330224,,71 Renfield Street Glasgow G2 1LP ,,City Centre / Merchant City,29,10,Anderston/City/Yorkhill,S02001934
257143,665854,1355,On & Off,GC1859,The Finnieston 1125 Argyle Street Glasgow G3 8ND  ,Khole Ltd,Calum Fraser,2012/07/19 00:00:00+00,,On Sales ,Premises ,150,6,257143,665854,906700005944,,1125 Argyle Street Glasgow G3 8ND ,,Yorkhill / Anderston,31,10,Anderston/City/Yorkhill,S02001936
256835,664479,1356,Off,GC1956,Jamies Superstore Limited 237 Paisley Road West Glasgow G51 1NE  ,Mohammed Naim Nasim,Mohammed Naim Nasim,2012/08/22 00:00:00+00,,Monday to,Premises ,,14,256835,664479,906700196698,,237 Paisley Road West Glasgow G51 1NE ,,Ibrox / Kingston,2,05,Govan,S02001861
258888,665225,1357,On,GC1942,Lychee Oriental 59 Mitchell Street Glasgow G1 3LN  ,Freshorient Ltd,Chia Fay Lee,2012/09/07 00:00:00+00,,Monday to,Premises ,98,,258888,665225,906700429077,,Flat 1/1 55 Mitchell Street Glasgow G1 3LN ,,City Centre / Merchant City,29,10,Anderston/City/Yorkhill,S02001934
264257,663203,1358,Off,GC1946,1140-1146 Tollcross Road Glasgow G32 8HE   ,Tollcross Day Today Ltd,Dharminder Gill,2012/09/07 00:00:00+00,,Monday to,Premises ,,51,264257,663203,906700207138,,1146 Tollcross Road Glasgow G32 8HE ,,Tollcross / West Shettleston,56,19,Shettleston,S02001896
256092,666598,1359,On,GC1976,Lismore 206 Dumbarton Road Glasgow G11 6UN  ,Colin Beattie,,2012/09/17 00:00:00+00,,Monday to,Premises ,170,,256092,666598,906700039380,,206 Dumbarton Road Glasgow G11 6UN ,,Hyndland / Dowanhill / Partick East,32,23,Partick East/Kelvindale,S02001953
259015.25,665779.939999999,1360,On & Off,GC1844,Premier Inn 137-141 West Nile Street 38-74 Sauchiehall Street Glasgow  ,Whitbread Group Plc,Jamie Cattigan,2012/09/27 00:00:00+00,,On Sales ,Premises ,369,3.9,259015.25,665779.94,906700106995,,38 Sauchiehall Street Glasgow G2 3AH ,,City Centre / Merchant City,29,10,Anderston/City/Yorkhill,S02001934
259049,665537,1361,On & Off,GC1952,Chaophraya 4 Nelson Mandela Place Glasgow G2 1BT  ,Chao Phraya Limited,Sarah Louise Thomson,2012/10/05 00:00:00+00,,On Sales ,Premises ,445,18.8,259049,665537,906700418254,,Storey Basement 4 Nelson Mandela Place Glasgow G2 1BT ,,City Centre / Merchant City,29,10,Anderston/City/Yorkhill,S02001934
257578,662805,1362,Off,GC1893,Sainsbury Store 2A Darnley Road Glasgow G41 4NB  ,Sainsbury's SL Limited,Niall Simeon Moody,2012/10/11 00:00:00+00,,Monday to,Premises ,,21.53,257578,662805,906700497705,,2A Darnley Road Glasgow G41 4NB ,,Pollokshields West,53,06,Pollokshields,S02001869
259256,665107,1363,On,GC1923,Unit 4 Virginia Court 35 Virginia Street Glasgow G1 1TN ,View Castle (Properties) Limited,Louis Brown ,2012/10/17 00:00:00+00,,Monday to,Premises ,120,,259256,665107,906700429856,,Unit 4 35 Virginia Street Glasgow G1 1TN ,,City Centre / Merchant City,29,10,Anderston/City/Yorkhill,S02001932
257225,665805,1364,On & Off,GC1968,Pellegrini 1075 Argyle Street Glasgow G3 8LZ  ,Remo Crolla,Cristiano Strazzullo,2012/10/25 00:00:00+00,,On Sales ,Premises ,60,0,257225,665805,906700421504,,1075 Argyle Street Glasgow G3 8LZ ,,Yorkhill / Anderston,31,10,Anderston/City/Yorkhill,S02001936
258445,665161,1365,Off,GC1965,353 Argyle Street Glasgow G2 8LT   ,Syed Hussain Ali Shah,Syed Hussain Ali Shah,2012/10/30 00:00:00+00,,Monday to,Premises ,,15.2,258445,665161,906700004515,,353 Argyle Street Glasgow G2 8LT ,,City Centre / Merchant City,29,10,Anderston/City/Yorkhill,S02001934
259639,665036,1366,On & Off,GC1964,Tribeca 51 Bell Street Glasgow G1 1NX  ,Punav Ltd,David Weir,2012/11/01 00:00:00+00,,On Sales ,Premises ,50,11.5,259639,665036,906700012706,,51 Bell Street Glasgow G1 1NX ,,City Centre / Merchant City,29,10,Anderston/City/Yorkhill,S02001932
259256,665107,1367,On,GC1924,Cup/Gin 71 Unit 1 Virginia Court 35 Virginia Street Glasgow G1 1TN,View Castle (Properties) Limited,Russel Thomas Alan White,2012/11/09 00:00:00+00,,Monday to,Premises ,120,,259256,665107,906700429853,,Unit 1 35 Virginia Street Glasgow G1 1TN ,,City Centre / Merchant City,29,10,Anderston/City/Yorkhill,S02001932
256294,666688,1368,On & Off,GC1921,6 Chancellor Street Glasgow G11 5RQ   ,Family Valentino Limited,Susan Broadley Valentino,2012/11/23 00:00:00+00,,On Sales ,Premises ,12,9.3,256294,666688,906700021288,,6 Chancellor Street Glasgow G11 5RQ ,,Hyndland / Dowanhill / Partick East,32,23,Partick East/Kelvindale,S02001953
255378,660082,1369,Off,GC1977,BP Seven Sisters 231 Thornliebank Road Glasgow G46 7RG  ,John Somerville Services Limited,Pauline McDaid,2012/11/28 00:00:00+00,,Monday to,Premises ,,6,255378,660082,906700306079,,231 Thornliebank Road Glasgow G46 7RG ,,Pollokshaws / Mansewood,47,02,Newlands/Auldburn,S02001875
251813,671051,1370,Off,GC1969,Iceland Unit 2 7 Dunkenny Square Glasgow G15 8NE ,Iceland Foods Limited,Paul McLauchlan,2012/12/12 00:00:00+00,,Monday to,Premises ,,8.15,251813,671051,906700496688,,7 Dunkenny Square Glasgow G15 8NB ,,Drumchapel,40,14,Drumchapel/Anniesland,S02001976
261895,663735,1371,On,GC2002,Emirates Arena 1000 London Road Glasgow G40 3HY  ,Glasgow City Council,Leonie Kennedy Veitch,2012/12/14 00:00:00+00,,Monday to,Premises ,12957,,261895,663735,906700496082,,National Indoor Sports Arena/Emirates Arena 1000 London Road Glasgow G40 3HG ,,Parkhead / Dalmarnock,27,09,Calton,S02001894
259440,665153,1372,On & Off,GC1978,The Gallery Unit 5 101 Brunswick Street Glasgow G1 1YB ,Gallery LIC Limited ,Craig Benjamin Jackson,2012/12/18 00:00:00+00,,On Sales ,Premises ,138,12,259440,665153,906700404414,,101 Brunswick Street Glasgow G1 1TF ,,City Centre / Merchant City,29,10,Anderston/City/Yorkhill,S02001932
259733,665043,1373,Off,GC2000,Eastern European Food Shop 89 High Street Glasgow G1 1NB  ,Beryozka Ltd,Alexander Boyd,2013/01/18 00:00:00+00,,Monday to,Premises ,,4.3,259733,665043,906700350168,,89 High Street Glasgow G1 1NB ,,City Centre / Merchant City,29,10,Anderston/City/Yorkhill,S02001932
264583,663113,1374,On,GC1980,The Fullarton Suite 1300 Tollcross Road Glasgow G32 8HH  ,Rajesh Pathak,Katrina Perez-Bradley,2013/02/15 00:00:00+00,,Monday to,Premises ,300,,264583,663113,906700210750,,1300 Tollcross Road Glasgow G32 8HH ,,Tollcross / West Shettleston,56,19,Shettleston,S02001897
259059,665306,1375,On,GC1947,Banca Di Roma 31 Royal Exchange Square Glasgow G1 3AJ  ,Omoa Limited,Nathan William Corbett,2013/02/22 00:00:00+00,,Monday to,Premises ,314,,259059,665306,906700495123,,31 Royal Exchange Square Glasgow G1 3AJ ,,City Centre / Merchant City,29,10,Anderston/City/Yorkhill,S02001934
258606.47,665881.67,1376,Off,GC1948,Tesco Metro 236 Sauchiehall Street Glasgow G2 3EQ  ,Tesco Stores Limited,Nicola Lamarine,2013/02/22 00:00:00+00,,Monday to,Premises ,,95,258606.47,665881.67,906700108010,,236 Sauchiehall Street Glasgow G2 3EQ ,,City Centre / Merchant City,29,10,Anderston/City/Yorkhill,S02001933
255135,665677,1377,Off,GC1996,Cost u Less 74 Shaw Street Glasgow G51 3L  ,Yasmeen Ali,Yasmeen Ali,2013/03/26 00:00:00+00,,Monday to,Premises ,,11.1,255135,665677,906700212778,,74 Shaw Street Glasgow G51 3BL ,,Greater Govan,1,05,Govan,S02001856
257013,665919,1378,Off,GC1988,Sainsbury Store 6 Kelvinhaugh Street Glasgow G3 8NU  ,Sainsbury's SL Limited,Gillian Sweeney,2013/04/19 00:00:00+00,,Monday to,Premises ,,14.33,257013,665919,906700496416,,6 Kelvinhaugh Street Glasgow G3 8NU ,,Yorkhill / Anderston,31,10,Anderston/City/Yorkhill,S02001936
257819,666774,1379,Off,GC1989,Sainsbury Store 288 Great Western Road Glasgow G4 9EJ  ,Sainsbury's SL Limited,Kenneth John Rose,2013/05/07 00:00:00+00,,Monday to,Premises ,,13.655,257819,666774,906700040115,,288 Great Western Road Glasgow G4 9EJ ,,Hillhead / Woodlands,30,11,Hillhead,S02001938
258847,665527,1380,On & Off,GC2007,Pocotel Glasgow City Centre Pearl Assurance Buildings 139-141 West George Street Glasgow G2 2JJ ,BCS McGettigan UK Ltd,,2013/05/09 00:00:00+00,,On Sales ,Premises ,435,9.86,258847,665527,906700110713,,141 West George Street Glasgow G2 2JJ ,,City Centre / Merchant City,29,10,Anderston/City/Yorkhill,S02001934
254329,665809,1381,Off,GC1990,6-7 Drive Road Glasgow G51 4AF   ,G81 Traders Limited,Mohammed Naveed Ayub,2013/05/10 00:00:00+00,,Monday to,Premises ,,12.4,254329,665809,906700159106,,7 Drive Road Glasgow G51 4AF ,,Greater Govan,1,05,Govan,S02001855
263092,663387,1382,Off,GC1983,3 Rattray Street Glasgow G32 8TW   ,Sellatturai Yogathas,Sellatturai Yogathas,2013/05/23 00:00:00+00,,Monday to,Premises ,,7.2,263092,663387,906700208330,,3 Rattray Street Glasgow G32 8TW ,,Tollcross / West Shettleston,56,19,Shettleston,S02001895
258867,665234,1383,On & Off,GC2005,Koolba/Koolbites 78 Union Street Glasgow G1 3QS  ,ChimChim LIC Limited,Cesar Haddad,2013/06/19 00:00:00+00,,On Sales ,Premises ,60,3,258867,665234,906700363407,,78 Union Street Glasgow G1 3QS ,,City Centre / Merchant City,29,10,Anderston/City/Yorkhill,S02001934
260720,667841,1384,Off,GC1982,Unit 26A Springburn Shopping Centre 230 Springburn Way Glasgow G21 1TS ,Licensed Support Services Ltd,Harpreet Rai,2013/06/24 00:00:00+00,,Monday to,Premises ,,23.5,260720,667841,906700312315,,Unit 26 Springburn Shopping Centre 230 Springburn Way Glasgow G21 1TS ,,Springburn,24,17,Springburn/Robroyston,S02001922
253796,664991,1385,Off,GC2004,Unit 1 295 Shieldhall Road Glasgow G51 4HB  ,James Creaney,James Creaney,2013/07/04 00:00:00+00,,Monday to,Premises ,,12.4,253796,664991,906700388239,,295 Shieldhall Road Glasgow G51 4HB ,,Greater Govan,1,05,Govan,S02001855
256187,666567,1386,On & Off,GC2006,West Side Tavern 162 Dumbarton Road Glasgow G11 6XE  ,Three Thistles Plc,Max Conor Macauley ,2013/07/04 00:00:00+00,,On Sales ,Premises ,90,2,256187,666567,906700038479,,162 Dumbarton Road Glasgow G11 6XE ,,Hyndland / Dowanhill / Partick East,32,23,Partick East/Kelvindale,S02001953
258870,665404,1387,On & Off,GC1997,Drury Street Bar & Kitchen Basement 18 Renfield Street Glasgow G2 5AP ,ROLYAT 1 LTD,Wojciech Krzysztof Wlodarc,2013/07/05 00:00:00+00,,On Sales ,Premises ,435,12.5,258870,665404,906700094908,,18B Renfield Street Glasgow G2 5AA ,,City Centre / Merchant City,29,10,Anderston/City/Yorkhill,S02001934
266467,666152,1388,On,GC1974,"TGI Friday's Unit 1, Cinema Block Glasgow Fort Retail Park Glasgow G33 5AL ",Thursdays (UK) Limited,Joanne Markham,2013/07/11 00:00:00+00,,Monday to,Premises ,296,,266467,666152,906700505135,,745 Provan Walk Glasgow G34 9DY ,,Easterhouse,16,21,North East,S02001906
266653,666515,1389,On & Off,GC1967,Monterey Jack's 40 Provan Walk Glasgow G34 9DL  ,MJ's The Fort Ltd,Naomi Louise Dunkley,2013/07/26 00:00:00+00,,On Sales ,Premises ,161,0,266653,666515,906700499995,,40 Provan Walk Glasgow G34 9DL ,,Easterhouse,16,21,North East,S02001906
258526,665859,1390,On,GC2028,Vibes 239 Sauchiehall Street Glasgow G2 3EZ  ,Lujo Properties Limited,Shook Mun Tang,2013/08/23 00:00:00+00,,Monday to,Premises ,170,,258526,665859,906700108011,,239 Sauchiehall Street Glasgow G2 3EZ ,,City Centre / Merchant City,29,10,Anderston/City/Yorkhill,S02001934
266467,666152,1391,On & Off,GC1960,Tony Macaroni Glasgow Fort 20 Provan Walk Glasgow G34 9DL ,Omoa Limited,Kevin Holmes,2013/08/28 00:00:00+00,,On Sales ,Premises ,169,6.6,266467,666152,906700505135,,745 Provan Walk Glasgow G34 9DY ,,Easterhouse,16,21,North East,S02001906
266678,666494,1392,On,GC1972,Booffi Unit 5 The Fort Retail Park Provan Walk Glasgow ,Mitchells & Butlers Retail Limited,Craig Laurie,2013/08/28 00:00:00+00,,Monday to,Premises ,196,,266678,666494,906700499992,,10 Provan Walk Glasgow G34 9DL ,,Easterhouse,16,21,North East,S02001906
257174,666804,1393,On,GC1994,Bank Street Bar Kitchen 54 Bank Street Glasgow G12 8LZ  ,Tulwinder Singh Rai,Gurdeep Singh Rai,2013/08/30 00:00:00+00,,Monday to,Premises ,135,,257174,666804,906700010977,,54 Bank Street Glasgow G12 8LZ ,,Hillhead / Woodlands,30,11,Hillhead,S02001937
258925,665508,1394,Off,GC2039,Robert Grahams Global Whisky Shop 111/3 West George Street Glasgow G2 1QR  ,Robert Graham Limited,Alison Bryce Logan,2013/09/04 00:00:00+00,,Monday to,Premises ,,31.8,258925,665508,906700109936,,111 West George Street Glasgow G2 1PB ,,City Centre / Merchant City,29,10,Anderston/City/Yorkhill,S02001934
258860,665528,1395,On & Off,GC2033,"Tony Macaroni Basement, Lower Ground and Upper Ground Floors 133 West George Street Glasgow G2 2JJ ",Omoa Limited,Alessandro Romano,2013/09/20 00:00:00+00,,On Sales ,Premises ,160,11.2,258860,665528,906700110696,,133 West George Street Glasgow G2 2JJ ,,City Centre / Merchant City,29,10,Anderston/City/Yorkhill,S02001934
256848,665448,1396,On & Off,GC1928,OVO Hydro Congress Road Glasgow G3 8YW  ,Scottish Event Campus Limited,Neil Dougherty,2013/09/23 00:00:00+00,,On Sales ,Premises ,14873,0,256848,665448,906700097509,,Scottish Event Campus Congress Road Glasgow G3 8YW ,,Yorkhill / Anderston,31,10,Anderston/City/Yorkhill,S02001936
257587,666875,1397,On,GC2027,393 Great Western Road Glasgow G4 9HY   ,The Glasgow Pasta Company Ltd,Fat Brestovca,2013/09/23 00:00:00+00,,Monday to,Premises ,48,,257587,666875,906700041111,,393 Great Western Road Glasgow G4 9HY ,,Hillhead / Woodlands,30,11,Hillhead,S02001937
258952,665508,1398,On,GC1963,Nippon Kitchen 91 West George Street Glasgow G2 1PB  ,Leigh Campbell-Wan,Leigh Campbell-Wan,2013/09/26 00:00:00+00,,Monday to,Premises ,180,,258952,665508,906700109809,,91 West George Street Glasgow G2 1PB ,,City Centre / Merchant City,29,10,Anderston/City/Yorkhill,S02001934
257077,665888,1399,On & Off,GC1993,1155 Argyle Street Glasgow G3 8TB   ,Chaud Behind Ltd,Ivan Joseph Stein,2013/09/26 00:00:00+00,,On Sales ,Premises ,54,0,257077,665888,906700006064,,1155 Argyle Street Glasgow G3 8TB ,,Yorkhill / Anderston,31,10,Anderston/City/Yorkhill,S02001936
257096,665916,1400,On,GC2011,Ramen Dayo Finnieston 1126 Argyle Street Glasgow G3 8TD  ,"The Partnership of Simon Green, Lucy",Harry James Savory,2013/09/26 00:00:00+00,,Monday to,Premises ,50,,257096,665916,906700005945,,1126 Argyle Street Glasgow G3 8TD ,,Yorkhill / Anderston,31,10,Anderston/City/Yorkhill,S02001936
257047,661875,1401,Off,GC2050,B & M Stores 84-88 Kilmarnock Road Glasgow G41 3NN  ,EV Retail Ltd,Rachel Stewart,2013/11/15 00:00:00+00,,Monday to,Premises ,,19.6,257047,661875,906700283386,,88 Kilmarnock Road Glasgow G41 3NN ,,Shawlands / Strathbungo,6,06,Pollokshields,S02001870
258864,665364,1402,On,GC2035,6 Renfield Street Glasgow G2 5AL   ,MZ Foods Ltd,Calum Crothall,2013/12/05 00:00:00+00,,Monday to,Premises ,35,,258864,665364,906700094121,,6 Renfield Street Glasgow G2 5AL ,,City Centre / Merchant City,29,10,Anderston/City/Yorkhill,S02001934
257652.27,666834.130000001,1403,Off,GC1966,Tesco Express 349 Great Western Road Glasgow G4 9HS  ,Tesco Stores Limited,David Edmondson,2013/12/09 00:00:00+00,,Monday to,Premises ,,29.94,257652.27,666834.13,906700500588,,349 Great Western Road Glasgow G4 9HS ,,Hillhead / Woodlands,30,11,Hillhead,S02001937
258987,661562,1404,On,GC2032,Queen's Park Football Club Pavilion Building Letherby Drive Glasgow G42 9BA ,The Queen's Park Football Club Limit,Christine Ann Wright,2013/12/13 00:00:00+00,,Monday to,Premises ,350,,258987,661562,906700291206,,Hampden Park Letherby Drive Glasgow G42 9BA ,,King's Park / Mount Florida,8,07,Langside,S02001887
257915,663119,1405,Off,GC2051,Mini Market 170 Darnley Street Glasgow G41 2LL  ,Mohammed Jamil,Zoheb Jamil,2013/12/13 00:00:00+00,,Monday to,Premises ,,3.5,257915,663119,906700164419,,170 Darnley Street Glasgow G41 2LL ,,Pollokshields East,54,06,Pollokshields,S02001864
252248,664126,1406,On,GC2060,Church Hall Our Lady and St George 50 Sandwood Road Glasgow G52 2QE  ,Church of Our Lady and St George,Robert Thomson,2013/12/13 00:00:00+00,,Monday to,Premises ,175,,252248,664126,906700214526,,50 Sandwood Road Glasgow G52 2QE ,,North Cardonald / Penilee,49,04,Cardonald,S02001854
266628,666521,1407,On,GC2013,Vue Cinema Unit 1 Cinema Block 60 Provan Walk Glasgow G34 9DL,Vue Entertainment Limited,Fraser Daniel Farquharson,2013/12/18 00:00:00+00,,Monday to,Premises ,1098,,266628,666521,906700499997,,60 Provan Walk Glasgow G34 9DL ,,Easterhouse,16,21,North East,S02001906
258596,665542,1408,On,GC2021,200 SVS 200 St Vincent Street Glasgow G2 5RQ  ,200 Conference and Events Ltd,Andrew Miller,2013/12/24 00:00:00+00,,Monday to,Premises ,512,,258596,665542,906700499536,,Storey Ground 200 St Vincent Street Glasgow G2 5SG ,,City Centre / Merchant City,29,10,Anderston/City/Yorkhill,S02001934
256749,661290,1409,On & Off,GC1981,LOKS Bar & Kitchen 16 Newlandsfield Road Glasgow G43 2XU  ,Grillphace Limited,Collette Collin,2014/01/22 00:00:00+00,,On Sales ,Premises ,375,18.71,256749,661290,906700290788,,16 Newlandsfield Road Glasgow G43 2XU ,,Pollokshaws / Mansewood,47,02,Newlands/Auldburn,S02001873
259064,664926,1410,Off,GC2067,Hotel Chocolat Unit GO 232 55 St Enoch Square Glasgow G1 4BW ,Hotel Chocolat Retail Limited,Efren Cruz III,2014/01/24 00:00:00+00,,Monday to,Premises ,,7.7,259064,664926,906700326153,,Management Suite St Enoch Shopping Centre 55 St Enoch Square Glasgow G1 4BW ,,City Centre / Merchant City,29,10,Anderston/City/Yorkhill,S02001934
259044,665684,1411,On & Off,GC1907,16 Bath Street Glasgow G2 1BH   ,Stascia Bantouvakis,Stascia Bantouvakis,2014/01/31 00:00:00+00,,On Sales ,Premises ,120,,259044,665684,906700353282,,16 Bath Street Glasgow G2 1HB ,,City Centre / Merchant City,29,10,Anderston/City/Yorkhill,S02001934
258227.79,662641.029999999,1412,Off,GC2023,Tesco Express Unit 3 440 Victoria Road Glasgow G42 8YU ,Tesco Stores Limited,,2014/01/31 00:00:00+00,,Monday to,Premises ,,25.3,258227.79,662641.03,906700340583,,436 Victoria Road Glasgow G42 8YU ,,Govanhill,4,08,Southside Central,S02001868
256217,666506,1413,On,GC1779,Proposed Restaurant/Bar 9-17 & 21 Partick Bridge Street Glasgow G11 6PN  ,Vijram Ltd,,2014/02/13 00:00:00+00,,Monday to,Premises ,284,,256217,666506,906700087684,,9 Partick Bridge Street Glasgow G11 6PN ,,Hyndland / Dowanhill / Partick East,32,23,Partick East/Kelvindale,S02001953
258780,665627,1414,On,GC2055,189 Hope Street Glasgow G2 2UL   ,Pui Kay Karen Tong,Pui Kay Karen Tong,2014/02/18 00:00:00+00,,Monday to,Premises ,60,,258780,665627,906700053818,,189 Hope Street Glasgow G2 2UL ,,City Centre / Merchant City,29,10,Anderston/City/Yorkhill,S02001934
258922,665397,1415,On,GC2046,19 West Nile Street Glasgow G1 2PS   ,Ting Thai Limited,Rosie Gilmour,2014/02/25 00:00:00+00,,Monday to,Premises ,80,,258922,665397,906700121923,,19 West Nile Street Glasgow G1 2PS ,,City Centre / Merchant City,29,10,Anderston/City/Yorkhill,S02001934
259520.0,664977.02,1416,On & Off,GC2068,6-18 Candleriggs Glasgow G1 1TD   ,Brewery House Limited,Paul Kelly,2014/02/25 00:00:00+00,,On Sales ,Premises ,515,32,259520,664977.02,906700324403,,18 Candleriggs Glasgow G1 1LD ,,City Centre / Merchant City,29,10,Anderston/City/Yorkhill,S02001932
258475,665870,1417,On,GC2054,Nando's 265 Sauchiehall Street Glasgow G2 3EZ  ,Nando's Chickenland Ltd,Sam Davies,2014/03/03 00:00:00+00,,Monday to,Premises ,106,,258475,665870,906700108775,,263 Sauchiehall Street Glasgow G2 3EZ ,,City Centre / Merchant City,29,10,Anderston/City/Yorkhill,S02001934
258964,665374,1418,On,GC2056,Las Iguanas 18 West Nile Street Glasgow G1 2PW  ,BTG Licenceco Ltd,Angelika Irena Wieremiej,2014/03/03 00:00:00+00,,Monday to,Premises ,225,,258964,665374,906700121922,,18 West Nile Street Glasgow G1 2PW ,,City Centre / Merchant City,29,10,Anderston/City/Yorkhill,S02001934
259100,667718,1419,Off,GC1879,144 Saracen Street Glasgow G22 7EG   ,Nazia Akhtar,Parvaz Akhtar,2014/04/03 00:00:00+00,,Monday to,Premises ,,12.385,259100,667718,906700095798,,144 Saracen Street Glasgow G22 5AR ,,Ruchill / Possilpark,38,16,Canal,S02001940
259296,666080,1420,On,GC2079,Students Association Bistro North Hanover Street Building Glasgow Caledonian University 70 Cowcaddens Roa,BaxterStorey Scotland Limited,Scott Nolan,2014/04/25 00:00:00+00,,Monday to,Premises ,200,0,259296,666080,906700091007,,Glasgow Caledonian University Campus 70 Cowcaddens Road Glasgow G4 0BA ,,City Centre / Merchant City,29,10,Anderston/City/Yorkhill,S02001933
259081,665334,1421,On & Off,GC2085,The Western Club 32 Royal Exchange Square Glasgow G1 3AB  ,The Western Club,Darren Blackburn,2014/04/25 00:00:00+00,,On Sales ,Premises ,214,1.7,259081,665334,906700102586,,32 Royal Exchange Square Glasgow G1 3AB ,,City Centre / Merchant City,29,10,Anderston/City/Yorkhill,S02001934
258773,665298,1422,On & Off,GC2017,"Gordon St Coffee and Alstons Bar + Beef Unit 19, Central Station 79 Gordon Street Glasgow G1 3SL ",Glendola Leisure 2 Ltd,,2014/05/12 00:00:00+00,,On Sales ,Premises ,195,21,258773,665298,906700327950,,Unit 19 Central Station 79 Gordon Street Glasgow G1 3SQ ,,City Centre / Merchant City,29,10,Anderston/City/Yorkhill,S02001934
260332,665287,1423,On & Off,GC2094,85 Drygate Glasgow G4 0UT   ,Drygate Brewing Company Limited,Chloe McCallum,2014/05/22 00:00:00+00,,On Sales ,Premises ,675,42,260332,665287,906700156653,,85 Drygate Glasgow G4 0UT ,,Dennistoun,12,22,Dennistoun,S02001931
258140,666045,1424,On & Off,GC2092,263 Renfrew Street Glasgow G3 6TT   ,Schumi Limited,Alexander Munro,2014/05/30 00:00:00+00,,On Sales ,Premises ,162,12.5,258140,666045,906700090433,,263 Renfrew Street Glasgow G3 6TT ,,City Centre / Merchant City,29,10,Anderston/City/Yorkhill,S02001933
259426,665245,1425,On,GC2038,158 Ingram Street Glasgow G1 1EJ   ,The National Trust for Scotland Ente,Kieran McAvoy,2014/06/10 00:00:00+00,,Monday to,Premises ,178,,259426,665245,906700330107,,Hutchesons Hall 158 Ingram Street Glasgow G1 1EJ ,,City Centre / Merchant City,29,10,Anderston/City/Yorkhill,S02001932
258704,665382,1426,On & Off,GC2076,Barburrito 115 Hope Street Glasgow G2 6LL  ,Barburrito Group Ltd,Lee Anne Clark,2014/06/24 00:00:00+00,,On Sales ,Premises ,100,2.6,258704,665382,906700066773,,115 Hope Street Glasgow G2 6LL ,,City Centre / Merchant City,29,10,Anderston/City/Yorkhill,S02001934
258964,665553,1427,On & Off,GC2042,69 West Nile Street Glasgow G2 1NF   ,DF Restaurant Limited,Zhijian Guan,2014/07/04 00:00:00+00,,On Sales ,Premises ,100,4.5,258964,665553,906700499948,,Storey Ground Moncrieff House 69 West Nile Street Glasgow G1 2QB ,,City Centre / Merchant City,29,10,Anderston/City/Yorkhill,S02001934
259536,664947,1428,On & Off,GC2093,Unit 2A 74 Trongate Glasgow G1 5EP  ,Asad Iqbal,Ashish Kumar Sharma,2014/07/04 00:00:00+00,,On Sales ,Premises ,20,,259536,664947,906700401010,,Unit 2A 74 Trongate Glasgow G1 5EP ,,City Centre / Merchant City,29,10,Anderston/City/Yorkhill,S02001932
263199,663721,1429,Off,GC2047,496 Tollcross Road Glasgow G31 4XX   ,Naheed Moeen,Piratheepan Thankavelu,2014/07/09 00:00:00+00,,Monday to,Premises ,,6.3,263199,663721,906700232018,,496 Tollcross Road Glasgow G31 4XX ,,Parkhead / Dalmarnock,27,09,Calton,S02001895
258889,665418,1430,On & Off,GC2089,89 St Vincent Street Glasgow G2 5TF   ,Topo La Bamba Limited,Hannah Catherine Dreghorn,2014/07/23 00:00:00+00,,On Sales ,Premises ,150,0,258889,665418,906700108335,,89 St Vincent Street Glasgow G2 5TF ,,City Centre / Merchant City,29,10,Anderston/City/Yorkhill,S02001934
256819,665106,1431,On & Off,GC2010,Premier Inn Phase 2 Pacific Quay Pacific Drive Glasgow ,Whitbread Group Plc,Luke Torrens,2014/08/01 00:00:00+00,,On Sales ,Premises ,361,4.7,256819,665106,906700500135,,Premier Inn 30 Pacific Quay Glasgow G51 1DZ ,,Ibrox / Kingston,2,05,Govan,S02001860
257595,662414,1432,On & Off,GC1987,McMillan's Steak and Chophouse 862 Pollokshaws Road Glasgow G41 2ET  ,Scott McMillan,Scott McMillan,2014/09/09 00:00:00+00,,On Sales ,Premises ,180,0,257595,662414,906700297678,,862 Pollokshaws Road Glasgow G41 2ET ,,Shawlands / Strathbungo,6,06,Pollokshields,S02001870
259377.87,665461.32,1433,On & Off,GC2062,Z Hotel 36 North Frederick Street Glasgow G1 2BS  ,Scion Hotel Operations (Glasgow) LLP,Donald Cameron,2014/09/12 00:00:00+00,,On Sales ,Premises ,30,6.6,259377.87,665461.32,906700090004,,Z Hotel 36 North Frederick Street Glasgow G1 2BS ,,City Centre / Merchant City,29,10,Anderston/City/Yorkhill,S02001932
259612,665083,1434,On,GC2109,NQ64 69 Albion Street Glasgow G1 1NY  ,CDLH Surveyors Limited,Thomas Rowe,2014/09/25 00:00:00+00,,Monday to,Premises ,272,,259612,665083,906700358414,,69 Albion Street City Centre Glasgow G1 1NY ,,City Centre / Merchant City,29,10,Anderston/City/Yorkhill,S02001932
263233,668304,1435,On & Off,GC2078,The Wallace Well Farm 2 Robroyston Gate Glasgow G33 1JN  ,Greene King Brewing & Retailing Limi,Simon Robert James,2014/10/08 00:00:00+00,,On Sales ,Premises ,400,23.5,263233,668304,906700418057,,1 Robroyston Oval Glasgow G33 1AP ,,Robroyston / Millerston,25,17,Springburn/Robroyston,S02001918
253363,661208,1436,On & Off,GC2090,Tony Macaroni Unit R4 Silverburn Shopping Centre 763 Barrhead Road Glasgow G53 6AG,Omoa Limited,Antonella Salkeld,2014/10/08 00:00:00+00,,On Sales ,Premises ,135,1.49,253363,661208,906700421215,,Management Suite Silverburn Shopping Centre 763 Barrhead Road Glasgow G53 6AG ,,Priesthill / Househillwood,45,03,Greater Pollok,S02001845
258679,665248,1437,Off,GC2108,47 Hope Street Glasgow G2 6AE   ,Day to Day (Scotland) Ltd ,Sanjiv Kadyan,2014/10/09 00:00:00+00,,Monday to,Premises ,,15.4,258679,665248,906700064966,,47 Hope Street Glasgow G2 6AE ,,City Centre / Merchant City,29,10,Anderston/City/Yorkhill,S02001934
255664,667289,1438,Off,GC2063,37-39 Clarence Drive Glasgow G12 9QN   ,Gurdeep Singh,Gurdeep Singh,2014/10/17 00:00:00+00,,Monday to,Premises ,,12.3,255664,667289,906700021253,,37 Clarence Drive Glasgow G12 9QN ,,Hyndland / Dowanhill / Partick East,32,23,Partick East/Kelvindale,S02001956
253363,661208,1439,On,GC2091,TGI Friday's Unit 6 Silverburn Shopping Centre 763 Barrhead Road Glasgow ,Thursdays (UK) Limited,Craig Andrew Latimer,2014/10/17 00:00:00+00,,Monday to,Premises ,280,,253363,661208,906700421219,,K1 Silverburn Shopping Centre 763 Barrhead Road Glasgow G53 6AG ,,Priesthill / Househillwood,45,03,Greater Pollok,S02001845
261317,665593,1440,On,GC2097,506 Alexandra Parade Glasgow G31 3BQ   ,Eufemio Perella,Romano Perella,2014/10/29 00:00:00+00,,Monday to,Premises ,60,,261317,665593,906700366210,,506 Alexandra Parade Glasgow G31 3BQ ,,Dennistoun,12,22,Dennistoun,S02001927
254854,667370,1441,Off,GC2086,Key Store Express 312 Crow Road Glasgow G11 7HS  ,Joravi Stores Ltd,Prabhjot Singh,2014/11/07 00:00:00+00,,Monday to,Premises ,,9.2,254854,667370,906700352923,,308 Crow Road Glasgow G11 7HS ,,Broomhill / Partick West,33,12,Victoria Park,S02001959
259288,662175,1442,Off,GC2095,Aikenhead Filing Station 505 Aikenhead Road Glasgow G42 0PN  ,Certas Energy UK limited,Angela Ritchie ,2014/11/20 00:00:00+00,,Monday to,Premises ,,6.2,259288,662175,906700373698,,505 Aikenhead Road Glasgow G42 0PN ,,Toryglen,5,07,Langside,S02001888
257450,665713,1443,On & Off,GC2116,Chateau-X 10 Claremont Street Glasgow G3 7HA  ,Stealth Installations Ltd,Annmarie Scott,2014/11/28 00:00:00+00,,On Sales ,Premises ,120,12.9,257450,665713,906700320384,,10 Claremont Street Glasgow G3 7HA ,,Yorkhill / Anderston,31,10,Anderston/City/Yorkhill,S02001935
258963,665404,1444,On,GC2112,Bread Meats Bread 65 St Vincent Street Glasgow G2 5TF  ,BMB LIC Limited,Katherine Elizabeth Kee,2014/12/10 00:00:00+00,,Monday to,Premises ,120,,258963,665404,906700107543,,65 St Vincent Street Glasgow G2 5TF ,,City Centre / Merchant City,29,10,Anderston/City/Yorkhill,S02001934
257894,665991,1445,On,GC2123,Umami 523 Sauchiehall Street Glasgow G3 7PQ  ,Libao Chen,Wei Chen,2014/12/12 00:00:00+00,,Monday to,Premises ,50,,257894,665991,906700104461,,523 Sauchiehall Street Glasgow G3 7PQ ,,Yorkhill / Anderston,31,10,Anderston/City/Yorkhill,S02001935
257648,666537,1446,Off,GC2118,224 Woodlands Road Glasgow G3 6LN   ,Parmod Kumar,Sanjay Kumar Verma,2014/12/17 00:00:00+00,,Monday to,Premises ,,11,257648,666537,906700122412,,224 Woodlands Road Glasgow G3 6LN ,,Hillhead / Woodlands,30,11,Hillhead,S02001937
257130.0,665861.08,1447,On & Off,GC2100,Porter & Rye 1131 Argyle Street Glasgow G3 8ND  ,Khole Ltd,Craig Murray,2014/12/23 00:00:00+00,,On Sales ,Premises ,73,0,257130,665861.08,906700319645,,1131 Argyle Street Glasgow G3 8ND ,,Yorkhill / Anderston,31,10,Anderston/City/Yorkhill,S02001936
261388,668330,1448,Off,GC2057,Lifestyle Express 10 Balornock Road Glasgow G21 3UH  ,Gurpreet Singh Sohal,Gurpreet Singh Sohal,2015/01/07 00:00:00+00,,Monday to,Premises ,,20.6,261388,668330,906700130934,,10 Balornock Road Glasgow G21 3UH ,,Balornock/ Barmulloch,26,17,Springburn/Robroyston,S02001922
256751,666122,1449,Off,GC2034,Tesco Express 1325 Argyle Street Glasgow G3 8TL  ,Tesco Stores Limited,Christopher Willis,2015/01/08 00:00:00+00,,Monday to,Premises ,,22.964,256751,666122,906700502291,,1325 Argyle Street Glasgow G3 8TL ,,Yorkhill / Anderston,31,10,Anderston/City/Yorkhill,S02001936
253363,661208,1450,On & Off,GC2064,Zizzi's Restaurant 3 Silverburn Shopping Centre Barrhead Road Glasgow ,Ask Italian Restaurants Limited,John Merrick,2015/01/22 00:00:00+00,,On Sales ,Premises ,122,0,253363,661208,906700421215,,Management Suite Silverburn Shopping Centre 763 Barrhead Road Glasgow G53 6AG ,,Priesthill / Househillwood,45,03,Greater Pollok,S02001845
257030,668583,1451,On & Off,GC2137,Divans Darbar 1348 Maryhill Road Glasgow G20 9DG  ,Iqra Iqbal,Vibinkumar Krishna Gopalak,2015/01/23 00:00:00+00,,On Sales ,Premises ,120,4.5,257030,668583,906700076351,,1348 Maryhill Road Glasgow G20 9DG ,,Maryhill Road Corridor,39,15,Maryhill,S02001949
253363,661208,1452,On & Off,GC2061,Mozza Silverburn Shopping Centre Barrhead Road Glasgow G53 6QR ,Omoa Limited,Alison Linning,2015/01/26 00:00:00+00,,On Sales ,Premises ,90,1.7,253363,661208,906700421215,,Management Suite Silverburn Shopping Centre 763 Barrhead Road Glasgow G53 6AG ,,Priesthill / Househillwood,45,03,Greater Pollok,S02001845
253363,661208,1453,On,GC2138,Cosmo Unit 8 Silverburn Shopping Centre Glasgow G53 6AG ,Glasgow Capital Limited,Sathiyanarayanan Praveenku,2015/02/19 00:00:00+00,,Monday to,Premises ,220,,253363,661208,906700421215,,Management Suite Silverburn Shopping Centre 763 Barrhead Road Glasgow G53 6AG ,,Priesthill / Househillwood,45,03,Greater Pollok,S02001845
261491,664620,1454,Off,GC2110,Home Bargains Unit 1 901 Gallowgate Glasgow G31 4BW ,T.J. Morris (Scot) Limited,Michael Whyte,2015/02/27 00:00:00+00,,Monday to,Premises ,,38.6,261491,664620,906700175774,,Forge Retail Park 901 Gallowgate Glasgow G31 4BW ,,Parkhead / Dalmarnock,27,09,Calton,S02001929
256928,669429,1455,Off,GC2120,129 Glenavon Road Glasgow G20 0LH   ,Alok Saily,Alok Saily,2015/03/09 00:00:00+00,,Monday to,Premises ,,9.2,256928,669429,906700042476,,129 Glenavon Road Glasgow G20 0HS ,,North Maryhill / Summerston,36,15,Maryhill,S02001947
256455,666819,1456,Off,GC2124,104 Byres Road Glasgow G12 8TB   ,Aruna Moola Ltd,Vamshidhar Moola,2015/03/09 00:00:00+00,,Monday to,Premises ,,6.5,256455,666819,906700020722,,104 Byres Road Glasgow G12 8TB ,,Hillhead / Woodlands,30,11,Hillhead,S02001952
265280,663820,1457,Off,GC2080,380 Ardgay Street Glasgow G32 9EE   ,Waseem Ahmed,Waseem Ahmed,2015/04/07 00:00:00+00,,Monday to,Premises ,,11.9,265280,663820,906700127305,,380 Ardgay Street Glasgow G32 9EE ,,Mount Vernon / East Shettleston,55,19,Shettleston,S02001910
256260,666571,1458,Off,GC2130,Sainsbury's Local 22-24 Byres Road Glasgow G11 5JY  ,Sainsbury's SL Limited,Gordon MacDonald,2015/04/30 00:00:00+00,,Monday to,Premises ,,24.65,256260,666571,906700020364,,24 Byres Road Glasgow G11 5JY ,,Hyndland / Dowanhill / Partick East,32,23,Partick East/Kelvindale,S02001953
254829,667333,1459,Off,GC2143,Popwines 305 Crow Road Glasgow G11 7BU  ,Gillian Kirkland,Ross Cameron,2015/05/11 00:00:00+00,,Monday to,Premises ,,2.8,254829,667333,906700031990,,305 Crow Road Glasgow G11 7BU ,,Broomhill / Partick West,33,12,Victoria Park,S02001959
258017,666066,1460,On & Off,GC2144,Gesso 20-22 St Georges Road Glasgow G3 6UJ  ,Devinder S Dhesi,Parvinder Dhesi,2015/05/18 00:00:00+00,,On Sales ,Premises ,135,1.05,258017,666066,906700102257,,Charing Cross Mansions 22 St Georges Road Glasgow G3 6UJ ,,City Centre / Merchant City,29,10,Anderston/City/Yorkhill,S02001933
260071,664637,1461,On & Off,GC2103,Unit 7 Internal Courtyard and External Areas Barras Art and Design Centre 54 Calton Entry Glasgow G40 2BS,Rock DCM Limited,Laura Quintana Sellas,2015/05/20 00:00:00+00,,On Sales ,Premises ,1200,13,260071,664637,906700145706,,Unit 7 54 Calton Entry Glasgow G40 2SB ,,Calton / Bridgeton,28,09,Calton,S02001891
266515.74,666109.08,1462,On & Off,GC2139,Marks & Spencer Unit 9 Glasgow Fort Retail Park Glasgow  ,Marks and Spencer PLC,Aidan David Marsh,2015/05/20 00:00:00+00,,On Sales ,Premises ,180,70,266515.74,666109.08,906700505134,,Block 9 480 Provan Walk Glasgow G34 9DL ,,Easterhouse,16,21,North East,S02001906
259078.98,667953.42,1463,On,GC2041,Balmore Bar 251 Saracen Street Glasgow G22 5JX  ,Trust Inns Limited,Elaine Eadie,2015/05/29 00:00:00+00,,Monday to,Premises ,116,,259078.98,667953.42,906700105204,,251 Saracen Street Glasgow G22 5JX ,,Ruchill / Possilpark,38,16,Canal,S02001942
258990,665652,1464,Off,GC2135,105 West Nile Street Glasgow G1 2SD   ,The Good Spirits Company (Scotland) ,Jane Victoria Wilson,2015/06/08 00:00:00+00,,Monday to,Premises ,,69,258990,665652,906700117024,,105 West Nile Street Glasgow G1 2SD ,,City Centre / Merchant City,29,10,Anderston/City/Yorkhill,S02001934
252667,669586,1465,Off,GC2115,172-174 Archerhill Road Glasgow G13 3JG   ,Javinder Kaur Bassi,Param Jit Singh Bassi,2015/06/10 00:00:00+00,,Monday to,Premises ,,17.8,252667,669586,906700502237,,174 Archerhill Road Glasgow G13 3JG ,,Knightswood,19,13,Garscadden/Scotstounhill,S02001967
257855,665988,1466,Off,GC2126,Co-op 557 Sauchiehall Street Glasgow G3 7PQ  ,Co-operative Group Food Limited,Alexander Anthony Thomas S,2015/06/10 00:00:00+00,,Monday to,Premises ,,25.73,257855,665988,906700320068,,557 Sauchiehall Street Glasgow G3 7PQ ,,Yorkhill / Anderston,31,10,Anderston/City/Yorkhill,S02001935
266467,666152,1467,On & Off,GC2145,Wagamama Block E Glasgow Fort Retail Park Glasgow  ,Wagamama Limited,Grant Oliver,2015/06/16 00:00:00+00,,On Sales ,Premises ,184,0,266467,666152,906700505135,,745 Provan Walk Glasgow G34 9DY ,,Easterhouse,16,21,North East,S02001906
253363,661208,1468,On,GC2155,Cineworld Cinema Silverburn Shopping Centre 763 Barrhead Road Glasgow G53 6AG ,Cineworld Cinemas Limited,Helen Elizabeth Baird,2015/07/09 00:00:00+00,,Monday to,Premises ,2044,,253363,661208,906700421215,,Management Suite Silverburn Shopping Centre 763 Barrhead Road Glasgow G53 6AG ,,Priesthill / Househillwood,45,03,Greater Pollok,S02001845
256696,665115,1469,On & Off,GC2106,Village Hotel Glasgow 7 Festival Gate Glasgow G51 1DA  ,Vur Village Trading No1 Limited ,Jamie Thomas Stevens,2015/07/10 00:00:00+00,,On Sales ,Premises ,795,35,256696,665115,906700399768,,40 Pacific Quay Glasgow G51 1DA ,,Ibrox / Kingston,2,05,Govan,S02001860
258942,665478,1470,On & Off,GC2149,Cote 41-43 West Nile Street Glasgow G1 2PT  ,Rosa's London Limited,Clare Johnstone,2015/07/10 00:00:00+00,,On Sales ,Premises ,92,9.6,258942,665478,906700122027,,43 West Nile Street Glasgow G1 2PT ,,City Centre / Merchant City,29,10,Anderston/City/Yorkhill,S02001934
258090,666381,1471,On & Off,GC2160,Ka Ka Lok 175 St Georges Road Glasgow Glasgow City G3 6JD ,Guoming Zhu,Jiansheng Zhu,2015/07/24 00:00:00+00,,On and Of,Premises ,40,0,258090,666381,906700103916,,175 St Georges Road Glasgow G3 6JD ,,Hillhead / Woodlands,30,11,Hillhead,S02001937
256168,660961,1472,Off,GC2084,Home Bargains Unit 2A Auldhouse Retail Park Glasgow G43 1AP ,T.J. Morris (Scot) Limited,Alana Whyte,2015/08/04 00:00:00+00,,Monday to,Premises ,,32.65,256168,660961,906700258157,,60 Cogan Street Glasgow G43 1AP ,,Pollokshaws / Mansewood,47,02,Newlands/Auldburn,S02001873
259238,665245,1473,On & Off,GC2168,94 Miller Street Glasgow G1 1DT   ,Paesano Pizza Limited,Audrey Stevenson,2015/08/06 00:00:00+00,,On Sales ,Premises ,156,0,259238,665245,906700085491,,94 Miller Street City Centre Glasgow G1 1DT ,,City Centre / Merchant City,29,10,Anderston/City/Yorkhill,S02001932
256834,669871,1474,On & Off,GC2165,The Black Horse 14 Gorstan Street Glasgow G23 5QA  ,Trust Inns Limited,Anne White,2015/08/20 00:00:00+00,,On Sales ,Premises ,210,24,256834,669871,906700052335,,14 Gorstan Street Glasgow G23 5QA ,,North Maryhill / Summerston,36,15,Maryhill,S02001946
258917.24,665353.5,1475,On & Off,GC2171,BI BIM BAP 3 West Nile Street Glasgow G1 2PR  ,BAP 13 Limited,Callum Dickson,2015/08/20 00:00:00+00,,On Sales ,Premises ,100,2.7,258917.24,665353.5,906700121919,,3 West Nile Street Glasgow G1 2PR ,,City Centre / Merchant City,29,10,Anderston/City/Yorkhill,S02001934
257109,661858,1476,On & Off,GC2166,McFly's Southside 67 Kilmarnock Road Glasgow G41 3YR  ,Glenfield Limited,Adam McGuinness,2015/09/21 00:00:00+00,,On Sales ,Premises ,50,9.7,257109,661858,906700280936,,67 Kilmarnock Road Glasgow G41 3YR ,,Langside / Battlefield,7,07,Langside,S02001871
256880,661478,1477,On & Off,GC2183,The Dapper Mongoose 248 Kilmarnock Road Glasgow G43 1TT  ,The Dapper Mongoose Ltd,Andrew Logan,2015/09/22 00:00:00+00,,On Sales ,Premises ,42,0,256880,661478,906700278007,,248 Kilmarnock Road Glasgow G43 1TT ,,Shawlands / Strathbungo,6,06,Pollokshields,S02001870
258697.86,665347.15,1478,Off,GC2053,Tesco Express 99/101 Hope Street Glasgow G2 6LL  ,Tesco Stores Limited,Euan Fraser,2015/10/01 00:00:00+00,,Monday to,Premises ,,24.2,258697.86,665347.15,906700065987,,99 Hope Street Glasgow G2 6LL ,,City Centre / Merchant City,29,10,Anderston/City/Yorkhill,S02001934
259235,665182,1479,On,GC2182,Ibis Styles 74 Miller Street Glasgow G1 1DT  ,MCTH (Trading) Ltd,Paula Ross,2015/10/06 00:00:00+00,,Monday to,Premises ,135,,259235,665182,906700321226,,Flat 1/1 70 Miller Street City Centre Glasgow G1 1DT ,,City Centre / Merchant City,29,10,Anderston/City/Yorkhill,S02001932
259395,665202,1480,On & Off,GC2127,DogHouse 99 Hutcheson Street Glasgow G1 1SN  ,BrewDog Retail Limited,Caitlin Marie Halligan,2015/10/28 00:00:00+00,,On Sales ,Premises ,170,19.1,259395,665202,906700056375,,99 Hutcheson Street Glasgow G1 1SN ,,City Centre / Merchant City,29,10,Anderston/City/Yorkhill,S02001932
253363,661208,1481,On,GC2188,Thaikhun Restaurant Unit 5 Silverburn Shopping Centre Glasgow G53 6AG ,Thaikhun Limited,Chatturawit Parinthong,2015/11/05 00:00:00+00,,Monday to,Premises ,135,,253363,661208,906700421215,,Management Suite Silverburn Shopping Centre 763 Barrhead Road Glasgow G53 6AG ,,Priesthill / Househillwood,45,03,Greater Pollok,S02001845
257030,668583,1482,On & Off,GC2142,The Politician 1350 Maryhill Road Glasgow G20 9DG  ,Rohail Iqbal,Isobel Marie Lafferty,2015/11/13 00:00:00+00,,On Sales ,Premises ,,18.5,257030,668583,906700076352,,1350 Maryhill Road Glasgow G20 9DG ,,Maryhill Road Corridor,39,15,Maryhill,S02001949
257387.59,666694.92,1483,On & Off,GC2197,Eusebi Deli 154 Park Road Hillhead Glasgow G4 9HB ,Eusebi Deli Glasgow Limited,Michael Prior,2016/02/09 00:00:00+00,,On and Of,Premises ,70,23,257387.59,666694.92,906700349010,,154 Park Road Woodlands Glasgow G4 9HB ,,Hillhead / Woodlands,30,11,Hillhead,S02001937
258875,665060,1484,Off,GC2157,Sainsbury's Local Unit 6 201 Argyle Street Glasgow G2 2BU ,Sainsbury's SL Limited,Benjamin John Hinchliffe,2016/02/16 00:00:00+00,,Monday to,Premises ,,16.55,258875,665060,906700005924,,Unit 6 167 - 201 Argyle Street Glasgow G2 8BU ,,City Centre / Merchant City,29,10,Anderston/City/Yorkhill,S02001934
253291.43,658993.73,1485,On & Off,GC2113,1 Leggatston Avenue Glasgow G53 7PW   ,Marston's Operating Limited,Mateo Owen Eduardo Ventise,2016/02/17 00:00:00+00,,On Sales ,Premises ,290,3,253291.43,658993.73,906700510336,,The Old Plane Tree 1 Leggatston Avenue Glasgow G53 7PW ,,South Nitshill / Darnley,46,03,Greater Pollok,S02001843
263022,665984,1486,Off,GC2164,Lifestyle Express 28 Smithycroft Road Glasgow G33 2RH  ,Harkawal Kaur,Harkawal Kaur,2016/03/15 00:00:00+00,,Monday to,Premises ,,22.7,263022,665984,906700105556,,28 Smithycroft Road Glasgow G33 2RQ ,,Riddrie / Cranhill,11,18,East Centre,S02001916
258934,665551,1487,On & Off,GC2177,Stack & Still 100 West George Street Glasgow G2 1NF  ,Stack and Still Limited,Michael Cassidy,2016/03/24 00:00:00+00,,On Sales ,Premises ,190,0,258934,665551,906700109929,,100 West George Street Glasgow G2 1PJ ,,City Centre / Merchant City,29,10,Anderston/City/Yorkhill,S02001934
252498.4,665658.42,1488,Off,GC2201,John G Russell 8A Deanside Road Glasgow G52 4RA  ,John G Russell (Transport) Ltd,David Samuel Gribbin,2016/03/31 00:00:00+00,,Monday to,Premises ,,0,252498.4,665658.42,906700160949,,8 Deanside Road Hillington Glasgow G52 4RA ,,North Cardonald / Penilee,49,04,Cardonald,S02001855
257091,667170,1489,On & Off,GC2161,Chinese Restaurant 609 Great Western Road Glasgow Glasgow City G12 8HX ,Non-Viet Two Limited,Xia Chen,2016/04/08 00:00:00+00,,On Sales ,Premises ,50,3.5,257091,667170,906700057739,,609 Great Western Road Glasgow G12 8HX ,,Hillhead / Woodlands,30,11,Hillhead,S02001952
258561,665729,1490,On & Off,GC2172,179 West Regent Street Glasgow G2 4DZ   ,Dakota Hospitality Limited,Andrew Robert Doherty,2016/04/14 00:00:00+00,,On Sales ,Premises ,220,0,258561,665729,906700121271,,176 West Regent Street Glasgow G2 4RL ,,City Centre / Merchant City,29,10,Anderston/City/Yorkhill,S02001934
259182,665217,1491,On,GC2152,Travelodge 78 Queen Street Glasgow G1 3DN  ,Travelodge Limited,Lindsay McNally,2016/04/19 00:00:00+00,,Monday to,Premises ,200,,259182,665217,906700325952,,Storey 1 78 Queen Street Glasgow G1 3DN ,,City Centre / Merchant City,29,10,Anderston/City/Yorkhill,S02001932
258644,665745,1492,On,GC2215,Hampton by Hilton 140 West Campbell Street Glasgow G2 4TZ  ,Curo Hotels (West Campbell) Limited,Andrew Millarkie,2016/04/26 00:00:00+00,,Monday to,Premises ,200,,258644,665745,906700112476,,Hampton By Hilton Glasgow Central 140 West Campbell Street Glasgow G2 4TZ ,,City Centre / Merchant City,29,10,Anderston/City/Yorkhill,S02001934
258984,665745,1493,On & Off,GC2185,Bella Italia 47-49 Sauchiehall Street Glasgow G2 3AT  ,BTG Licenceco Ltd,Greg Henderson,2016/05/10 00:00:00+00,,On Sales ,Premises ,200,12.5,258984,665745,906700347044,,47 Sauchiehall Street Glasgow G2 3AT ,,City Centre / Merchant City,29,10,Anderston/City/Yorkhill,S02001934
252547,663868,1494,Off,GC2202,Universe Petrol Filling Station 2165 Paisley Road West Glasgow G52 3PF  ,Grove Retail Limited,Tracy Menzies,2016/05/19 00:00:00+00,,Monday to,Premises ,,8.58,252547,663868,906700200202,,2165 Paisley Road West Glasgow G52 3PF ,,Crookston /South Cardonald,51,04,Cardonald,S02001852
253363,661208,1495,On,GC2205,Tortilla Unit X12 Silverburn Shopping Centre 769 Barrhead Road Glasgow G53 6AG,Mexican Grill Ltd,Sabrina Leite Leopoldino,2016/06/18 00:00:00+00,,Monday to,Premises ,70,,253363,661208,906700421215,,Management Suite Silverburn Shopping Centre 763 Barrhead Road Glasgow G53 6AG ,,Priesthill / Househillwood,45,03,Greater Pollok,S02001845
263774,663542,1496,On,GC2029,Tollcross International Swimming Centre 360 Wellshot Road Glasgow G32 7QR  ,Glasgow City Council,Karen Stewart,2016/06/22 00:00:00+00,,Monday to,Premises ,1077,,263774,663542,906700319266,,Tollcross Leisure Centre 360 Wellshot Road Glasgow G32 7QR ,,Tollcross / West Shettleston,56,19,Shettleston,S02001895
258140,665957,1497,Off,GC2195,403 Sauchiehall Street Glasgow G2 3LG   ,Manjit Kaur,Manjit Kaur,2016/06/27 00:00:00+00,,Monday to,Premises ,,10.25,258140,665957,906700096727,,403 Sauchiehall Street Glasgow G2 3LG ,,City Centre / Merchant City,29,10,Anderston/City/Yorkhill,S02001933
258084,666416,1498,On & Off,GC2210,17 West Princes Street Glasgow G4 9BS   ,Morayness Limited,Xuying Li,2016/07/01 00:00:00+00,,On Sales ,Premises ,50,0,258084,666416,906700340146,,17 West Princes Street Glasgow G4 9BS ,,Hillhead / Woodlands,30,11,Hillhead,S02001937
257579,666937,1499,On & Off,GC2075,Webster's Theatre 416 Great Western Road Glasgow G4 9HZ  ,Fact Five Limited,Erin Catherine McGeough,2016/07/14 00:00:00+00,,On Sales ,Premises ,435,5.5,257579,666937,906700326509,,416 Great Western Road Glasgow G4 9HZ ,,Hillhead / Woodlands,30,11,Hillhead,S02001939
252098.09,662499.16,1500,Off,GC2208,Tesco Express 592 Crookston Road Glasgow G53 7TY  ,PTLL Limited,Alan Murphy,2016/07/20 00:00:00+00,,Monday to,Premises ,,26.47,252098.09,662499.16,906700510694,,592 Crookston Road Glasgow G53 7TZ ,,Pollok,44,03,Greater Pollok,S02001849
260545,665246,1501,On & Off,GC2170,Visitor Centre Wellpark Brewery 161 Duke Street Glasgow G31 1JD ,Scotsman Group plc,Angeles Jimenez Jarreta,2016/09/16 00:00:00+00,,On Sales ,Premises ,100,4.3,260545,665246,906700378791,,161 Duke Street Glasgow G31 1JD ,,Dennistoun,12,22,Dennistoun,S02001932
258858,665608,1502,On,GC2223,53 West Regent Street Glasgow G2 2AE   ,Waterflow LIC Limited,,2016/09/16 00:00:00+00,,Monday to,Premises ,194,,258858,665608,906700118585,,Castle Chambers 53 West Regent Street Glasgow G2 2AE ,,City Centre / Merchant City,29,10,Anderston/City/Yorkhill,S02001934
259220,665160,1503,On & Off,GC2231,The Spiritualist Stirlings Library 62 Miller Street Glasgow G1 1DT ,Signature Pubs Limited,Neringa Vaitkeviciute,2016/09/16 00:00:00+00,,On Sales ,Premises ,210,92,259220,665160,906700083809,,62 Miller Street City Centre Glasgow G1 1DT ,,City Centre / Merchant City,29,10,Anderston/City/Yorkhill,S02001932
258908,665460,1504,On & Off,GC2162,90 St Vincent Street Glasgow G2 5UB   ,LFR Leisure Limited,Douglas Coupland,2016/10/13 00:00:00+00,,On Sales ,Premises ,200,0,258908,665460,906700356541,,Storey Ground/Basement 90 St Vincent Street Glasgow G2 5UB ,,City Centre / Merchant City,29,10,Anderston/City/Yorkhill,S02001934
260740,666329,1505,Off,GC2114,130-132 Royston Road Glasgow G21 2PA   ,Papinder Gill,Lorna Marie Tierney,2016/11/03 00:00:00+00,,Monday to,Premises ,,15.5,260740,666329,906700207546,,132 Royston Road Glasgow G21 2PA ,,Sighthill / Roystonhill / Germiston,23,22,Dennistoun,S02001926
257909,666241,1506,On & Off,GC2225,48 Woodlands Road Glasgow G3 6UR   ,Michelle McGeown,Michelle McGeown,2016/11/18 00:00:00+00,,On and Of,Premises ,40,10,257909,666241,906700120639,,48 Woodlands Road Glasgow G3 6UR ,,Hillhead / Woodlands,30,11,Hillhead,S02001937
259523,664952,1507,On & Off,GC2233,Buck's Bar Trongate 96 Trongate Glasgow G1 5EP  ,CDLH Surveyors Limited,Marzena Elzbieta Kwiek,2016/11/29 00:00:00+00,,On Sales ,Premises ,97,3,259523,664952,906700326019,,96 Trongate Glasgow G1 5EP ,,City Centre / Merchant City,29,10,Anderston/City/Yorkhill,S02001932
257057,665943,1508,On & Off,GC2206,Sano 1146 Argyle Street Glasgow G3 8TE  ,Westend Entertainment Limited,Shona Louise Garrett,2016/12/07 00:00:00+00,,On Sales ,Premises ,128,3.24,257057,665943,906700006054,,1146 Argyle Street Glasgow G3 8TE ,,Yorkhill / Anderston,31,10,Anderston/City/Yorkhill,S02001936
255762.68,661772.289999999,1509,On & Off,GC2243,Shawholm Pollok Country Park 2060 Pollokshaws Road Glasgow G43 1AT ,The W Football Academy Trading LTD,,2016/12/16 00:00:00+00,,On Sales ,Premises ,80,4.53,255762.68,661772.29,906700399248,,W Academy Pollok Country Park 2060 Pollokshaws Road Glasgow G43 1AT ,,Pollokshaws / Mansewood,47,02,Newlands/Auldburn,S02001869
258893,665482,1510,On,GC2221,36 Renfield Street Glasgow G2 1LU   ,Inventive Service Company Limited,Jake McCarthy,2016/12/19 00:00:00+00,,Monday to,Premises ,500,,258893,665482,906700331024,,Storey 1 36 Renfield Street Glasgow G2 1LU ,,City Centre / Merchant City,29,10,Anderston/City/Yorkhill,S02001934
259234,665197,1511,On,GC2083,The Spanish Butcher 80 Miller Street Glasgow G1 1TD  ,Seventeensixty Limited,Andrew David Knight,2016/12/23 00:00:00+00,,Monday to,Premises ,197,,259234,665197,906700085368,,80 Miller Street City Centre Glasgow G1 1DT ,,City Centre / Merchant City,29,10,Anderston/City/Yorkhill,S02001932
259499,664908,1512,On & Off,GC2179,7 King Street Glasgow G1 5QZ   ,Bario Brothers Ltd,George Black,2016/12/23 00:00:00+00,,On Sales ,Premises ,60,6,259499,664908,906700076602,,7 King Street Glasgow G1 5QZ ,,City Centre / Merchant City,29,10,Anderston/City/Yorkhill,S02001932
259735,668211,1513,On,GC2190,Ashfield Allied Stadium 404 Hawthorn Street Glasgow G22 6RU  ,Ashfield Allied Limited,David John Facenna,2017/02/08 00:00:00+00,,Monday to,Premises ,2066,,259735,668211,906700055402,,404 Hawthorn Street Glasgow G22 6RU ,,Ruchill / Possilpark,38,16,Canal,S02001942
257858,662604,1514,On & Off,GC2242,Marchtown 741 Pollokshaws Road Glasgow G41 2AA  ,Marchtown Limited,Anthony Paul Reynolds,2017/03/02 00:00:00+00,,On Sales ,Premises ,50,11,257858,662604,906700289933,,741 Pollokshaws Road Glasgow G41 2AA ,,Shawlands / Strathbungo,6,08,Southside Central,S02001868
255806,666508,1515,Off,GC2150,Lidl Great Britain Limited 19 Beith Street Glasgow G11 6DQ  ,Lidl Great Britain Limited,Euan James Barr,2017/03/16 00:00:00+00,,Monday to,Premises ,,60.8,255806,666508,906700003856,,Flat 0/1 17 Anderson Street Glasgow G11 6AG ,,Hyndland / Dowanhill / Partick East,32,23,Partick East/Kelvindale,S02001953
266551.21,666518.810000001,1516,On,GC2222,Bread Meats Bread 90 Provan Walk Glasgow G34 9DL  ,BMB LIC Limited,Tania Marisa Da Silva Ferr,2017/04/10 00:00:00+00,,Monday to,Premises ,140,,266551.21,666518.81,906700515326,,90 Provan Walk Glasgow G34 9DL ,,Easterhouse,16,21,North East,S02001906
263904,663350,1517,Off,GC2255,Price Cutter 961 Tollcross Road Glasgow G32 8UR  ,Muhdin Enterprises Limited,Muhammad Kaleem,2017/04/11 00:00:00+00,,Monday to,Premises ,,19.7,263904,663350,906700226652,,961 Tollcross Road Glasgow G32 8UR ,,Tollcross / West Shettleston,56,19,Shettleston,S02001896
257346,667022,1518,On & Off,GC2236,471 Great Western Road Glasgow G12 8HL   ,Enoteca Scotland Limited,Paul Stevenson,2017/04/20 00:00:00+00,,On Sales ,Premises ,128,0,257346,667022,906700056084,,471 Great Western Road Glasgow G12 8HL ,,Hillhead / Woodlands,30,11,Hillhead,S02001952
264677,667719,1519,Off,GC2263,Millerston Convenience Store 1763 Cumbernauld Road Glasgow G33 1AA  ,S&U Chaudhry,Usman Chaudhry,2017/04/21 00:00:00+00,,Monday to,Premises ,,26.1,264677,667719,906700035448,,1763 Cumbernauld Road Glasgow G33 1AA ,,Blackhill / Hogganfield,22,21,North East,S02001918
255841.56,667579.130000001,1520,Off,GC2209,Sainsbury's Local 4 Novar Drive Glasgow G12 9PU  ,Sainsbury's SL Limited,Steven Alexander Steel,2017/04/25 00:00:00+00,,Monday to,Premises ,,19.73,255841.56,667579.13,906700519548,,6 Novar Drive Glasgow G12 9PU ,,Hyndland / Dowanhill / Partick East,32,23,Partick East/Kelvindale,S02001957
257325,662151,1521,On,GC2265,1044-1046 Pollokshaws Road Glasgow G41 3EB   ,Eufemio Perella,Joanne Shields,2017/04/25 00:00:00+00,,Monday to,Premises ,40,,257325,662151,906700291861,,1044 Pollokshaws Road Glasgow G41 3EB ,,Shawlands / Strathbungo,6,06,Pollokshields,S02001870
258792,665379,1522,Off,GC2102,Sainsbury's 76 Gordon Street Glasgow G1 3RS  ,Sainsbury's SL Limited,Craig Kelly,2017/05/03 00:00:00+00,,Monday to,Premises ,,25.75,258792,665379,906700048729,,Grosvenor Building 76 Gordon Street Glasgow G1 3RS ,,City Centre / Merchant City,29,10,Anderston/City/Yorkhill,S02001934
256192,661095,1523,Off,GC2191,Aldi Unit 6 Auldhouse Retail Park Glasgow G43 1AP ,Aldi Stores Limited ,Gordon McDonald,2017/05/05 00:00:00+00,,Monday to,Premises ,,37.46,256192,661095,906700256393,,Auldhouse Retail Park 57 Cogan Street Glasgow G43 1AP ,,Pollokshaws / Mansewood,47,02,Newlands/Auldburn,S02001873
256941.26,667258.189999999,1524,On & Off,GC2249,Bread Meats Bread 695 Great Western Road Glasgow G12 8RA  ,BMB LIC Limited,Lirie Avdyli,2017/06/27 00:00:00+00,,On Sales ,Premises ,76,10.14,256941.26,667258.19,906700057857,,695 Great Western Road Glasgow G12 8RA ,,Hillhead / Woodlands,30,11,Hillhead,S02001952
261410,665043,1525,On & Off,GC2192,Dennistoun Bar-B-Que 585 Duke Street Glasgow G31 1PY  ,John Baillie,Patricia Arnott,2017/07/10 00:00:00+00,,On Sales ,Premises ,40,1.01,261410,665043,906700158469,,585 Duke Street Glasgow G31 1PY ,,Dennistoun,12,22,Dennistoun,S02001930
267771,663921,1526,On & Off,GC2270,Kastriots 7-11 Main Street Glasgow G69 6SG  ,Gjini Holdings Limited,Kastriot Gjini,2017/07/10 00:00:00+00,,On Sales ,Premises ,100,2.7,267771,663921,906700421709,,11 Main Street Baillieston Glasgow G69 6SG ,,Baillieston / Garrowhill,42,20,Baillieston,S02001902
258704,665382,1527,On & Off,GC2256,Temaki 113 Hope Street Glasgow G2 6LL  ,Chicago Skyline Limited,Koziel Katarzyna,2017/07/28 00:00:00+00,,On Sales ,Premises ,20,2,258704,665382,906700066772,,113 Hope Street Glasgow G2 6LL ,,City Centre / Merchant City,29,10,Anderston/City/Yorkhill,S02001934
255996.02,666563.6,1528,On & Off,GC2218,Italian Deli 235 Dumbarton Road Glasgow G11 6AB  ,Claudio Celino,Jennifer Elizabeth Raeside,2017/08/18 00:00:00+00,,On Sales ,Premises ,140,26.8,255996.02,666563.6,906700501056,,235 Dumbarton Road Glasgow G11 6AB ,,Hyndland / Dowanhill / Partick East,32,23,Partick East/Kelvindale,S02001953
265903.93,666341.84,1529,Off,GC2252,Spar 2 Redcastle Square Garthamlock Glasgow G33 5EG ,CJ Lang & Son Limited,Gerald Haughey,2017/09/04 00:00:00+00,,Monday to,Premises ,,27.7,265903.93,666341.84,906700507325,,981 Gartloch Road Glasgow G33 5AQ ,,Ruchazie / Garthamlock,17,21,North East,S02001915
259682,664896,1530,On,GC2271,Eda 8 High Street Glasgow G4 0SX  ,The Partnership of Hasan Dogan and Y,Yasar Gunes,2017/09/06 00:00:00+00,,Monday to,Premises ,60,,259682,664896,906700408396,,8 High Street Glasgow G1 1NL ,,Calton / Bridgeton,28,09,Calton,S02001931
255931,667764,1531,On & Off,GC2213,Western Lawn Tennis & Squash Club 30 Hyndland Road Glasgow G12 9UP  ,Western Lawn Tennis and Squash Club,Emilio Giovanazzi,2017/09/07 00:00:00+00,,On Sales ,Premises ,140,0,255931,667764,906700326518,,20A Hyndland Road Glasgow G12 9UP ,,Hyndland / Dowanhill / Partick East,32,23,Partick East/Kelvindale,S02001957
258763,665807,1532,On,GC2301,Waterstones 153-157 Sauchiehall Street Glasgow G2 3EW  ,Waterstone's Booksellers Limited,Ewelina Agnieszka Zajac,2017/10/27 00:00:00+00,,Monday to,Premises ,200,,258763,665807,906700107885,,153 Sauchiehall Street Glasgow G2 3EW ,,City Centre / Merchant City,29,10,Anderston/City/Yorkhill,S02001933
256387,661482,1533,Off,GC2268,Day Today 15 McArthur Street Glasgow G43 1RU  ,G & S (Scotland) Limited,Sajid Mahmood,2017/11/01 00:00:00+00,,Monday to,Premises ,,22.6,256387,661482,906700295758,,15 Mcarthur Street Glasgow G43 1RU ,,Pollokshaws / Mansewood,47,02,Newlands/Auldburn,S02001873
260370.6,662867.060000001,1534,On,GC2257,The Jenny Burn 8 The Clyde Gateway Glasgow G5 0BJ  ,Marston's Operating Limited,Siobhan Symon,2017/11/24 00:00:00+00,,Monday to,Premises ,180,,260370.6,662867.06,906700523505,,Flat 1/1 8 The Clyde Gateway Glasgow G5 0BJ ,,Greater Gorbals,3,08,Southside Central,S02001888
258732,668954,1535,Off,GC2294,One O One Convenience Store 527 Balmore Road Glasow G22 6NX  ,One-O-One Convenience Stores Limited,Pauline Young,2017/11/24 00:00:00+00,,Monday to,Premises ,,26.8,258732,668954,906700008907,,527 Balmore Road Glasgow G22 6NX ,,Lambhill / Milton,35,16,Canal,S02001943
257625,662990,1536,On & Off,GC2297,Six by Nico Southside 142 Nithsdale Road Glasgow G41 5RB  ,VVS Investments Limited,Neal Alexander Tait Manson,2017/11/24 00:00:00+00,,On Sales ,Premises ,20,3,257625,662990,906700193166,,142 Nithsdale Road Glasgow G41 5RB ,,Pollokshields East,54,06,Pollokshields,S02001864
257137,661900,1537,Off,GC2292,45A Kilmarnock Road Glasgow G41 3YN   ,Shawland Retails Ltd,Babar Shahzad,2017/11/28 00:00:00+00,,Monday to,Premises ,,14.3,257137,661900,906700383234,,45A Kilmarnock Road Glasgow G41 3YN ,,Langside / Battlefield,7,07,Langside,S02001870
259141,665324,1538,On & Off,GC2235,BRGR 6 Royal Exchange Square Glasgow G1 3AB  ,CLGM LIC Ltd,Colin Aitken,2017/12/08 00:00:00+00,,On Sales ,Premises ,42,6.7,259141,665324,906700101800,,6 Royal Exchange Square Glasgow G1 3AB ,,City Centre / Merchant City,29,10,Anderston/City/Yorkhill,S02001934
258736,665819,1539,On & Off,GC2239,Smashburger Unit 23 165 Sauchiehall Centre Sauchiehall Street Glasgow G2 3EW,SB Realty Limited,George Rosu,2017/12/11 00:00:00+00,,On Sales ,Premises ,133,0.92,258736,665819,906700107891,,165 Sauchiehall Street Glasgow G2 3ER ,,City Centre / Merchant City,29,10,Anderston/City/Yorkhill,S02001933
251937,670810,1540,Off,GC2159,Aldi 500 Duntreath Avenue Glasgow G15 8TB  ,Aldi Stores Limited ,Craig Kilpatrick,2017/12/15 00:00:00+00,,Monday to,Premises ,,39,251937,670810,906700355932,,500 Duntreath Avenue Glasgow G15 8TB ,,Drumchapel,40,14,Drumchapel/Anniesland,S02001974
258024,662785,1541,Off,GC2293,The Wee Beer Shop 623 Pollokshaws Road Glasgow G41 2QG  ,Niall Kennedy,Niall Kennedy,2017/12/15 00:00:00+00,,Monday to,Premises ,,22.17,258024,662785,906700291838,,623 Pollokshaws Road Glasgow G41 2QG ,,Govanhill,4,08,Southside Central,S02001868
254995,667186,1542,On & Off,GC2300,240 Crow Road Glasgow G11 7LA   ,Red Garden Bistro Ltd,Carlos David Wheeler,2017/12/19 00:00:00+00,,On Sales ,Premises ,36,4.3,254995,667186,906700029266,,240 Crow Road Glasgow G11 7LA ,,Broomhill / Partick West,33,12,Victoria Park,S02001959
256350,665615,1543,On & Off,GC2148,Clydeside Distillery The Pump House Stobcross Road Glasgow G3 8QQ ,Morrison Glasgow Distillers LImited,Bridgeen Bernadette Mullen,2017/12/21 00:00:00+00,,On Sales ,Premises ,290,37.36,256350,665615,906700097185,,100 Stobcross Road Glasgow G3 8QQ ,,Yorkhill / Anderston,31,10,Anderston/City/Yorkhill,S02001936
258942,665478,1544,On & Off,GC2299,Babs 49 West Nile Street Glasgow G1 2PT  ,BMB LIC Limited,James Lauchlan McMillan Su,2017/12/21 00:00:00+00,,On Sales ,Premises ,60,4.3,258942,665478,906700122037,,49 West Nile Street Glasgow G1 2PT ,,City Centre / Merchant City,29,10,Anderston/City/Yorkhill,S02001934
258744,665095,1545,On & Off,GC2296,30 Midland Street/253 Argyle Street Glasgow G2 8DL   ,Its All Food Group Limited,Kathryn McCormick,2018/02/23 00:00:00+00,,On Sales ,Premises ,1831,16,258744,665095,906700006034,,The Arches Theatre 253 Argyle Street Glasgow G2 8DL ,,City Centre / Merchant City,29,10,Anderston/City/Yorkhill,S02001934
265837,663534,1546,On & Off,GC2259,Rustico 16 Grantlea Terrace Glasgow G32 9JN  ,RJP Hospitality Limited,,2018/03/05 00:00:00+00,,On and Of,Premises ,50,1.3,265837,663534,906700164641,,16 Grantlea Terrace Glasgow G32 9JN ,,Mount Vernon / East Shettleston,55,19,Shettleston,S02001899
259945.23,663090.43,1547,Off,GC2267,Block 1 29-31 Elmfoot Grove Glasgow G5 0LR  ,Sabir Ali Ahmed,Taiyub Rasul,2018/03/09 00:00:00+00,,Monday to,Premises ,,21.075,259945.23,663090.43,906700500429,,27 Elmfoot Grove Glasgow G5 0LR ,,Greater Gorbals,3,08,Southside Central,S02001888
258032,666027,1548,On,GC2311,536-538 Sauchiehall Street Glasgow G2 3LX   ,Non Viet Limited,Younes Chachai Handi,2018/03/16 00:00:00+00,,Monday to,Premises ,60,,258032,666027,906700105235,,538 Sauchiehall Street Glasgow G2 3LX ,,City Centre / Merchant City,29,10,Anderston/City/Yorkhill,S02001933
258998,665184,1549,Off,GC2319,Hotel Chocolat Retail Limited 42 Buchanan Street Glasgow G1 3JX  ,Hotel Chocolat Retail Limited,Lyndsay Allison Wilson,2018/04/20 00:00:00+00,,Monday to,Premises ,,3,258998,665184,906700018296,,42 Buchanan Street City Centre Glasgow G1 3JX ,,City Centre / Merchant City,29,10,Anderston/City/Yorkhill,S02001934
259449,665383,1550,On,GC2325,Red Bus Bistro Company Limited 266 George Street Glasgow G1 1QX  ,Red Bus Bistro Company Limited,Alison Simpson,2018/05/18 00:00:00+00,,Monday to,Premises ,40,,259449,665383,906700434059,,City Chambers 235 George Street City Centre Glasgow G1 1QZ ,,City Centre / Merchant City,29,10,Anderston/City/Yorkhill,S02001932
257188,665168,1551,On & Off,GC2237,25 Tunnel Street Glasgow G3 8HL   ,Forrest Hotels Limited,Graham Alexander Chalmers,2018/05/24 00:00:00+00,,On Sales ,Premises ,1050,28.7,257188,665168,906700118376,,28 Tunnel Street Glasgow G3 8HL ,,Yorkhill / Anderston,31,10,Anderston/City/Yorkhill,S02001936
252065,664957,1552,Off,GC2314,25 Linburn Place Glasgow G52 4EZ   ,Chunmei Zhang,Bernard Hinselwood,2018/05/31 00:00:00+00,,Monday to,Premises ,,30.6,252065,664957,906700178393,,25 Linburn Place Glasgow G52 4EZ ,,North Cardonald / Penilee,49,04,Cardonald,S02001853
259549,665195,1553,On & Off,GC2322,Toka 103 Ingram Street Glasgow G1 1DX  ,AP Buci Ltd,Paige Buci,2018/06/15 00:00:00+00,,On Sales ,Premises ,36,2.9,259549,665195,906700317814,,103 Ingram Street Glasgow G1 1DX ,,City Centre / Merchant City,29,10,Anderston/City/Yorkhill,S02001932
263961,663341,1554,On & Off,GC2212,999 Tollcross Road Glasgow G32 8UU   ,Albaspey Limited,Daniel Timis,2018/06/25 00:00:00+00,,On Sales ,Premises ,200,0,263961,663341,906700228444,,997 Tollcross Road Glasgow G32 8UU ,,Tollcross / West Shettleston,56,19,Shettleston,S02001896
256901,661587,1555,On & Off,GC2327,212 Kilmarnock Road Glasgow G43 1TY   ,SOL 11 LTD,Jose Carbajosa,2018/07/03 00:00:00+00,,On Sales ,Premises ,97,1.98,256901,661587,906700501376,,212 Kilmarnock Road Glasgow G43 1TY ,,Shawlands / Strathbungo,6,06,Pollokshields,S02001870
253976,659420,1556,Off,GC2290,Varsovia 9 Kilmaluag Terrace Glasgow G46 8DG  ,Varsovia Ltd,Anna Kaczmarek,2018/07/25 00:00:00+00,,Monday to,Premises ,,1.68,253976,659420,906700287629,,9 Kilmaluag Terrace Glasgow G46 8DG ,,Arden / Carnwadric,48,02,Newlands/Auldburn,S02001842
258245,661451,1557,On,GC2122,Ristorante Trevi 9-11 Lochleven Road Glasgow G42 9JU  ,Tefa Ltd,Elbasan Murati,2018/08/24 00:00:00+00,,Monday to,Premises ,20,,258245,661451,906700280168,,9 Lochleven Road Glasgow G42 9JU ,,Langside / Battlefield,7,07,Langside,S02001867
258682.06,665067.779999999,1558,On & Off,GC2336,Motel One Glasgow 78-82 Oswald Street Glasgow G1 4PL  ,M1 RE Glasgow Limited,Celia Hague,2018/09/18 00:00:00+00,,On Sales ,Premises ,300,39.23,258682.06,665067.78,906700084161,,62 Oswald Street Glasgow G1 4PL ,,City Centre / Merchant City,29,10,Anderston/City/Yorkhill,S02001934
259054,665187,1559,On,GC2308,Everyman Cinema Unit 3-5 Lower Ground Floor Princes Square Glasgow ,Everyman Media Limited,Jamie Vale,2018/10/24 00:00:00+00,,Monday to,Premises ,305,,259054,665187,906700319319,,Basement 1 Princes Square 48 Buchanan Street City Centre Glasgow G1 3JN ,,City Centre / Merchant City,29,10,Anderston/City/Yorkhill,S02001934
259934.55,665229.890000001,1560,On,GC2320,Moxy Hotel Glasgow 210 High Street Glasgow G4 0QW  ,Hotel Co 51 Uk Ltd,Rania Mamdouh Shaaban Walk,2018/10/29 00:00:00+00,,Monday to,Premises ,225,,259934.55,665229.89,906700519176,,210 High Street Glasgow G4 0QW ,,Calton / Bridgeton,28,09,Calton,S02001931
258437,665576,1561,On,GC2207,The Royal College of Physicians & Surgeons Glasgow 232-242 St Vincent Street Glasgow G2 5RJ  ,The Royal College of Physicians & Su,Rajneesh Singh,2018/11/01 00:00:00+00,,Monday to,Premises ,700,,258437,665576,906700097164,,Royal College Of Physicians 242 St Vincent Street Glasgow G2 5RJ ,,City Centre / Merchant City,29,10,Anderston/City/Yorkhill,S02001934
257212,664273,1562,On,GC2347,FORE Play Crazy Golf 124 Portman Street Glasgow G41 1EJ  ,Fore Play Crazy Golf Limited,Christian O'Brien,2018/11/01 00:00:00+00,,Monday to,Premises ,256,,257212,664273,906700495127,,130 Portman Street Glasgow G41 1EJ ,,Ibrox / Kingston,2,05,Govan,S02001861
258599,665171,1563,Off,GC2335,Co-op 292 Argyle Street Glasgow G2 8DD  ,Co-operative Group Food Limited,Lorna Patton,2018/11/07 00:00:00+00,,Monday to,Premises ,,24.475,258599,665171,906700006049,,292 Argyle Street Glasgow G2 8QW ,,City Centre / Merchant City,29,10,Anderston/City/Yorkhill,S02001934
256319,666509,1564,On,GC2332,Partick St Mary's Lodge 92 Dumbarton Road Glasgow G11 6NX  ,Partick St Mary's Lodge,,2018/11/16 00:00:00+00,,Monday to,Premises ,81,,256319,666509,906700036669,,92 Dumbarton Road Glasgow G11 6NX ,,Hyndland / Dowanhill / Partick East,32,23,Partick East/Kelvindale,S02001953
250907.53,669085.84,1565,Off,GC2343,Lidl Great Britain Limited 225 MIll Road Glasgow G81 1BN  ,Lidl Great Britain Limited,Jaganathan Narayanasamy,2018/11/16 00:00:00+00,,Monday to,Premises ,,65.8,250907.53,669085.84,906700526331,,225 Mill Road Glasgow G81 1BN ,,Yoker / Scotstoun,15,13,Garscadden/Scotstounhill,S02001964
257925,662667,1566,On & Off,GC2310,697 Pollokshaws Road Glasgow G41 2AB   ,Block 12 Ltd,Andreas Christoforou,2018/11/23 00:00:00+00,,On Sales ,Premises ,84,12.24,257925,662667,906700300725,,697 Pollokshaws Road Glasgow G41 2AB ,,Shawlands / Strathbungo,6,08,Southside Central,S02001868
263572,668600,1567,Off,GC2350,Iceland Foods Limited Robroyston Retail Park 37 Monument Drive Robroyston Glasgow G33 1AQ,Iceland Foods Limited,Alistair George Brand,2018/11/28 00:00:00+00,,Monday to,Premises ,,19.8,263572,668600,906700420180,,37 Monument Drive Glasgow G33 1AQ ,,Robroyston / Millerston,25,17,Springburn/Robroyston,S02001918
258906,665354,1568,On,GC2346,40 Gordon Street Glasgow G1 3PU   ,La Vita (Gordon Street) Limited,Mehmet Varol,2018/12/07 00:00:00+00,,Monday to,Premises ,130,,258906,665354,906700047954,,40 Gordon Street Glasgow G1 3PU ,,City Centre / Merchant City,29,10,Anderston/City/Yorkhill,S02001934
253970,663840,1569,On & Off,GC2274,Rawlings Love to Eat 583 Mosspark Boulevard Glasgow G52 1SB  ,Rawlings Catering Ltd,Neil Rawlings,2018/12/11 00:00:00+00,,On Sales ,Premises ,40,2.3,253970,663840,906700275750,,583 Mosspark Boulevard Glasgow G52 1SB ,,Crookston /South Cardonald,51,04,Cardonald,S02001850
258362,663196,1570,On & Off,GC2333,76 Victoria Road Glasgow G42 7AA   ,John Henry Dawson,John Henry Dawson,2018/12/11 00:00:00+00,,On Sales ,Premises ,34,2,258362,663196,906700373617,,76 Victoria Road Glasgow G42 7AA ,,Govanhill,4,08,Southside Central,S02001864
264859,664153,1571,Off,GC2214,Aldi 1305 Shettleston Road Glasgow G32 9AU  ,Aldi Stores Limited ,Alister McCallie,2018/12/13 00:00:00+00,,Monday to,Premises ,,31.7,264859,664153,906700206105,,1359 Shettleston Road Glasgow G32 9AT ,,Mount Vernon / East Shettleston,55,19,Shettleston,S02001910
264907,662441,1572,Off,GC2340,Unit 2 2224-2230 London Road Glasgow G32 8YG  ,Derek Alexander Jamieson,Derek Alexander Jamieson,2018/12/18 00:00:00+00,,Monday to,Premises ,,13.8,264907,662441,906700364128,,2232 London Road Glasgow G32 8YG ,,Mount Vernon / East Shettleston,55,19,Shettleston,S02001898
257274,666710,1573,On & Off,GC2334,Catch 27 Gibson Street Glasgow G12 8NU  ,HMS (1018) Limited,Nicolo Solari,2018/12/20 00:00:00+00,,On Sales ,Premises ,54,1.2,257274,666710,906700349800,,27 Gibson Street Hillhead Glasgow G12 8NU ,,Hillhead / Woodlands,30,11,Hillhead,S02001937
258926,665412,1574,On,GC2272,71-73 St Vincent Street Glasgow G2 5TF   ,Panang (St Vincent Street) Limited,Jack Campbell Reid,2019/02/01 00:00:00+00,,Monday to,Premises ,150,,258926,665412,906700107550,,71 St Vincent Street Glasgow G2 5TF ,,City Centre / Merchant City,29,10,Anderston/City/Yorkhill,S02001934
258689,665304,1575,On & Off,GC2363,Nando's 5 Waterloo Street Glasgow G2 6AY  ,Nando's Chickenland Ltd,Euan Stuart Glass,2019/03/11 00:00:00+00,,On Sales ,Premises ,112,0,258689,665304,906700433734,,5 Waterloo Street Glasgow G2 6AY ,,City Centre / Merchant City,29,10,Anderston/City/Yorkhill,S02001934
262462,664256,1576,On,GC2339,Apocom Kitchen 1391 Gallowgate Glasgow G31 4EX  ,Apocom Kitchen Community Interest Co,Ifeoma Appolonia Nwankwo,2019/03/15 00:00:00+00,,Monday to,Premises ,36,,262462,664256,906700177447,,1391 Gallowgate Glasgow G31 4EX ,,Parkhead / Dalmarnock,27,09,Calton,S02001894
259177,665259,1577,Off,GC2324,Tesco Store Unit 4 86 Queen Street Glasgow G1 3DN ,PTLL Limited,Steven Lyttel,2019/03/29 00:00:00+00,,Monday to,Premises ,,27.9,259177,665259,906700084451,,100 Queen Street Glasgow G1 3DN ,,City Centre / Merchant City,29,10,Anderston/City/Yorkhill,S02001932
257870,662668,1578,On & Off,GC2365,Lobo 758 Pollokshaws Road Glasgow G41 2AE  ,Nord Holdings Limited,Daniel Ferry,2019/03/29 00:00:00+00,,On Sales ,Premises ,60,0,257870,662668,906700291693,,758 Pollokshaws Road Glasgow G41 2AE ,,Shawlands / Strathbungo,6,06,Pollokshields,S02001868
254089.73,666061.85,1579,On,GC2371,Travelodge 16 Linthouse Drive Glasgow G51 4RZ  ,Travelodge Limited,Claire Inglis,2019/04/15 00:00:00+00,,Monday to,Premises ,60,,254089.73,666061.85,906700506406,,20 Linthouse Drive Glasgow G51 4RZ ,,Greater Govan,1,05,Govan,S02001856
258597,665840,1580,On & Off,GC2328,Mackintosh at the Willow 215/217 Sauchiehall Street Glasgow G2 3EX  ,Mackintosh at the Willow Limited,Jean Sinclair,2019/04/26 00:00:00+00,,On Sales ,Premises ,375,1.4,258597,665840,906700107999,,Willow Tearoom 217 Sauchiehall Street Glasgow G2 3EX ,,City Centre / Merchant City,29,10,Anderston/City/Yorkhill,S02001933
260096.75,665134.33,1581,Off,GC2345,SPAR 12 Havannah Street Glasgow G4 0UB  ,CJ Lang & Son Limited,John William Canning,2019/05/16 00:00:00+00,,Monday to,Premises ,,22.43,260096.75,665134.33,906700494119,,Unit 0/1 10 Havannah Street Glasgow G4 0UB ,,Calton / Bridgeton,28,09,Calton,S02001931
257647,665078,1582,Off,GC2357,139 and 145 Lancefield Street Glasgow G3 8HZ   ,Scotch Whisky Auction Limited,Linda Jacqueline Currie,2019/05/16 00:00:00+00,,Monday to,Premises ,,0,257647,665078,906700076910,,139 Lancefield Street Glasgow G3 8HZ ,,Yorkhill / Anderston,31,10,Anderston/City/Yorkhill,S02001935
260056,664718,1583,On & Off,GC2305,226 Gallowgate Glasgow G4 0TS   ,Rock DCM Limited,Norman William Innes,2019/06/04 00:00:00+00,,On Sales ,Premises ,193,,260056,664718,906700167122,,226 Gallowgate Glasgow G4 0TS ,,Calton / Bridgeton,28,09,Calton,S02001891
259037,665646,1584,On,GC2315,Jungle Rumble Adventure Golf 15 Bath Street Glasgow G2 1HY  ,Jungle Rumble (Glasgow) Ltd,Lauren Marie Bryson,2019/07/11 00:00:00+00,,Monday to,Premises ,195,,259037,665646,906700010710,,15 Bath Street Glasgow G2 1HY ,,City Centre / Merchant City,29,10,Anderston/City/Yorkhill,S02001934
256683,665899,1585,On,GC2353,Dockyard Social 95-107 Haugh Road Glasgow G3 8TY  ,Dockyard Social CIC,Kyle Steel,2019/08/15 00:00:00+00,,Monday to,Premises ,225,,256683,665899,906700056165,,105 Haugh Road Glasgow G3 8TX ,,Yorkhill / Anderston,31,10,Anderston/City/Yorkhill,S02001936
258030,666887,1586,Off,GC2381,Day Today 193-195 Maryhill Road Glasgow G20 7XJ  ,Afzal Maqbool,Afzal Maqbool,2019/08/23 00:00:00+00,,Monday to,Premises ,,14.6,258030,666887,906700067824,,195 Maryhill Road Glasgow G20 7XJ ,,Hillhead / Woodlands,30,11,Hillhead,S02001938
256812.38,667258.08,1587,On & Off,GC2341,Nando's 22 Vinicombe Street Glasgow G12 8BG  ,Nando's Chickenland Ltd,Sal Graham,2019/09/03 00:00:00+00,,On Sales ,Premises ,129,3.7,256812.38,667258.08,906700528164,,22 Vinicombe Street Glasgow G12 8BG ,,Hillhead / Woodlands,30,11,Hillhead,S02001952
258368,665406,1588,On & Off,GC2360,Ibis Styles Douglas House Waterloo Street Glasgow G2 7DN ,Maven Capital DHG (Trading) Ltd,Daniel Bell,2019/09/13 00:00:00+00,,On Sales ,Premises ,200,0,258368,665406,906700110786,,Douglas House 116 Waterloo Street Glasgow G2 7DN ,,City Centre / Merchant City,29,10,Anderston/City/Yorkhill,S02001934
258752,665401,1589,On & Off,GC2330,104 Hope Street Glasgow G2 6PH   ,AS Restaurant (Scotland) Ltd,Nina Bowman,2019/09/20 00:00:00+00,,On Sales ,Premises ,60,4.8,258752,665401,906700065993,,104 Hope Street Glasgow G2 6PH ,,City Centre / Merchant City,29,10,Anderston/City/Yorkhill,S02001934
257750,666415,1590,On & Off,GC2309,152 Woodlands Road Glasgow G3 6LF   ,Inverguard Limited,Peter Matthew McKenna,2019/10/11 00:00:00+00,,On Sales ,Premises ,20,0,257750,666415,906700121524,,152 Woodlands Road Glasgow G3 6LF ,,Hillhead / Woodlands,30,11,Hillhead,S02001937
259180,664750,1591,On,GC2352,Pipeworks Metropole House 5-10 Metropole Lane Glasgow G1 4NH ,Big Top Productions Limited,David Andrew Cooper,2019/10/21 00:00:00+00,,Monday to,Premises ,60,,259180,664750,906700089839,,10 Metropole Lane Glasgow G1 4NH ,,City Centre / Merchant City,29,10,Anderston/City/Yorkhill,S02001934
256731,664037,1592,Off,GC2342,Unit F 2003 Len's Self Storage 31-35 Maclellan Street Glasgow G41 1RR ,Garth Wines Limited,Nicola Jane Gordon,2019/10/23 00:00:00+00,,Monday to,Premises ,,0,256731,664037,906700181157,,31 Maclellan Street Glasgow G41 1RR ,,Ibrox / Kingston,2,05,Govan,S02001862
258624,666892,1593,On & Off,GC2398,Rockvilla Pizza 6 Possil Road Glasgow G4 9SY  ,Heavidor Limiited,Patrick James Joseph St Cl,2019/10/23 00:00:00+00,,On Sales ,Premises ,36,0.81,258624,666892,906700083478,,6 Possil Road Glasgow G4 9SY ,,Hillhead / Woodlands,30,11,Hillhead,S02001938
258458,665746,1594,Off,GC2388,"Chivas Brothers 2, 3 & 4 Blythswood Square Glasgow G2 4AD  ",Chivas Brothers Limited,Sian Fletcher,2019/11/12 00:00:00+00,,Monday to,Premises ,,35.34,258458,665746,906700013005,,2 Blythswood Square Glasgow G2 4AD ,,City Centre / Merchant City,29,10,Anderston/City/Yorkhill,S02001934
257274,665808,1595,On,GC2361,1032 Argyle Street Glasgow G3 8LX   ,Ali Rounagh,Lauren Anderson Pillans,2019/11/15 00:00:00+00,,Monday to,Premises ,20,,257274,665808,906700006169,,1032 Argyle Street Glasgow G3 8LX ,,Yorkhill / Anderston,31,10,Anderston/City/Yorkhill,S02001935
256168,660961,1596,Off,GC2372,The Food Warehouse by Iceland Unit 2B Auldhouse Retail Park 54 Cogan Street Glasgow G43 1AP,Iceland Foods Limited,Paul Anthony McPhee,2019/11/19 00:00:00+00,,Monday to,Premises ,,30.4,256168,660961,906700258157,,60 Cogan Street Glasgow G43 1AP ,,Pollokshaws / Mansewood,47,02,Newlands/Auldburn,S02001873
258922,665248,1597,On & Off,GC2392,70 Mitchell Street Glasgow G1 1LX   ,Enoteca Scotland Limited,Gerrard Blues,2019/12/02 00:00:00+00,,On Sales ,Premises ,275,0,258922,665248,906700087319,,70 Mitchell Street Glasgow G1 3LX ,,City Centre / Merchant City,29,10,Anderston/City/Yorkhill,S02001934
257648,664208,1598,Off,GC2396,350 Scotland Street Glasgow G5 8QF   ,The Fish People (Scotland) Ltd,Graham Hamilton,2019/12/09 00:00:00+00,,Monday to,Premises ,,4.6,257648,664208,906700495835,,Shop Shields Road Subway Station 360 Scotland Street Glasgow G5 8QF ,,Ibrox / Kingston,2,05,Govan,S02001890
255907,660951,1599,Off,GC2376,Shell Shaws 265 Nether Auldhouse Road Glasgow G43 1LS  ,Shell UK Oil Products Limited,,2019/12/17 00:00:00+00,,Monday to,Premises ,,3.12,255907,660951,906700283685,,265 Nether Auldhouse Road Glasgow G43 1LS ,,Pollokshaws / Mansewood,47,02,Newlands/Auldburn,S02001873
252082,663865,1600,On & Off,GC2384,2375 Paisley Road West Glasgow G52 3QB   ,Leonardo's West Limited,Deborah Anne Arsllanovska,2019/12/17 00:00:00+00,,On Sales ,Premises ,60,0.44,252082,663865,906700201978,,2375 Paisley Road West Glasgow G52 3QB ,,Crookston /South Cardonald,51,04,Cardonald,S02001852
256834,667252,1601,On & Off,GC2250,26 Vinicombe Street Glasgow G12 8BE   ,Ox and Finch Ltd,Andrew Stephen MacDonald,2020/01/21 00:00:00+00,,On Sales ,Premises ,200,0,256834,667252,906700117585,,Flat 1/1 12 Vinicombe Street Glasgow G12 8BG ,,Hillhead / Woodlands,30,11,Hillhead,S02001952
256706,666208,1602,On,GC2410,1365 Argyle Street Glasgow G3 8AF   ,Shengjie Li,Jeffrey Jiahao Zhang,2020/02/14 00:00:00+00,,Monday to,Premises ,50,,256706,666208,906700397150,,1365 Argyle Street Glasgow G3 8AF ,,Yorkhill / Anderston,31,10,Anderston/City/Yorkhill,S02001936
258970,666039,1603,On & Off,GC2364,Kelp 112A Cowcaddens Road Glasgow G4 0HL  ,IDC Glasgow Ltd,Bernadetta Szot,2020/02/25 00:00:00+00,,On Sales ,Premises ,50,1.6,258970,666039,906700437026,,112A Cowcaddens Road Glasgow G4 0HL ,,City Centre / Merchant City,29,10,Anderston/City/Yorkhill,S02001933
254678,667215,1604,Off,GC2258,10 Norby Road Glasgow G11 7BN   ,Narvinder Singh Grewal,Narvinder Singh Grewal,2020/03/02 00:00:00+00,,Monday to,Premises ,,15.5,254678,667215,906700356682,,10 Norby Road Glasgow G11 7BN ,,Broomhill / Partick West,33,12,Victoria Park,S02001959
251354,669076,1605,Off,GC2313,Unit 19 New Albion Industrial Estate Halley Street Glasgow G13 4DJ ,GTBrew Ltd,Bowei Wang,2020/03/19 00:00:00+00,,Monday to,Premises ,,8.2,251354,669076,906700510361,,Unit 19 New Albion Industrial Estate 321 Halley Street Glasgow G13 4DJ ,,Knightswood,19,13,Garscadden/Scotstounhill,S02001964
256995,665933,1606,On & Off,GC2393,Hanami 1185 Argyle Street Glasgow G3 8TQ  ,Hanami LIC Limited,Cailin Jiang,2020/03/20 00:00:00+00,,On Sales ,Premises ,20,5.4,256995,665933,906700004431,,1185 Argyle Street Glasgow G3 8TQ ,,Yorkhill / Anderston,31,10,Anderston/City/Yorkhill,S02001936
258889.04,663573.0,1607,Off,GC2348,Aldi Unit 1 Crown Street Retail Park 41 Gushetfaulds Place Glasgow G5 0DP,Aldi Stores Limited ,Fraser Hamilton,2020/08/07 00:00:00+00,,Monday to,Premises ,,31.5,258889.04,663573,906700257140,,142 Cathcart Road Glasgow G42 7BH ,,Greater Gorbals,3,08,Southside Central,S02001890
262950,663150,1608,Off,GC2414,John Dewar & Sons Ltd 1700 London Road Glasgow G32 8XR  ,John Dewar & Sons Limited,Flavia-Alexandra Orosfoian,2020/08/14 00:00:00+00,,Monday to,Premises ,,0,262950,663150,906700341875,,1700 London Road Glasgow G32 8XR ,,Tollcross / West Shettleston,56,19,Shettleston,S02001896
261864.43,664859.02,1609,Off,GC2423,Warehouse 162 Glenpark Street Glasgow G31 1PG  ,Noah Beers Limited,Gillian Soutar,2020/09/18 00:00:00+00,,Monday to,Premises ,,0,261864.43,664859.02,906700348059,,162 Glenpark Street Glasgow G31 1PG ,,Parkhead / Dalmarnock,27,09,Calton,S02001929
262039,667604,1610,Off,GC2389,Unit 1 580 Broomfield Road Royston Glasgow G21 3HN ,Parveen Mohammed,Parveen Mohammed,2020/11/03 00:00:00+00,,Monday to,Premises ,,26.8,262039,667604,906700143682,,572 Broomfield Road Glasgow G21 3HN ,,Balornock/ Barmulloch,26,17,Springburn/Robroyston,S02001920
259619,664813,1611,On,GC2382,37 Saltmarket Glasgow G1 5NA   ,Bonjour Limited,Freya Jane Fullarton,2020/11/25 00:00:00+00,,Monday to,Premises ,127,,259619,664813,906700216306,,37 Saltmarket Glasgow G1 5NA ,,Calton / Bridgeton,28,09,Calton,S02001891
260445,664167,1612,On & Off,GC2234,Bantaba Afro Caribbean Restaurant 507 London Road Glasgow G40 1NQ  ,Johnnie Ginda,Fatou Addo,2020/12/11 00:00:00+00,,On Sales ,Premises ,30,0,260445,664167,906700187126,,507 London Road Glasgow G40 1NQ ,,Calton / Bridgeton,28,09,Calton,S02001892
256907,667272,1613,On & Off,GC2219,Naked Soup 6 Kersland Street Glasgow G12 8BL  ,Partnership of Joshua and Daniel Han,Joshua Hannah,2020/12/17 00:00:00+00,,On Sales ,Premises ,20,0,256907,667272,906700066315,,6 Kersland Street Glasgow G12 8BL ,,Hillhead / Woodlands,30,11,Hillhead,S02001952
261547,664602,1614,Off,GC2404,Aldi Unit 3A 929 Gallowgate Glasgow G31 4BW ,Aldi Stores Limited ,William Mathieson,2020/12/17 00:00:00+00,,Monday to,Premises ,,31.5,261547,664602,906700428588,,Forge Retail Park 929 Gallowgate Glasgow G31 4BW ,,Parkhead / Dalmarnock,27,09,Calton,S02001929
257287,665636,1615,Off,GC2399,Lidl Unit 2 30 Finnieston Street Glasgow G3 8JU ,Lidl Great Britain Limited,Stephen Alexander McCracke,2021/01/19 00:00:00+00,,Monday to,Premises ,,66.85,257287,665636,906700049147,,40 Finnieston Street Glasgow G3 8JU ,,Yorkhill / Anderston,31,10,Anderston/City/Yorkhill,S02001936
263604.08,668597.73,1616,Off,GC2426,"Lidl Supermarket Unit 2-3, Wallace Well Retail Park Monument Drive Glasgow G33 1AD ",Lidl Great Britain Limited,William Shepherd,2021/01/29 00:00:00+00,,Monday to,Premises ,,71.6,263604.08,668597.73,906700420179,,41 Monument Drive Glasgow G33 1AQ ,,Robroyston / Millerston,25,17,Springburn/Robroyston,S02001918
260821,664176,1617,On,GC2387,Garlic & Thyme Ground Floor Rogart Street Campus 4 Rogart Street Glasgow G40 2AA,Crestlink Limited,Eleanor Fraser,2021/04/13 00:00:00+00,,Monday to,Premises ,100,,260821,664176,906700311504,,Factory 47 Broad Street Glasgow G40 2QW ,,Calton / Bridgeton,28,09,Calton,S02001894
258976,665711,1618,On & Off,GC2395,The Scotch Malt Whisky Society 38 Bath Street Glasgow G2 1HG  ,The Artisanal Spirits Company Limite,Calum Lawson,2021/04/15 00:00:00+00,,On Sales ,Premises ,90,27.3,258976,665711,906700327954,,38 Bath Street Glasgow G2 1HG ,,City Centre / Merchant City,29,10,Anderston/City/Yorkhill,S02001934
259064,664926,1619,On,GC2329,Vue Cinema St Enoch Centre St Enoch Square Glasgow G1 4BW ,Vue Entertainment Limited,Christopher Mark Jackson ,2021/04/23 00:00:00+00,,Monday to,Premises ,644,,259064,664926,906700326157,,Unit 70A St Enoch Shopping Centre 55 St Enoch Square Glasgow G1 4BW ,,City Centre / Merchant City,29,10,Anderston/City/Yorkhill,S02001934
258659,665158,1620,On & Off,GC2397,Yotel Hotel Westergate 260 Argyle Street Glasgow G2 8QW ,Westergate OPCO Limited,Euan Wilson,2021/04/23 00:00:00+00,,On Sales ,Premises ,282,0,258659,665158,906700006038,,Westergate 260 Argyle Street Glasgow G2 8QW ,,City Centre / Merchant City,29,10,Anderston/City/Yorkhill,S02001934
257826,659800,1621,Off,GC2428,Simple Things Fermentation 6 Hazel Avenue Lane Glasgow G44 3LJ  ,Philip James Thomas Sisson,Philip James Thomas Sisson,2021/04/27 00:00:00+00,,Monday to,Premises ,,0,257826,659800,906700274672,,6 Hazel Avenue Lane Glasgow G44 3LJ ,,Cathcart / Simshill,9,01,Linn,S02001878
255262,665241,1622,Off,GC2445,"Chivas Brothers Dispatch Warehouse Unit 2, Harmony Court Loanbank Place Glasgow G51 3HN",Chivas Brothers Limited,Yvonne Mary Smith,2021/05/27 00:00:00+00,,Monday to,Premises ,,0,255262,665241,906700190329,,1 Loanbank Place Glasgow G51 3HN ,,Greater Govan,1,05,Govan,S02001856
256982,665942,1623,Off,GC2422,Sandyford Post Office 1195 Argyle Street Glasgow G3 8TQ  ,Sandyford PO Limited,Harbinder Singh Malhi,2021/06/02 00:00:00+00,,Monday to,Premises ,,0,256982,665942,906700004536,,1195 Argyle Street Glasgow G3 8TQ ,,Yorkhill / Anderston,31,10,Anderston/City/Yorkhill,S02001936
264413,667571,1624,Off,GC2454,Hogganfield Loch Service Station 1628 Cumbernauld Road Glasgow G33 1AE  ,Motor Fuel Limited,Abhilash Sukumaran,2021/06/04 00:00:00+00,,Monday to,Premises ,,12.6,264413,667571,906700034683,,1628 Cumbernauld Road Glasgow G33 1AE ,,Ruchazie / Garthamlock,17,21,North East,S02001918
266445,664812,1625,Off,GC2434,Scotmid Unit 5/6 323 Hallhill Road Glasgow G33 4RJ ,Scottish Midland Co-operative Societ,Andrea Catherine Cochrane,2021/06/07 00:00:00+00,,Monday to,Premises ,,32.4,266445,664812,906700176075,,323 Hallhill Road Glasgow G33 4RJ ,,Springboig / Barlanark,41,18,East Centre,S02001908
258822,665213,1626,On,GC2430,55 Union Street Glasgow G1 3RB   ,FYPHOLDINGS Limited,Kah Fatt Chin,2021/06/15 00:00:00+00,,Monday to,Premises ,60,,258822,665213,906700114935,,55 Union Street Glasgow G1 3RB ,,City Centre / Merchant City,29,10,Anderston/City/Yorkhill,S02001934
258222,662608,1627,Off,GC2450,Transylvania Shop and Coffee 462 Victoria Road Glasgow G42 8YU  ,Transylvania World Bar and Restauran,Florin Alexandru Ghimpu,2021/06/15 00:00:00+00,,Monday to,Premises ,,7.36,258222,662608,906700309345,,462 Victoria Road Glasgow G42 8YU ,,Govanhill,4,08,Southside Central,S02001868
258374,663287,1628,Off,GC2417,Shell St Andrews Cross 44-50 Victoria Road Glasgow G42 7AA  ,Shell UK Oil Products Limited,Caroline Gilluley,2021/07/02 00:00:00+00,,Monday to,Premises ,,2.23,258374,663287,906700307952,,50 Victoria Road Glasgow G42 7AA ,,Pollokshields East,54,06,Pollokshields,S02001864
253228,667436,1629,Off,GC2421,1475 Dumbarton Road Glasgow G14 9XW   ,GHSL Limited,Hrithik Sud,2021/07/05 00:00:00+00,,Monday to,Premises ,,20,253228,667436,906700028917,,1475 Dumbarton Road Glasgow G14 9XN ,,Anniesland / Jordanhill / Whiteinch,34,13,Garscadden/Scotstounhill,S02001963
257243,661975,1630,On & Off,GC2356,Hug Cafe 17 Skirving Street Glasgow G41 3AB  ,Bourock Cottage Industries Ltd,David Speirs,2021/07/16 00:00:00+00,,On Sales ,Premises ,60,12.9,257243,661975,906700290502,,17 Skirving Street Glasgow G41 3AB ,,Langside / Battlefield,7,07,Langside,S02001871
257625,662990,1631,Off,GC2475,La Tea Doh (Fine Foods & Teas) 136 Nithsdale Road Glasgow G41 5RB  ,La Tea Doh (Fine Foods & Teas) Limit,Dianne Pert,2021/07/16 00:00:00+00,,Monday to,Premises ,,9.3,257625,662990,906700193162,,136 Nithsdale Road Glasgow G41 5RB ,,Pollokshields East,54,06,Pollokshields,S02001864
257565,665232,1632,On,GC2390,"Golf Fang, Birdees Bar and Food Court 100 Lancefield Street Glasgow G3 8JD  ",Big Fang Glasgow Ltd,Andrea Francesca Erroch,2021/08/06 00:00:00+00,,Monday to,Premises ,775,,257565,665232,906700076905,,100 Lancefield Street Glasgow G3 8JD ,,Yorkhill / Anderston,31,10,Anderston/City/Yorkhill,S02001935
256846,664480,1633,Off,GC2486,233 Paisley Road West Glasgow G51 1NE   ,John Oguchukwu,John Oguchukwu,2021/08/06 00:00:00+00,,Monday to,Premises ,,8.28,256846,664480,906700196696,,233 Paisley Road West Glasgow G51 1NE ,,Ibrox / Kingston,2,05,Govan,S02001861
258893,665902,1634,On & Off,GC2458,Maldron Hotel Glasgow City 50 Renfrew Street Glasgow G2 3BW  ,Dalata Cardiff Limited,Lorna Anne Mathers,2021/08/28 00:00:00+00,,On Sales ,Premises ,600,5.12,258893,665902,906700435477,,60 Renfrew Street Glasgow G2 3BW ,,City Centre / Merchant City,29,10,Anderston/City/Yorkhill,S02001934
258951,665503,1635,On & Off,GC2402,53 West Nile Street Glasgow G2 2QB   ,D1-LUX Limited,Ming Huang,2021/09/02 00:00:00+00,,On Sales ,Premises ,20,6.8,258951,665503,906700122040,,53 West Nile Street Glasgow G1 2QB ,,City Centre / Merchant City,29,10,Anderston/City/Yorkhill,S02001934
257855,665988,1636,On & Off,GC2446,545 Sauchiehall Street Glasgow G3 7PQ   ,Jaspreet Singh Matharu,Afton Ferguson,2021/09/07 00:00:00+00,,On Sales ,Premises ,300,0,257855,665988,906700105238,,545 Sauchiehall Street Glasgow G3 7PQ ,,Yorkhill / Anderston,31,10,Anderston/City/Yorkhill,S02001935
257408,662300,1637,Off,GC2476,974 Pollokshaws Road Glasgow G41 2HA   ,Dark Art Drinks Ltd,Dominick Hughes,2021/09/13 00:00:00+00,,Monday to,Premises ,,0,257408,662300,906700301247,,974 Pollokshaws Road Glasgow G41 2HA ,,Shawlands / Strathbungo,6,06,Pollokshields,S02001870
254602,667833,1638,Off,GC2443,480 Crow Road Glasgow G11 7DR   ,Jagdeep Sharma,Jagdeep Sharma,2021/09/17 00:00:00+00,,Monday to,Premises ,,12.9,254602,667833,906700352932,,480 Crow Road Glasgow G11 7DR ,,Broomhill / Partick West,33,12,Victoria Park,S02001959
260486,667675,1639,Off,GC2447,131 Springburn Way Glasgow G21 1DR   ,Syed Hussain Ali Shah,Aurinas Mikalauskas,2021/10/06 00:00:00+00,,Monday to,Premises ,,23,260486,667675,906700219121,,131 Springburn Way Glasgow G21 1DR ,,Springburn,24,17,Springburn/Robroyston,S02001921
259064,664926,1640,On & Off,GC2431,Unit G1/R8 First Floor St Enoch Centre Extension 55 St Enoch Square Glasgow G1 4BW,The Firm of Rashpal Singh and Mandee,Mandeep Kaur,2021/10/29 00:00:00+00,,On Sales ,Premises ,100,0,259064,664926,906700324260,,Unit 70 St Enoch Shopping Centre 55 St Enoch Square Glasgow G1 4BW ,,City Centre / Merchant City,29,10,Anderston/City/Yorkhill,S02001934
257188,665251,1641,On & Off,GC2419,Courtyard Hotel 16 Stobcross Road Glasgow   ,Hotel Co 51 Uk Ltd,Ross James Saunders,2021/11/02 00:00:00+00,,On Sales ,Premises ,400,17.87,257188,665251,906700382682,,Campanile Hotel 10 Tunnel Street Glasgow G3 8HL ,,Yorkhill / Anderston,31,10,Anderston/City/Yorkhill,S02001936
257270,665224,1642,On & Off,GC2444,Moxy 130 Finnieston Street Glasgow   ,Hotel Co 51 Uk Ltd,Marika Forsgren,2021/11/02 00:00:00+00,,On Sales ,Premises ,290,18.8,257270,665224,906700049245,,192 Finnieston Street Glasgow G3 8HQ ,,Yorkhill / Anderston,31,10,Anderston/City/Yorkhill,S02001936
259064,664926,1643,On & Off,GC2438,Nando's Unit R7 St Enoch Centre 55 St Enoch Square Glasgow G1 4BW,Nando's Chickenland Ltd,Scott Mooney,2021/11/04 00:00:00+00,,On Sales ,Premises ,127,0,259064,664926,906700326153,,Management Suite St Enoch Shopping Centre 55 St Enoch Square Glasgow G1 4BW ,,City Centre / Merchant City,29,10,Anderston/City/Yorkhill,S02001934
256923,669831,1644,Off,GC2374,Iceland Foods Limited Unit 2 Summerston Retail Park Gorston Path Glasgow G23 5QG,Iceland Foods Limited,Kirsty Louise Wood,2021/11/11 00:00:00+00,,Monday to,Premises ,,8.8,256923,669831,906700052210,,2 Gorstan Path Glasgow G23 5QG ,,North Maryhill / Summerston,36,15,Maryhill,S02001946
257318,662142,1645,Off,GC2466,Starter Culture 1054 Pollokshaws Road Glasgow G41 3EB  ,Babu Restaurants Ltd,Rachna Dheer,2021/11/12 00:00:00+00,,Monday to,Premises ,,9.68,257318,662142,906700293648,,1054 Pollokshaws Road Glasgow G41 3EB ,,Shawlands / Strathbungo,6,06,Pollokshields,S02001870
257243,662079,1646,On & Off,GC2488,Okome Shawlands 1100 Pollokshaws Road Glasgow G41 3XA  ,LAL (Public House) Limited,Christopher Johnson,2021/11/12 00:00:00+00,,On Sales ,Premises ,50,0,257243,662079,906700297883,,1100 Pollokshaws Road Glasgow G41 3XA ,,Shawlands / Strathbungo,6,06,Pollokshields,S02001870
263162,666072,1647,Off,GC2462,BE Local Shop 114 Smithycroft Road Glasgow G33 2RQ  ,Batajileta Anzuruni Ngolo,Batajileta Anzuruni Ngolo,2021/11/18 00:00:00+00,,Monday to,Premises ,,9.4,263162,666072,906700106335,,114 Smithycroft Road Glasgow G33 2RQ ,,Riddrie / Cranhill,11,18,East Centre,S02001916
257412,664607,1648,Off,GC2479,Toll Newsagents 11 Paisley Road West Glasgow G51 1LF  ,Farhaan Waheed Ghani,Farhaan Waheed Ghani,2021/11/18 00:00:00+00,,Monday to,Premises ,,15.45,257412,664607,906700194168,,11 Paisley Road West Glasgow G51 1LF ,,Ibrox / Kingston,2,05,Govan,S02001861
258369,664592,1649,On & Off,GC2440,Taste of Home Restaurant 136 Nelson Street Glasgow G5 8EJ  ,Victoria Abba,Victoria Abba,2021/12/10 00:00:00+00,,On Sales ,Premises ,177,0,258369,664592,906700379446,,136 Nelson Street Tradeston Glasgow G5 8EJ ,,Ibrox / Kingston,2,05,Govan,S02001890
254455,659028,1650,Off,GC2461,Inverarity Morton 1 Evanton Drive Glasgow G46 8HL  ,William Morton Limited,Stephen James Annand,2021/12/17 00:00:00+00,,Monday to,Premises ,,0,254455,659028,906700270155,,Block 7 1 Evanton Drive Glasgow G46 8HL ,,Arden / Carnwadric,48,02,Newlands/Auldburn,S02001842
254398,660166,1651,Off,GC2485,Kennishead Licensed Grocers 1 Kennishead Avenue Glasgow G46 8PR  ,BAK Retail Ltd,Naveed Mohammed,2022/01/10 00:00:00+00,,Monday to,Premises ,,24.74,254398,660166,906700269567,,1 Kennishead Avenue Glasgow G46 8PR ,,Arden / Carnwadric,48,02,Newlands/Auldburn,S02001874
265367,665753,1652,Off,GC2473,"Unit 2, Block 3 17 Weardale Lane Queenslie Industrial Estate Glasgow G33 4JJ ",Phil MaCan Limited,Allan Douglas Rimmer,2022/01/20 00:00:00+00,,Monday to,Premises ,,0,265367,665753,906700424632,,Unit 7 1 Weardale Lane Glasgow G33 4JJ ,,Springboig / Barlanark,41,20,Baillieston,S02001908
258756.83,665419.26,1653,On & Off,GC2502,The Root of Magic 110 Hope Street Glasgow G2 6PH  ,The Root of Magic Limited,Kenneth Anthony McDermott,2022/01/21 00:00:00+00,,On Sales ,Premises ,20,1.13,258756.83,665419.26,906700511187,,110 Hope Street Glasgow G2 6PH ,,City Centre / Merchant City,29,10,Anderston/City/Yorkhill,S02001934
261218,665050,1654,On & Off,GC2429,Beat 6 10A Whitehill Street Glasgow G31 2LJ  ,VVS Investments Limited,Suzana Zoprivc,2022/02/09 00:00:00+00,,On Sales ,Premises ,50,3.5,261218,665050,906700337561,,10A Whitehill Street Glasgow G31 2LJ ,,Dennistoun,12,22,Dennistoun,S02001930
254976,667142,1655,On,GC2510,Walnut Bar 231 Crow Road Glasgow G11 7PZ  ,Tooran Hejazi Yousefi,Tooran Hejazi Yousefi,2022/02/11 00:00:00+00,,Monday to,Premises ,20,,254976,667142,906700029261,,231 Crow Road Glasgow G11 7PZ ,,Broomhill / Partick West,33,12,Victoria Park,S02001955
255451,666612,1656,Off,GC2493,Shop Local 452 Dumbarton Road Glasgow G11 6SE  ,Kamal Mustafa,Kamal Mustafa,2022/02/14 00:00:00+00,,Monday to,Premises ,,11.8,255451,666612,906700032415,,452 Dumbarton Road Glasgow G11 6SE ,,Broomhill / Partick West,33,12,Victoria Park,S02001954
260501,668952,1657,Off,GC2463,Atlas Service Station 1335 Springburn Road Glasgow G21 1UU  ,Motor Fuel Limited,Jagadeepak Chandra,2022/03/31 00:00:00+00,,Monday to,Premises ,,8.7,260501,668952,906700100540,,1335 Springburn Road Glasgow G21 1UU ,,Lambhill / Milton,35,16,Canal,S02001923
259064,664926,1658,On,GC2425,"Cosmo Unit Number 1F, R4 St Enoch Centre Glasgow G1 4BW ",Glasgow Land Investment Ltd,Deborah See Wing Wala,2022/04/01 00:00:00+00,,Monday to,Premises ,300,,259064,664926,906700324260,,Unit 70 St Enoch Shopping Centre 55 St Enoch Square Glasgow G1 4BW ,,City Centre / Merchant City,29,10,Anderston/City/Yorkhill,S02001934
261079,665648,1659,Off,GC2471,Craigpark Service Station 432 Alexandra Parade Glasgow G31 3AA  ,Motor Fuel Limited,Roshan Franciscxavier,2022/04/01 00:00:00+00,,Monday to,Premises ,,13.5,261079,665648,906700340177,,432 Alexandra Parade Glasgow G31 3AA ,,Dennistoun,12,22,Dennistoun,S02001927
259496,665229,1660,Off,GC2527,Sainsbury's Local 124 Ingram Street Glasgow G1 1EJ  ,Sainsbury's SL Limited,Evelyn Rieley,2022/04/01 00:00:00+00,,Monday to,Premises ,,15,259496,665229,906700444359,,124 Ingram Street Glasgow G1 1EJ ,,City Centre / Merchant City,29,10,Anderston/City/Yorkhill,S02001932
258418.61,664737.300000001,1661,On & Off,GC2504,Tradescroft 1 Clyde Place Lane Glasgow G5 8DP  ,ISS Facility Services Limited,Lauren Little,2022/04/06 00:00:00+00,,On Sales ,Premises ,405,0,258418.61,664737.3,906700539723,,1 Clyde Place Lane Glasgow G5 8DP ,,Ibrox / Kingston,2,05,Govan,S02001890
259064,664926,1662,On & Off,GC2501,Boom: Battle Bar Unit 23 St Enoch Shopping Centre 55 St Enoch Square Glasgow G1 4BW,BBB Franchise Limited,Robyn Janet Galloway,2022/04/25 00:00:00+00,,On Sales ,Premises ,250,0,259064,664926,906700326153,,Management Suite St Enoch Shopping Centre 55 St Enoch Square Glasgow G1 4BW ,,City Centre / Merchant City,29,10,Anderston/City/Yorkhill,S02001934
256820.32,667254.279999999,1663,On & Off,GC2467,18 Vinicombe Street Glasgow G12 8BE   ,Crabshakk20 Limited,Lily Octavia Brown,2022/04/28 00:00:00+00,,On Sales ,Premises ,175,0,256820.32,667254.28,906700528163,,18 Vinicombe Street Glasgow G12 8BG ,,Hillhead / Woodlands,30,11,Hillhead,S02001952
261093,659276,1664,Off,GC2452,4 Hoddam Terrace Castlemilk Glasgow G45 0EE  ,Muhammad Zahid Nawaz,Muhammad Zahid Nawaz,2022/05/14 00:00:00+00,,Monday to,Premises ,,10.04,261093,659276,906700262660,,4 Hoddam Terrace Glasgow G45 0EE ,,Castlemilk,20,01,Linn,S02001882
255363,664331,1665,Off,GC2498,Ibrox Service Station 586 Broomloan Road Glasgow G51 2XW  ,Motor Fuel Limited,Saminathan Murugathas,2022/05/16 00:00:00+00,,Monday to,Premises ,,10.264375,255363,664331,906700145629,,586 Broomloan Road Glasgow G51 2XW ,,Ibrox / Kingston,2,05,Govan,S02001860
264963,662985,1666,Off,GC2451,Mount Vernon Service Station 9 Hamilton Road Mount Vernon Glasgow G32 9QD ,Grove Retail Limited,Lee Black,2022/05/26 00:00:00+00,,Monday to,Premises ,,3.53,264963,662985,906700230421,,Filling Station 9 Hamilton Road Glasgow G32 9QD ,,Mount Vernon / East Shettleston,55,19,Shettleston,S02001898
261325,663200,1667,Off,GC2505,Dalmarnock Service Station 377 Dalmarnock Road Glasgow G40 4TY  ,Motor Fuel Limited,Usman Ashraf,2022/06/24 00:00:00+00,,Monday to,Premises ,,7.2,261325,663200,906700156615,,377 Dalmarnock Road Glasgow G40 4TY ,,Parkhead / Dalmarnock,27,09,Calton,S02001893
259262,665149,1668,On,GC2288,Ground and Basement Floors 53 Virginaia Street Glasgow G1 1TS  ,Surveyors Online (UK).com Ltd,Stephen Murphy,2022/07/07 00:00:00+00,,Monday to,Premises ,120,,259262,665149,906700118477,,53 Virginia Street Glasgow G1 1TS ,,City Centre / Merchant City,29,10,Anderston/City/Yorkhill,S02001932
255483,666567,1669,Off,GC2483,449 Dumbarton Road Glasgow G11 6EJ   ,Locavore Community Interest Company,Alastair Kingsbury,2022/07/08 00:00:00+00,,Monday to,Premises ,,8.1,255483,666567,906700032413,,449 Dumbarton Road Glasgow G11 6EJ ,,Broomhill / Partick West,33,12,Victoria Park,S02001954
255107,666558,1670,Off,GC2528,Whisky Ambassador Unit 3 8 Meadow Road Glasgow G11 6HX ,The Whisky Ambassador Ltd,Joanne Lindsay Graham,2022/07/12 00:00:00+00,,Monday to,Premises ,,0,255107,666558,906700411854,,Unit 3 8 Meadow Road Glasgow G11 6HX ,,Broomhill / Partick West,33,12,Victoria Park,S02001954
250964,670905,1671,Off,GC2456,Boulevard Filling Station Drumry Roundabout 2620 Great Western Road Glasgow G15 8LW ,Grove Retail Limited,Iain McBride,2022/07/15 00:00:00+00,,Monday to,Premises ,,15,250964,670905,906700361347,,2620 Great Western Road Glasgow G15 8LW ,,Drumchapel,40,14,Drumchapel/Anniesland,S02001977
260399.2,659147.42,1672,Off,GC2530,Ovenbird Brewery Block F Unit 1 30 Glenwood Place Glasgow G45 9UH ,Ovenbird Brewing Limited,Davide Angeletti,2022/07/27 00:00:00+00,,Monday to,Premises ,,0,260399.2,659147.42,906700509601,,Block F Unit 1 30 Glenwood Place Glasgow G45 9UH ,,Castlemilk,20,01,Linn,S02001882
253920,666580,1673,Off,GC2491,150 Clydeholm Road Glasgow G14 0QQ   ,Glencrest Limited,Kari Reilly,2022/08/01 00:00:00+00,,Monday to,Premises ,,0,253920,666580,906700028230,,150 Clydeholm Road Glasgow G14 0QQ ,,Anniesland / Jordanhill / Whiteinch,34,12,Victoria Park,S02001961
254239,669051,1674,Off,GC2472,Milady Service Station 1867 Great Western Road Glasgow G13 2UX  ,Motor Fuel Limited,Shathujan Ruban,2022/08/22 00:00:00+00,,Monday to,Premises ,,4.15,254239,669051,906700052360,,1867 Great Western Road Glasgow G13 2UX ,,Temple / Anniesland,18,14,Drumchapel/Anniesland,S02001971
256967,670275,1675,Off,GC2511,8 Harris Road Glasgow G23 5QH   ,Rajbir Singh Khaira,Kamaljit Kaur Khaira,2022/09/02 00:00:00+00,,Monday to,Premises ,,9.6,256967,670275,906700063037,,8 Harris Road Glasgow G23 5QH ,,North Maryhill / Summerston,36,15,Maryhill,S02001945
259064,664926,1676,On,GC2514,Gutterball Unit 119 St Enoch Centre 55 St Enoch Square Glasgow G1 4BW,Gutterball2 Ltd,Sabrina Anderson,2022/10/04 00:00:00+00,,Monday to,Premises ,556,,259064,664926,906700326153,,Management Suite St Enoch Shopping Centre 55 St Enoch Square Glasgow G1 4BW ,,City Centre / Merchant City,29,10,Anderston/City/Yorkhill,S02001934
266660,666508,1677,On & Off,GC2418,"Stack and Still Unit 3, Cinema Block 30 Provan Walk Fort Retail Park Glasgow G34 9DY",Stack and Still Limited,Clare Jackson,2022/10/07 00:00:00+00,,On Sales ,Premises ,135,0,266660,666508,906700499994,,30 Provan Walk Glasgow G34 9DL ,,Easterhouse,16,21,North East,S02001906
259171,665445,1678,On,GC2495,Rainbow Rooms International 30 George Square Glasgow G2 1EG  ,Brittain & McMail Limited,Claire McMail,2022/10/07 00:00:00+00,,Monday to,Premises ,32,,259171,665445,906700050279,,Storey 0/1 30 George Square Glasgow G2 1EG ,,City Centre / Merchant City,29,10,Anderston/City/Yorkhill,S02001934
258909,665456,1679,On & Off,GC2370,Fat Hippo 86 St Vincent Street Glasgow G2 5UB  ,Great Coffee Limited,Gareth Edwards,2022/10/12 00:00:00+00,,On Sales ,Premises ,84,4,258909,665456,906700108330,,86 St Vincent Street Glasgow G2 5UB ,,City Centre / Merchant City,29,10,Anderston/City/Yorkhill,S02001934
252642,659960,1680,Off,GC2532,Darnley Mill Service Station 595 Nitshill Road Glasgow G53 7RZ  ,Highland Fuels Ltd,Bryan Chares Seddon,2022/10/14 00:00:00+00,,Monday to,Premises ,,17.5,252642,659960,906700375217,,595 Nitshill Road Glasgow G53 7RZ ,,South Nitshill / Darnley,46,03,Greater Pollok,S02001844
258317,662840,1681,Off,GC2331,Locavore Grocery 349 Victoria Road Glasgow G42 7SA  ,Locavore Community Interest Company,Reuben Allan Chesters,2022/10/26 00:00:00+00,,Monday to,Premises ,,8.5,258317,662840,906700313602,,349 Victoria Road Glasgow G42 7SA ,,Govanhill,4,08,Southside Central,S02001865
258847,664880,1682,On & Off,GC2383,Clayton Hotel Custom House 306 Clyde Street Glasgow G1 4NP ,Dalata Cardiff Limited,Hazel Louise Galloway,2022/11/08 00:00:00+00,,On Sales ,Premises ,930,13.2,258847,664880,906700024600,,Clayton Hotel 298 Clyde Street Glasgow G1 4NP ,,City Centre / Merchant City,29,10,Anderston/City/Yorkhill,S02001934
258188,661555,1683,On & Off,GC2545,Skips 146 Battlefield Road Glasgow G42 9JT  ,Gordon Craig,Gordon Craig,2022/11/14 00:00:00+00,,On Sales ,Premises ,30,6,258188,661555,906700237468,,146 Battlefield Road Glasgow G42 9JT ,,Langside / Battlefield,7,07,Langside,S02001867
255554,662151,1684,On & Off,GC2555,The Burrell Collection Pollok Country Park 2060 Pollokshaws Road Glasgow G43 1AT ,Culture and Sport Glasgow t/a Glasgo,Wendy Craig Meyer,2022/11/21 00:00:00+00,,On Sales ,Premises ,1515,1.1,255554,662151,906700381717,,The Burrell Collection Pollok Country Park 2060 Pollokshaws Road Glasgow G43 1AT ,,Pollokshaws / Mansewood,47,02,Newlands/Auldburn,S02001873
254536.24,664788.02,1685,Off,GC2497,Shieldhall Service Station 31 Shieldhall Road Glasgow G51 4XB  ,Motor Fuel Limited,Mayuran Loganathan ,2022/11/22 00:00:00+00,,Monday to,Premises ,,15,254536.24,664788.02,906700212257,,49 Shieldhall Road Glasgow G51 4XB ,,Greater Govan,1,05,Govan,S02001857
258403,667100,1686,Off,GC2509,Maryhill Service Station 519 Garscube Road Glasgow G20 7LD  ,Motor Fuel Limited,Kamran Ashraf,2022/11/22 00:00:00+00,,Monday to,Premises ,,9.4012,258403,667100,906700048584,,519 Garscube Road Glasgow G20 7LD ,,Hillhead / Woodlands,30,11,Hillhead,S02001939
266507,663954,1687,On & Off,GC2516,175 Baillieston Road Glasgow G32 0TN   ,La Vita East End Limited,Florina Pop,2022/11/23 00:00:00+00,,On Sales ,Premises ,255,0,266507,663954,906700531878,,175 Baillieston Road Sandyhills Glasgow G32 0TN ,,Baillieston / Garrowhill,42,20,Baillieston,S02001902
256552,667026,1688,On & Off,GC2540,Gyros 223 Byres Road Glasgow G12 8UD  ,Archway 22 Limited,,2022/12/07 00:00:00+00,,On and Of,Premises ,20,0,256552,667026,906700019091,,223 Byres Road Glasgow G12 8UD ,,Hyndland / Dowanhill / Partick East,32,23,Partick East/Kelvindale,S02001957
258906,665354,1689,Off,GC2559,Taste of Scotland 36 Gordon Street Glasgow G1 3PU  ,Taaks Limited,Stveara Kaur,2022/12/09 00:00:00+00,,Monday to,Premises ,,50.8,258906,665354,906700047952,,36 Gordon Street Glasgow G1 3PU ,,City Centre / Merchant City,29,10,Anderston/City/Yorkhill,S02001934
258712,665428,1690,On & Off,GC2517,Suite B1 Abbey House 12 Bothwell Street Glasgow G2 6LU ,Bothwell Lease Co Ltd,Graham Hamilton,2022/12/16 00:00:00+00,,On Sales ,Premises ,200,4.5,258712,665428,906700511880,,Suite B/1 Abbey House 12 Bothwell Street Glasgow G2 6LU ,,City Centre / Merchant City,29,10,Anderston/City/Yorkhill,S02001934
259320,665454,1691,On & Off,GC2551,The Alchemist Unit 2 George House 50 George Square Glasgow G2 1EH,The Alchemist Bar & Restaurant Ltd,Duncan Stewart Walker,2022/12/20 00:00:00+00,,On Sales ,Premises ,195,0.7,259320,665454,906700511523,,Storey 1 George House 50 George Square Glasgow G2 1EH ,,City Centre / Merchant City,29,10,Anderston/City/Yorkhill,S02001932
258866.05,665865.380000001,1692,Off,GC2535,228 Hope Street Glasgow G2 3AX   ,Khalid Javed,Irfan Ahmed Bashir,2022/12/22 00:00:00+00,,Monday to,Premises ,,30.9,258866.05,665865.38,906700054590,,228 Hope Street Glasgow G2 3PN ,,City Centre / Merchant City,29,10,Anderston/City/Yorkhill,S02001934
258847,664880,1693,On & Off,GC2385,Adagio Aparthotel Dixon Street/306 Clyde Street Glasgow   ,Adagio Hotels UK Limited,Jose Manuel Gomez Gonzalez,2023/01/11 00:00:00+00,,On Sales ,Premises ,36,2.1,258847,664880,906700024600,,Clayton Hotel 298 Clyde Street Glasgow G1 4NP ,,City Centre / Merchant City,29,10,Anderston/City/Yorkhill,S02001934
253565,667149,1694,Off,GC2416,Tesco Esso Express 1329 Dumbarton Road Glasgow G14 9UY  ,PTLL Limited,Martin Bisland,2023/01/11 00:00:00+00,,Monday to,Premises ,,25.3,253565,667149,906700031676,,1329 Dumbarton Road Glasgow G14 9UY ,,Anniesland / Jordanhill / Whiteinch,34,12,Victoria Park,S02001961
260628,666296,1695,Off,GC2403,108 Royston Road Glasgow G21 2NU   ,ADN Properties Limited,Imran Ameen,2023/01/26 00:00:00+00,,Monday to,Premises ,,49.6,260628,666296,906700377784,,106 Royston Road Glasgow G21 2NU ,,Sighthill / Roystonhill / Germiston,23,22,Dennistoun,S02001926
260610,667098,1696,Off,GC2546,Midton St Newsagents 36 Midton Street Glasgow G21 4RR  ,Saleem Masih,Mary Frances McMahon,2023/01/26 00:00:00+00,,Monday to,Premises ,,6.3,260610,667098,906700195488,,36 Midton Street Glasgow G21 4RR ,,Springburn,24,17,Springburn/Robroyston,S02001925
259420.44,665966.369999999,1697,Off,GC2569,Tesco Express 194 North Hanover Street Glasgow G4 0PY  ,PTLL Limited,Steven Donoghue,2023/01/26 00:00:00+00,,Monday to,Premises ,,27.6,259420.44,665966.37,906700510906,,194 North Hanover Street Glasgow G4 0PY ,,City Centre / Merchant City,29,10,Anderston/City/Yorkhill,S02001933
258228,662449,1698,On & Off,GC2564,CIBO 509 Victoria Road Glasgow Glasgow City G42 8BH ,Vanclaude Enterprise Limited,Michael Angelo Onorati,2023/02/01 00:00:00+00,,On Sales ,Premises ,40,3.9,258228,662449,906700312894,,509 Victoria Road Glasgow G42 8BH ,,Govanhill,4,08,Southside Central,S02001868
259965.33,659358.890000001,1699,Off,GC2552,Unit 1 Castlemilk Arcade The Braes Shopping Centre Castlemilk Glasgow G45 9AA ,One-O-One Convenience Stores Limited,Sarah Matthews,2023/02/17 00:00:00+00,,Monday to,Premises ,,22.2,259965.33,659358.89,906700379744,,2 Castlemilk Arcade Glasgow G45 9AA ,,Castlemilk,20,01,Linn,S02001882
258935,665637,1700,On,GC2377,64 Renfield Street Glasgow G2 1NQ   ,Waterflow LIC Limited,Ammar Redar ,2023/02/20 00:00:00+00,,Monday to,Premises ,74,,258935,665637,906700081952,,64A Renfield Street Glasgow G2 1NQ ,,City Centre / Merchant City,29,10,Anderston/City/Yorkhill,S02001934
258240,665433,1701,On,GC2354,Morgan Stanley 122 Waterloo Street Glasgow G2 7DP  ,Compass Contract Services (UK) Ltd,Sophy Delavigne,2023/02/24 00:00:00+00,,Monday to,Premises ,135,,258240,665433,906700087627,,65 Pitt Street Glasgow G2 7AH ,,City Centre / Merchant City,29,10,Anderston/City/Yorkhill,S02001934
256455,666819,1702,Off,GC2571,George Mewes Cheese 106 Byres Road Glasgow G12 8TB  ,George Mewes Limited,Alan Brady,2023/03/01 00:00:00+00,,Monday to,Premises ,,5.2,256455,666819,906700020728,,106 Byres Road Glasgow G12 8TB ,,Hillhead / Woodlands,30,11,Hillhead,S02001952
257332,667076,1703,Off,GC2435,I.J. Mellis Cheesemonger 492 Great Western Road Glasgow G12 8EW  ,Mellis Cheese Limited,Karen Barnes,2023/03/27 00:00:00+00,,Monday to,Premises ,,1,257332,667076,906700326512,,492 Great Western Road Glasgow G12 8EW ,,Hillhead / Woodlands,30,11,Hillhead,S02001939
259242,665474,1704,Off,GC2568,Marks & Spencer Simply Food Glasgow Queen Street Station 38 George Square Glasgow G1 2AF ,WH Smith Travel Holdings Ltd,Ross Kane,2023/04/06 00:00:00+00,,Monday to,Premises ,,12.2,259242,665474,906700050282,,Millennium Hotel 40 George Square Glasgow G2 1DS ,,City Centre / Merchant City,29,10,Anderston/City/Yorkhill,S02001932
260513,668975,1705,Off,GC2477,1347b Springburn Road Glasgow G21 1UU   ,Boozy Pele Ltd,Vivien Sung,2023/04/12 00:00:00+00,,Monday to,Premises ,,9.6,260513,668975,906700101203,,1347B Springburn Road Glasgow G21 1UU ,,Lambhill / Milton,35,16,Canal,S02001923
258409.63,664700.85,1706,On & Off,GC2544,Windmillcroft 2 Clyde Place Lane Glasgow G5 8DP  ,ISS Facility Services Limited,Scott Martin,2023/04/12 00:00:00+00,,On Sales ,Premises ,887,0,258409.63,664700.85,906700539724,,2 Clyde Place Lane Glasgow G5 8DP ,,Ibrox / Kingston,2,05,Govan,S02001890
257043,665948,1707,On,GC2578,1154 Argyle Street Glasgow Glasgow City G3 8TE  ,A.F.S Finnieston Limited,Jillian Rooney,2023/04/14 00:00:00+00,,Monday to,Premises ,86,,257043,665948,906700356620,,1154 Argyle Street Glasgow G3 8TE ,,Yorkhill / Anderston,31,10,Anderston/City/Yorkhill,S02001936
258679,665905,1708,On & Off,GC2582,24 Cambridge Street Glasgow G2 3DZ   ,Trygort (Number 2) Limited,Feng Le,2023/04/14 00:00:00+00,,On Sales ,Premises ,60,0,258679,665905,906700021447,,24 Cambridge Street Glasgow G2 3DZ ,,City Centre / Merchant City,29,10,Anderston/City/Yorkhill,S02001933
259187,666559,1709,Off,GC2543,Unit 3A 37 Payne Street Glasgow G4 0LE  ,Epochal Barrel Fermented Ales Ltd,Gareth John Young,2023/05/03 00:00:00+00,,Monday to,Premises ,50,0,259187,666559,906700092864,,Unit 3A 37 Payne Street Glasgow G4 0LE ,,Ruchill / Possilpark,38,16,Canal,S02001938
259692,665938,1710,Off,GC2585,Townhead Convenience Store 17 Kennedy Path Glasgow G4 0PP  ,Aaron Townhead Ltd,Brian McMahon,2023/06/06 00:00:00+00,,Monday to,Premises ,,13.6,259692,665938,906700059372,,17 Kennedy Path Glasgow G4 0PP ,,City Centre / Merchant City,29,10,Anderston/City/Yorkhill,S02001932
264002,664059,1711,Off,GC2573,77 Wellshot Road Glasgow G32 7XJ   ,Muhammad Faryad,Muhammad Faryad,2023/07/10 00:00:00+00,,Monday to,Premises ,,18.6,264002,664059,906700229564,,77 Wellshot Road Glasgow G32 7XJ ,,Tollcross / West Shettleston,56,19,Shettleston,S02001911
258939,665714,1712,On & Off,GC2589,90 Renfield Street Glasgow G2 1NH   ,Maki Property Ltd,Abhishek Basnet,2023/07/10 00:00:00+00,,On Sales ,Premises ,102,0,258939,665714,906700087973,,90 Renfield Street Glasgow G2 1NH ,,City Centre / Merchant City,29,10,Anderston/City/Yorkhill,S02001934
258085,665067,1713,On & Off,GC2586,Box Hub Axiom Building 54 Washington Street Glasgow G3 8AZ ,Creative Events Glasgow Limited,Clay Mitchell,2023/07/31 00:00:00+00,,On Sales ,Premises ,225,0,258085,665067,906700121205,,54 Washington Street Glasgow G3 8AZ ,,City Centre / Merchant City,29,10,Anderston/City/Yorkhill,S02001934
254158,665900,1714,Off,GC2577,1193 Govan Road Glasgow Glasgow City G51 4PW  ,SDR Fast Foods Limited,Jawinder Rabidas,2023/08/16 00:00:00+00,,Monday to,Premises ,,12.8,254158,665900,906700167301,,1193 Govan Road Glasgow G51 4PW ,,Greater Govan,1,05,Govan,S02001855
255672,664552,1715,On & Off,GC2482,Edmiston House 100 Edmiston Drive Glasgow G51 2YX  ,The Rangers Football Club Limited,Ruth Martin,2023/08/24 00:00:00+00,,On Sales ,Premises ,1300,0,255672,664552,906700159602,,Edmiston House 100 Edmiston Drive Glasgow G51 2YX ,,Ibrox / Kingston,2,05,Govan,S02001859
258240,665480,1716,On & Off,GC2601,Diageo Offices Floors 7 & 8 Eagle Building 215 Bothwell Street Glasgow G2 7ED,Diageo Scotland Limited,Dillon Begley,2023/09/07 00:00:00+00,,On Sales ,Premises ,100,8.6,258240,665480,906700015578,,Storey 7 Onyx 215 Bothwell Street Glasgow G2 7EZ ,,City Centre / Merchant City,29,10,Anderston/City/Yorkhill,S02001934
258880,665455,1717,On & Off,GC2562,104 St. Vincent Street Glasgow G2 5UB   ,Dynamic Food and Drink Limited,Patrick Daniel Collins,2023/09/26 00:00:00+00,,On Sales ,Premises ,127,0,258880,665455,906700108445,,104 St Vincent Street Glasgow G2 5UB ,,City Centre / Merchant City,29,10,Anderston/City/Yorkhill,S02001934
259114,665505,1718,On & Off,GC2604,Off the Rails 1A Dundas Street Glasgow G1 2AH  ,QS Coffee Limited,Christopher Barry,2023/10/04 00:00:00+00,,On Sales ,Premises ,20,2.1,259114,665505,906700039390,,1A Dundas Street Glasgow G1 2AH ,,City Centre / Merchant City,29,10,Anderston/City/Yorkhill,S02001932
259377.38,665450.4,1719,On & Off,GC2468,Flight Club 32 North Frederick Street Glasgow G1 2BS  ,Flight Club Darts Limited,Paul Raymond Stopper,2023/10/05 00:00:00+00,,On Sales ,Premises ,375,0,259377.38,665450.4,906700543976,,32 North Frederick Street Glasgow G1 2BS ,,City Centre / Merchant City,29,10,Anderston/City/Yorkhill,S02001932
258212,665982,1720,Off,GC2613,436 Sauchiehall Street Glasgow G2 3JD   ,GHSL Limited,Alexandros Rivans,2023/10/11 00:00:00+00,,Monday to,Premises ,,33.5,258212,665982,906700103570,,436 Sauchiehall Street Glasgow G2 3JD ,,City Centre / Merchant City,29,10,Anderston/City/Yorkhill,S02001933
258208,664128,1721,Off,GC2603,Deliveroo Editions 1 Scotland Street Glasgow G5 8LS  ,Deliveroo SP Ltd,Conor Ashe ,2023/10/13 00:00:00+00,,Monday to,Premises ,,0,258208,664128,906700212061,,1 Scotland Street Glasgow G5 8LS ,,Ibrox / Kingston,2,05,Govan,S02001890
256888,661385,1722,On,GC2612,Samurai-San 317 Kilmarnock Road Glasgow Glasgow City G43 2XS ,Samurai-San Ltd,Robert Kokosza,2023/10/13 00:00:00+00,,Monday to,Premises ,30,,256888,661385,906700428862,,317 Kilmarnock Road Glasgow G43 2XS ,,Newlands / Cathcart,43,07,Langside,S02001873
256457,666883,1723,On,GC2512,157 Byres Road Glasgow G12 8TS   ,Denis Francis Houlihan,Pierce Houlihan,2023/10/31 00:00:00+00,,Monday to,Premises ,6,,256457,666883,906700019544,,157 Byres Road Glasgow G12 8TS ,,Hyndland / Dowanhill / Partick East,32,23,Partick East/Kelvindale,S02001952
254535,664589,1724,On,GC2596,Benburb Football Club 282 Craigton Road Glasgow G51 4XG  ,Frank James Lovering,Ginean Peacock,2023/10/31 00:00:00+00,,Monday to,Premises ,40,,254535,664589,906700357108,,280 Craigton Road Glasgow G51 4XG ,,Greater Govan,1,05,Govan,S02001857
258615,660430,1725,On & Off,GC2605,69 Old Castle Road Glasgow G44 5TG   ,The Old Fruit Shop Ltd,Aaryn James Park,2023/11/01 00:00:00+00,,On Sales ,Premises ,20,1.14,258615,660430,906700364829,,69 Old Castle Road Glasgow G44 5TG ,,Cathcart / Simshill,9,01,Linn,S02001886
258833,665409,1726,Off,GC2590,17 Renfield Street Glasgow G2 5AH   ,Mohsin Raziq,Mohsin Raziq,2023/11/03 00:00:00+00,,Monday to,Premises ,,18.9,258833,665409,906700418353,,Storey 2 17 Renfield Street Glasgow G2 5AH ,,City Centre / Merchant City,29,10,Anderston/City/Yorkhill,S02001934
266565.76,666521.119999999,1727,On & Off,GC2618,Leopardo 86 Provan Walk Glasgow G34 9DY  ,BMB LIC Limited,,2023/11/10 00:00:00+00,,On Sales ,Premises ,100,4.7,266565.76,666521.12,906700515325,,86 Provan Walk Glasgow G34 9DL ,,Easterhouse,16,21,North East,S02001906
258533,665597,1728,Off,GC2624,247 West George Street Glasgow G2 4QE   ,Blythswood LIC Limited,Malgorzata Latalska,2023/11/10 00:00:00+00,,Monday to,Premises ,,0,258533,665597,906700112508,,247 West George Street Glasgow G2 4QE ,,City Centre / Merchant City,29,10,Anderston/City/Yorkhill,S02001934
257130,662434,1729,Off,GC2597,Easy Shop 106 Minard Road Glasgow G41 2DL  ,Arsh Ali,Arsh Ali,2023/11/20 00:00:00+00,,Monday to,Premises ,,22.7,257130,662434,906700279236,,106 Minard Road Glasgow G41 2DL ,,Shawlands / Strathbungo,6,06,Pollokshields,S02001868
259437.24,665479.01,1730,On & Off,GC2553,AC By Marriott 266-280 George Street Glasgow   ,CSG Glasgow Ltd,Craig Hugh Stuart Munro,2023/11/23 00:00:00+00,,On Sales ,Premises ,490,6.4,259437.24,665479.01,906700543977,,77 John Street Glasgow G1 1JF ,,City Centre / Merchant City,29,10,Anderston/City/Yorkhill,S02001932
257147,668815,1731,Off,GC2607,Tan&Ns Wine Importers Unit F2 24 Craigmont Street Glasgow North Trading Estate Glasgow G20 9BT,Tan&Ns Limited,Luigi Tana,2023/12/04 00:00:00+00,,Monday to,Premises ,,0,257147,668815,906700406793,,Unit F2 24 Craigmont Street Glasgow G20 9BT ,,Maryhill Road Corridor,39,15,Maryhill,S02001949
257824,661123,1732,On,GC2609,Langside Sports Club 34 Kintore Road Glasgow G43 2HA  ,Langside Rest Ltd,Lee Clark,2023/12/14 00:00:00+00,,Monday to,Premises ,75,0,257824,661123,906700280013,,34 Kintore Road Glasgow G43 2HA ,,Newlands / Cathcart,43,07,Langside,S02001877
258785,665492,1733,On & Off,GC2623,Turtle Bay 130 St Vincent Street Glasgow G2 5HF  ,Turtle Bay Hospitality Limited,Ance Fedorova,2023/12/20 00:00:00+00,,On Sales ,Premises ,255,0,258785,665492,906700440033,,Storey 1 130 St Vincent Street Glasgow G2 5HF ,,City Centre / Merchant City,29,10,Anderston/City/Yorkhill,S02001934
259404,659747,1734,Off,GC2539,Convenience Store 418 Carmunnock Road Glasgow G44 5EH  ,One-O-One Convenience Stores Limited,June Ewart,2023/12/21 00:00:00+00,,Monday to,Premises ,,11.79,259404,659747,906700388282,,418 Carmunnock Road Glasgow G44 5EH ,,Cathcart / Simshill,9,01,Linn,S02001879
257250,662109,1735,On & Off,GC2594,5 Abbot Street Glasgow Glasgow City G41 3XE  ,Fergus McVicar,Daniel Morrow,2023/12/21 00:00:00+00,,On Sales ,Premises ,36,0,257250,662109,906700247363,,5 Abbot Street Glasgow G41 3XE ,,Shawlands / Strathbungo,6,06,Pollokshields,S02001870
257902,662645,1736,On & Off,GC2621,Wasabi 705 Pollokshaws Road Glasgow G41 2AA  ,Strathbungo Sushi Limited,Eunbin Kim,2024/01/15 00:00:00+00,,On Sales ,Premises ,20,0,257902,662645,906700300732,,705 Pollokshaws Road Glasgow G41 2AA ,,Shawlands / Strathbungo,6,08,Southside Central,S02001868
255630,666601,1737,Off,GC2409,One Stop Convenience Store 380 Dumbarton Road Glasgow G11 6RZ  ,Nathalie Fullerton,Nathalie Fullerton,2024/02/13 00:00:00+00,,Monday to,Premises ,,13.75,255630,666601,906700317954,,380 Dumbarton Road Glasgow G11 6RZ ,,Hyndland / Dowanhill / Partick East,32,23,Partick East/Kelvindale,S02001955
257178,665868,1738,On,GC2526,1082-1086 Argyle Street Glasgow G3 8LY   ,Almir Muharremi,Jessica Lorraine Devitt,2024/02/29 00:00:00+00,,Monday to,Premises ,36,,257178,665868,906700005710,,1082 Argyle Street Glasgow G3 8LY ,,Yorkhill / Anderston,31,10,Anderston/City/Yorkhill,S02001936
254705.56,667218.07,1739,On & Off,GC2595,Po'Boyz 16 Norby Road Glasgow G11 7BN  ,Drink@PO'Boyz Limited,Sepideh Aliabbar,2024/03/15 00:00:00+00,,On Sales ,Premises ,36,0,254705.56,667218.07,906700086618,,16 Norby Road Glasgow G11 7BN ,,Broomhill / Partick West,33,12,Victoria Park,S02001959
256792,666063,1740,Off,GC2641,I Mart 1303 Argyle Street Glasgow G3 8TL  ,AIJIA Ltd,Longtao Li,2024/03/15 00:00:00+00,,Monday to,Premises ,,9.3,256792,666063,906700007128,,1303 Argyle Street Glasgow G3 8TL ,,Yorkhill / Anderston,31,10,Anderston/City/Yorkhill,S02001936
256683,665899,1741,Off,GC2478,81 Haugh Road Glasgow G3 8TX   ,Drygate Brewing Company Limited,Tom Rowan,2024/03/19 00:00:00+00,,Monday to,Premises ,,0,256683,665899,906700056165,,105 Haugh Road Glasgow G3 8TX ,,Yorkhill / Anderston,31,10,Anderston/City/Yorkhill,S02001936
266568,664008,1742,Off,GC2637,21 Barrachnie Road Glasgow G69 6HB   ,Newsplus Company Limited,James Robertson,2024/03/21 00:00:00+00,,Monday to,Premises ,,37.9,266568,664008,906700383591,,21 Barrachnie Road Glasgow G69 6HB ,,Baillieston / Garrowhill,42,20,Baillieston,S02001902
259053,665422,1743,Off,GC2638,James Pringle Weaver of Inverness 130 Buchanan Street Glasgow G1 2JR  ,Purepay Retail Limited,Laura Walsh,2024/03/21 00:00:00+00,,Monday to,Premises ,,5.3,259053,665422,906700018651,,130 Buchanan Street City Centre Glasgow G1 2JR ,,City Centre / Merchant City,29,10,Anderston/City/Yorkhill,S02001934
258144.58,661728.460000001,1744,Off,GC2642,M&S Food 106 Grange Road Glasgow G42 9EN  ,The Explorer Group Limited,Gareth McBurnie ,2024/03/28 00:00:00+00,,Monday to,Premises ,,13.4,258144.58,661728.46,906700550682,,106 Grange Road Glasgow G42 9LF ,,Langside / Battlefield,7,07,Langside,S02001867
263864,667132,1745,On,GC2619,Golf It! Lethamhill Golf Club 1240 Cumbernauld Road Glasgow G33 1AH ,R & A Golf and Leisure Limited,Calvin Crichton,2024/04/03 00:00:00+00,,Monday to,Premises ,500,,263864,667132,906700034672,,Lethamhill Golf Club 1240 Cumbernauld Road Glasgow G33 1AH ,,Ruchazie / Garthamlock,17,21,North East,S02001916
258833,665431,1746,On & Off,GC2538,25 Renfield Street Glasgow G2 1JS   ,Pho Trading Ltd,Katarzyna Pachuta,2024/04/15 00:00:00+00,,On Sales ,Premises ,180,5.4,258833,665431,906700094921,,25 Renfield Street Glasgow G2 5AJ ,,City Centre / Merchant City,29,10,Anderston/City/Yorkhill,S02001934
259064,664926,1747,On & Off,GC2635,"Wagamama Unit R2/R3, St Enoch Shopping Centre 55 St Enoch Centre Glasgow G1 4BYW",Wagamama Limited,Katie Skilling,2024/04/15 00:00:00+00,,On Sales ,Premises ,130,0,259064,664926,906700326153,,Management Suite St Enoch Shopping Centre 55 St Enoch Square Glasgow G1 4BW ,,City Centre / Merchant City,29,10,Anderston/City/Yorkhill,S02001934
258458.25,664684.869999999,1748,On & Off,GC2548,Wellcroft 3 Clyde Place Lane Glasgow G5 8DP  ,ISS Facility Services Limited,,2024/04/22 00:00:00+00,,On Sales ,Premises ,1511,0,258458.25,664684.87,906700539725,,3 Clyde Place Lane Glasgow G5 8DP ,,Ibrox / Kingston,2,05,Govan,S02001890
260750,663902,1749,Off,GC2631,Taste of Poland 38 Dalmarnock Road Glasgow G40 4AA  ,Michael Grzesiuk,Michael Grzesiuk,2024/05/22 00:00:00+00,,Monday to,Premises ,,6.2,260750,663902,906700153907,,38 Dalmarnock Road Glasgow G40 4AA ,,Calton / Bridgeton,28,09,Calton,S02001892
266410,665615,1750,Off,GC2541,Bundl 110 Easter Queenslie Road Glasgow G33 4UL  ,United On Line T/A Bundl Ltd,Jason James Henry Butler,2024/05/28 00:00:00+00,,Monday to,Premises ,,0,266410,665615,906700154386,,110 Easter Queenslie Road Glasgow G33 4UL ,,Springboig / Barlanark,41,20,Baillieston,S02001908
258821,661520,1751,On,GC2632,The City Club Queens Park Lesser Hampden Park Letherby Drive Glasgow G42 9AY ,The Queens Park Football Club Limite,Teighan McHaghney,2024/05/31 00:00:00+00,,Monday to,Premises ,100,,258821,661520,906700424588,,The City Stadium Offices 30 Somerville Drive Glasgow G42 9BA ,,King's Park / Mount Florida,8,07,Langside,S02001887
266872,663825,1752,Off,GC2630,133 Glasgow Road Glasgow G69 6TA   ,Riaz Ahmad,Riaz Ahmad,2024/06/20 00:00:00+00,,Monday to,Premises ,,36.3,266872,663825,906700136504,,133 Glasgow Road Glasgow G69 6TA ,,Baillieston / Garrowhill,42,20,Baillieston,S02001902
266268.53,666304.529999999,1753,On & Off,GC2629,Hotel Chocolat Unit B16 325 Provan Walk Glasgow G34 9DY ,Hotel Chocolat Retail Limited,Scott Thomas Johnston,2024/06/24 00:00:00+00,,On Sales ,Premises ,38,4.4,266268.53,666304.53,906700401111,,325 Provan Walk Glasgow G34 9DY ,,Easterhouse,16,21,North East,S02001906
267692,663967,1754,Off,GC2600,Suite 17 68 Whirlow Road Glasgow G69 6QE  ,The Little Cellar Ltd,Diana Marcela Bernal Quint,2024/07/01 00:00:00+00,,Monday to,Premises ,,0,267692,663967,906700356622,,Storey 0/1 68 Whirlow Road Glasgow G69 6QE ,,Baillieston / Garrowhill,42,20,Baillieston,S02001902
258218,662416,1755,On & Off,GC2650,Buena Vida Radio Cafe 535 Victoria Road Glasgow G42 8BH  ,Radio Buena Vida CIC,Susan O'Neill,2024/07/01 00:00:00+00,,On Sales ,Premises ,20,3,258218,662416,906700314684,,535 Victoria Road Glasgow G42 8BH ,,Govanhill,4,08,Southside Central,S02001868
259824,658488,1756,Off,GC2643,Costcutter 105 Stravanan Road Glasgow G45 9UT  ,WM Commercial LTD,Muhammad Zulfiqar Majeed,2024/07/23 00:00:00+00,,Monday to,Premises ,,26.8,259824,658488,906700418668,,105 Stravanan Road Glasgow G45 9UT ,,Castlemilk,20,01,Linn,S02001881
258070,661532,1757,On & Off,GC2581,49 Sinclair Drive Battlefield Glasgow G42 9PR  ,French Monkey Limited,Aidan Peter Connolly,2024/07/29 00:00:00+00,,On Sales ,Premises ,20,1,258070,661532,906700292972,,49 Sinclair Drive Glasgow G42 9PR ,,Langside / Battlefield,7,07,Langside,S02001867
259064,664926,1758,On & Off,GC2647,Wingstop Unit R5 St Enoch Shopping Centre 55 St Enoch Square Glasgow G1 4BY,Lemon Pepper Holdings Limited,Ho Hin Leung,2024/08/16 00:00:00+00,,On Sales ,Premises ,82,1.6,259064,664926,906700326153,,Management Suite St Enoch Shopping Centre 55 St Enoch Square Glasgow G1 4BW ,,City Centre / Merchant City,29,10,Anderston/City/Yorkhill,S02001934
258497,666932,1759,Off,GC2625,Unit A Lorne Court 9 Cedar Court Glasgow G20 7NT ,Philip Teji,Sonita Masih,2024/08/30 00:00:00+00,,Monday to,Premises ,,15.5,258497,666932,906700420053,,Flat 1 Lorne Court 9 Cedar Court Glasgow G20 7NT ,,Hillhead / Woodlands,30,11,Hillhead,S02001939
255261.77,663727.91,1760,On & Off,GC2634,The Prince & Princess of Wales Hospice 20 Dumbreck Road Glasgow G41 5BW  ,Prince & Princess of Wales Hospice,Lynn McLeod,2024/09/13 00:00:00+00,,On Sales ,Premises ,376,12.4,255261.77,663727.91,906700525811,,Prince & Princess Of Wales Hospice 20 Dumbreck Road Glasgow G41 5BW ,,Bellahouston / Craigton / Mosspark,52,06,Pollokshields,S02001862
261559,664548,1761,On,GC2659,Booffi 881 Gallowgate Glasgow G31 4BW  ,Violet Hawk Ltd,Lucy Foye,2024/09/17 00:00:00+00,,Monday to,Premises ,140,,261559,664548,906700338156,,Forge Retail Park 881 Gallowgate Glasgow G31 4BW ,,Parkhead / Dalmarnock,27,09,Calton,S02001929
256670,661285,1762,Off,GC2652,Glasgow Newlands Service Station 117 Riverford Road Glasgow G43 1PU  ,Motor Fuel Limited,Monika Vellori,2024/09/23 00:00:00+00,,Monday to,Premises ,,9.8,256670,661285,906700344140,,Morrisons 117 Riverford Road Glasgow G43 1PU ,,Pollokshaws / Mansewood,47,02,Newlands/Auldburn,S02001873
266723,666063,1763,Off,GC2654,Glasgow Auchinlea Service Station 10 Auchinlea Way Glasgow G34 9JJ  ,Motor Fuel Limited,Saravanan Murugesan,2024/10/07 00:00:00+00,,Monday to,Premises ,,8.6,266723,666063,906700403041,,Petrol Station 10 Auchinlea Way Glasgow G34 9JJ ,,Easterhouse,16,21,North East,S02001906
254796,669024,1764,Off,GC2653,Glasgow Anniesland Service Station 900 Crow Road Glasgow G13 1JD  ,Motor Fuel Limited,Muhammad Sufyan Siddique,2024/10/10 00:00:00+00,,Monday to,Premises ,,9.8,254796,669024,906700031091,,Morrisons Petrol Station 900 Crow Road Glasgow G13 1JD ,,Temple / Anniesland,18,14,Drumchapel/Anniesland,S02001970
257845,667592,1765,Off,GC2616,561 Maryhill Road Glasgow G20 7UJ   ,BSB (Scotland) Limited,Baljinder Singh Bajwa,2024/10/14 00:00:00+00,,Monday to,Premises ,,25.1,257845,667592,906700079026,,561 Maryhill Road Glasgow G20 7UJ ,,Maryhill Road Corridor,39,11,Hillhead,S02001951
258739,665506,1766,On & Off,GC2599,142A St Vincent Street Glasgow G2 5LQ   ,Hatrack Glasgow Limited ,,2024/11/01 00:00:00+00,,On Sales ,Premises ,130,5.01,258739,665506,906700096147,,142A St Vincent Street Glasgow G2 5LQ ,,City Centre / Merchant City,29,10,Anderston/City/Yorkhill,S02001934
259235,665182,1767,On & Off,GC2633,68 Miller Street Glasgow G1 1DT   ,Sumac House Limited,Alasdair Lawson McIntosh S,2024/11/01 00:00:00+00,,On Sales ,Premises ,375,0,259235,665182,906700321226,,Flat 1/1 70 Miller Street City Centre Glasgow G1 1DT ,,City Centre / Merchant City,29,10,Anderston/City/Yorkhill,S02001932
268271,663988,1768,Off,GC2651,Glasgow Baillieston Service Station 3 Ravenswood Road Glasgow G69 7HU  ,Motor Fuel Limited,Ellen Ringrose,2024/11/08 00:00:00+00,,Monday to,Premises ,,9.8,268271,663988,906700110646,,3 Ravenswood Road Glasgow G69 7HU ,,Baillieston / Garrowhill,42,20,Baillieston,S02001901
256909,666620,1769,Off,GC2675,University of Glasgow Gift Shop University of Glasgow 1 Gilmorehill Glasgow G12 8QQ ,G U Heritage Retail Ltd,Maureen Gemmell,2024/11/08 00:00:00+00,,Monday to,Premises ,,5.4,256909,666620,906700049421,,University Of Glasgow 1 Gilmorehill Glasgow G12 8QQ ,,Hillhead / Woodlands,30,11,Hillhead,S02001952
256256,666532,1770,Off,GC2614,Tang Mall 122-128 Dumbarton Road Glasgow G11 6NY  ,YBJ Limited,Zhuotao Zhang,2024/11/12 00:00:00+00,,Monday to,Premises ,,16.8,256256,666532,906700038349,,128 Dumbarton Road Glasgow G11 6NY ,,Hyndland / Dowanhill / Partick East,32,23,Partick East/Kelvindale,S02001953
256239,665803,1771,On & Off,GC2660,Fallachan Dining Unit 8 1 Eastvale Place Glasgow G3 8QG ,Fallachan Dining Limited,Grant Coffield,2024/11/12 00:00:00+00,,On Sales ,Premises ,20,3.5,256239,665803,906700382351,,Unit 8 1 Eastvale Place Glasgow G3 8QG ,,Yorkhill / Anderston,31,10,Anderston/City/Yorkhill,S02001936
258418.61,664737.300000001,1772,Off,GC2698,Tesco Ground Floor Retail Unit Windmillcroft Building 90 Kingston Street Glasgow G5 8BP,PTLL Limited,Paul MacBride,2024/11/18 00:00:00+00,,Monday to,Premises ,,30.8,258418.61,664737.3,906700539723,,1 Clyde Place Lane Glasgow G5 8DP ,,Ibrox / Kingston,2,05,Govan,S02001890
256892,667283,1773,On,GC2662,Cottonrake 717 Great Western Road Glasgow G12 8QX  ,Rottoncake Ltd,Stefan Spicknell ,2024/12/05 00:00:00+00,,Monday to,Premises ,60,,256892,667283,906700058521,,717 Great Western Road Glasgow G12 8QX ,,Hillhead / Woodlands,30,11,Hillhead,S02001952
256438.06,666656.98,1774,On,GC2674,Advanced Research Centre (ARC Building) The Mazumdar-Shaw Advanced Research Centre 11 Chapel Lane Univers,UOG Commercial Ltd,Iain Condie,2024/12/06 00:00:00+00,,Monday to,Premises ,80,,256438.06,666656.98,906700541633,,Advanced Research Centre 11 Chapel Lane Glasgow G11 6EW ,,Hillhead / Woodlands,30,11,Hillhead,S02001953
259295,665167,1775,On & Off,GC2639,Revolver 62 Virginia Street Glasgow G1 1TX  ,Revolver Limited,Andrew Samuel ,2024/12/11 00:00:00+00,,On Sales ,Premises ,60,0,259295,665167,906700119380,,68 Virginia Street Glasgow G1 1TX ,,City Centre / Merchant City,29,10,Anderston/City/Yorkhill,S02001932
258229.6,665677.91,1776,On & Off,GC2606,Sandman Signature Hotel Pegasus House 375 West George Street Glasgow G2 4LW ,Shark Club (UK) Limited,Steven Gillies,2024/12/19 00:00:00+00,,On Sales ,Premises ,435,0,258229.6,665677.91,906700112629,,375 West George Street Glasgow G2 4LW ,,City Centre / Merchant City,29,10,Anderston/City/Yorkhill,S02001933
259140,665158,1777,On,GC2665,Ground Floor 50 Queen Street Glasgow G1 3DS  ,Ichigo Glasgow Limited,Amanda Yee Ling Chung,2024/12/19 00:00:00+00,,Monday to,Premises ,45,,259140,665158,906700377912,,Storey Ground 50 Queen Street Glasgow G1 3DS ,,City Centre / Merchant City,29,10,Anderston/City/Yorkhill,S02001932
258792,665692,1778,Off,GC2670,24/7 Shop 211 Hope Street Glasgow G2 2UW  ,Hope News Ltd,Aida Mirahmadi,2024/12/20 00:00:00+00,,Monday to,Premises ,,11.8,258792,665692,906700379207,,Flat 0/1 211 Hope Street Glasgow G2 2UW ,,City Centre / Merchant City,29,10,Anderston/City/Yorkhill,S02001934
259054,665188,1779,On & Off,GC2683,Unit 50 Level 2 Princes Square 48 Buchanan Street Glasgow G1 3JN,Jessiesgw23 Limited,Nicole May Ramage,2025/01/17 00:00:00+00,,On Sales ,Premises ,200,0,259054,665188,906700428739,,Unit 50 Level 2 Princes Square 48 Buchanan Street City Centre Glasgow G1 3JN ,,City Centre / Merchant City,29,10,Anderston/City/Yorkhill,S02001934
255782,666602,1780,Off,GC2646,326 Dumbarton Road Glasgow G11 6TF   ,Majid Masoudi,Jennifer Simpson,2025/01/22 00:00:00+00,,Monday to,Premises ,,13.7,255782,666602,906700028833,,326 Dumbarton Road Glasgow G11 6TF ,,Hyndland / Dowanhill / Partick East,32,23,Partick East/Kelvindale,S02001955
258799.97,665090.310000001,1781,On & Off,GC2695,Sexy Coffee 217 Argyle Street Glasgow G2 8DL  ,Sexy Coffee Limited,Gianluca Varese,2025/02/03 00:00:00+00,,On Sales ,Premises ,85,2.9,258799.97,665090.31,906700005931,,217 Argyle Street Glasgow G2 8DL ,,City Centre / Merchant City,29,10,Anderston/City/Yorkhill,S02001934
256907,668853,1782,On & Off,GC2513,The Engine Works 23 Lochburn Road Maryhill Glasgow G20 9AE ,Perfectly Modern Ltd,Michael McDonagh,2025/02/10 00:00:00+00,,On Sales ,Premises ,450,0,256907,668853,906700069309,,23 Lochburn Road Glasgow G20 9AE ,,Maryhill Road Corridor,39,15,Maryhill,S02001948
256860,661505,1783,On & Off,GC2686,The Old Fish Bar 74 Coustonholm Road Glasgow G43 1TZ  ,The Old Fish Bar Ltd,Stefano Azarro,2025/02/14 00:00:00+00,,On Sales ,Premises ,20,12,256860,661505,906700264540,,74 Coustonholm Road Glasgow G43 1TZ ,,Shawlands / Strathbungo,6,06,Pollokshields,S02001870
259054,665187,1784,Off,GC2696,Unit 16 Princes Square 48 Buchanan Street Glasgow G1 3JN ,Glenkier Whiskies Limited,Donald James Darroch,2025/03/05 00:00:00+00,,Monday to,Premises ,,37.6,259054,665187,906700321057,,Unit Ground 16 Princes Square 48 Buchanan Street City Centre Glasgow G1 3JN ,,City Centre / Merchant City,29,10,Anderston/City/Yorkhill,S02001934
258899,665013,1785,Off,GC2700,Slanj Kilts 30 St Enoch Square Glasgow G1 4DB  ,Clan Scotland Ltd ,Brian Halley,2025/03/14 00:00:00+00,,Monday to,Premises ,,1.3,258899,665013,906700101354,,30 St Enoch Square Glasgow G1 4DB ,,City Centre / Merchant City,29,10,Anderston/City/Yorkhill,S02001934
259530,665108,1786,On & Off,GC2704,Sorriso Cafe 81 Candleriggs Glasgow G1 1NP  ,Sorrisobrunch Ltd,Ionela Aveloaei,2025/03/14 00:00:00+00,,On and Of,Premises ,48,0,259530,665108,906700021928,,81 Candleriggs Glasgow G1 1NP ,,City Centre / Merchant City,29,10,Anderston/City/Yorkhill,S02001932
257923,660160,1787,Off,GC2699,Tesco 134 Merrylee Road Glasgow G44 3DL  ,PTLL Limited,Oliver Simpson,2025/03/18 00:00:00+00,,Monday to,Premises ,,30.8,257923,660160,906700295787,,134 Merrylee Road Glasgow G44 3DL ,,Cathcart / Simshill,9,01,Linn,S02001878
258735,665455,1788,On,GC2610,Cafe Fame 127 Hope Street Glasgow G2 6PE  ,Fame Glasgow Ltd,Denis Dhimitri,2025/05/09 00:00:00+00,,Monday to,Premises ,36,,258735,665455,906700066789,,129 Hope Street Glasgow G2 6PE ,,City Centre / Merchant City,29,10,Anderston/City/Yorkhill,S02001934
256818,667301,1789,Off,GC2687,Christie Cashmere 404 Byres Road Glasgow G12 8AS  ,Taaks Limited,Gurmale Singh,2025/05/19 00:00:00+00,,Monday to,Premises ,,63.4,256818,667301,906700020029,,404 Byres Road Glasgow G12 8AS ,,Hillhead / Woodlands,30,11,Hillhead,S02001952
258704,665382,1790,On & Off,GC2666,Sweet and Sour 9 Bothwell Street Glasgow G2 6NL  ,Bothwell Express Limited,Callum Dickson,2025/05/20 00:00:00+00,,On Sales ,Premises ,20,1.3,258704,665382,906700017217,,9 Bothwell Street Glasgow G2 6NL ,,City Centre / Merchant City,29,10,Anderston/City/Yorkhill,S02001934
257774,666393,1791,Off,GC2679,132 Woodlands Road Glasgow G3 6LF   ,Glen Monarch Limited,Harman Kaur,2025/05/21 00:00:00+00,,Monday to,Premises ,,17.8,257774,666393,906700120755,,132 Woodlands Road Glasgow G3 6LF ,,Hillhead / Woodlands,30,11,Hillhead,S02001937
259008,664784,1792,Off,GC2688,Nisa Local 216 Clyde Street Glasgow G1 4JY  ,Khalid Javid,Khalid Javed,2025/05/28 00:00:00+00,,Monday to,Premises ,,32.4,259008,664784,906700379670,,214 Clyde Street Glasgow G1 4JY ,,City Centre / Merchant City,29,10,Anderston/City/Yorkhill,S02001934
262509,667801,1793,Off,GC2644,20 Quarrywood Avenue Glasgow G21 3ES   ,Parveen Mohammed,Muhammed Balal Saleem,2025/06/09 00:00:00+00,,Monday to,Premises ,,18.3,262509,667801,906700193741,,20 Quarrywood Avenue Glasgow G21 3ES ,,Balornock/ Barmulloch,26,17,Springburn/Robroyston,S02001917
259064,664926,1794,On,GC2681,"Escape Hunt Unit 81, St Enoch Shopping Centre 55 St Enoch Square Glasgow G1 4BW ",Escape Hunt Group Limited,Katrina McFadyen,2025/06/09 00:00:00+00,,Monday to,Premises ,50,,259064,664926,906700326153,,Management Suite St Enoch Shopping Centre 55 St Enoch Square Glasgow G1 4BW ,,City Centre / Merchant City,29,10,Anderston/City/Yorkhill,S02001934
256605,667105,1795,Off,GC2684,267 Byres Road Glasgow G12 8TL   ,Partnership of Mr Rizwan Mohammed an,Rizwan Mohammed,2025/06/18 00:00:00+00,,Monday to,Premises ,,7.2,256605,667105,906700425647,,267 Byres Road Glasgow G12 8TL ,,Hyndland / Dowanhill / Partick East,32,23,Partick East/Kelvindale,S02001957
259064,664926,1796,On & Off,GC2705,Monterey Jacks Unit R9 Argyle Street St Enoch Centre Glasgow G1 4BW,MJ's St Enoch Centre Ltd,Grant Alexander Petrie,2025/06/18 00:00:00+00,,On Sales ,Premises ,100,0,259064,664926,906700326153,,Management Suite St Enoch Shopping Centre 55 St Enoch Square Glasgow G1 4BW ,,City Centre / Merchant City,29,10,Anderston/City/Yorkhill,S02001934
259359,665312,1797,On & Off,GC2713,313 Detroit Pizza 51 Cochrane Street Glasgow G1 1HL  ,Poppy Maxwell Limited,Anthony John Curtis,2025/06/24 00:00:00+00,,On Sales ,Premises ,48,3,259359,665312,906700028351,,51 Cochrane Street Glasgow G1 1HL ,,City Centre / Merchant City,29,10,Anderston/City/Yorkhill,S02001932
257046,666114,1798,On & Off,GC2678,The Alamo Guest House 46 Gray Street Kelvingrove Park Glasgow G3 7SE ,Lansdowne Project One Limited,Tehmeena Latif,2025/06/25 00:00:00+00,,On Sales ,Premises ,30,0,257046,666114,906700047780,,46 Gray Street Glasgow G3 7SE ,,Hillhead / Woodlands,30,10,Anderston/City/Yorkhill,S02001936
253363,661208,1799,On & Off,GC2658,King Pins Unit 55 Silverburn Shopping Centre 763 Barrhead Road Glasgow G53 6AG,Pins Leisure Ltd,Jonathan Gilchrist Reid,2025/06/27 00:00:00+00,,On Sales ,Premises ,300,0,253363,661208,906700421215,,Management Suite Silverburn Shopping Centre 763 Barrhead Road Glasgow G53 6AG ,,Priesthill / Househillwood,45,03,Greater Pollok,S02001845
259983,664777,1800,Off,GC2693,Glasgow Super Store 187 Gallowgate Glasgow G1 5DY  ,Afshin Salehi,Afshin Salehi,2025/07/16 00:00:00+00,,Monday to,Premises ,,7.8,259983,664777,906700167007,,187 Gallowgate Glasgow G1 5DY ,,Calton / Bridgeton,28,09,Calton,S02001931
259600,665117,1801,On,GC2692,Central Internal Courtyard 71 Albion Street Glasgow G1 1NQ  ,CDLH Surveyors Limited,Lisa Anne Darroch,2025/07/17 00:00:00+00,,Monday to,Premises ,750,,259600,665117,906700328008,,Unit 1 71 Albion Street City Centre Glasgow G1 1NY ,,City Centre / Merchant City,29,10,Anderston/City/Yorkhill,S02001932
258400,660588,1802,On & Off,GC2709,Cyrus' Kitchen 5 Clarkston Road Glasgow G44 4EF  ,Shamsaei Restaurants Limited,Ali Ifran Adel Azizi,2025/08/15 00:00:00+00,,On and Of,Premises ,110,0,258400,660588,906700258124,,7 Clarkston Road Glasgow G44 4EF ,,Newlands / Cathcart,43,07,Langside,S02001886
259986,665314,1803,On & Off,GC2710,Pursuit of Hoppyness 274 High Street Glasgow G4 0QT  ,The Pursuit of Hoppyness Limited,Mary-Jane Albert,2025/08/15 00:00:00+00,,On Sales ,Premises ,6,9.2,259986,665314,906700168503,,274 High Street Glasgow G4 0QT ,,City Centre / Merchant City,29,22,Dennistoun,S02001932
261492,665228,1804,Off,GC2661,Daily Coffee 160 Garthland Drive Glasgow G31 2SP  ,Garthland General Store Ltd,Andrew Mackie Ferguson,2025/08/18 00:00:00+00,,Monday to,Premises ,,2.9,261492,665228,906700172313,,160 Garthland Drive Glasgow G31 2SG ,,Dennistoun,12,22,Dennistoun,S02001930
259688,664970,1805,On & Off,GC2717,Kozi Cafe 49 High Street Glasgow G1 1LX  ,Skenderi Ltd,Erand Skenderi,2025/08/21 00:00:00+00,,On Sales ,Premises ,60,9.81,259688,664970,906700061404,,49 High Street Glasgow G1 1LX ,,City Centre / Merchant City,29,10,Anderston/City/Yorkhill,S02001932
258820,665253,1806,Off,GC2649,77 Union Street Glasgow G1 3TA   ,Anaya Enterprises Private Limited,Anand Kumar,2025/09/08 00:00:00+00,,Monday to,Premises ,,9.8,258820,665253,906700114946,,77 Union Street Glasgow G1 3TA ,,City Centre / Merchant City,29,10,Anderston/City/Yorkhill,S02001934
259398.38,665026.6,1807,On & Off,GC2611,The Social Hub HOTEL Glasgow 15 Candleriggs Square Glasgow G1 1TQ  ,TSH Glasgow OpCo Limited,Benjamin Robert McLeod,2025/09/10 00:00:00+00,,On Sales ,Premises ,1110,58.5,259398.38,665026.6,906700548380,,15 Candleriggs Square Glasgow G1 1TQ ,,City Centre / Merchant City,29,10,Anderston/City/Yorkhill,S02001932
258408,665485,1808,On,GC2711,2nd Floor 120 Bothwell Street Glasgow G2 7JS  ,Cubo Glasgow Limited,Sujitra Scott,2025/09/12 00:00:00+00,,Monday to,Premises ,80,,258408,665485,906700425259,,Storey 2 The Aurora Building 120 Bothwell Street Glasgow G2 7JS ,,City Centre / Merchant City,29,10,Anderston/City/Yorkhill,S02001934
259893,667834,1809,Off,GC2730,Springburn Bond Morrison Bowmore Distillery 200 Carlisle Street Glasgow G21 1EQ ,Beam Suntory UK Limited,Helen MacLachlan,2025/09/12 00:00:00+00,,Monday to,Premises ,,29.41,259893,667834,906700021350,,Morrison Bowmore Distillery 200 Carlisle Street Glasgow G21 1EQ ,,Ruchill / Possilpark,38,16,Canal,S02001924
260010,669318,1810,Off,GC2598,Mo's Convenience Store 55 Liddesdale Square Glasgow G22 7BT  ,Mo's Family Trading Ltd,Adil Mahmood,2025/10/03 00:00:00+00,,Monday to,Premises ,,16.56,260010,669318,906700075381,,55 Liddesdale Square Glasgow G22 7BT ,,Lambhill / Milton,35,16,Canal,S02001944
257864,667350,1811,Off,GC2731,Shop 54 Wilton Street Glasgow G20 6RU  ,Balreet Limited,Ravinder Kaur,2025/10/08 00:00:00+00,,Monday to,Premises ,,8.8,257864,667350,906700116288,,54 Wilton Street Glasgow G20 6RU ,,Maryhill Road Corridor,39,11,Hillhead,S02001939
263788,662793,1812,Off,GC2721,Asda Express PFS Fullarton 2101 London Road Glasgow G32 8XQ  ,Asda Express Ltd,Suzanne McElwee,2025/10/13 00:00:00+00,,Monday to,Premises ,,18.3,263788,662793,906700355979,,2101 London Road Glasgow G32 8XQ ,,Tollcross / West Shettleston,56,19,Shettleston,S02001897
259577.22,662783.93,1813,Off,GC2722,Asda Express PFS Polmadie 2 Siding Lane Glasgow G5 0DZ  ,Asda Express Ltd,Sheron Calvin Fernando,2025/10/17 00:00:00+00,,Monday to,Premises ,,32.5,259577.22,662783.93,906700540010,,2 Siding Lane Glasgow G5 0DZ ,,Greater Gorbals,3,08,Southside Central,S02001888
260395,668446,1814,Off,GC2723,Asda Express PFS Springburn 911 Springburn Road Glasgow G21 1LZ  ,Asda Express Ltd,Kenneth Clarke,2025/10/17 00:00:00+00,,Monday to,Premises ,,24.9,260395,668446,906700317388,,911 Springburn Road Glasgow G21 1LZ ,,Springburn,24,17,Springburn/Robroyston,S02001923
253363,661208,1815,On & Off,GC2736,H Beauty Unit 16 Silverburn Shopping Centre 763 Barrhead Road Glasgow G53 6AG,Harrods Beauty Limited,Heather Meaney,2025/10/24 00:00:00+00,,On Sales ,Premises ,36,4,253363,661208,906700421215,,Management Suite Silverburn Shopping Centre 763 Barrhead Road Glasgow G53 6AG ,,Priesthill / Househillwood,45,03,Greater Pollok,S02001845
267960,664292,1816,Off,GC2720,Asda Express PFS Garrowhill 61 Edinburgh Road Baillieston Glasgow G69 6DD ,Asda Express Ltd,Muhammad Atif,2025/11/05 00:00:00+00,,Monday to,Premises ,,14.1,267960,664292,906700120112,,61 Edinburgh Road Baillieston Glasgow G69 6DD ,,Baillieston / Garrowhill,42,20,Baillieston,S02001901
257922,666226,1817,On & Off,GC2500,40 Woodlands Road Glasgow G3 6UR   ,Cashel Trading Limited,Kristofer Wright,2025/11/19 00:00:00+00,,On Sales ,Premises ,100,8,257922,666226,906700120630,,40 Woodlands Road Glasgow G3 6UR ,,Hillhead / Woodlands,30,11,Hillhead,S02001937
257705,666848,1818,On & Off,GC2628,364 Great Western Road Glasgow G4 9HT   ,Concrete Egg Limited,Christopher Raskob Brewer,2025/11/21 00:00:00+00,,On Sales ,Premises ,20,51.9,257705,666848,906700040231,,364 Great Western Road Glasgow G4 9HT ,,Hillhead / Woodlands,30,11,Hillhead,S02001939
258444,665885,1819,Off,GC2703,273 Sauchiehall Street Glasgow G2 3HQ   ,AHA Groceries Limited,Shikha Das,2025/11/25 00:00:00+00,,Monday to,Premises ,,17.2,258444,665885,906700108789,,273 Sauchiehall Street Glasgow G2 3HQ ,,City Centre / Merchant City,29,10,Anderston/City/Yorkhill,S02001933
258354,660587,1820,On & Off,GC2626,2 Clarkston Road Glasgow G44 4EH   ,Tom & Jack Limited,Tomas Hibbert,2025/11/27 00:00:00+00,,On and Of,Premises ,37,0,258354,660587,906700258113,,2 Clarkston Road Glasgow G44 4EH ,,Newlands / Cathcart,43,07,Langside,S02001886
258424,660662,1821,On & Off,GC2727,Kooee Cafe 1 Old Castle Road Glasgow G44 4BN  ,Kooee Home Interiors Ltd,Patric Devereux-Buchanan,2025/12/11 00:00:00+00,,On and Of,Premises ,30,7.2,258424,660662,906700295073,,1 Old Castle Road Glasgow G44 4BN ,,Langside / Battlefield,7,07,Langside,S02001886
253363,661208,1822,On & Off,GC2733,Hotel Chocolat Silverburn Unit 72 Silverburn Shopping Centre 763 Barrhead Road Glasgow G53 6AG,Hotel Chocolat Retail Limited,Alexis Kerrera Jane Alexan,2025/12/19 00:00:00+00,,On Sales ,Premises ,36,2.159,253363,661208,906700421257,,Unit 72 Silverburn Shopping Centre 763 Barrhead Road Glasgow G53 6AG ,,Priesthill / Househillwood,45,03,Greater Pollok,S02001845
256493,670099,1823,Off,GC2744,7 Littleton Drive Summerston Glasgow G23 5PN  ,Khaira Stores Ltd,Arjunvir Khairi,2026/01/16 00:00:00+00,,Monday to,Premises ,,9.9,256493,670099,906700079845,,7 Littleton Drive Glasgow G23 5PN ,,North Maryhill / Summerston,36,15,Maryhill,S02001946
255804,664258,1824,On,GC2748,Beech Avenue 1 Beech Avenue Glasgow G41 5DF  ,Beech Avenue Events Limited,Natalie McGrath,2026/01/16 00:00:00+00,,Monday to,Premises ,300,,255804,664258,906700342005,,1 Beech Avenue Dumbreck Glasgow G41 5DF ,,Ibrox / Kingston,2,05,Govan,S02001862
259015,664872,1825,On & Off,GC2755,Zaika Taal 82 Howard Street Glasgow G1 4EE  ,Any Property Glasgow Limited,Jamunadatt Kamlapati Tewar,2026/01/16 00:00:00+00,,On Sales ,Premises ,44,0,259015,664872,906700060025,,82 Howard Street Glasgow G1 4EE ,,City Centre / Merchant City,29,10,Anderston/City/Yorkhill,S02001934
258552.04,665136.92,1826,On & Off,GC2732,JP Morgan Chase 315 Argyle Street Glasgow G2 8AT  ,BaxterStorey Limited,Lorna Keenan,2026/01/22 00:00:00+00,,On Sales ,Premises ,846,0,258552.04,665136.92,906700551878,,315 Argyle Street Glasgow G2 8AT ,,City Centre / Merchant City,29,10,Anderston/City/Yorkhill,S02001934
258619,665575,1827,On,GC2761,The Golf Lounge 221 West George Street Glasgow G2 2ND  ,Two Four Four Bath Street Ltd,Ryan Fox,2026/02/13 00:00:00+00,,Monday to,Premises ,233,,258619,665575,906700399977,,Storey Basement 221 West George Street Glasgow G2 2ND ,,City Centre / Merchant City,29,10,Anderston/City/Yorkhill,S02001934
252540,663889,1828,Off,GC2757,2173 Paisley Road West Glasgow G52 3PF   ,MN Akbar Properties Limited,Syed Saad Ali,2026/02/23 00:00:00+00,,Monday to,Premises ,,14.5,252540,663889,906700387650,,2173 Paisley Road West Glasgow G52 3PF ,,Crookston /South Cardonald,51,04,Cardonald,S02001852
266595.86,666525.42,1829,On & Off,GC2735,Mezcal Unit D 66 Provan Walk Fort Shopping Centre Glasgow G34 9DL,AJRB Property Limited,Garry Bruce Sweeney,2026/02/26 00:00:00+00,,On Sales ,Premises ,195,2.31,266595.86,666525.42,906700515323,,66 Provan Walk Glasgow G34 9DL ,,Easterhouse,16,21,North East,S02001906
261346.85,665018.369999999,1830,On & Off,GC2766,Grosso 424 Duke Street Glasgow G31 1PX  ,Grosso Limited ,Luke Canning,2026/03/13 00:00:00+00,,On Sales ,Premises ,40,0,261346.85,665018.37,906700154993,,424 Duke Street Glasgow G31 1PX ,,Calton / Bridgeton,28,09,Calton,S02001929
259229,664732,1831,On & Off,GC2763,Madras Cafe 118 Stockwell Street Glasgow G1 4LW  ,Clyde Kitchen Limited,Basil Alias,2026/04/17 00:00:00+00,,On Sales ,Premises ,100,0,259229,664732,906700367103,,120 Stockwell Street Glasgow G1 4LW ,,City Centre / Merchant City,29,10,Anderston/City/Yorkhill,S02001934
258018,661651,1832,On & Off,GC2774,Queen's Diner 54 Battlefield Road Glasgow G42 9QF  ,Grain and Grind Giffnock Ltd,Matthew Alexander Mustard,2026/04/17 00:00:00+00,,On Sales ,Premises ,36,0,258018,661651,906700335786,,54 Battlefield Road Glasgow G42 9QF ,,Langside / Battlefield,7,07,Langside,S02001867
258300.91,665697.779999999,1833,Off,GC2762,Sainsbury's Local 167 Pitt Street Glasgow G2 4DQ  ,Sainsbury's SL Limited,Charlene Allan,2026/05/26 00:00:00+00,,Monday to,Premises ,,15.5,258300.91,665697.78,906700548241,,167 Pitt Street Glasgow G2 4BJ ,,City Centre / Merchant City,29,10,Anderston/City/Yorkhill,S02001934
260545,665246,1834,On & Off,GC2746,Molendinar Bar 161 Duke Street Glasgow G31 1JD  ,Tennent Caledonian Breweries UK Limi,Euan Graham Kelly,2026/05/27 00:00:00+00,,On Sales ,Premises ,170,2.4,260545,665246,906700378791,,161 Duke Street Glasgow G31 1JD ,,Dennistoun,12,22,Dennistoun,S02001932
258798,665868,1835,On,GC0271,Savoy 142/144 Sauchiehall Street and external area Glasgow G2 3DH  ,Whitecart Group Limited,Thivanka Ranasinghe,2008/06/16 00:00:00+00,,Monday to,Premises ,844,,258798,665868,906700315874,,Savoy Nightclub Savoy Shopping Centre 140 Sauchiehall Street Glasgow G2 3DH ,,City Centre / Merchant City,29,10,Anderston/City/Yorkhill,S02001933
258874,665687,1836,On & Off,GC0388,Jay's BBQ Bar 53-59 Bath Street Glasgow   ,Manson Kerr Limited,Sau Wong,2008/06/20 00:00:00+00,,On Sales ,Premises ,150,0,258874,665687,906700353288,,59 Bath Street Glasgow  ,,City Centre / Merchant City,29,10,Anderston/City/Yorkhill,S02001934
260778,663920,1837,Off,GC0564,Spar 35-37 Dalmarnock Road Glasgow G40 4LA  ,Mohammed Sabdul Aslam,Mandeep Singh,2008/08/29 00:00:00+00,,Monday to,Premises ,,18.1,260778,663920,906700153905,,35 Dalmarnock Road Glasgow G40 4LA ,,Calton / Bridgeton,28,9,Calton,S02001892
256836,666640,1838,On & Off,GC0584,Brasserie Cafe 1C Gilmorehill Glasgow G12 8QH  ,University Of Glasgow,Blair Hamilton,2008/08/29 00:00:00+00,,On Sales ,Premises ,440,7.9,256836,666640,906700049423,,1C Gilmorehill Glasgow  ,,Hillhead / Woodlands,30,11,Hillhead,S02001952
257673,661819,1839,On & Off,GC0675,Ivory Hotel 4 Camphill Avenue Glasgow G41 3AY  ,OLA Properties Ltd,Sarah Jane Feighery,2008/09/05 00:00:00+00,,On Sales ,Premises ,296,12.5,257673,661819,906700254479,,4 Camphill Avenue Glasgow G41 3AY ,,Langside / Battlefield,7,7,Langside,S02001871
261189,665688,1840,Off,GC0809,Iceland Foods Limited Unit 2 447 Alexandra Parade Glasgow G31 3AD ,Iceland Foods Limited,Michael Patrick Sillars,2008/09/15 00:00:00+00,,Monday to,Premises ,,4.55,261189,665688,906700388799,,Unit 2 447 Alexandra Parade Glasgow G31 3AD ,,Dennistoun,12,22,Dennistoun,S02001927
257985,666253,1841,On,GC0846,Cue Club 101 St Georges Road Glasgow G3 6JA  ,Lakh Raj Sharma,Lakh Raj Sharma,2008/09/19 00:00:00+00,,Monday to,Premises ,170,,257985,666253,906700103051,,101 St Georges Road Glasgow  ,,Hillhead / Woodlands,30,11,Hillhead,S02001937
264100,664879,1842,Off,GC0893,One O One Convenience Store 46/48 Inveresk Street Glasgow G32 6SN  ,One-O-One Convenience Stores Limited,Marie Vance,2008/10/06 00:00:00+00,,Monday to,Premises ,,29.4,264100,664879,906700230063,,48 Inveresk Street Glasgow G32 6SN ,,Springboig / Barlanark,41,18,East Centre,S02001909
266340,666295,1843,On,GC0565,Nando's 725 Provan Walk Glasgow G34 9NH  ,Nando's Chickenland Ltd,Samantha Jane Dawe,2008/10/10 00:00:00+00,,Monday to,Premises ,182,,266340,666295,906700402280,,Glasgow Fort Provan Walk Glasgow  ,,Easterhouse,16,21,North East,S02001906
261189,665688,1844,Off,GC0896,The Co-operative Food Unit 1 447 Alexandra Parade Glasgow G31 3AD ,Co-operative Group Food Limited,Steven James Bell,2008/10/10 00:00:00+00,,Monday to,Premises ,,63.61,261189,665688,906700388798,,Unit 1 447 Alexandra Parade Glasgow G31 3AD ,,Dennistoun,12,22,Dennistoun,S02001927
258414,665940,1845,On,GC0797,Campus Unit 1 292 - 332 Sauchiehall Street Glasgow G1 3JA ,GLR Trading Limited,Gavin Haldane McGriesh,2008/12/12 00:00:00+00,,Monday to,Premises ,1035,,258414,665940,906700095704,,292 Sauchiehall Street Glasgow  ,,City Centre / Merchant City,29,10,Anderston/City/Yorkhill,S02001933
261015,665067,1846,On,GC0936,1 Craigpark Glasgow G31 2NF   ,JKKG Hospitality Ltd,Sandeep Kumar Ginda,2008/12/12 00:00:00+00,,Monday to,Premises ,122,0,261015,665067,906700160695,,1 Craigpark Glasgow G31 2NF ,,Dennistoun,12,22,Dennistoun,S02001930
259034,665230,1847,On,GC1162,The Lab Bar and Cafe 26 Springfield Court Glasgow G1 3DQ  ,Vijram Limited,David Gibson,2009/01/23 00:00:00+00,,Monday to,Premises ,108,,259034,665230,906700101211,,26 Springfield Court Glasgow  ,,City Centre / Merchant City,29,10,Anderston/City/Yorkhill,S02001934
260434,664174,1848,Off,GC1194,499 London Road Glasgow G40 1NQ   ,Girish Jeeva,Tharsika Nagendran,2009/01/23 00:00:00+00,,Monday to,Premises ,,17.5,260434,664174,906700187026,,499 London Road Glasgow  ,,Calton / Bridgeton,28,9,Calton,S02001892
257006,666013,1849,On,GC0942,The Argyll Hotel 969-973 Sauchiehall Street Glasgow G3 7TQ  ,Angus Hotel Limited,Catherine Cuffe,2009/01/26 00:00:00+00,,Monday to,Premises ,105,,257006,666013,906700106256,,973 Sauchiehall Street Glasgow G3 7TQ ,,Yorkhill / Anderston,31,10,Anderston/City/Yorkhill,S02001936
258994,665667,1850,On,GC0977,21 Bath Street Glasgow G2 1HW   ,Maki Property Ltd,Chau Soon Wong,2009/02/06 00:00:00+00,,Monday to,Premises ,40,,258994,665667,906700010817,,21 Bath Street Glasgow  ,,City Centre / Merchant City,29,10,Anderston/City/Yorkhill,S02001934
259065,667786,1851,On,GC1060,175 Saracen Street Glasgow G22 5JN   ,Khavona Limited,Ronald Charters,2009/02/06 00:00:00+00,,Monday to,Premises ,216,,259065,667786,906700403066,,175 Saracen Street Glasgow  ,,Ruchill / Possilpark,38,16,Canal,S02001940
259332,665064,1852,On,GC1106,Bowlarama 20 Glassford Street Glasgow G1 1UL  ,Hamcap (Glasshouse Entertainment) Li,Jennifer Louise Evans,2009/02/09 00:00:00+00,,Monday to,Premises ,1846,,259332,665064,906700384200,,30 Glassford Street Glasgow G1 1UL ,,City Centre / Merchant City,29,10,Anderston/City/Yorkhill,S02001932
262906,667181,1853,Off,GC1183,1234 Royston Road Glasgow G33 1EX   ,RAJD Limited,Yashkumar Vipulbhai Satasi,2009/02/09 00:00:00+00,,Monday to,Premises ,,25.1,262906,667181,906700354523,,1234 Royston Road Glasgow G33 1EX ,,Blackhill / Hogganfield,22,21,North East,S02001917
262892,667183,1854,Off,GC1226,1224-1226 Royston Road Glasgow G33 1EX   ,One-O-One Convenience Stores Limited,Elaine Keen,2009/02/09 00:00:00+00,,Monday to,Premises ,,25,262892,667183,906700081994,,1226 Royston Road Glasgow G33 1EX ,,Blackhill / Hogganfield,22,21,North East,S02001917
256706,667142,1855,On & Off,GC1107,Sugo 8 Cresswell Lane Glasgow G12 8AA  ,Enoteca (Sugo Cresswell Lane) Limite,Paul Laing,2009/03/02 00:00:00+00,,On Sales ,Premises ,344,2.8,256706,667142,906700027685,,8 Cresswell Lane Glasgow  ,,Hillhead / Woodlands,30,11,Hillhead,S02001952
267520,662496,1856,On & Off,GC1342,The Mail Coach 510 Hamilton Road Uddingston Glasgow G71 7SG ,Trust Inns Limited,Wejdi Moussa,2009/03/02 00:00:00+00,,On Sales ,Premises ,375,15.6,267520,662496,906700325433,,Public House 510 Hamilton Road Glasgow G71 7SG ,,Baillieston / Garrowhill,42,20,Baillieston,S02001901
258457,669281,1857,Off,GC0012,Balmorri Store 709 Balmore Road Lambhill Glasgow G22 6QT ,Balmorri Store Limited,Shahid Azam,2009/04/27 00:00:00+00,,Monday to,Premises ,,12.5,258457,669281,906700384165,,707A Balmore Road Glasgow G22 6QT ,,Lambhill / Milton,35,16,Canal,S02001943
253168,669930,1858,Off,GC1449,Clydebank Co-operative Society Limited 2141 Great Western Road Glasgow G13 2XX  ,Clydebank Co-operative Society Limit,Christine Murray,2009/04/27 00:00:00+00,,Monday to,Premises ,,15.9,253168,669930,906700055909,,2141 Great Western Road Glasgow G13 2XX ,,Knightswood,19,13,Garscadden/Scotstounhill,S02001972
255792,664708,1859,On,GC1719,1426 Social Club 150 Copland Road Glasgow G51 2UE  ,1426 Social Club,,2009/05/11 00:00:00+00,,Monday to,Premises ,254,,255792,664708,906700150270,,150 Copland Road Glasgow G51 2UE ,,Ibrox / Kingston,2,5,Govan,S02001859
259050,665244,1860,On,GC1642,Basement 74 Buchanan Street Glasgow G1 3HA  ,Glenerrol Limited,Ryan Barclay,2009/05/15 00:00:00+00,,Monday to,Premises ,375,,259050,665244,906700363162,,74 Buchanan Street City Centre Glasgow  ,,City Centre / Merchant City,29,10,Anderston/City/Yorkhill,S02001934
258088,665875,1861,On,GC1736,Kings Theatre 297 Bath Street Glasgow G2 4JN  ,Glasgow Theatres Ltd,James Haworth,2009/05/18 00:00:00+00,,Monday to,Premises ,1785,,258088,665875,906700011716,,Storey Ground Mitchell House 333 Bath Street Glasgow  ,,City Centre / Merchant City,29,10,Anderston/City/Yorkhill,S02001933
258503,665786,1862,On & Off,GC1593,Glasgow Art Club 185 Bath Street Glasgow G2 4HU  ,Glasgow Art Club,,2009/06/12 00:00:00+00,,On Sales ,Premises ,195,3,258503,665786,906700373864,,Flat 1/1 Glasgow Art Club 185 Bath Street Glasgow G2 4HU ,,City Centre / Merchant City,29,10,Anderston/City/Yorkhill,S02001934
266528,663934,1863,Off,GC0031,Co-op 171-177 Baillieston Road Barrachnie Glasgow G32 0TN ,Co-operative Group Food Limited,Jacob Balthazar Roper,2009/08/21 00:00:00+00,,Monday to,Premises ,,28.555,266528,663934,906700123911,,179 Baillieston Road Sandyhills Glasgow G32 0TN ,,Baillieston / Garrowhill,42,20,Baillieston,S02001902
267835,663921,1864,On & Off,GC0361,33-35 Main Street Baillieston Glasgow G69 6SQ  ,Waseem Akbar,Waseem Akbar,2009/08/21 00:00:00+00,,On Sales ,Premises ,,59.2,267835,663921,906700109682,,35 Main Street Baillieston Glasgow  ,,Baillieston / Garrowhill,42,20,Baillieston,S02001901
256029,666567,1865,Off,GC0938,Tesco Express 229 Dumbarton Road Glasgow G11 6AA  ,Tesco Stores Limited,John Cairns,2009/08/31 00:00:00+00,,Monday to,Premises ,,35,256029,666567,906700026187,,229 Dumbarton Road Glasgow  ,,Hyndland / Dowanhill / Partick East,32,23,Partick East/Kelvindale,S02001953
259054,665187,1866,On,GC1524,Pizza Express Basement 12 Princes Square 48 Buchanan Street City Centre Glasgow,LSS Licence Holding Limited,Diane Martin,2009/08/31 00:00:00+00,,Monday to,Premises ,100,,259054,665187,906700319325,,Basement 12 Princes Square 48 Buchanan Street City Centre Glasgow G1 3JN ,,City Centre / Merchant City,29,10,Anderston/City/Yorkhill,S02001934
258775,665415,1867,On & Off,GC1748,Stereo 20-26 Renfield Lane Glasgow G2 5AR  ,GL Glasgow Limited,Brigid Alice Daily,2009/08/31 00:00:00+00,,On Sales ,Premises ,552,42,258775,665415,906700329556,,Flat 2 28 Renfield Lane Glasgow  ,,City Centre / Merchant City,29,10,Anderston/City/Yorkhill,S02001934
256848,665448,1868,On & Off,GC0917,SEC Centre 1 Scottish Exhibition Centre Glasgow G3 8YW  ,Scottish Event Campus Limited,Lynsey Clare Grant,2009/10/09 00:00:00+00,,On Sales ,Premises ,28952,42,256848,665448,906700097510,,Unit 6 Conference Centre 1 Scottish Exhibition Centre Glasgow G3 8YW ,,Yorkhill / Anderston,31,10,Anderston/City/Yorkhill,S02001936
258717,665028,1869,On,GC0753,Audio 14 Midland Street Glasgow G1 4PR  ,Hamilton Hunter Holdings Ltd,Caroline Fraser,2009/11/05 00:00:00+00,,Monday to,Premises ,160,,258717,665028,906700089943,,14 Midland Street Glasgow  ,,City Centre / Merchant City,29,10,Anderston/City/Yorkhill,S02001934
259064,664926,1870,On,GC1795,Nando's Unit 220 St Enoch Centre St Enoch Square Glasgow G1 4BW,Nando's Chickenland Ltd,Caroline Cree Bethel,2010/03/23 00:00:00+00,,Monday to,Premises ,134,,259064,664926,906700327897,,Store 1 St Enoch Shopping Centre 55 St Enoch Square Glasgow  ,,City Centre / Merchant City,29,10,Anderston/City/Yorkhill,S02001934
258511,665374,1871,On & Off,GC1808,Ho Wong Highlander House 58 Waterloo Street Glasgow G2 7DA ,Licensed Support Services Ltd,Sui Han Chung,2010/07/13 00:00:00+00,,On Sales ,Premises ,194,0,258511,665374,906700430009,,Storey Ground 58 Waterloo Street Glasgow  ,,City Centre / Merchant City,29,10,Anderston/City/Yorkhill,S02001934
257920,666159,1872,On,GC1922,13 Woodside Crescent Glasgow G3 7UL   ,Costanzo Cacace,llia Lucyanna Mason,2011/12/23 00:00:00+00,,Monday to,Premises ,60,,257920,666159,906700110364,,13 Woodside Crescent Glasgow  ,,Hillhead / Woodlands,30,11,Hillhead,S02001937
260357,664832,1873,Off,GC1904,Morrisons 5 Barrack Street Glasgow G4 0TZ  ,WM Morrison Supermarkets Plc,Kathryn Tait,2012/01/24 00:00:00+00,,Monday to,Premises ,,167.1,260357,664832,906700135496,,30 Barrack Street Glasgow G4 0TZ ,,Calton / Bridgeton,28,9,Calton,S02001891
260795,664042,1874,Off,GC1937,Iceland Unit 47 Olympia Street Glasgow G40 3TA  ,Iceland Foods Limited,Joe Elliot,2012/04/04 00:00:00+00,,Monday to,Premises ,,4.4,260795,664042,906700424181,,47 Olympia Street Glasgow G40 3TA ,,Calton / Bridgeton,28,9,Calton,S02001894
257077,665888,1875,On & Off,GC1827,1161 - 1163 Argyle Street Glasgow G3 8DB   ,Jaspal Singh Matharu,Alec John Dyson,2013/08/23 00:00:00+00,,On Sales ,Premises ,130,36.2,257077,665888,906700006072,,1161 Argyle Street Glasgow G3 8TB ,,Yorkhill / Anderston,31,10,Anderston/City/Yorkhill,S02001936
256822,668790,1876,On,GC1940,Maryhill Burgh Halls 10 Gairbraid Avenue Glasgow G20 8YA  ,Maryhill Burgh Halls Trust,Melanie Claire Farrow,2014/02/07 00:00:00+00,,Monday to,Premises ,,,256822,668790,906700051734,,Maryhill Burgh Hall 10 - 24 Gairbraid Avenue Glasgow  ,,Maryhill Road Corridor,39,15,Maryhill,S02001949
259133,665410,1877,On,GC1607,Ground Floor 12-16 St Vincent Place Glasgow G1 2EU  ,Windows Catering Company (Four) Limi,Marco Di Girolamo,2014/09/18 00:00:00+00,,Monday to,Premises ,200,,259133,665410,906700407976,,Storey 0-1 Anchor Building 14 St Vincent Place Glasgow  ,,City Centre / Merchant City,29,10,Anderston/City/Yorkhill,S02001934
258890,665200,1878,On & Off,GC2147,August House 41-43 Mitchell Street Glasgow G1 3LN  ,AH Glasgow Limited,Callum Young,2015/04/24 00:00:00+00,,On Sales ,Premises ,225,10.56,258890,665200,906700429005,,41 Mitchell Street Glasgow  ,,City Centre / Merchant City,29,10,Anderston/City/Yorkhill,S02001934
258695,665431,1879,On & Off,GC2101,14 - 18 Bothwell Street Glasgow G2 6QY   ,Aspin Estates Ltd,Christopher Linning,2015/05/08 00:00:00+00,,On Sales ,Premises ,159,3.8,258695,665431,906700015331,,14 Bothwell Street Glasgow G2 6NU ,,City Centre / Merchant City,29,10,Anderston/City/Yorkhill,S02001934
260212,664636,1880,On & Off,GC2133,Former Saint Luke's Church 17 Bain Street Glasgow G40 2JZ  ,Winged Ox Limited,Jennifer Leigh Morrison,2015/09/17 00:00:00+00,,On Sales ,Premises ,670,0,260212,664636,906700428879,,Hall St Andrews/St Lukes Parish Church 17 Bain Street Glasgow  ,,Calton / Bridgeton,28,9,Calton,S02001891
259112,665417,1881,On & Off,GC2129,The Citizen 24 St Vincent Place Glasgow G1 2EU  ,Speciality Restaurants Limited,Ross Wilson,2015/10/23 00:00:00+00,,On Sales ,Premises ,375,4.9,259112,665417,906700407977,,Storey 0/1 24 St Vincent Place Glasgow  ,,City Centre / Merchant City,29,10,Anderston/City/Yorkhill,S02001934
259133,665410,1882,On,GC1639,Basement Anchor Building 14 St Vincent Place Glasgow G1 2EU ,Windows Catering Company (Four) Limi,Konstantinos Simos,2015/11/26 00:00:00+00,,Monday to,Premises ,162,,259133,665410,906700407975,,Basement Anchor Building 14 St Vincent Place Glasgow  ,,City Centre / Merchant City,29,10,Anderston/City/Yorkhill,S02001934
259177,665259,1883,On & Off,GC2184,Cau 222/224 Ingram Street Glasgow G1 3BX  ,Metrogrow Limited,Gareth Slack,2015/11/26 00:00:00+00,,On Sales ,Premises ,140,3.25,259177,665259,906700084445,,Storey 1/1 100 Queen Street Glasgow G1 3DN ,,City Centre / Merchant City,29,10,Anderston/City/Yorkhill,S02001932
252028,663858,1884,On,GC2200,The Mulroy Bay Snooker Club and Bar 2377 Paisley Road West Glasgow G52 3QH  ,Richard Shing Loong Lee,Catherine McBride,2016/01/22 00:00:00+00,,Monday to,Premises ,100,,252028,663858,906700201980,,Storey 1/1 2377 Paisley Road West Glasgow G52 3QH ,,Crookston /South Cardonald,51,4,Cardonald,S02001852
259004,665385,1885,On & Off,GC2186,Miller & Carter 47 St Vincent Street Glasgow G1 2JA  ,Mitchells & Butlers Retail Ltd,Robert McQuarrie,2016/03/23 00:00:00+00,,On Sales ,Premises ,226,15.4,259004,665385,906700107432,,47 St Vincent Street Glasgow  ,,City Centre / Merchant City,29,10,Anderston/City/Yorkhill,S02001934
259448.33,664928.119999999,1886,On & Off,GC2220,Britannia Panopticon 117 Trongate Glasgow G11 5HD  ,Judith Bowers,Ioannis Konstantinou,2016/09/16 00:00:00+00,,On Sales ,Premises ,120,0,259448.33,664928.12,906700512361,,Flat 1/1 117 Trongate Glasgow G1 5HD ,,City Centre / Merchant City,29,10,Anderston/City/Yorkhill,S02001932
259563,665621,1887,On,GC2229,City of Glasgow College 190 Cathedral Street Glasgow G1 2TQ  ,Paul Gregory Kieran Little,Emma Claire Chalmers,2017/01/20 00:00:00+00,,Monday to,Premises ,95,,259563,665621,906700024065,,220 Cathedral Street Glasgow G1 2TQ ,,City Centre / Merchant City,29,10,Anderston/City/Yorkhill,S02001932
259010,665466,1888,On & Off,GC2298,Absurd Bird 73 Nelson Mandela Place Glasgow G2 1QY  ,LSS Licence Holding Limited,Christopher Pellow,2018/07/13 00:00:00+00,,On Sales ,Premises ,230,16.6,259010,665466,906700364195,,73 Nelson Mandela Place Glasgow G2 1QY ,,City Centre / Merchant City,29,10,Anderston/City/Yorkhill,S02001934
266310,666289,1889,On & Off,GC2232,Five Guys Units K8-14 The Fort Shopping Park Glasgow  ,Five Guys JV Limited,Rebecca Laura Jermond,2019/02/25 00:00:00+00,,On Sales ,Premises ,90,7.6,266310,666289,906700401969,,Kiosk 13 379 Provan Walk Glasgow G34 9DY ,,Easterhouse,16,21,North East,S02001906
259332,665064,1890,On,GC2373,SLAY The Basement 24 Glassford Street Glasgow G1 1UL ,Hamcap (Glasshouse Entertainment) Li,Janette Louise Cooley,2020/03/13 00:00:00+00,,Monday to,Premises ,550,,259332,665064,906700384200,,30 Glassford Street Glasgow G1 1UL ,,City Centre / Merchant City,29,10,Anderston/City/Yorkhill,S02001932
258869,664925,1891,On & Off,GC2230,Premier Inn 24 Howard Street Glasgow G1 4AZ  ,Whitbread Group Plc,Jennifer Louise Mitchell,2021/06/02 00:00:00+00,,On Sales ,Premises ,220,4.68,258869,664925,906700059909,,28 Howard Street Glasgow G1 4AZ ,,City Centre / Merchant City,29,10,Anderston/City/Yorkhill,S02001934
256929,669804,1892,Off,GC2436,Home Bargains Unit 2 3 Gorstan Path Glasgow G23 5QA ,T.J. Morris (Scot) Limited,Kayleigh Grugen,2021/08/30 00:00:00+00,,Monday to,Premises ,,27.72,256929,669804,906700499959,,Unit 2 1 Gorstan Path Glasgow G23 5QA ,,North Maryhill / Summerston,36,15,Maryhill,S02001946
259880,665712,1893,Off,GC2405,110 St James Road Glasgow G4 0PS   ,GHSL Limited,Gunaranjan Sud,2021/10/14 00:00:00+00,,Monday to,Premises ,,33.22,259880,665712,906700101381,,110 St James Road Glasgow  ,,City Centre / Merchant City,29,10,Anderston/City/Yorkhill,S02001932
254878,664639,1894,Off,GC2442,Aldi 386-400 Helen Street Glasgow G51 3HR  ,Aldi Stores Limited ,Fraser James Smith,2022/01/10 00:00:00+00,,Monday to,Premises ,,32.77,254878,664639,906700409671,,400 Helen Street Glasgow G51 3AD ,,Greater Govan,1,5,Govan,S02001856
259334.22,665074.68,1895,On & Off,GC2378,Ground Floor 20 Glassford Street Glasgow G1 1UL  ,Hamcap (Glasshouse Entertainment) Li,Peter Harvey,2022/01/27 00:00:00+00,,On Sales ,Premises ,300,0,259334.22,665074.68,906700531802,,20 Glassford Street Glasgow  ,,City Centre / Merchant City,29,10,Anderston/City/Yorkhill,S02001932
260218.44,662562.27,1896,On & Off,GC2547,Shoogle Spirits Morris Park Unit 46 37 Rosyth Road Glasgow G5 0YD,ELJ Drinks Ltd,Carol Jackson,2022/10/14 00:00:00+00,,On Sales ,Premises ,6,0,260218.44,662562.27,906700303903,,Allegro 35 Rosyth Road Glasgow  ,,Greater Gorbals,3,8,Southside Central,S02001888
260553,666771,1897,Off,GC2563,Home Bargains St Rollox Business & Retail Park 51 Cobden Road Glasgow G21 1YL ,T.J. Morris (Scot) Limited,Stewart Ernest Sinclair,2023/02/17 00:00:00+00,,Monday to,Premises ,,38.2,260553,666771,906700392389,,STREET RECORD Cobden Road Glasgow  ,,Sighthill / Roystonhill / Germiston,23,22,Dennistoun,S02001924
254835,668789,1898,Off,GC2560,Lidl 868 Crow Road Glasgow G13 1HS  ,Lidl Great Britain Limited,Paula Cowan,2023/03/09 00:00:00+00,,Monday to,Premises ,,90,254835,668789,906700031088,,868 Crow Road Glasgow G13 1HU ,,Temple / Anniesland,18,14,Drumchapel/Anniesland,S02001970
261189,665688,1899,Off,GC2588,Grosik Unit 3 447 Alexandra Parade Glasgow G31 3AD ,Lano Scotland Ltd,Dilan Darwn Gibbons,2023/07/31 00:00:00+00,,Monday to,Premises ,,16.5,261189,665688,906700388800,,Unit 3 447 Alexandra Parade Glasgow G31 3AD ,,Dennistoun,12,22,Dennistoun,S02001927
260962,666587,1900,Off,GC2697,Brave New Spirits Limited Building 2 331 Charles Street Glasgow G21 2QA ,Brave New Spirits Ltd,Debbie Conroy,2025/01/17 00:00:00+00,,Monday to,Premises ,,0,260962,666587,906700140751,,331 Charles Street Glasgow  ,,Sighthill / Roystonhill / Germiston,23,22,Dennistoun,S02001925
257854.79,664976.16,1901,Off,GC2673,Sainsbury's Platform Block A 32 Anderston Quay Glasgow G3 8BG ,Sainsbury's SL Limited,Isla Prentice Robertson,2025/06/18 00:00:00+00,,Monday to,Premises ,,25.1,257854.79,664976.16,906700549394,,Platform Block A 30 Anderston Quay Glasgow  ,,Yorkhill / Anderston,31,10,Anderston/City/Yorkhill,S02001935
267253,662971,1902,Off,GC2667,Aldi Site Adjacent to Railway Line Boghall Road Glasgow  ,Aldi Stores Limited ,Lisa Drennan,2025/12/01 00:00:00+00,,Monday to,Premises ,,37.8,267253,662971,906700391768,,STREET RECORD Boghall Road Glasgow  ,,Baillieston / Garrowhill,42,20,Baillieston,S02001901
